###############################################################
#  Generated by:      Cadence Tempus 20.10-p003_1
#  OS:                Linux x86_64(Host ID edatools-server2.iiitd.edu.in)
#  Generated on:      Tue Oct 28 19:04:04 2025
#  Design:            HA
#  Command:           report_timing -late -max_paths 30 -nworst 30 -path_type full_clock -net > $report_dir/gba_setup.rpt
###############################################################
Path 1: MET Setup Check with Pin u_visitor/count_reg[6]/CK 
Endpoint:   u_visitor/count_reg[6]/D (^) checked with  leading edge of 'clk'
Beginpoint: u_visitor/count_reg[0]/Q (^) triggered by  leading edge of 'clk'
Path Groups: {clk}
Other End Arrival Time          0.000
- Setup                         0.234
+ Phase Shift                   5.000
- Uncertainty                   0.100
= Required Time                 4.666
- Arrival Time                  2.548
= Slack Time                    2.117
     Clock Rise Edge                      0.000
     = Beginpoint Arrival Time            0.000
     Timing Path:
      ------------------------------------------------------------------------------------------
      Pin                        Edge  Net                   Cell       Delay  Arrival  Required  
                                                                               Time     Time  
      ------------------------------------------------------------------------------------------
      clk                        ^     clk                   -          -      0.000    2.117  
      u_visitor/count_reg[0]/CK  ^     clk                   SDFFRHQX1  0.000  0.000    2.117  
      u_visitor/count_reg[0]/Q   ^     visitor_count_int[0]  SDFFRHQX1  0.391  0.391    2.509  
      u_visitor/g849/A           ^     visitor_count_int[0]  NAND2XL    0.000  0.391    2.509  
      u_visitor/g849/Y           v     u_visitor/n_7         NAND2XL    0.180  0.571    2.688  
      u_visitor/g866/B           v     u_visitor/n_7         NOR2BX1    0.000  0.571    2.688  
      u_visitor/g866/Y           ^     u_visitor/n_1         NOR2BX1    0.152  0.723    2.840  
      u_visitor/g841/B           ^     u_visitor/n_1         NAND2XL    0.000  0.723    2.840  
      u_visitor/g841/Y           v     u_visitor/n_12        NAND2XL    0.158  0.881    2.998  
      u_visitor/g2/B             v     u_visitor/n_12        NOR2BX1    0.000  0.881    2.998  
      u_visitor/g2/Y             ^     u_visitor/n_2         NOR2BX1    0.143  1.024    3.141  
      u_visitor/g835/B           ^     u_visitor/n_2         NAND2XL    0.000  1.024    3.141  
      u_visitor/g835/Y           v     u_visitor/n_17        NAND2XL    0.139  1.162    3.280  
      u_visitor/g831/B           v     u_visitor/n_17        NOR2XL     0.000  1.162    3.280  
      u_visitor/g831/Y           ^     u_visitor/n_21        NOR2XL     0.157  1.320    3.437  
      u_visitor/g829/A1          ^     u_visitor/n_21        AOI211X1   0.000  1.320    3.437  
      u_visitor/g829/Y           v     u_visitor/n_24        AOI211X1   0.320  1.640    3.757  
      u_visitor/g823/B           v     u_visitor/n_24        NOR2XL     0.000  1.640    3.757  
      u_visitor/g823/Y           ^     u_visitor/n_31        NOR2XL     0.408  2.048    4.165  
      u_visitor/g821/A           ^     u_visitor/n_31        CLKINVX1   0.000  2.048    4.165  
      u_visitor/g821/Y           v     u_visitor/n_30        CLKINVX1   0.149  2.197    4.315  
      u_visitor/g815/A0          v     u_visitor/n_30        OAI211XL   0.000  2.197    4.315  
      u_visitor/g815/Y           ^     u_visitor/n_37        OAI211XL   0.143  2.340    4.458  
      u_visitor/g804/C0          ^     u_visitor/n_37        AOI222XL   0.000  2.340    4.458  
      u_visitor/g804/Y           v     u_visitor/n_47        AOI222XL   0.122  2.462    4.579  
      u_visitor/g801/A           v     u_visitor/n_47        INVX1      0.000  2.462    4.579  
      u_visitor/g801/Y           ^     u_visitor/n_50        INVX1      0.086  2.548    4.666  
      u_visitor/count_reg[6]/D   ^     u_visitor/n_50        SDFFRHQX1  0.000  2.548    4.666  
      ------------------------------------------------------------------------------------------
     Clock Rise Edge                      0.000
     = Beginpoint Arrival Time            0.000
     Other End Path:
      -------------------------------------------------------------------------
      Pin                        Edge  Net  Cell       Delay  Arrival  Required  
                                                              Time     Time  
      -------------------------------------------------------------------------
      clk                        ^     clk  -          -      0.000    -2.117  
      u_visitor/count_reg[6]/CK  ^     clk  SDFFRHQX1  0.000  0.000    -2.117  
      -------------------------------------------------------------------------
Path 2: MET Setup Check with Pin u_visitor/count_reg[4]/CK 
Endpoint:   u_visitor/count_reg[4]/D (^) checked with  leading edge of 'clk'
Beginpoint: u_visitor/count_reg[0]/Q (^) triggered by  leading edge of 'clk'
Path Groups: {clk}
Other End Arrival Time          0.000
- Setup                         0.234
+ Phase Shift                   5.000
- Uncertainty                   0.100
= Required Time                 4.666
- Arrival Time                  2.548
= Slack Time                    2.117
     Clock Rise Edge                      0.000
     = Beginpoint Arrival Time            0.000
     Timing Path:
      ------------------------------------------------------------------------------------------
      Pin                        Edge  Net                   Cell       Delay  Arrival  Required  
                                                                               Time     Time  
      ------------------------------------------------------------------------------------------
      clk                        ^     clk                   -          -      0.000    2.117  
      u_visitor/count_reg[0]/CK  ^     clk                   SDFFRHQX1  0.000  0.000    2.117  
      u_visitor/count_reg[0]/Q   ^     visitor_count_int[0]  SDFFRHQX1  0.391  0.391    2.509  
      u_visitor/g849/A           ^     visitor_count_int[0]  NAND2XL    0.000  0.391    2.509  
      u_visitor/g849/Y           v     u_visitor/n_7         NAND2XL    0.180  0.571    2.688  
      u_visitor/g866/B           v     u_visitor/n_7         NOR2BX1    0.000  0.571    2.688  
      u_visitor/g866/Y           ^     u_visitor/n_1         NOR2BX1    0.152  0.723    2.840  
      u_visitor/g841/B           ^     u_visitor/n_1         NAND2XL    0.000  0.723    2.840  
      u_visitor/g841/Y           v     u_visitor/n_12        NAND2XL    0.158  0.881    2.998  
      u_visitor/g2/B             v     u_visitor/n_12        NOR2BX1    0.000  0.881    2.998  
      u_visitor/g2/Y             ^     u_visitor/n_2         NOR2BX1    0.143  1.024    3.141  
      u_visitor/g835/B           ^     u_visitor/n_2         NAND2XL    0.000  1.024    3.141  
      u_visitor/g835/Y           v     u_visitor/n_17        NAND2XL    0.139  1.162    3.280  
      u_visitor/g831/B           v     u_visitor/n_17        NOR2XL     0.000  1.162    3.280  
      u_visitor/g831/Y           ^     u_visitor/n_21        NOR2XL     0.157  1.320    3.437  
      u_visitor/g829/A1          ^     u_visitor/n_21        AOI211X1   0.000  1.320    3.437  
      u_visitor/g829/Y           v     u_visitor/n_24        AOI211X1   0.320  1.640    3.757  
      u_visitor/g823/B           v     u_visitor/n_24        NOR2XL     0.000  1.640    3.757  
      u_visitor/g823/Y           ^     u_visitor/n_31        NOR2XL     0.408  2.048    4.165  
      u_visitor/g821/A           ^     u_visitor/n_31        CLKINVX1   0.000  2.048    4.165  
      u_visitor/g821/Y           v     u_visitor/n_30        CLKINVX1   0.149  2.197    4.315  
      u_visitor/g817/A0          v     u_visitor/n_30        OAI211XL   0.000  2.197    4.315  
      u_visitor/g817/Y           ^     u_visitor/n_35        OAI211XL   0.143  2.340    4.458  
      u_visitor/g798/C0          ^     u_visitor/n_35        AOI222XL   0.000  2.340    4.458  
      u_visitor/g798/Y           v     u_visitor/n_51        AOI222XL   0.122  2.462    4.579  
      u_visitor/g797/A           v     u_visitor/n_51        INVX1      0.000  2.462    4.579  
      u_visitor/g797/Y           ^     u_visitor/n_52        INVX1      0.086  2.548    4.666  
      u_visitor/count_reg[4]/D   ^     u_visitor/n_52        SDFFRHQX1  0.000  2.548    4.666  
      ------------------------------------------------------------------------------------------
     Clock Rise Edge                      0.000
     = Beginpoint Arrival Time            0.000
     Other End Path:
      -------------------------------------------------------------------------
      Pin                        Edge  Net  Cell       Delay  Arrival  Required  
                                                              Time     Time  
      -------------------------------------------------------------------------
      clk                        ^     clk  -          -      0.000    -2.117  
      u_visitor/count_reg[4]/CK  ^     clk  SDFFRHQX1  0.000  0.000    -2.117  
      -------------------------------------------------------------------------
Path 3: MET Setup Check with Pin u_visitor/count_reg[2]/CK 
Endpoint:   u_visitor/count_reg[2]/D (^) checked with  leading edge of 'clk'
Beginpoint: u_visitor/count_reg[0]/Q (^) triggered by  leading edge of 'clk'
Path Groups: {clk}
Other End Arrival Time          0.000
- Setup                         0.234
+ Phase Shift                   5.000
- Uncertainty                   0.100
= Required Time                 4.666
- Arrival Time                  2.548
= Slack Time                    2.117
     Clock Rise Edge                      0.000
     = Beginpoint Arrival Time            0.000
     Timing Path:
      ------------------------------------------------------------------------------------------
      Pin                        Edge  Net                   Cell       Delay  Arrival  Required  
                                                                               Time     Time  
      ------------------------------------------------------------------------------------------
      clk                        ^     clk                   -          -      0.000    2.117  
      u_visitor/count_reg[0]/CK  ^     clk                   SDFFRHQX1  0.000  0.000    2.117  
      u_visitor/count_reg[0]/Q   ^     visitor_count_int[0]  SDFFRHQX1  0.391  0.391    2.509  
      u_visitor/g849/A           ^     visitor_count_int[0]  NAND2XL    0.000  0.391    2.509  
      u_visitor/g849/Y           v     u_visitor/n_7         NAND2XL    0.180  0.571    2.688  
      u_visitor/g866/B           v     u_visitor/n_7         NOR2BX1    0.000  0.571    2.688  
      u_visitor/g866/Y           ^     u_visitor/n_1         NOR2BX1    0.152  0.723    2.840  
      u_visitor/g841/B           ^     u_visitor/n_1         NAND2XL    0.000  0.723    2.840  
      u_visitor/g841/Y           v     u_visitor/n_12        NAND2XL    0.158  0.881    2.998  
      u_visitor/g2/B             v     u_visitor/n_12        NOR2BX1    0.000  0.881    2.998  
      u_visitor/g2/Y             ^     u_visitor/n_2         NOR2BX1    0.143  1.024    3.141  
      u_visitor/g835/B           ^     u_visitor/n_2         NAND2XL    0.000  1.024    3.141  
      u_visitor/g835/Y           v     u_visitor/n_17        NAND2XL    0.139  1.162    3.280  
      u_visitor/g831/B           v     u_visitor/n_17        NOR2XL     0.000  1.162    3.280  
      u_visitor/g831/Y           ^     u_visitor/n_21        NOR2XL     0.157  1.320    3.437  
      u_visitor/g829/A1          ^     u_visitor/n_21        AOI211X1   0.000  1.320    3.437  
      u_visitor/g829/Y           v     u_visitor/n_24        AOI211X1   0.320  1.640    3.757  
      u_visitor/g823/B           v     u_visitor/n_24        NOR2XL     0.000  1.640    3.757  
      u_visitor/g823/Y           ^     u_visitor/n_31        NOR2XL     0.408  2.048    4.165  
      u_visitor/g821/A           ^     u_visitor/n_31        CLKINVX1   0.000  2.048    4.165  
      u_visitor/g821/Y           v     u_visitor/n_30        CLKINVX1   0.149  2.197    4.315  
      u_visitor/g818/A0          v     u_visitor/n_30        OAI211XL   0.000  2.197    4.315  
      u_visitor/g818/Y           ^     u_visitor/n_34        OAI211XL   0.143  2.340    4.458  
      u_visitor/g805/C0          ^     u_visitor/n_34        AOI222XL   0.000  2.340    4.458  
      u_visitor/g805/Y           v     u_visitor/n_46        AOI222XL   0.122  2.462    4.579  
      u_visitor/g802/A           v     u_visitor/n_46        INVX1      0.000  2.462    4.579  
      u_visitor/g802/Y           ^     u_visitor/n_49        INVX1      0.086  2.548    4.666  
      u_visitor/count_reg[2]/D   ^     u_visitor/n_49        SDFFRHQX1  0.000  2.548    4.666  
      ------------------------------------------------------------------------------------------
     Clock Rise Edge                      0.000
     = Beginpoint Arrival Time            0.000
     Other End Path:
      -------------------------------------------------------------------------
      Pin                        Edge  Net  Cell       Delay  Arrival  Required  
                                                              Time     Time  
      -------------------------------------------------------------------------
      clk                        ^     clk  -          -      0.000    -2.117  
      u_visitor/count_reg[2]/CK  ^     clk  SDFFRHQX1  0.000  0.000    -2.117  
      -------------------------------------------------------------------------
Path 4: MET Setup Check with Pin u_visitor/count_reg[6]/CK 
Endpoint:   u_visitor/count_reg[6]/D (^) checked with  leading edge of 'clk'
Beginpoint: u_visitor/count_reg[1]/Q (^) triggered by  leading edge of 'clk'
Path Groups: {clk}
Other End Arrival Time          0.000
- Setup                         0.234
+ Phase Shift                   5.000
- Uncertainty                   0.100
= Required Time                 4.666
- Arrival Time                  2.542
= Slack Time                    2.123
     Clock Rise Edge                      0.000
     = Beginpoint Arrival Time            0.000
     Timing Path:
      ------------------------------------------------------------------------------------------
      Pin                        Edge  Net                   Cell       Delay  Arrival  Required  
                                                                               Time     Time  
      ------------------------------------------------------------------------------------------
      clk                        ^     clk                   -          -      0.000    2.123  
      u_visitor/count_reg[1]/CK  ^     clk                   SDFFRHQX1  0.000  0.000    2.123  
      u_visitor/count_reg[1]/Q   ^     visitor_count_int[1]  SDFFRHQX1  0.386  0.385    2.509  
      u_visitor/g849/B           ^     visitor_count_int[1]  NAND2XL    0.000  0.385    2.509  
      u_visitor/g849/Y           v     u_visitor/n_7         NAND2XL    0.179  0.565    2.688  
      u_visitor/g866/B           v     u_visitor/n_7         NOR2BX1    0.000  0.565    2.688  
      u_visitor/g866/Y           ^     u_visitor/n_1         NOR2BX1    0.152  0.717    2.840  
      u_visitor/g841/B           ^     u_visitor/n_1         NAND2XL    0.000  0.717    2.840  
      u_visitor/g841/Y           v     u_visitor/n_12        NAND2XL    0.158  0.875    2.998  
      u_visitor/g2/B             v     u_visitor/n_12        NOR2BX1    0.000  0.875    2.998  
      u_visitor/g2/Y             ^     u_visitor/n_2         NOR2BX1    0.143  1.018    3.141  
      u_visitor/g835/B           ^     u_visitor/n_2         NAND2XL    0.000  1.018    3.141  
      u_visitor/g835/Y           v     u_visitor/n_17        NAND2XL    0.139  1.157    3.280  
      u_visitor/g831/B           v     u_visitor/n_17        NOR2XL     0.000  1.157    3.280  
      u_visitor/g831/Y           ^     u_visitor/n_21        NOR2XL     0.157  1.314    3.437  
      u_visitor/g829/A1          ^     u_visitor/n_21        AOI211X1   0.000  1.314    3.437  
      u_visitor/g829/Y           v     u_visitor/n_24        AOI211X1   0.320  1.634    3.757  
      u_visitor/g823/B           v     u_visitor/n_24        NOR2XL     0.000  1.634    3.757  
      u_visitor/g823/Y           ^     u_visitor/n_31        NOR2XL     0.408  2.042    4.165  
      u_visitor/g821/A           ^     u_visitor/n_31        CLKINVX1   0.000  2.042    4.165  
      u_visitor/g821/Y           v     u_visitor/n_30        CLKINVX1   0.149  2.191    4.315  
      u_visitor/g815/A0          v     u_visitor/n_30        OAI211XL   0.000  2.191    4.315  
      u_visitor/g815/Y           ^     u_visitor/n_37        OAI211XL   0.143  2.334    4.458  
      u_visitor/g804/C0          ^     u_visitor/n_37        AOI222XL   0.000  2.334    4.458  
      u_visitor/g804/Y           v     u_visitor/n_47        AOI222XL   0.122  2.456    4.579  
      u_visitor/g801/A           v     u_visitor/n_47        INVX1      0.000  2.456    4.579  
      u_visitor/g801/Y           ^     u_visitor/n_50        INVX1      0.086  2.542    4.666  
      u_visitor/count_reg[6]/D   ^     u_visitor/n_50        SDFFRHQX1  0.000  2.542    4.666  
      ------------------------------------------------------------------------------------------
     Clock Rise Edge                      0.000
     = Beginpoint Arrival Time            0.000
     Other End Path:
      -------------------------------------------------------------------------
      Pin                        Edge  Net  Cell       Delay  Arrival  Required  
                                                              Time     Time  
      -------------------------------------------------------------------------
      clk                        ^     clk  -          -      0.000    -2.123  
      u_visitor/count_reg[6]/CK  ^     clk  SDFFRHQX1  0.000  0.000    -2.123  
      -------------------------------------------------------------------------
Path 5: MET Setup Check with Pin u_visitor/count_reg[4]/CK 
Endpoint:   u_visitor/count_reg[4]/D (^) checked with  leading edge of 'clk'
Beginpoint: u_visitor/count_reg[1]/Q (^) triggered by  leading edge of 'clk'
Path Groups: {clk}
Other End Arrival Time          0.000
- Setup                         0.234
+ Phase Shift                   5.000
- Uncertainty                   0.100
= Required Time                 4.666
- Arrival Time                  2.542
= Slack Time                    2.123
     Clock Rise Edge                      0.000
     = Beginpoint Arrival Time            0.000
     Timing Path:
      ------------------------------------------------------------------------------------------
      Pin                        Edge  Net                   Cell       Delay  Arrival  Required  
                                                                               Time     Time  
      ------------------------------------------------------------------------------------------
      clk                        ^     clk                   -          -      0.000    2.123  
      u_visitor/count_reg[1]/CK  ^     clk                   SDFFRHQX1  0.000  0.000    2.123  
      u_visitor/count_reg[1]/Q   ^     visitor_count_int[1]  SDFFRHQX1  0.386  0.385    2.509  
      u_visitor/g849/B           ^     visitor_count_int[1]  NAND2XL    0.000  0.385    2.509  
      u_visitor/g849/Y           v     u_visitor/n_7         NAND2XL    0.179  0.565    2.688  
      u_visitor/g866/B           v     u_visitor/n_7         NOR2BX1    0.000  0.565    2.688  
      u_visitor/g866/Y           ^     u_visitor/n_1         NOR2BX1    0.152  0.717    2.840  
      u_visitor/g841/B           ^     u_visitor/n_1         NAND2XL    0.000  0.717    2.840  
      u_visitor/g841/Y           v     u_visitor/n_12        NAND2XL    0.158  0.875    2.998  
      u_visitor/g2/B             v     u_visitor/n_12        NOR2BX1    0.000  0.875    2.998  
      u_visitor/g2/Y             ^     u_visitor/n_2         NOR2BX1    0.143  1.018    3.141  
      u_visitor/g835/B           ^     u_visitor/n_2         NAND2XL    0.000  1.018    3.141  
      u_visitor/g835/Y           v     u_visitor/n_17        NAND2XL    0.139  1.157    3.280  
      u_visitor/g831/B           v     u_visitor/n_17        NOR2XL     0.000  1.157    3.280  
      u_visitor/g831/Y           ^     u_visitor/n_21        NOR2XL     0.157  1.314    3.437  
      u_visitor/g829/A1          ^     u_visitor/n_21        AOI211X1   0.000  1.314    3.437  
      u_visitor/g829/Y           v     u_visitor/n_24        AOI211X1   0.320  1.634    3.757  
      u_visitor/g823/B           v     u_visitor/n_24        NOR2XL     0.000  1.634    3.757  
      u_visitor/g823/Y           ^     u_visitor/n_31        NOR2XL     0.408  2.042    4.165  
      u_visitor/g821/A           ^     u_visitor/n_31        CLKINVX1   0.000  2.042    4.165  
      u_visitor/g821/Y           v     u_visitor/n_30        CLKINVX1   0.149  2.191    4.315  
      u_visitor/g817/A0          v     u_visitor/n_30        OAI211XL   0.000  2.191    4.315  
      u_visitor/g817/Y           ^     u_visitor/n_35        OAI211XL   0.143  2.334    4.458  
      u_visitor/g798/C0          ^     u_visitor/n_35        AOI222XL   0.000  2.334    4.458  
      u_visitor/g798/Y           v     u_visitor/n_51        AOI222XL   0.122  2.456    4.579  
      u_visitor/g797/A           v     u_visitor/n_51        INVX1      0.000  2.456    4.579  
      u_visitor/g797/Y           ^     u_visitor/n_52        INVX1      0.086  2.542    4.666  
      u_visitor/count_reg[4]/D   ^     u_visitor/n_52        SDFFRHQX1  0.000  2.542    4.666  
      ------------------------------------------------------------------------------------------
     Clock Rise Edge                      0.000
     = Beginpoint Arrival Time            0.000
     Other End Path:
      -------------------------------------------------------------------------
      Pin                        Edge  Net  Cell       Delay  Arrival  Required  
                                                              Time     Time  
      -------------------------------------------------------------------------
      clk                        ^     clk  -          -      0.000    -2.123  
      u_visitor/count_reg[4]/CK  ^     clk  SDFFRHQX1  0.000  0.000    -2.123  
      -------------------------------------------------------------------------
Path 6: MET Setup Check with Pin u_visitor/count_reg[2]/CK 
Endpoint:   u_visitor/count_reg[2]/D (^) checked with  leading edge of 'clk'
Beginpoint: u_visitor/count_reg[1]/Q (^) triggered by  leading edge of 'clk'
Path Groups: {clk}
Other End Arrival Time          0.000
- Setup                         0.234
+ Phase Shift                   5.000
- Uncertainty                   0.100
= Required Time                 4.666
- Arrival Time                  2.542
= Slack Time                    2.123
     Clock Rise Edge                      0.000
     = Beginpoint Arrival Time            0.000
     Timing Path:
      ------------------------------------------------------------------------------------------
      Pin                        Edge  Net                   Cell       Delay  Arrival  Required  
                                                                               Time     Time  
      ------------------------------------------------------------------------------------------
      clk                        ^     clk                   -          -      0.000    2.123  
      u_visitor/count_reg[1]/CK  ^     clk                   SDFFRHQX1  0.000  0.000    2.123  
      u_visitor/count_reg[1]/Q   ^     visitor_count_int[1]  SDFFRHQX1  0.386  0.385    2.509  
      u_visitor/g849/B           ^     visitor_count_int[1]  NAND2XL    0.000  0.385    2.509  
      u_visitor/g849/Y           v     u_visitor/n_7         NAND2XL    0.179  0.565    2.688  
      u_visitor/g866/B           v     u_visitor/n_7         NOR2BX1    0.000  0.565    2.688  
      u_visitor/g866/Y           ^     u_visitor/n_1         NOR2BX1    0.152  0.717    2.840  
      u_visitor/g841/B           ^     u_visitor/n_1         NAND2XL    0.000  0.717    2.840  
      u_visitor/g841/Y           v     u_visitor/n_12        NAND2XL    0.158  0.875    2.998  
      u_visitor/g2/B             v     u_visitor/n_12        NOR2BX1    0.000  0.875    2.998  
      u_visitor/g2/Y             ^     u_visitor/n_2         NOR2BX1    0.143  1.018    3.141  
      u_visitor/g835/B           ^     u_visitor/n_2         NAND2XL    0.000  1.018    3.141  
      u_visitor/g835/Y           v     u_visitor/n_17        NAND2XL    0.139  1.157    3.280  
      u_visitor/g831/B           v     u_visitor/n_17        NOR2XL     0.000  1.157    3.280  
      u_visitor/g831/Y           ^     u_visitor/n_21        NOR2XL     0.157  1.314    3.437  
      u_visitor/g829/A1          ^     u_visitor/n_21        AOI211X1   0.000  1.314    3.437  
      u_visitor/g829/Y           v     u_visitor/n_24        AOI211X1   0.320  1.634    3.757  
      u_visitor/g823/B           v     u_visitor/n_24        NOR2XL     0.000  1.634    3.757  
      u_visitor/g823/Y           ^     u_visitor/n_31        NOR2XL     0.408  2.042    4.165  
      u_visitor/g821/A           ^     u_visitor/n_31        CLKINVX1   0.000  2.042    4.165  
      u_visitor/g821/Y           v     u_visitor/n_30        CLKINVX1   0.149  2.191    4.315  
      u_visitor/g818/A0          v     u_visitor/n_30        OAI211XL   0.000  2.191    4.315  
      u_visitor/g818/Y           ^     u_visitor/n_34        OAI211XL   0.143  2.334    4.458  
      u_visitor/g805/C0          ^     u_visitor/n_34        AOI222XL   0.000  2.334    4.458  
      u_visitor/g805/Y           v     u_visitor/n_46        AOI222XL   0.122  2.456    4.579  
      u_visitor/g802/A           v     u_visitor/n_46        INVX1      0.000  2.456    4.579  
      u_visitor/g802/Y           ^     u_visitor/n_49        INVX1      0.086  2.542    4.666  
      u_visitor/count_reg[2]/D   ^     u_visitor/n_49        SDFFRHQX1  0.000  2.542    4.666  
      ------------------------------------------------------------------------------------------
     Clock Rise Edge                      0.000
     = Beginpoint Arrival Time            0.000
     Other End Path:
      -------------------------------------------------------------------------
      Pin                        Edge  Net  Cell       Delay  Arrival  Required  
                                                              Time     Time  
      -------------------------------------------------------------------------
      clk                        ^     clk  -          -      0.000    -2.123  
      u_visitor/count_reg[2]/CK  ^     clk  SDFFRHQX1  0.000  0.000    -2.123  
      -------------------------------------------------------------------------
Path 7: MET Setup Check with Pin u_visitor/count_reg[5]/CK 
Endpoint:   u_visitor/count_reg[5]/D (^) checked with  leading edge of 'clk'
Beginpoint: u_visitor/count_reg[0]/Q (^) triggered by  leading edge of 'clk'
Path Groups: {clk}
Other End Arrival Time          0.000
- Setup                         0.236
+ Phase Shift                   5.000
- Uncertainty                   0.100
= Required Time                 4.664
- Arrival Time                  2.523
= Slack Time                    2.141
     Clock Rise Edge                      0.000
     = Beginpoint Arrival Time            0.000
     Timing Path:
      ------------------------------------------------------------------------------------------
      Pin                        Edge  Net                   Cell       Delay  Arrival  Required  
                                                                               Time     Time  
      ------------------------------------------------------------------------------------------
      clk                        ^     clk                   -          -      0.000    2.141  
      u_visitor/count_reg[0]/CK  ^     clk                   SDFFRHQX1  0.000  0.000    2.141  
      u_visitor/count_reg[0]/Q   ^     visitor_count_int[0]  SDFFRHQX1  0.391  0.391    2.533  
      u_visitor/g849/A           ^     visitor_count_int[0]  NAND2XL    0.000  0.391    2.533  
      u_visitor/g849/Y           v     u_visitor/n_7         NAND2XL    0.180  0.571    2.712  
      u_visitor/g866/B           v     u_visitor/n_7         NOR2BX1    0.000  0.571    2.712  
      u_visitor/g866/Y           ^     u_visitor/n_1         NOR2BX1    0.152  0.723    2.864  
      u_visitor/g841/B           ^     u_visitor/n_1         NAND2XL    0.000  0.723    2.864  
      u_visitor/g841/Y           v     u_visitor/n_12        NAND2XL    0.158  0.881    3.022  
      u_visitor/g2/B             v     u_visitor/n_12        NOR2BX1    0.000  0.881    3.022  
      u_visitor/g2/Y             ^     u_visitor/n_2         NOR2BX1    0.143  1.024    3.165  
      u_visitor/g835/B           ^     u_visitor/n_2         NAND2XL    0.000  1.024    3.165  
      u_visitor/g835/Y           v     u_visitor/n_17        NAND2XL    0.139  1.162    3.304  
      u_visitor/g831/B           v     u_visitor/n_17        NOR2XL     0.000  1.162    3.304  
      u_visitor/g831/Y           ^     u_visitor/n_21        NOR2XL     0.157  1.320    3.461  
      u_visitor/g829/A1          ^     u_visitor/n_21        AOI211X1   0.000  1.320    3.461  
      u_visitor/g829/Y           v     u_visitor/n_24        AOI211X1   0.320  1.640    3.781  
      u_visitor/g823/B           v     u_visitor/n_24        NOR2XL     0.000  1.640    3.781  
      u_visitor/g823/Y           ^     u_visitor/n_31        NOR2XL     0.408  2.048    4.189  
      u_visitor/g821/A           ^     u_visitor/n_31        CLKINVX1   0.000  2.048    4.189  
      u_visitor/g821/Y           v     u_visitor/n_30        CLKINVX1   0.149  2.197    4.339  
      u_visitor/g816/A1          v     u_visitor/n_30        OAI221XL   0.000  2.197    4.339  
      u_visitor/g816/Y           ^     u_visitor/n_36        OAI221XL   0.161  2.358    4.500  
      u_visitor/g803/A1N         ^     u_visitor/n_36        OAI2BB1X1  0.000  2.358    4.500  
      u_visitor/g803/Y           ^     u_visitor/n_48        OAI2BB1X1  0.165  2.523    4.664  
      u_visitor/count_reg[5]/D   ^     u_visitor/n_48        SDFFRHQX1  0.000  2.523    4.664  
      ------------------------------------------------------------------------------------------
     Clock Rise Edge                      0.000
     = Beginpoint Arrival Time            0.000
     Other End Path:
      -------------------------------------------------------------------------
      Pin                        Edge  Net  Cell       Delay  Arrival  Required  
                                                              Time     Time  
      -------------------------------------------------------------------------
      clk                        ^     clk  -          -      0.000    -2.141  
      u_visitor/count_reg[5]/CK  ^     clk  SDFFRHQX1  0.000  0.000    -2.141  
      -------------------------------------------------------------------------
Path 8: MET Setup Check with Pin u_visitor/count_reg[3]/CK 
Endpoint:   u_visitor/count_reg[3]/D (^) checked with  leading edge of 'clk'
Beginpoint: u_visitor/count_reg[0]/Q (^) triggered by  leading edge of 'clk'
Path Groups: {clk}
Other End Arrival Time          0.000
- Setup                         0.236
+ Phase Shift                   5.000
- Uncertainty                   0.100
= Required Time                 4.664
- Arrival Time                  2.523
= Slack Time                    2.141
     Clock Rise Edge                      0.000
     = Beginpoint Arrival Time            0.000
     Timing Path:
      ------------------------------------------------------------------------------------------
      Pin                        Edge  Net                   Cell       Delay  Arrival  Required  
                                                                               Time     Time  
      ------------------------------------------------------------------------------------------
      clk                        ^     clk                   -          -      0.000    2.141  
      u_visitor/count_reg[0]/CK  ^     clk                   SDFFRHQX1  0.000  0.000    2.141  
      u_visitor/count_reg[0]/Q   ^     visitor_count_int[0]  SDFFRHQX1  0.391  0.391    2.533  
      u_visitor/g849/A           ^     visitor_count_int[0]  NAND2XL    0.000  0.391    2.533  
      u_visitor/g849/Y           v     u_visitor/n_7         NAND2XL    0.180  0.571    2.712  
      u_visitor/g866/B           v     u_visitor/n_7         NOR2BX1    0.000  0.571    2.712  
      u_visitor/g866/Y           ^     u_visitor/n_1         NOR2BX1    0.152  0.723    2.864  
      u_visitor/g841/B           ^     u_visitor/n_1         NAND2XL    0.000  0.723    2.864  
      u_visitor/g841/Y           v     u_visitor/n_12        NAND2XL    0.158  0.881    3.022  
      u_visitor/g2/B             v     u_visitor/n_12        NOR2BX1    0.000  0.881    3.022  
      u_visitor/g2/Y             ^     u_visitor/n_2         NOR2BX1    0.143  1.024    3.165  
      u_visitor/g835/B           ^     u_visitor/n_2         NAND2XL    0.000  1.024    3.165  
      u_visitor/g835/Y           v     u_visitor/n_17        NAND2XL    0.139  1.162    3.304  
      u_visitor/g831/B           v     u_visitor/n_17        NOR2XL     0.000  1.162    3.304  
      u_visitor/g831/Y           ^     u_visitor/n_21        NOR2XL     0.157  1.320    3.461  
      u_visitor/g829/A1          ^     u_visitor/n_21        AOI211X1   0.000  1.320    3.461  
      u_visitor/g829/Y           v     u_visitor/n_24        AOI211X1   0.320  1.640    3.781  
      u_visitor/g823/B           v     u_visitor/n_24        NOR2XL     0.000  1.640    3.781  
      u_visitor/g823/Y           ^     u_visitor/n_31        NOR2XL     0.408  2.048    4.189  
      u_visitor/g821/A           ^     u_visitor/n_31        CLKINVX1   0.000  2.048    4.189  
      u_visitor/g821/Y           v     u_visitor/n_30        CLKINVX1   0.149  2.197    4.339  
      u_visitor/g814/A1          v     u_visitor/n_30        OAI221XL   0.000  2.197    4.339  
      u_visitor/g814/Y           ^     u_visitor/n_38        OAI221XL   0.161  2.358    4.500  
      u_visitor/g806/A1N         ^     u_visitor/n_38        OAI2BB1X1  0.000  2.358    4.500  
      u_visitor/g806/Y           ^     u_visitor/n_45        OAI2BB1X1  0.165  2.523    4.664  
      u_visitor/count_reg[3]/D   ^     u_visitor/n_45        SDFFRHQX1  0.000  2.523    4.664  
      ------------------------------------------------------------------------------------------
     Clock Rise Edge                      0.000
     = Beginpoint Arrival Time            0.000
     Other End Path:
      -------------------------------------------------------------------------
      Pin                        Edge  Net  Cell       Delay  Arrival  Required  
                                                              Time     Time  
      -------------------------------------------------------------------------
      clk                        ^     clk  -          -      0.000    -2.141  
      u_visitor/count_reg[3]/CK  ^     clk  SDFFRHQX1  0.000  0.000    -2.141  
      -------------------------------------------------------------------------
Path 9: MET Setup Check with Pin u_visitor/count_reg[5]/CK 
Endpoint:   u_visitor/count_reg[5]/D (^) checked with  leading edge of 'clk'
Beginpoint: u_visitor/count_reg[1]/Q (^) triggered by  leading edge of 'clk'
Path Groups: {clk}
Other End Arrival Time          0.000
- Setup                         0.236
+ Phase Shift                   5.000
- Uncertainty                   0.100
= Required Time                 4.664
- Arrival Time                  2.517
= Slack Time                    2.147
     Clock Rise Edge                      0.000
     = Beginpoint Arrival Time            0.000
     Timing Path:
      ------------------------------------------------------------------------------------------
      Pin                        Edge  Net                   Cell       Delay  Arrival  Required  
                                                                               Time     Time  
      ------------------------------------------------------------------------------------------
      clk                        ^     clk                   -          -      0.000    2.147  
      u_visitor/count_reg[1]/CK  ^     clk                   SDFFRHQX1  0.000  0.000    2.147  
      u_visitor/count_reg[1]/Q   ^     visitor_count_int[1]  SDFFRHQX1  0.386  0.385    2.533  
      u_visitor/g849/B           ^     visitor_count_int[1]  NAND2XL    0.000  0.385    2.533  
      u_visitor/g849/Y           v     u_visitor/n_7         NAND2XL    0.179  0.565    2.712  
      u_visitor/g866/B           v     u_visitor/n_7         NOR2BX1    0.000  0.565    2.712  
      u_visitor/g866/Y           ^     u_visitor/n_1         NOR2BX1    0.152  0.717    2.864  
      u_visitor/g841/B           ^     u_visitor/n_1         NAND2XL    0.000  0.717    2.864  
      u_visitor/g841/Y           v     u_visitor/n_12        NAND2XL    0.158  0.875    3.022  
      u_visitor/g2/B             v     u_visitor/n_12        NOR2BX1    0.000  0.875    3.022  
      u_visitor/g2/Y             ^     u_visitor/n_2         NOR2BX1    0.143  1.018    3.165  
      u_visitor/g835/B           ^     u_visitor/n_2         NAND2XL    0.000  1.018    3.165  
      u_visitor/g835/Y           v     u_visitor/n_17        NAND2XL    0.139  1.156    3.304  
      u_visitor/g831/B           v     u_visitor/n_17        NOR2XL     0.000  1.156    3.304  
      u_visitor/g831/Y           ^     u_visitor/n_21        NOR2XL     0.157  1.314    3.461  
      u_visitor/g829/A1          ^     u_visitor/n_21        AOI211X1   0.000  1.314    3.461  
      u_visitor/g829/Y           v     u_visitor/n_24        AOI211X1   0.320  1.634    3.781  
      u_visitor/g823/B           v     u_visitor/n_24        NOR2XL     0.000  1.634    3.781  
      u_visitor/g823/Y           ^     u_visitor/n_31        NOR2XL     0.408  2.042    4.189  
      u_visitor/g821/A           ^     u_visitor/n_31        CLKINVX1   0.000  2.042    4.189  
      u_visitor/g821/Y           v     u_visitor/n_30        CLKINVX1   0.149  2.191    4.339  
      u_visitor/g816/A1          v     u_visitor/n_30        OAI221XL   0.000  2.191    4.339  
      u_visitor/g816/Y           ^     u_visitor/n_36        OAI221XL   0.161  2.352    4.500  
      u_visitor/g803/A1N         ^     u_visitor/n_36        OAI2BB1X1  0.000  2.352    4.500  
      u_visitor/g803/Y           ^     u_visitor/n_48        OAI2BB1X1  0.165  2.517    4.664  
      u_visitor/count_reg[5]/D   ^     u_visitor/n_48        SDFFRHQX1  0.000  2.517    4.664  
      ------------------------------------------------------------------------------------------
     Clock Rise Edge                      0.000
     = Beginpoint Arrival Time            0.000
     Other End Path:
      -------------------------------------------------------------------------
      Pin                        Edge  Net  Cell       Delay  Arrival  Required  
                                                              Time     Time  
      -------------------------------------------------------------------------
      clk                        ^     clk  -          -      0.000    -2.147  
      u_visitor/count_reg[5]/CK  ^     clk  SDFFRHQX1  0.000  0.000    -2.147  
      -------------------------------------------------------------------------
Path 10: MET Setup Check with Pin u_visitor/count_reg[3]/CK 
Endpoint:   u_visitor/count_reg[3]/D (^) checked with  leading edge of 'clk'
Beginpoint: u_visitor/count_reg[1]/Q (^) triggered by  leading edge of 'clk'
Path Groups: {clk}
Other End Arrival Time          0.000
- Setup                         0.236
+ Phase Shift                   5.000
- Uncertainty                   0.100
= Required Time                 4.664
- Arrival Time                  2.517
= Slack Time                    2.147
     Clock Rise Edge                      0.000
     = Beginpoint Arrival Time            0.000
     Timing Path:
      ------------------------------------------------------------------------------------------
      Pin                        Edge  Net                   Cell       Delay  Arrival  Required  
                                                                               Time     Time  
      ------------------------------------------------------------------------------------------
      clk                        ^     clk                   -          -      0.000    2.147  
      u_visitor/count_reg[1]/CK  ^     clk                   SDFFRHQX1  0.000  0.000    2.147  
      u_visitor/count_reg[1]/Q   ^     visitor_count_int[1]  SDFFRHQX1  0.386  0.385    2.533  
      u_visitor/g849/B           ^     visitor_count_int[1]  NAND2XL    0.000  0.385    2.533  
      u_visitor/g849/Y           v     u_visitor/n_7         NAND2XL    0.179  0.565    2.712  
      u_visitor/g866/B           v     u_visitor/n_7         NOR2BX1    0.000  0.565    2.712  
      u_visitor/g866/Y           ^     u_visitor/n_1         NOR2BX1    0.152  0.717    2.864  
      u_visitor/g841/B           ^     u_visitor/n_1         NAND2XL    0.000  0.717    2.864  
      u_visitor/g841/Y           v     u_visitor/n_12        NAND2XL    0.158  0.875    3.022  
      u_visitor/g2/B             v     u_visitor/n_12        NOR2BX1    0.000  0.875    3.022  
      u_visitor/g2/Y             ^     u_visitor/n_2         NOR2BX1    0.143  1.018    3.165  
      u_visitor/g835/B           ^     u_visitor/n_2         NAND2XL    0.000  1.018    3.165  
      u_visitor/g835/Y           v     u_visitor/n_17        NAND2XL    0.139  1.156    3.304  
      u_visitor/g831/B           v     u_visitor/n_17        NOR2XL     0.000  1.156    3.304  
      u_visitor/g831/Y           ^     u_visitor/n_21        NOR2XL     0.157  1.314    3.461  
      u_visitor/g829/A1          ^     u_visitor/n_21        AOI211X1   0.000  1.314    3.461  
      u_visitor/g829/Y           v     u_visitor/n_24        AOI211X1   0.320  1.634    3.781  
      u_visitor/g823/B           v     u_visitor/n_24        NOR2XL     0.000  1.634    3.781  
      u_visitor/g823/Y           ^     u_visitor/n_31        NOR2XL     0.408  2.042    4.189  
      u_visitor/g821/A           ^     u_visitor/n_31        CLKINVX1   0.000  2.042    4.189  
      u_visitor/g821/Y           v     u_visitor/n_30        CLKINVX1   0.149  2.191    4.339  
      u_visitor/g814/A1          v     u_visitor/n_30        OAI221XL   0.000  2.191    4.339  
      u_visitor/g814/Y           ^     u_visitor/n_38        OAI221XL   0.161  2.352    4.500  
      u_visitor/g806/A1N         ^     u_visitor/n_38        OAI2BB1X1  0.000  2.352    4.500  
      u_visitor/g806/Y           ^     u_visitor/n_45        OAI2BB1X1  0.165  2.517    4.664  
      u_visitor/count_reg[3]/D   ^     u_visitor/n_45        SDFFRHQX1  0.000  2.517    4.664  
      ------------------------------------------------------------------------------------------
     Clock Rise Edge                      0.000
     = Beginpoint Arrival Time            0.000
     Other End Path:
      -------------------------------------------------------------------------
      Pin                        Edge  Net  Cell       Delay  Arrival  Required  
                                                              Time     Time  
      -------------------------------------------------------------------------
      clk                        ^     clk  -          -      0.000    -2.147  
      u_visitor/count_reg[3]/CK  ^     clk  SDFFRHQX1  0.000  0.000    -2.147  
      -------------------------------------------------------------------------
Path 11: MET Setup Check with Pin u_visitor/count_reg[6]/CK 
Endpoint:   u_visitor/count_reg[6]/D (^) checked with  leading edge of 'clk'
Beginpoint: u_visitor/count_reg[0]/Q (^) triggered by  leading edge of 'clk'
Path Groups: {clk}
Other End Arrival Time          0.000
- Setup                         0.234
+ Phase Shift                   5.000
- Uncertainty                   0.100
= Required Time                 4.666
- Arrival Time                  2.410
= Slack Time                    2.256
     Clock Rise Edge                      0.000
     = Beginpoint Arrival Time            0.000
     Timing Path:
      ------------------------------------------------------------------------------------------
      Pin                        Edge  Net                   Cell       Delay  Arrival  Required  
                                                                               Time     Time  
      ------------------------------------------------------------------------------------------
      clk                        ^     clk                   -          -      0.000    2.256  
      u_visitor/count_reg[0]/CK  ^     clk                   SDFFRHQX1  0.000  0.000    2.256  
      u_visitor/count_reg[0]/Q   ^     visitor_count_int[0]  SDFFRHQX1  0.391  0.391    2.647  
      u_visitor/g849/A           ^     visitor_count_int[0]  NAND2XL    0.000  0.391    2.647  
      u_visitor/g849/Y           v     u_visitor/n_7         NAND2XL    0.180  0.571    2.827  
      u_visitor/g866/B           v     u_visitor/n_7         NOR2BX1    0.000  0.571    2.827  
      u_visitor/g866/Y           ^     u_visitor/n_1         NOR2BX1    0.152  0.723    2.979  
      u_visitor/g841/B           ^     u_visitor/n_1         NAND2XL    0.000  0.723    2.979  
      u_visitor/g841/Y           v     u_visitor/n_12        NAND2XL    0.158  0.881    3.137  
      u_visitor/g2/B             v     u_visitor/n_12        NOR2BX1    0.000  0.881    3.137  
      u_visitor/g2/Y             ^     u_visitor/n_2         NOR2BX1    0.143  1.024    3.279  
      u_visitor/g835/B           ^     u_visitor/n_2         NAND2XL    0.000  1.024    3.279  
      u_visitor/g835/Y           v     u_visitor/n_17        NAND2XL    0.139  1.162    3.418  
      u_visitor/g831/B           v     u_visitor/n_17        NOR2XL     0.000  1.162    3.418  
      u_visitor/g831/Y           ^     u_visitor/n_21        NOR2XL     0.157  1.320    3.575  
      u_visitor/g829/A1          ^     u_visitor/n_21        AOI211X1   0.000  1.320    3.575  
      u_visitor/g829/Y           v     u_visitor/n_24        AOI211X1   0.320  1.640    3.895  
      u_visitor/g828/A           v     u_visitor/n_24        CLKINVX1   0.000  1.640    3.895  
      u_visitor/g828/Y           ^     u_visitor/n_23        CLKINVX1   0.145  1.784    4.040  
      u_visitor/g827/B           ^     u_visitor/n_23        NAND2XL    0.000  1.784    4.040  
      u_visitor/g827/Y           v     u_visitor/n_28        NAND2XL    0.300  2.085    4.340  
      u_visitor/g815/C0          v     u_visitor/n_28        OAI211XL   0.000  2.085    4.340  
      u_visitor/g815/Y           ^     u_visitor/n_37        OAI211XL   0.117  2.202    4.458  
      u_visitor/g804/C0          ^     u_visitor/n_37        AOI222XL   0.000  2.202    4.458  
      u_visitor/g804/Y           v     u_visitor/n_47        AOI222XL   0.122  2.324    4.579  
      u_visitor/g801/A           v     u_visitor/n_47        INVX1      0.000  2.324    4.579  
      u_visitor/g801/Y           ^     u_visitor/n_50        INVX1      0.086  2.410    4.666  
      u_visitor/count_reg[6]/D   ^     u_visitor/n_50        SDFFRHQX1  0.000  2.410    4.666  
      ------------------------------------------------------------------------------------------
     Clock Rise Edge                      0.000
     = Beginpoint Arrival Time            0.000
     Other End Path:
      -------------------------------------------------------------------------
      Pin                        Edge  Net  Cell       Delay  Arrival  Required  
                                                              Time     Time  
      -------------------------------------------------------------------------
      clk                        ^     clk  -          -      0.000    -2.256  
      u_visitor/count_reg[6]/CK  ^     clk  SDFFRHQX1  0.000  0.000    -2.256  
      -------------------------------------------------------------------------
Path 12: MET Setup Check with Pin u_visitor/count_reg[4]/CK 
Endpoint:   u_visitor/count_reg[4]/D (^) checked with  leading edge of 'clk'
Beginpoint: u_visitor/count_reg[0]/Q (^) triggered by  leading edge of 'clk'
Path Groups: {clk}
Other End Arrival Time          0.000
- Setup                         0.234
+ Phase Shift                   5.000
- Uncertainty                   0.100
= Required Time                 4.666
- Arrival Time                  2.410
= Slack Time                    2.256
     Clock Rise Edge                      0.000
     = Beginpoint Arrival Time            0.000
     Timing Path:
      ------------------------------------------------------------------------------------------
      Pin                        Edge  Net                   Cell       Delay  Arrival  Required  
                                                                               Time     Time  
      ------------------------------------------------------------------------------------------
      clk                        ^     clk                   -          -      0.000    2.256  
      u_visitor/count_reg[0]/CK  ^     clk                   SDFFRHQX1  0.000  0.000    2.256  
      u_visitor/count_reg[0]/Q   ^     visitor_count_int[0]  SDFFRHQX1  0.391  0.391    2.647  
      u_visitor/g849/A           ^     visitor_count_int[0]  NAND2XL    0.000  0.391    2.647  
      u_visitor/g849/Y           v     u_visitor/n_7         NAND2XL    0.180  0.571    2.827  
      u_visitor/g866/B           v     u_visitor/n_7         NOR2BX1    0.000  0.571    2.827  
      u_visitor/g866/Y           ^     u_visitor/n_1         NOR2BX1    0.152  0.723    2.979  
      u_visitor/g841/B           ^     u_visitor/n_1         NAND2XL    0.000  0.723    2.979  
      u_visitor/g841/Y           v     u_visitor/n_12        NAND2XL    0.158  0.881    3.137  
      u_visitor/g2/B             v     u_visitor/n_12        NOR2BX1    0.000  0.881    3.137  
      u_visitor/g2/Y             ^     u_visitor/n_2         NOR2BX1    0.143  1.024    3.279  
      u_visitor/g835/B           ^     u_visitor/n_2         NAND2XL    0.000  1.024    3.279  
      u_visitor/g835/Y           v     u_visitor/n_17        NAND2XL    0.139  1.162    3.418  
      u_visitor/g831/B           v     u_visitor/n_17        NOR2XL     0.000  1.162    3.418  
      u_visitor/g831/Y           ^     u_visitor/n_21        NOR2XL     0.157  1.320    3.575  
      u_visitor/g829/A1          ^     u_visitor/n_21        AOI211X1   0.000  1.320    3.575  
      u_visitor/g829/Y           v     u_visitor/n_24        AOI211X1   0.320  1.640    3.895  
      u_visitor/g828/A           v     u_visitor/n_24        CLKINVX1   0.000  1.640    3.895  
      u_visitor/g828/Y           ^     u_visitor/n_23        CLKINVX1   0.145  1.784    4.040  
      u_visitor/g827/B           ^     u_visitor/n_23        NAND2XL    0.000  1.784    4.040  
      u_visitor/g827/Y           v     u_visitor/n_28        NAND2XL    0.300  2.085    4.340  
      u_visitor/g817/C0          v     u_visitor/n_28        OAI211XL   0.000  2.085    4.340  
      u_visitor/g817/Y           ^     u_visitor/n_35        OAI211XL   0.117  2.202    4.458  
      u_visitor/g798/C0          ^     u_visitor/n_35        AOI222XL   0.000  2.202    4.458  
      u_visitor/g798/Y           v     u_visitor/n_51        AOI222XL   0.122  2.324    4.579  
      u_visitor/g797/A           v     u_visitor/n_51        INVX1      0.000  2.324    4.579  
      u_visitor/g797/Y           ^     u_visitor/n_52        INVX1      0.086  2.410    4.666  
      u_visitor/count_reg[4]/D   ^     u_visitor/n_52        SDFFRHQX1  0.000  2.410    4.666  
      ------------------------------------------------------------------------------------------
     Clock Rise Edge                      0.000
     = Beginpoint Arrival Time            0.000
     Other End Path:
      -------------------------------------------------------------------------
      Pin                        Edge  Net  Cell       Delay  Arrival  Required  
                                                              Time     Time  
      -------------------------------------------------------------------------
      clk                        ^     clk  -          -      0.000    -2.256  
      u_visitor/count_reg[4]/CK  ^     clk  SDFFRHQX1  0.000  0.000    -2.256  
      -------------------------------------------------------------------------
Path 13: MET Setup Check with Pin u_visitor/count_reg[2]/CK 
Endpoint:   u_visitor/count_reg[2]/D (^) checked with  leading edge of 'clk'
Beginpoint: u_visitor/count_reg[0]/Q (^) triggered by  leading edge of 'clk'
Path Groups: {clk}
Other End Arrival Time          0.000
- Setup                         0.234
+ Phase Shift                   5.000
- Uncertainty                   0.100
= Required Time                 4.666
- Arrival Time                  2.410
= Slack Time                    2.256
     Clock Rise Edge                      0.000
     = Beginpoint Arrival Time            0.000
     Timing Path:
      ------------------------------------------------------------------------------------------
      Pin                        Edge  Net                   Cell       Delay  Arrival  Required  
                                                                               Time     Time  
      ------------------------------------------------------------------------------------------
      clk                        ^     clk                   -          -      0.000    2.256  
      u_visitor/count_reg[0]/CK  ^     clk                   SDFFRHQX1  0.000  0.000    2.256  
      u_visitor/count_reg[0]/Q   ^     visitor_count_int[0]  SDFFRHQX1  0.391  0.391    2.647  
      u_visitor/g849/A           ^     visitor_count_int[0]  NAND2XL    0.000  0.391    2.647  
      u_visitor/g849/Y           v     u_visitor/n_7         NAND2XL    0.180  0.571    2.827  
      u_visitor/g866/B           v     u_visitor/n_7         NOR2BX1    0.000  0.571    2.827  
      u_visitor/g866/Y           ^     u_visitor/n_1         NOR2BX1    0.152  0.723    2.979  
      u_visitor/g841/B           ^     u_visitor/n_1         NAND2XL    0.000  0.723    2.979  
      u_visitor/g841/Y           v     u_visitor/n_12        NAND2XL    0.158  0.881    3.137  
      u_visitor/g2/B             v     u_visitor/n_12        NOR2BX1    0.000  0.881    3.137  
      u_visitor/g2/Y             ^     u_visitor/n_2         NOR2BX1    0.143  1.024    3.279  
      u_visitor/g835/B           ^     u_visitor/n_2         NAND2XL    0.000  1.024    3.279  
      u_visitor/g835/Y           v     u_visitor/n_17        NAND2XL    0.139  1.162    3.418  
      u_visitor/g831/B           v     u_visitor/n_17        NOR2XL     0.000  1.162    3.418  
      u_visitor/g831/Y           ^     u_visitor/n_21        NOR2XL     0.157  1.320    3.575  
      u_visitor/g829/A1          ^     u_visitor/n_21        AOI211X1   0.000  1.320    3.575  
      u_visitor/g829/Y           v     u_visitor/n_24        AOI211X1   0.320  1.640    3.895  
      u_visitor/g828/A           v     u_visitor/n_24        CLKINVX1   0.000  1.640    3.895  
      u_visitor/g828/Y           ^     u_visitor/n_23        CLKINVX1   0.145  1.784    4.040  
      u_visitor/g827/B           ^     u_visitor/n_23        NAND2XL    0.000  1.784    4.040  
      u_visitor/g827/Y           v     u_visitor/n_28        NAND2XL    0.300  2.085    4.340  
      u_visitor/g818/C0          v     u_visitor/n_28        OAI211XL   0.000  2.085    4.340  
      u_visitor/g818/Y           ^     u_visitor/n_34        OAI211XL   0.117  2.202    4.458  
      u_visitor/g805/C0          ^     u_visitor/n_34        AOI222XL   0.000  2.202    4.458  
      u_visitor/g805/Y           v     u_visitor/n_46        AOI222XL   0.122  2.324    4.579  
      u_visitor/g802/A           v     u_visitor/n_46        INVX1      0.000  2.324    4.579  
      u_visitor/g802/Y           ^     u_visitor/n_49        INVX1      0.086  2.410    4.666  
      u_visitor/count_reg[2]/D   ^     u_visitor/n_49        SDFFRHQX1  0.000  2.410    4.666  
      ------------------------------------------------------------------------------------------
     Clock Rise Edge                      0.000
     = Beginpoint Arrival Time            0.000
     Other End Path:
      -------------------------------------------------------------------------
      Pin                        Edge  Net  Cell       Delay  Arrival  Required  
                                                              Time     Time  
      -------------------------------------------------------------------------
      clk                        ^     clk  -          -      0.000    -2.256  
      u_visitor/count_reg[2]/CK  ^     clk  SDFFRHQX1  0.000  0.000    -2.256  
      -------------------------------------------------------------------------
Path 14: MET Setup Check with Pin u_visitor/count_reg[6]/CK 
Endpoint:   u_visitor/count_reg[6]/D (^) checked with  leading edge of 'clk'
Beginpoint: u_visitor/count_reg[1]/Q (^) triggered by  leading edge of 'clk'
Path Groups: {clk}
Other End Arrival Time          0.000
- Setup                         0.234
+ Phase Shift                   5.000
- Uncertainty                   0.100
= Required Time                 4.666
- Arrival Time                  2.404
= Slack Time                    2.262
     Clock Rise Edge                      0.000
     = Beginpoint Arrival Time            0.000
     Timing Path:
      ------------------------------------------------------------------------------------------
      Pin                        Edge  Net                   Cell       Delay  Arrival  Required  
                                                                               Time     Time  
      ------------------------------------------------------------------------------------------
      clk                        ^     clk                   -          -      0.000    2.262  
      u_visitor/count_reg[1]/CK  ^     clk                   SDFFRHQX1  0.000  0.000    2.262  
      u_visitor/count_reg[1]/Q   ^     visitor_count_int[1]  SDFFRHQX1  0.386  0.385    2.647  
      u_visitor/g849/B           ^     visitor_count_int[1]  NAND2XL    0.000  0.385    2.647  
      u_visitor/g849/Y           v     u_visitor/n_7         NAND2XL    0.179  0.565    2.827  
      u_visitor/g866/B           v     u_visitor/n_7         NOR2BX1    0.000  0.565    2.827  
      u_visitor/g866/Y           ^     u_visitor/n_1         NOR2BX1    0.152  0.717    2.979  
      u_visitor/g841/B           ^     u_visitor/n_1         NAND2XL    0.000  0.717    2.979  
      u_visitor/g841/Y           v     u_visitor/n_12        NAND2XL    0.158  0.875    3.137  
      u_visitor/g2/B             v     u_visitor/n_12        NOR2BX1    0.000  0.875    3.137  
      u_visitor/g2/Y             ^     u_visitor/n_2         NOR2BX1    0.143  1.018    3.279  
      u_visitor/g835/B           ^     u_visitor/n_2         NAND2XL    0.000  1.018    3.279  
      u_visitor/g835/Y           v     u_visitor/n_17        NAND2XL    0.139  1.157    3.418  
      u_visitor/g831/B           v     u_visitor/n_17        NOR2XL     0.000  1.157    3.418  
      u_visitor/g831/Y           ^     u_visitor/n_21        NOR2XL     0.157  1.314    3.575  
      u_visitor/g829/A1          ^     u_visitor/n_21        AOI211X1   0.000  1.314    3.575  
      u_visitor/g829/Y           v     u_visitor/n_24        AOI211X1   0.320  1.634    3.895  
      u_visitor/g828/A           v     u_visitor/n_24        CLKINVX1   0.000  1.634    3.895  
      u_visitor/g828/Y           ^     u_visitor/n_23        CLKINVX1   0.145  1.778    4.040  
      u_visitor/g827/B           ^     u_visitor/n_23        NAND2XL    0.000  1.778    4.040  
      u_visitor/g827/Y           v     u_visitor/n_28        NAND2XL    0.300  2.079    4.340  
      u_visitor/g815/C0          v     u_visitor/n_28        OAI211XL   0.000  2.079    4.340  
      u_visitor/g815/Y           ^     u_visitor/n_37        OAI211XL   0.117  2.196    4.458  
      u_visitor/g804/C0          ^     u_visitor/n_37        AOI222XL   0.000  2.196    4.458  
      u_visitor/g804/Y           v     u_visitor/n_47        AOI222XL   0.122  2.318    4.579  
      u_visitor/g801/A           v     u_visitor/n_47        INVX1      0.000  2.318    4.579  
      u_visitor/g801/Y           ^     u_visitor/n_50        INVX1      0.086  2.404    4.666  
      u_visitor/count_reg[6]/D   ^     u_visitor/n_50        SDFFRHQX1  0.000  2.404    4.666  
      ------------------------------------------------------------------------------------------
     Clock Rise Edge                      0.000
     = Beginpoint Arrival Time            0.000
     Other End Path:
      -------------------------------------------------------------------------
      Pin                        Edge  Net  Cell       Delay  Arrival  Required  
                                                              Time     Time  
      -------------------------------------------------------------------------
      clk                        ^     clk  -          -      0.000    -2.262  
      u_visitor/count_reg[6]/CK  ^     clk  SDFFRHQX1  0.000  0.000    -2.262  
      -------------------------------------------------------------------------
Path 15: MET Setup Check with Pin u_visitor/count_reg[4]/CK 
Endpoint:   u_visitor/count_reg[4]/D (^) checked with  leading edge of 'clk'
Beginpoint: u_visitor/count_reg[1]/Q (^) triggered by  leading edge of 'clk'
Path Groups: {clk}
Other End Arrival Time          0.000
- Setup                         0.234
+ Phase Shift                   5.000
- Uncertainty                   0.100
= Required Time                 4.666
- Arrival Time                  2.404
= Slack Time                    2.262
     Clock Rise Edge                      0.000
     = Beginpoint Arrival Time            0.000
     Timing Path:
      ------------------------------------------------------------------------------------------
      Pin                        Edge  Net                   Cell       Delay  Arrival  Required  
                                                                               Time     Time  
      ------------------------------------------------------------------------------------------
      clk                        ^     clk                   -          -      0.000    2.262  
      u_visitor/count_reg[1]/CK  ^     clk                   SDFFRHQX1  0.000  0.000    2.262  
      u_visitor/count_reg[1]/Q   ^     visitor_count_int[1]  SDFFRHQX1  0.386  0.385    2.647  
      u_visitor/g849/B           ^     visitor_count_int[1]  NAND2XL    0.000  0.385    2.647  
      u_visitor/g849/Y           v     u_visitor/n_7         NAND2XL    0.179  0.565    2.827  
      u_visitor/g866/B           v     u_visitor/n_7         NOR2BX1    0.000  0.565    2.827  
      u_visitor/g866/Y           ^     u_visitor/n_1         NOR2BX1    0.152  0.717    2.979  
      u_visitor/g841/B           ^     u_visitor/n_1         NAND2XL    0.000  0.717    2.979  
      u_visitor/g841/Y           v     u_visitor/n_12        NAND2XL    0.158  0.875    3.137  
      u_visitor/g2/B             v     u_visitor/n_12        NOR2BX1    0.000  0.875    3.137  
      u_visitor/g2/Y             ^     u_visitor/n_2         NOR2BX1    0.143  1.018    3.279  
      u_visitor/g835/B           ^     u_visitor/n_2         NAND2XL    0.000  1.018    3.279  
      u_visitor/g835/Y           v     u_visitor/n_17        NAND2XL    0.139  1.157    3.418  
      u_visitor/g831/B           v     u_visitor/n_17        NOR2XL     0.000  1.157    3.418  
      u_visitor/g831/Y           ^     u_visitor/n_21        NOR2XL     0.157  1.314    3.575  
      u_visitor/g829/A1          ^     u_visitor/n_21        AOI211X1   0.000  1.314    3.575  
      u_visitor/g829/Y           v     u_visitor/n_24        AOI211X1   0.320  1.634    3.895  
      u_visitor/g828/A           v     u_visitor/n_24        CLKINVX1   0.000  1.634    3.895  
      u_visitor/g828/Y           ^     u_visitor/n_23        CLKINVX1   0.145  1.778    4.040  
      u_visitor/g827/B           ^     u_visitor/n_23        NAND2XL    0.000  1.778    4.040  
      u_visitor/g827/Y           v     u_visitor/n_28        NAND2XL    0.300  2.079    4.340  
      u_visitor/g817/C0          v     u_visitor/n_28        OAI211XL   0.000  2.079    4.340  
      u_visitor/g817/Y           ^     u_visitor/n_35        OAI211XL   0.117  2.196    4.458  
      u_visitor/g798/C0          ^     u_visitor/n_35        AOI222XL   0.000  2.196    4.458  
      u_visitor/g798/Y           v     u_visitor/n_51        AOI222XL   0.122  2.318    4.579  
      u_visitor/g797/A           v     u_visitor/n_51        INVX1      0.000  2.318    4.579  
      u_visitor/g797/Y           ^     u_visitor/n_52        INVX1      0.086  2.404    4.666  
      u_visitor/count_reg[4]/D   ^     u_visitor/n_52        SDFFRHQX1  0.000  2.404    4.666  
      ------------------------------------------------------------------------------------------
     Clock Rise Edge                      0.000
     = Beginpoint Arrival Time            0.000
     Other End Path:
      -------------------------------------------------------------------------
      Pin                        Edge  Net  Cell       Delay  Arrival  Required  
                                                              Time     Time  
      -------------------------------------------------------------------------
      clk                        ^     clk  -          -      0.000    -2.262  
      u_visitor/count_reg[4]/CK  ^     clk  SDFFRHQX1  0.000  0.000    -2.262  
      -------------------------------------------------------------------------
Path 16: MET Setup Check with Pin u_visitor/count_reg[2]/CK 
Endpoint:   u_visitor/count_reg[2]/D (^) checked with  leading edge of 'clk'
Beginpoint: u_visitor/count_reg[1]/Q (^) triggered by  leading edge of 'clk'
Path Groups: {clk}
Other End Arrival Time          0.000
- Setup                         0.234
+ Phase Shift                   5.000
- Uncertainty                   0.100
= Required Time                 4.666
- Arrival Time                  2.404
= Slack Time                    2.262
     Clock Rise Edge                      0.000
     = Beginpoint Arrival Time            0.000
     Timing Path:
      ------------------------------------------------------------------------------------------
      Pin                        Edge  Net                   Cell       Delay  Arrival  Required  
                                                                               Time     Time  
      ------------------------------------------------------------------------------------------
      clk                        ^     clk                   -          -      0.000    2.262  
      u_visitor/count_reg[1]/CK  ^     clk                   SDFFRHQX1  0.000  0.000    2.262  
      u_visitor/count_reg[1]/Q   ^     visitor_count_int[1]  SDFFRHQX1  0.386  0.385    2.647  
      u_visitor/g849/B           ^     visitor_count_int[1]  NAND2XL    0.000  0.385    2.647  
      u_visitor/g849/Y           v     u_visitor/n_7         NAND2XL    0.179  0.565    2.827  
      u_visitor/g866/B           v     u_visitor/n_7         NOR2BX1    0.000  0.565    2.827  
      u_visitor/g866/Y           ^     u_visitor/n_1         NOR2BX1    0.152  0.717    2.979  
      u_visitor/g841/B           ^     u_visitor/n_1         NAND2XL    0.000  0.717    2.979  
      u_visitor/g841/Y           v     u_visitor/n_12        NAND2XL    0.158  0.875    3.137  
      u_visitor/g2/B             v     u_visitor/n_12        NOR2BX1    0.000  0.875    3.137  
      u_visitor/g2/Y             ^     u_visitor/n_2         NOR2BX1    0.143  1.018    3.279  
      u_visitor/g835/B           ^     u_visitor/n_2         NAND2XL    0.000  1.018    3.279  
      u_visitor/g835/Y           v     u_visitor/n_17        NAND2XL    0.139  1.157    3.418  
      u_visitor/g831/B           v     u_visitor/n_17        NOR2XL     0.000  1.157    3.418  
      u_visitor/g831/Y           ^     u_visitor/n_21        NOR2XL     0.157  1.314    3.575  
      u_visitor/g829/A1          ^     u_visitor/n_21        AOI211X1   0.000  1.314    3.575  
      u_visitor/g829/Y           v     u_visitor/n_24        AOI211X1   0.320  1.634    3.895  
      u_visitor/g828/A           v     u_visitor/n_24        CLKINVX1   0.000  1.634    3.895  
      u_visitor/g828/Y           ^     u_visitor/n_23        CLKINVX1   0.145  1.778    4.040  
      u_visitor/g827/B           ^     u_visitor/n_23        NAND2XL    0.000  1.778    4.040  
      u_visitor/g827/Y           v     u_visitor/n_28        NAND2XL    0.300  2.079    4.340  
      u_visitor/g818/C0          v     u_visitor/n_28        OAI211XL   0.000  2.079    4.340  
      u_visitor/g818/Y           ^     u_visitor/n_34        OAI211XL   0.117  2.196    4.458  
      u_visitor/g805/C0          ^     u_visitor/n_34        AOI222XL   0.000  2.196    4.458  
      u_visitor/g805/Y           v     u_visitor/n_46        AOI222XL   0.122  2.318    4.579  
      u_visitor/g802/A           v     u_visitor/n_46        INVX1      0.000  2.318    4.579  
      u_visitor/g802/Y           ^     u_visitor/n_49        INVX1      0.086  2.404    4.666  
      u_visitor/count_reg[2]/D   ^     u_visitor/n_49        SDFFRHQX1  0.000  2.404    4.666  
      ------------------------------------------------------------------------------------------
     Clock Rise Edge                      0.000
     = Beginpoint Arrival Time            0.000
     Other End Path:
      -------------------------------------------------------------------------
      Pin                        Edge  Net  Cell       Delay  Arrival  Required  
                                                              Time     Time  
      -------------------------------------------------------------------------
      clk                        ^     clk  -          -      0.000    -2.262  
      u_visitor/count_reg[2]/CK  ^     clk  SDFFRHQX1  0.000  0.000    -2.262  
      -------------------------------------------------------------------------
Path 17: MET Setup Check with Pin u_visitor/count_reg[6]/CK 
Endpoint:   u_visitor/count_reg[6]/D (^) checked with  leading edge of 'clk'
Beginpoint: u_visitor/count_reg[2]/Q (^) triggered by  leading edge of 'clk'
Path Groups: {clk}
Other End Arrival Time          0.000
- Setup                         0.234
+ Phase Shift                   5.000
- Uncertainty                   0.100
= Required Time                 4.666
- Arrival Time                  2.404
= Slack Time                    2.262
     Clock Rise Edge                      0.000
     = Beginpoint Arrival Time            0.000
     Timing Path:
      ------------------------------------------------------------------------------------------
      Pin                        Edge  Net                   Cell       Delay  Arrival  Required  
                                                                               Time     Time  
      ------------------------------------------------------------------------------------------
      clk                        ^     clk                   -          -      0.000    2.262  
      u_visitor/count_reg[2]/CK  ^     clk                   SDFFRHQX1  0.000  0.000    2.262  
      u_visitor/count_reg[2]/Q   ^     visitor_count_int[2]  SDFFRHQX1  0.399  0.399    2.661  
      u_visitor/g866/AN          ^     visitor_count_int[2]  NOR2BX1    0.000  0.399    2.661  
      u_visitor/g866/Y           ^     u_visitor/n_1         NOR2BX1    0.180  0.579    2.840  
      u_visitor/g841/B           ^     u_visitor/n_1         NAND2XL    0.000  0.579    2.840  
      u_visitor/g841/Y           v     u_visitor/n_12        NAND2XL    0.158  0.737    2.998  
      u_visitor/g2/B             v     u_visitor/n_12        NOR2BX1    0.000  0.737    2.998  
      u_visitor/g2/Y             ^     u_visitor/n_2         NOR2BX1    0.143  0.879    3.141  
      u_visitor/g835/B           ^     u_visitor/n_2         NAND2XL    0.000  0.879    3.141  
      u_visitor/g835/Y           v     u_visitor/n_17        NAND2XL    0.139  1.018    3.280  
      u_visitor/g831/B           v     u_visitor/n_17        NOR2XL     0.000  1.018    3.280  
      u_visitor/g831/Y           ^     u_visitor/n_21        NOR2XL     0.157  1.176    3.437  
      u_visitor/g829/A1          ^     u_visitor/n_21        AOI211X1   0.000  1.176    3.437  
      u_visitor/g829/Y           v     u_visitor/n_24        AOI211X1   0.320  1.495    3.757  
      u_visitor/g823/B           v     u_visitor/n_24        NOR2XL     0.000  1.495    3.757  
      u_visitor/g823/Y           ^     u_visitor/n_31        NOR2XL     0.408  1.904    4.165  
      u_visitor/g821/A           ^     u_visitor/n_31        CLKINVX1   0.000  1.904    4.165  
      u_visitor/g821/Y           v     u_visitor/n_30        CLKINVX1   0.149  2.053    4.315  
      u_visitor/g815/A0          v     u_visitor/n_30        OAI211XL   0.000  2.053    4.315  
      u_visitor/g815/Y           ^     u_visitor/n_37        OAI211XL   0.143  2.196    4.458  
      u_visitor/g804/C0          ^     u_visitor/n_37        AOI222XL   0.000  2.196    4.458  
      u_visitor/g804/Y           v     u_visitor/n_47        AOI222XL   0.122  2.318    4.579  
      u_visitor/g801/A           v     u_visitor/n_47        INVX1      0.000  2.318    4.579  
      u_visitor/g801/Y           ^     u_visitor/n_50        INVX1      0.086  2.404    4.666  
      u_visitor/count_reg[6]/D   ^     u_visitor/n_50        SDFFRHQX1  0.000  2.404    4.666  
      ------------------------------------------------------------------------------------------
     Clock Rise Edge                      0.000
     = Beginpoint Arrival Time            0.000
     Other End Path:
      -------------------------------------------------------------------------
      Pin                        Edge  Net  Cell       Delay  Arrival  Required  
                                                              Time     Time  
      -------------------------------------------------------------------------
      clk                        ^     clk  -          -      0.000    -2.262  
      u_visitor/count_reg[6]/CK  ^     clk  SDFFRHQX1  0.000  0.000    -2.262  
      -------------------------------------------------------------------------
Path 18: MET Setup Check with Pin u_visitor/count_reg[4]/CK 
Endpoint:   u_visitor/count_reg[4]/D (^) checked with  leading edge of 'clk'
Beginpoint: u_visitor/count_reg[2]/Q (^) triggered by  leading edge of 'clk'
Path Groups: {clk}
Other End Arrival Time          0.000
- Setup                         0.234
+ Phase Shift                   5.000
- Uncertainty                   0.100
= Required Time                 4.666
- Arrival Time                  2.404
= Slack Time                    2.262
     Clock Rise Edge                      0.000
     = Beginpoint Arrival Time            0.000
     Timing Path:
      ------------------------------------------------------------------------------------------
      Pin                        Edge  Net                   Cell       Delay  Arrival  Required  
                                                                               Time     Time  
      ------------------------------------------------------------------------------------------
      clk                        ^     clk                   -          -      0.000    2.262  
      u_visitor/count_reg[2]/CK  ^     clk                   SDFFRHQX1  0.000  0.000    2.262  
      u_visitor/count_reg[2]/Q   ^     visitor_count_int[2]  SDFFRHQX1  0.399  0.399    2.661  
      u_visitor/g866/AN          ^     visitor_count_int[2]  NOR2BX1    0.000  0.399    2.661  
      u_visitor/g866/Y           ^     u_visitor/n_1         NOR2BX1    0.180  0.579    2.840  
      u_visitor/g841/B           ^     u_visitor/n_1         NAND2XL    0.000  0.579    2.840  
      u_visitor/g841/Y           v     u_visitor/n_12        NAND2XL    0.158  0.737    2.998  
      u_visitor/g2/B             v     u_visitor/n_12        NOR2BX1    0.000  0.737    2.998  
      u_visitor/g2/Y             ^     u_visitor/n_2         NOR2BX1    0.143  0.879    3.141  
      u_visitor/g835/B           ^     u_visitor/n_2         NAND2XL    0.000  0.879    3.141  
      u_visitor/g835/Y           v     u_visitor/n_17        NAND2XL    0.139  1.018    3.280  
      u_visitor/g831/B           v     u_visitor/n_17        NOR2XL     0.000  1.018    3.280  
      u_visitor/g831/Y           ^     u_visitor/n_21        NOR2XL     0.157  1.176    3.437  
      u_visitor/g829/A1          ^     u_visitor/n_21        AOI211X1   0.000  1.176    3.437  
      u_visitor/g829/Y           v     u_visitor/n_24        AOI211X1   0.320  1.495    3.757  
      u_visitor/g823/B           v     u_visitor/n_24        NOR2XL     0.000  1.495    3.757  
      u_visitor/g823/Y           ^     u_visitor/n_31        NOR2XL     0.408  1.904    4.165  
      u_visitor/g821/A           ^     u_visitor/n_31        CLKINVX1   0.000  1.904    4.165  
      u_visitor/g821/Y           v     u_visitor/n_30        CLKINVX1   0.149  2.053    4.315  
      u_visitor/g817/A0          v     u_visitor/n_30        OAI211XL   0.000  2.053    4.315  
      u_visitor/g817/Y           ^     u_visitor/n_35        OAI211XL   0.143  2.196    4.458  
      u_visitor/g798/C0          ^     u_visitor/n_35        AOI222XL   0.000  2.196    4.458  
      u_visitor/g798/Y           v     u_visitor/n_51        AOI222XL   0.122  2.318    4.579  
      u_visitor/g797/A           v     u_visitor/n_51        INVX1      0.000  2.318    4.579  
      u_visitor/g797/Y           ^     u_visitor/n_52        INVX1      0.086  2.404    4.666  
      u_visitor/count_reg[4]/D   ^     u_visitor/n_52        SDFFRHQX1  0.000  2.404    4.666  
      ------------------------------------------------------------------------------------------
     Clock Rise Edge                      0.000
     = Beginpoint Arrival Time            0.000
     Other End Path:
      -------------------------------------------------------------------------
      Pin                        Edge  Net  Cell       Delay  Arrival  Required  
                                                              Time     Time  
      -------------------------------------------------------------------------
      clk                        ^     clk  -          -      0.000    -2.262  
      u_visitor/count_reg[4]/CK  ^     clk  SDFFRHQX1  0.000  0.000    -2.262  
      -------------------------------------------------------------------------
Path 19: MET Setup Check with Pin u_visitor/count_reg[2]/CK 
Endpoint:   u_visitor/count_reg[2]/D (^) checked with  leading edge of 'clk'
Beginpoint: u_visitor/count_reg[2]/Q (^) triggered by  leading edge of 'clk'
Path Groups: {clk}
Other End Arrival Time          0.000
- Setup                         0.234
+ Phase Shift                   5.000
- Uncertainty                   0.100
= Required Time                 4.666
- Arrival Time                  2.404
= Slack Time                    2.262
     Clock Rise Edge                      0.000
     = Beginpoint Arrival Time            0.000
     Timing Path:
      ------------------------------------------------------------------------------------------
      Pin                        Edge  Net                   Cell       Delay  Arrival  Required  
                                                                               Time     Time  
      ------------------------------------------------------------------------------------------
      clk                        ^     clk                   -          -      0.000    2.262  
      u_visitor/count_reg[2]/CK  ^     clk                   SDFFRHQX1  0.000  0.000    2.262  
      u_visitor/count_reg[2]/Q   ^     visitor_count_int[2]  SDFFRHQX1  0.399  0.399    2.661  
      u_visitor/g866/AN          ^     visitor_count_int[2]  NOR2BX1    0.000  0.399    2.661  
      u_visitor/g866/Y           ^     u_visitor/n_1         NOR2BX1    0.180  0.579    2.840  
      u_visitor/g841/B           ^     u_visitor/n_1         NAND2XL    0.000  0.579    2.840  
      u_visitor/g841/Y           v     u_visitor/n_12        NAND2XL    0.158  0.737    2.998  
      u_visitor/g2/B             v     u_visitor/n_12        NOR2BX1    0.000  0.737    2.998  
      u_visitor/g2/Y             ^     u_visitor/n_2         NOR2BX1    0.143  0.879    3.141  
      u_visitor/g835/B           ^     u_visitor/n_2         NAND2XL    0.000  0.879    3.141  
      u_visitor/g835/Y           v     u_visitor/n_17        NAND2XL    0.139  1.018    3.280  
      u_visitor/g831/B           v     u_visitor/n_17        NOR2XL     0.000  1.018    3.280  
      u_visitor/g831/Y           ^     u_visitor/n_21        NOR2XL     0.157  1.176    3.437  
      u_visitor/g829/A1          ^     u_visitor/n_21        AOI211X1   0.000  1.176    3.437  
      u_visitor/g829/Y           v     u_visitor/n_24        AOI211X1   0.320  1.495    3.757  
      u_visitor/g823/B           v     u_visitor/n_24        NOR2XL     0.000  1.495    3.757  
      u_visitor/g823/Y           ^     u_visitor/n_31        NOR2XL     0.408  1.904    4.165  
      u_visitor/g821/A           ^     u_visitor/n_31        CLKINVX1   0.000  1.904    4.165  
      u_visitor/g821/Y           v     u_visitor/n_30        CLKINVX1   0.149  2.053    4.315  
      u_visitor/g818/A0          v     u_visitor/n_30        OAI211XL   0.000  2.053    4.315  
      u_visitor/g818/Y           ^     u_visitor/n_34        OAI211XL   0.143  2.196    4.458  
      u_visitor/g805/C0          ^     u_visitor/n_34        AOI222XL   0.000  2.196    4.458  
      u_visitor/g805/Y           v     u_visitor/n_46        AOI222XL   0.122  2.318    4.579  
      u_visitor/g802/A           v     u_visitor/n_46        INVX1      0.000  2.318    4.579  
      u_visitor/g802/Y           ^     u_visitor/n_49        INVX1      0.086  2.404    4.666  
      u_visitor/count_reg[2]/D   ^     u_visitor/n_49        SDFFRHQX1  0.000  2.404    4.666  
      ------------------------------------------------------------------------------------------
     Clock Rise Edge                      0.000
     = Beginpoint Arrival Time            0.000
     Other End Path:
      -------------------------------------------------------------------------
      Pin                        Edge  Net  Cell       Delay  Arrival  Required  
                                                              Time     Time  
      -------------------------------------------------------------------------
      clk                        ^     clk  -          -      0.000    -2.262  
      u_visitor/count_reg[2]/CK  ^     clk  SDFFRHQX1  0.000  0.000    -2.262  
      -------------------------------------------------------------------------
Path 20: MET Setup Check with Pin u_visitor/count_reg[1]/CK 
Endpoint:   u_visitor/count_reg[1]/D (^) checked with  leading edge of 'clk'
Beginpoint: u_visitor/count_reg[0]/Q (^) triggered by  leading edge of 'clk'
Path Groups: {clk}
Other End Arrival Time          0.000
- Setup                         0.241
+ Phase Shift                   5.000
- Uncertainty                   0.100
= Required Time                 4.659
- Arrival Time                  2.396
= Slack Time                    2.263
     Clock Rise Edge                      0.000
     = Beginpoint Arrival Time            0.000
     Timing Path:
      ------------------------------------------------------------------------------------------
      Pin                        Edge  Net                   Cell       Delay  Arrival  Required  
                                                                               Time     Time  
      ------------------------------------------------------------------------------------------
      clk                        ^     clk                   -          -      0.000    2.263  
      u_visitor/count_reg[0]/CK  ^     clk                   SDFFRHQX1  0.000  0.000    2.263  
      u_visitor/count_reg[0]/Q   ^     visitor_count_int[0]  SDFFRHQX1  0.391  0.391    2.654  
      u_visitor/g849/A           ^     visitor_count_int[0]  NAND2XL    0.000  0.391    2.654  
      u_visitor/g849/Y           v     u_visitor/n_7         NAND2XL    0.180  0.571    2.834  
      u_visitor/g866/B           v     u_visitor/n_7         NOR2BX1    0.000  0.571    2.834  
      u_visitor/g866/Y           ^     u_visitor/n_1         NOR2BX1    0.152  0.723    2.986  
      u_visitor/g841/B           ^     u_visitor/n_1         NAND2XL    0.000  0.723    2.986  
      u_visitor/g841/Y           v     u_visitor/n_12        NAND2XL    0.158  0.881    3.144  
      u_visitor/g2/B             v     u_visitor/n_12        NOR2BX1    0.000  0.881    3.144  
      u_visitor/g2/Y             ^     u_visitor/n_2         NOR2BX1    0.143  1.024    3.286  
      u_visitor/g835/B           ^     u_visitor/n_2         NAND2XL    0.000  1.024    3.286  
      u_visitor/g835/Y           v     u_visitor/n_17        NAND2XL    0.139  1.162    3.425  
      u_visitor/g831/B           v     u_visitor/n_17        NOR2XL     0.000  1.162    3.425  
      u_visitor/g831/Y           ^     u_visitor/n_21        NOR2XL     0.157  1.320    3.583  
      u_visitor/g829/A1          ^     u_visitor/n_21        AOI211X1   0.000  1.320    3.583  
      u_visitor/g829/Y           v     u_visitor/n_24        AOI211X1   0.320  1.639    3.902  
      u_visitor/g828/A           v     u_visitor/n_24        CLKINVX1   0.000  1.639    3.902  
      u_visitor/g828/Y           ^     u_visitor/n_23        CLKINVX1   0.145  1.784    4.047  
      u_visitor/g827/B           ^     u_visitor/n_23        NAND2XL    0.000  1.784    4.047  
      u_visitor/g827/Y           v     u_visitor/n_28        NAND2XL    0.300  2.085    4.347  
      u_visitor/g824/A           v     u_visitor/n_28        INVX1      0.000  2.085    4.347  
      u_visitor/g824/Y           ^     u_visitor/n_27        INVX1      0.117  2.201    4.464  
      u_visitor/g811/A1          ^     u_visitor/n_27        AOI22X1    0.000  2.201    4.464  
      u_visitor/g811/Y           v     u_visitor/n_41        AOI22X1    0.109  2.310    4.573  
      u_visitor/g809/B0          v     u_visitor/n_41        OAI21X1    0.000  2.310    4.573  
      u_visitor/g809/Y           ^     u_visitor/n_43        OAI21X1    0.086  2.396    4.659  
      u_visitor/count_reg[1]/D   ^     u_visitor/n_43        SDFFRHQX1  0.000  2.396    4.659  
      ------------------------------------------------------------------------------------------
     Clock Rise Edge                      0.000
     = Beginpoint Arrival Time            0.000
     Other End Path:
      -------------------------------------------------------------------------
      Pin                        Edge  Net  Cell       Delay  Arrival  Required  
                                                              Time     Time  
      -------------------------------------------------------------------------
      clk                        ^     clk  -          -      0.000    -2.263  
      u_visitor/count_reg[1]/CK  ^     clk  SDFFRHQX1  0.000  0.000    -2.263  
      -------------------------------------------------------------------------
Path 21: MET Setup Check with Pin u_visitor/count_reg[1]/CK 
Endpoint:   u_visitor/count_reg[1]/D (^) checked with  leading edge of 'clk'
Beginpoint: u_visitor/count_reg[1]/Q (^) triggered by  leading edge of 'clk'
Path Groups: {clk}
Other End Arrival Time          0.000
- Setup                         0.241
+ Phase Shift                   5.000
- Uncertainty                   0.100
= Required Time                 4.659
- Arrival Time                  2.391
= Slack Time                    2.269
     Clock Rise Edge                      0.000
     = Beginpoint Arrival Time            0.000
     Timing Path:
      ------------------------------------------------------------------------------------------
      Pin                        Edge  Net                   Cell       Delay  Arrival  Required  
                                                                               Time     Time  
      ------------------------------------------------------------------------------------------
      clk                        ^     clk                   -          -      0.000    2.269  
      u_visitor/count_reg[1]/CK  ^     clk                   SDFFRHQX1  0.000  0.000    2.269  
      u_visitor/count_reg[1]/Q   ^     visitor_count_int[1]  SDFFRHQX1  0.386  0.385    2.654  
      u_visitor/g849/B           ^     visitor_count_int[1]  NAND2XL    0.000  0.385    2.654  
      u_visitor/g849/Y           v     u_visitor/n_7         NAND2XL    0.179  0.565    2.834  
      u_visitor/g866/B           v     u_visitor/n_7         NOR2BX1    0.000  0.565    2.834  
      u_visitor/g866/Y           ^     u_visitor/n_1         NOR2BX1    0.152  0.717    2.986  
      u_visitor/g841/B           ^     u_visitor/n_1         NAND2XL    0.000  0.717    2.986  
      u_visitor/g841/Y           v     u_visitor/n_12        NAND2XL    0.158  0.875    3.144  
      u_visitor/g2/B             v     u_visitor/n_12        NOR2BX1    0.000  0.875    3.144  
      u_visitor/g2/Y             ^     u_visitor/n_2         NOR2BX1    0.143  1.018    3.286  
      u_visitor/g835/B           ^     u_visitor/n_2         NAND2XL    0.000  1.018    3.286  
      u_visitor/g835/Y           v     u_visitor/n_17        NAND2XL    0.139  1.156    3.425  
      u_visitor/g831/B           v     u_visitor/n_17        NOR2XL     0.000  1.156    3.425  
      u_visitor/g831/Y           ^     u_visitor/n_21        NOR2XL     0.157  1.314    3.583  
      u_visitor/g829/A1          ^     u_visitor/n_21        AOI211X1   0.000  1.314    3.583  
      u_visitor/g829/Y           v     u_visitor/n_24        AOI211X1   0.320  1.634    3.902  
      u_visitor/g828/A           v     u_visitor/n_24        CLKINVX1   0.000  1.634    3.902  
      u_visitor/g828/Y           ^     u_visitor/n_23        CLKINVX1   0.145  1.778    4.047  
      u_visitor/g827/B           ^     u_visitor/n_23        NAND2XL    0.000  1.778    4.047  
      u_visitor/g827/Y           v     u_visitor/n_28        NAND2XL    0.300  2.079    4.347  
      u_visitor/g824/A           v     u_visitor/n_28        INVX1      0.000  2.079    4.347  
      u_visitor/g824/Y           ^     u_visitor/n_27        INVX1      0.117  2.195    4.464  
      u_visitor/g811/A1          ^     u_visitor/n_27        AOI22X1    0.000  2.195    4.464  
      u_visitor/g811/Y           v     u_visitor/n_41        AOI22X1    0.109  2.304    4.573  
      u_visitor/g809/B0          v     u_visitor/n_41        OAI21X1    0.000  2.304    4.573  
      u_visitor/g809/Y           ^     u_visitor/n_43        OAI21X1    0.086  2.391    4.659  
      u_visitor/count_reg[1]/D   ^     u_visitor/n_43        SDFFRHQX1  0.000  2.391    4.659  
      ------------------------------------------------------------------------------------------
     Clock Rise Edge                      0.000
     = Beginpoint Arrival Time            0.000
     Other End Path:
      -------------------------------------------------------------------------
      Pin                        Edge  Net  Cell       Delay  Arrival  Required  
                                                              Time     Time  
      -------------------------------------------------------------------------
      clk                        ^     clk  -          -      0.000    -2.269  
      u_visitor/count_reg[1]/CK  ^     clk  SDFFRHQX1  0.000  0.000    -2.269  
      -------------------------------------------------------------------------
Path 22: MET Setup Check with Pin u_visitor/count_reg[5]/CK 
Endpoint:   u_visitor/count_reg[5]/D (^) checked with  leading edge of 'clk'
Beginpoint: u_visitor/count_reg[0]/Q (^) triggered by  leading edge of 'clk'
Path Groups: {clk}
Other End Arrival Time          0.000
- Setup                         0.236
+ Phase Shift                   5.000
- Uncertainty                   0.100
= Required Time                 4.664
- Arrival Time                  2.379
= Slack Time                    2.285
     Clock Rise Edge                      0.000
     = Beginpoint Arrival Time            0.000
     Timing Path:
      ------------------------------------------------------------------------------------------
      Pin                        Edge  Net                   Cell       Delay  Arrival  Required  
                                                                               Time     Time  
      ------------------------------------------------------------------------------------------
      clk                        ^     clk                   -          -      0.000    2.285  
      u_visitor/count_reg[0]/CK  ^     clk                   SDFFRHQX1  0.000  0.000    2.285  
      u_visitor/count_reg[0]/Q   ^     visitor_count_int[0]  SDFFRHQX1  0.391  0.391    2.676  
      u_visitor/g849/A           ^     visitor_count_int[0]  NAND2XL    0.000  0.391    2.676  
      u_visitor/g849/Y           v     u_visitor/n_7         NAND2XL    0.180  0.571    2.856  
      u_visitor/g866/B           v     u_visitor/n_7         NOR2BX1    0.000  0.571    2.856  
      u_visitor/g866/Y           ^     u_visitor/n_1         NOR2BX1    0.152  0.723    3.008  
      u_visitor/g841/B           ^     u_visitor/n_1         NAND2XL    0.000  0.723    3.008  
      u_visitor/g841/Y           v     u_visitor/n_12        NAND2XL    0.158  0.881    3.166  
      u_visitor/g2/B             v     u_visitor/n_12        NOR2BX1    0.000  0.881    3.166  
      u_visitor/g2/Y             ^     u_visitor/n_2         NOR2BX1    0.143  1.024    3.309  
      u_visitor/g835/B           ^     u_visitor/n_2         NAND2XL    0.000  1.024    3.309  
      u_visitor/g835/Y           v     u_visitor/n_17        NAND2XL    0.139  1.162    3.447  
      u_visitor/g831/B           v     u_visitor/n_17        NOR2XL     0.000  1.162    3.447  
      u_visitor/g831/Y           ^     u_visitor/n_21        NOR2XL     0.157  1.320    3.605  
      u_visitor/g829/A1          ^     u_visitor/n_21        AOI211X1   0.000  1.320    3.605  
      u_visitor/g829/Y           v     u_visitor/n_24        AOI211X1   0.320  1.640    3.924  
      u_visitor/g828/A           v     u_visitor/n_24        CLKINVX1   0.000  1.640    3.924  
      u_visitor/g828/Y           ^     u_visitor/n_23        CLKINVX1   0.145  1.784    4.069  
      u_visitor/g827/B           ^     u_visitor/n_23        NAND2XL    0.000  1.784    4.069  
      u_visitor/g827/Y           v     u_visitor/n_28        NAND2XL    0.300  2.085    4.370  
      u_visitor/g816/C0          v     u_visitor/n_28        OAI221XL   0.000  2.085    4.370  
      u_visitor/g816/Y           ^     u_visitor/n_36        OAI221XL   0.130  2.215    4.500  
      u_visitor/g803/A1N         ^     u_visitor/n_36        OAI2BB1X1  0.000  2.215    4.500  
      u_visitor/g803/Y           ^     u_visitor/n_48        OAI2BB1X1  0.165  2.379    4.664  
      u_visitor/count_reg[5]/D   ^     u_visitor/n_48        SDFFRHQX1  0.000  2.379    4.664  
      ------------------------------------------------------------------------------------------
     Clock Rise Edge                      0.000
     = Beginpoint Arrival Time            0.000
     Other End Path:
      -------------------------------------------------------------------------
      Pin                        Edge  Net  Cell       Delay  Arrival  Required  
                                                              Time     Time  
      -------------------------------------------------------------------------
      clk                        ^     clk  -          -      0.000    -2.285  
      u_visitor/count_reg[5]/CK  ^     clk  SDFFRHQX1  0.000  0.000    -2.285  
      -------------------------------------------------------------------------
Path 23: MET Setup Check with Pin u_visitor/count_reg[3]/CK 
Endpoint:   u_visitor/count_reg[3]/D (^) checked with  leading edge of 'clk'
Beginpoint: u_visitor/count_reg[0]/Q (^) triggered by  leading edge of 'clk'
Path Groups: {clk}
Other End Arrival Time          0.000
- Setup                         0.236
+ Phase Shift                   5.000
- Uncertainty                   0.100
= Required Time                 4.664
- Arrival Time                  2.379
= Slack Time                    2.285
     Clock Rise Edge                      0.000
     = Beginpoint Arrival Time            0.000
     Timing Path:
      ------------------------------------------------------------------------------------------
      Pin                        Edge  Net                   Cell       Delay  Arrival  Required  
                                                                               Time     Time  
      ------------------------------------------------------------------------------------------
      clk                        ^     clk                   -          -      0.000    2.285  
      u_visitor/count_reg[0]/CK  ^     clk                   SDFFRHQX1  0.000  0.000    2.285  
      u_visitor/count_reg[0]/Q   ^     visitor_count_int[0]  SDFFRHQX1  0.391  0.391    2.676  
      u_visitor/g849/A           ^     visitor_count_int[0]  NAND2XL    0.000  0.391    2.676  
      u_visitor/g849/Y           v     u_visitor/n_7         NAND2XL    0.180  0.571    2.856  
      u_visitor/g866/B           v     u_visitor/n_7         NOR2BX1    0.000  0.571    2.856  
      u_visitor/g866/Y           ^     u_visitor/n_1         NOR2BX1    0.152  0.723    3.008  
      u_visitor/g841/B           ^     u_visitor/n_1         NAND2XL    0.000  0.723    3.008  
      u_visitor/g841/Y           v     u_visitor/n_12        NAND2XL    0.158  0.881    3.166  
      u_visitor/g2/B             v     u_visitor/n_12        NOR2BX1    0.000  0.881    3.166  
      u_visitor/g2/Y             ^     u_visitor/n_2         NOR2BX1    0.143  1.024    3.309  
      u_visitor/g835/B           ^     u_visitor/n_2         NAND2XL    0.000  1.024    3.309  
      u_visitor/g835/Y           v     u_visitor/n_17        NAND2XL    0.139  1.162    3.447  
      u_visitor/g831/B           v     u_visitor/n_17        NOR2XL     0.000  1.162    3.447  
      u_visitor/g831/Y           ^     u_visitor/n_21        NOR2XL     0.157  1.320    3.605  
      u_visitor/g829/A1          ^     u_visitor/n_21        AOI211X1   0.000  1.320    3.605  
      u_visitor/g829/Y           v     u_visitor/n_24        AOI211X1   0.320  1.640    3.924  
      u_visitor/g828/A           v     u_visitor/n_24        CLKINVX1   0.000  1.640    3.924  
      u_visitor/g828/Y           ^     u_visitor/n_23        CLKINVX1   0.145  1.784    4.069  
      u_visitor/g827/B           ^     u_visitor/n_23        NAND2XL    0.000  1.784    4.069  
      u_visitor/g827/Y           v     u_visitor/n_28        NAND2XL    0.300  2.085    4.370  
      u_visitor/g814/C0          v     u_visitor/n_28        OAI221XL   0.000  2.085    4.370  
      u_visitor/g814/Y           ^     u_visitor/n_38        OAI221XL   0.130  2.215    4.500  
      u_visitor/g806/A1N         ^     u_visitor/n_38        OAI2BB1X1  0.000  2.215    4.500  
      u_visitor/g806/Y           ^     u_visitor/n_45        OAI2BB1X1  0.165  2.379    4.664  
      u_visitor/count_reg[3]/D   ^     u_visitor/n_45        SDFFRHQX1  0.000  2.379    4.664  
      ------------------------------------------------------------------------------------------
     Clock Rise Edge                      0.000
     = Beginpoint Arrival Time            0.000
     Other End Path:
      -------------------------------------------------------------------------
      Pin                        Edge  Net  Cell       Delay  Arrival  Required  
                                                              Time     Time  
      -------------------------------------------------------------------------
      clk                        ^     clk  -          -      0.000    -2.285  
      u_visitor/count_reg[3]/CK  ^     clk  SDFFRHQX1  0.000  0.000    -2.285  
      -------------------------------------------------------------------------
Path 24: MET Setup Check with Pin u_visitor/count_reg[5]/CK 
Endpoint:   u_visitor/count_reg[5]/D (^) checked with  leading edge of 'clk'
Beginpoint: u_visitor/count_reg[2]/Q (^) triggered by  leading edge of 'clk'
Path Groups: {clk}
Other End Arrival Time          0.000
- Setup                         0.236
+ Phase Shift                   5.000
- Uncertainty                   0.100
= Required Time                 4.664
- Arrival Time                  2.379
= Slack Time                    2.286
     Clock Rise Edge                      0.000
     = Beginpoint Arrival Time            0.000
     Timing Path:
      ------------------------------------------------------------------------------------------
      Pin                        Edge  Net                   Cell       Delay  Arrival  Required  
                                                                               Time     Time  
      ------------------------------------------------------------------------------------------
      clk                        ^     clk                   -          -      0.000    2.286  
      u_visitor/count_reg[2]/CK  ^     clk                   SDFFRHQX1  0.000  0.000    2.286  
      u_visitor/count_reg[2]/Q   ^     visitor_count_int[2]  SDFFRHQX1  0.399  0.399    2.685  
      u_visitor/g866/AN          ^     visitor_count_int[2]  NOR2BX1    0.000  0.399    2.685  
      u_visitor/g866/Y           ^     u_visitor/n_1         NOR2BX1    0.180  0.579    2.864  
      u_visitor/g841/B           ^     u_visitor/n_1         NAND2XL    0.000  0.579    2.864  
      u_visitor/g841/Y           v     u_visitor/n_12        NAND2XL    0.158  0.737    3.022  
      u_visitor/g2/B             v     u_visitor/n_12        NOR2BX1    0.000  0.737    3.022  
      u_visitor/g2/Y             ^     u_visitor/n_2         NOR2BX1    0.143  0.879    3.165  
      u_visitor/g835/B           ^     u_visitor/n_2         NAND2XL    0.000  0.879    3.165  
      u_visitor/g835/Y           v     u_visitor/n_17        NAND2XL    0.139  1.018    3.304  
      u_visitor/g831/B           v     u_visitor/n_17        NOR2XL     0.000  1.018    3.304  
      u_visitor/g831/Y           ^     u_visitor/n_21        NOR2XL     0.157  1.175    3.461  
      u_visitor/g829/A1          ^     u_visitor/n_21        AOI211X1   0.000  1.175    3.461  
      u_visitor/g829/Y           v     u_visitor/n_24        AOI211X1   0.320  1.495    3.781  
      u_visitor/g823/B           v     u_visitor/n_24        NOR2XL     0.000  1.495    3.781  
      u_visitor/g823/Y           ^     u_visitor/n_31        NOR2XL     0.408  1.904    4.189  
      u_visitor/g821/A           ^     u_visitor/n_31        CLKINVX1   0.000  1.904    4.189  
      u_visitor/g821/Y           v     u_visitor/n_30        CLKINVX1   0.149  2.053    4.339  
      u_visitor/g816/A1          v     u_visitor/n_30        OAI221XL   0.000  2.053    4.339  
      u_visitor/g816/Y           ^     u_visitor/n_36        OAI221XL   0.161  2.214    4.500  
      u_visitor/g803/A1N         ^     u_visitor/n_36        OAI2BB1X1  0.000  2.214    4.500  
      u_visitor/g803/Y           ^     u_visitor/n_48        OAI2BB1X1  0.165  2.379    4.664  
      u_visitor/count_reg[5]/D   ^     u_visitor/n_48        SDFFRHQX1  0.000  2.379    4.664  
      ------------------------------------------------------------------------------------------
     Clock Rise Edge                      0.000
     = Beginpoint Arrival Time            0.000
     Other End Path:
      -------------------------------------------------------------------------
      Pin                        Edge  Net  Cell       Delay  Arrival  Required  
                                                              Time     Time  
      -------------------------------------------------------------------------
      clk                        ^     clk  -          -      0.000    -2.286  
      u_visitor/count_reg[5]/CK  ^     clk  SDFFRHQX1  0.000  0.000    -2.286  
      -------------------------------------------------------------------------
Path 25: MET Setup Check with Pin u_visitor/count_reg[3]/CK 
Endpoint:   u_visitor/count_reg[3]/D (^) checked with  leading edge of 'clk'
Beginpoint: u_visitor/count_reg[2]/Q (^) triggered by  leading edge of 'clk'
Path Groups: {clk}
Other End Arrival Time          0.000
- Setup                         0.236
+ Phase Shift                   5.000
- Uncertainty                   0.100
= Required Time                 4.664
- Arrival Time                  2.379
= Slack Time                    2.286
     Clock Rise Edge                      0.000
     = Beginpoint Arrival Time            0.000
     Timing Path:
      ------------------------------------------------------------------------------------------
      Pin                        Edge  Net                   Cell       Delay  Arrival  Required  
                                                                               Time     Time  
      ------------------------------------------------------------------------------------------
      clk                        ^     clk                   -          -      0.000    2.286  
      u_visitor/count_reg[2]/CK  ^     clk                   SDFFRHQX1  0.000  0.000    2.286  
      u_visitor/count_reg[2]/Q   ^     visitor_count_int[2]  SDFFRHQX1  0.399  0.399    2.685  
      u_visitor/g866/AN          ^     visitor_count_int[2]  NOR2BX1    0.000  0.399    2.685  
      u_visitor/g866/Y           ^     u_visitor/n_1         NOR2BX1    0.180  0.579    2.864  
      u_visitor/g841/B           ^     u_visitor/n_1         NAND2XL    0.000  0.579    2.864  
      u_visitor/g841/Y           v     u_visitor/n_12        NAND2XL    0.158  0.737    3.022  
      u_visitor/g2/B             v     u_visitor/n_12        NOR2BX1    0.000  0.737    3.022  
      u_visitor/g2/Y             ^     u_visitor/n_2         NOR2BX1    0.143  0.879    3.165  
      u_visitor/g835/B           ^     u_visitor/n_2         NAND2XL    0.000  0.879    3.165  
      u_visitor/g835/Y           v     u_visitor/n_17        NAND2XL    0.139  1.018    3.304  
      u_visitor/g831/B           v     u_visitor/n_17        NOR2XL     0.000  1.018    3.304  
      u_visitor/g831/Y           ^     u_visitor/n_21        NOR2XL     0.157  1.175    3.461  
      u_visitor/g829/A1          ^     u_visitor/n_21        AOI211X1   0.000  1.175    3.461  
      u_visitor/g829/Y           v     u_visitor/n_24        AOI211X1   0.320  1.495    3.781  
      u_visitor/g823/B           v     u_visitor/n_24        NOR2XL     0.000  1.495    3.781  
      u_visitor/g823/Y           ^     u_visitor/n_31        NOR2XL     0.408  1.904    4.189  
      u_visitor/g821/A           ^     u_visitor/n_31        CLKINVX1   0.000  1.904    4.189  
      u_visitor/g821/Y           v     u_visitor/n_30        CLKINVX1   0.149  2.053    4.339  
      u_visitor/g814/A1          v     u_visitor/n_30        OAI221XL   0.000  2.053    4.339  
      u_visitor/g814/Y           ^     u_visitor/n_38        OAI221XL   0.161  2.214    4.500  
      u_visitor/g806/A1N         ^     u_visitor/n_38        OAI2BB1X1  0.000  2.214    4.500  
      u_visitor/g806/Y           ^     u_visitor/n_45        OAI2BB1X1  0.165  2.379    4.664  
      u_visitor/count_reg[3]/D   ^     u_visitor/n_45        SDFFRHQX1  0.000  2.379    4.664  
      ------------------------------------------------------------------------------------------
     Clock Rise Edge                      0.000
     = Beginpoint Arrival Time            0.000
     Other End Path:
      -------------------------------------------------------------------------
      Pin                        Edge  Net  Cell       Delay  Arrival  Required  
                                                              Time     Time  
      -------------------------------------------------------------------------
      clk                        ^     clk  -          -      0.000    -2.286  
      u_visitor/count_reg[3]/CK  ^     clk  SDFFRHQX1  0.000  0.000    -2.286  
      -------------------------------------------------------------------------
Path 26: MET Setup Check with Pin u_visitor/count_reg[5]/CK 
Endpoint:   u_visitor/count_reg[5]/D (^) checked with  leading edge of 'clk'
Beginpoint: u_visitor/count_reg[1]/Q (^) triggered by  leading edge of 'clk'
Path Groups: {clk}
Other End Arrival Time          0.000
- Setup                         0.236
+ Phase Shift                   5.000
- Uncertainty                   0.100
= Required Time                 4.664
- Arrival Time                  2.373
= Slack Time                    2.291
     Clock Rise Edge                      0.000
     = Beginpoint Arrival Time            0.000
     Timing Path:
      ------------------------------------------------------------------------------------------
      Pin                        Edge  Net                   Cell       Delay  Arrival  Required  
                                                                               Time     Time  
      ------------------------------------------------------------------------------------------
      clk                        ^     clk                   -          -      0.000    2.291  
      u_visitor/count_reg[1]/CK  ^     clk                   SDFFRHQX1  0.000  0.000    2.291  
      u_visitor/count_reg[1]/Q   ^     visitor_count_int[1]  SDFFRHQX1  0.386  0.386    2.676  
      u_visitor/g849/B           ^     visitor_count_int[1]  NAND2XL    0.000  0.386    2.676  
      u_visitor/g849/Y           v     u_visitor/n_7         NAND2XL    0.179  0.565    2.856  
      u_visitor/g866/B           v     u_visitor/n_7         NOR2BX1    0.000  0.565    2.856  
      u_visitor/g866/Y           ^     u_visitor/n_1         NOR2BX1    0.152  0.717    3.008  
      u_visitor/g841/B           ^     u_visitor/n_1         NAND2XL    0.000  0.717    3.008  
      u_visitor/g841/Y           v     u_visitor/n_12        NAND2XL    0.158  0.875    3.166  
      u_visitor/g2/B             v     u_visitor/n_12        NOR2BX1    0.000  0.875    3.166  
      u_visitor/g2/Y             ^     u_visitor/n_2         NOR2BX1    0.143  1.018    3.309  
      u_visitor/g835/B           ^     u_visitor/n_2         NAND2XL    0.000  1.018    3.309  
      u_visitor/g835/Y           v     u_visitor/n_17        NAND2XL    0.139  1.157    3.447  
      u_visitor/g831/B           v     u_visitor/n_17        NOR2XL     0.000  1.157    3.447  
      u_visitor/g831/Y           ^     u_visitor/n_21        NOR2XL     0.157  1.314    3.605  
      u_visitor/g829/A1          ^     u_visitor/n_21        AOI211X1   0.000  1.314    3.605  
      u_visitor/g829/Y           v     u_visitor/n_24        AOI211X1   0.320  1.634    3.924  
      u_visitor/g828/A           v     u_visitor/n_24        CLKINVX1   0.000  1.634    3.924  
      u_visitor/g828/Y           ^     u_visitor/n_23        CLKINVX1   0.145  1.778    4.069  
      u_visitor/g827/B           ^     u_visitor/n_23        NAND2XL    0.000  1.778    4.069  
      u_visitor/g827/Y           v     u_visitor/n_28        NAND2XL    0.300  2.079    4.370  
      u_visitor/g816/C0          v     u_visitor/n_28        OAI221XL   0.000  2.079    4.370  
      u_visitor/g816/Y           ^     u_visitor/n_36        OAI221XL   0.130  2.209    4.500  
      u_visitor/g803/A1N         ^     u_visitor/n_36        OAI2BB1X1  0.000  2.209    4.500  
      u_visitor/g803/Y           ^     u_visitor/n_48        OAI2BB1X1  0.165  2.373    4.664  
      u_visitor/count_reg[5]/D   ^     u_visitor/n_48        SDFFRHQX1  0.000  2.373    4.664  
      ------------------------------------------------------------------------------------------
     Clock Rise Edge                      0.000
     = Beginpoint Arrival Time            0.000
     Other End Path:
      -------------------------------------------------------------------------
      Pin                        Edge  Net  Cell       Delay  Arrival  Required  
                                                              Time     Time  
      -------------------------------------------------------------------------
      clk                        ^     clk  -          -      0.000    -2.291  
      u_visitor/count_reg[5]/CK  ^     clk  SDFFRHQX1  0.000  0.000    -2.291  
      -------------------------------------------------------------------------
Path 27: MET Setup Check with Pin u_visitor/count_reg[3]/CK 
Endpoint:   u_visitor/count_reg[3]/D (^) checked with  leading edge of 'clk'
Beginpoint: u_visitor/count_reg[1]/Q (^) triggered by  leading edge of 'clk'
Path Groups: {clk}
Other End Arrival Time          0.000
- Setup                         0.236
+ Phase Shift                   5.000
- Uncertainty                   0.100
= Required Time                 4.664
- Arrival Time                  2.373
= Slack Time                    2.291
     Clock Rise Edge                      0.000
     = Beginpoint Arrival Time            0.000
     Timing Path:
      ------------------------------------------------------------------------------------------
      Pin                        Edge  Net                   Cell       Delay  Arrival  Required  
                                                                               Time     Time  
      ------------------------------------------------------------------------------------------
      clk                        ^     clk                   -          -      0.000    2.291  
      u_visitor/count_reg[1]/CK  ^     clk                   SDFFRHQX1  0.000  0.000    2.291  
      u_visitor/count_reg[1]/Q   ^     visitor_count_int[1]  SDFFRHQX1  0.386  0.386    2.676  
      u_visitor/g849/B           ^     visitor_count_int[1]  NAND2XL    0.000  0.386    2.676  
      u_visitor/g849/Y           v     u_visitor/n_7         NAND2XL    0.179  0.565    2.856  
      u_visitor/g866/B           v     u_visitor/n_7         NOR2BX1    0.000  0.565    2.856  
      u_visitor/g866/Y           ^     u_visitor/n_1         NOR2BX1    0.152  0.717    3.008  
      u_visitor/g841/B           ^     u_visitor/n_1         NAND2XL    0.000  0.717    3.008  
      u_visitor/g841/Y           v     u_visitor/n_12        NAND2XL    0.158  0.875    3.166  
      u_visitor/g2/B             v     u_visitor/n_12        NOR2BX1    0.000  0.875    3.166  
      u_visitor/g2/Y             ^     u_visitor/n_2         NOR2BX1    0.143  1.018    3.309  
      u_visitor/g835/B           ^     u_visitor/n_2         NAND2XL    0.000  1.018    3.309  
      u_visitor/g835/Y           v     u_visitor/n_17        NAND2XL    0.139  1.157    3.447  
      u_visitor/g831/B           v     u_visitor/n_17        NOR2XL     0.000  1.157    3.447  
      u_visitor/g831/Y           ^     u_visitor/n_21        NOR2XL     0.157  1.314    3.605  
      u_visitor/g829/A1          ^     u_visitor/n_21        AOI211X1   0.000  1.314    3.605  
      u_visitor/g829/Y           v     u_visitor/n_24        AOI211X1   0.320  1.634    3.924  
      u_visitor/g828/A           v     u_visitor/n_24        CLKINVX1   0.000  1.634    3.924  
      u_visitor/g828/Y           ^     u_visitor/n_23        CLKINVX1   0.145  1.778    4.069  
      u_visitor/g827/B           ^     u_visitor/n_23        NAND2XL    0.000  1.778    4.069  
      u_visitor/g827/Y           v     u_visitor/n_28        NAND2XL    0.300  2.079    4.370  
      u_visitor/g814/C0          v     u_visitor/n_28        OAI221XL   0.000  2.079    4.370  
      u_visitor/g814/Y           ^     u_visitor/n_38        OAI221XL   0.130  2.209    4.500  
      u_visitor/g806/A1N         ^     u_visitor/n_38        OAI2BB1X1  0.000  2.209    4.500  
      u_visitor/g806/Y           ^     u_visitor/n_45        OAI2BB1X1  0.165  2.373    4.664  
      u_visitor/count_reg[3]/D   ^     u_visitor/n_45        SDFFRHQX1  0.000  2.373    4.664  
      ------------------------------------------------------------------------------------------
     Clock Rise Edge                      0.000
     = Beginpoint Arrival Time            0.000
     Other End Path:
      -------------------------------------------------------------------------
      Pin                        Edge  Net  Cell       Delay  Arrival  Required  
                                                              Time     Time  
      -------------------------------------------------------------------------
      clk                        ^     clk  -          -      0.000    -2.291  
      u_visitor/count_reg[3]/CK  ^     clk  SDFFRHQX1  0.000  0.000    -2.291  
      -------------------------------------------------------------------------
Path 28: MET Setup Check with Pin u_visitor/count_reg[6]/CK 
Endpoint:   u_visitor/count_reg[6]/D (^) checked with  leading edge of 'clk'
Beginpoint: u_visitor/count_reg[0]/Q (^) triggered by  leading edge of 'clk'
Path Groups: {clk}
Other End Arrival Time          0.000
- Setup                         0.234
+ Phase Shift                   5.000
- Uncertainty                   0.100
= Required Time                 4.666
- Arrival Time                  2.357
= Slack Time                    2.309
     Clock Rise Edge                      0.000
     = Beginpoint Arrival Time            0.000
     Timing Path:
      ------------------------------------------------------------------------------------------
      Pin                        Edge  Net                   Cell       Delay  Arrival  Required  
                                                                               Time     Time  
      ------------------------------------------------------------------------------------------
      clk                        ^     clk                   -          -      0.000    2.309  
      u_visitor/count_reg[0]/CK  ^     clk                   SDFFRHQX1  0.000  0.000    2.309  
      u_visitor/count_reg[0]/Q   ^     visitor_count_int[0]  SDFFRHQX1  0.391  0.391    2.700  
      u_visitor/g849/A           ^     visitor_count_int[0]  NAND2XL    0.000  0.391    2.700  
      u_visitor/g849/Y           v     u_visitor/n_7         NAND2XL    0.180  0.571    2.880  
      u_visitor/g866/B           v     u_visitor/n_7         NOR2BX1    0.000  0.571    2.880  
      u_visitor/g866/Y           ^     u_visitor/n_1         NOR2BX1    0.152  0.723    3.032  
      u_visitor/g841/B           ^     u_visitor/n_1         NAND2XL    0.000  0.723    3.032  
      u_visitor/g841/Y           v     u_visitor/n_12        NAND2XL    0.158  0.881    3.190  
      u_visitor/g2/B             v     u_visitor/n_12        NOR2BX1    0.000  0.881    3.190  
      u_visitor/g2/Y             ^     u_visitor/n_2         NOR2BX1    0.143  1.024    3.332  
      u_visitor/g835/B           ^     u_visitor/n_2         NAND2XL    0.000  1.024    3.332  
      u_visitor/g835/Y           v     u_visitor/n_17        NAND2XL    0.139  1.162    3.471  
      u_visitor/g831/B           v     u_visitor/n_17        NOR2XL     0.000  1.162    3.471  
      u_visitor/g831/Y           ^     u_visitor/n_21        NOR2XL     0.157  1.320    3.629  
      u_visitor/g829/A1          ^     u_visitor/n_21        AOI211X1   0.000  1.320    3.629  
      u_visitor/g829/Y           v     u_visitor/n_24        AOI211X1   0.320  1.640    3.948  
      u_visitor/g823/B           v     u_visitor/n_24        NOR2XL     0.000  1.640    3.948  
      u_visitor/g823/Y           ^     u_visitor/n_31        NOR2XL     0.408  2.048    4.357  
      u_visitor/g804/A1          ^     u_visitor/n_31        AOI222XL   0.000  2.048    4.357  
      u_visitor/g804/Y           v     u_visitor/n_47        AOI222XL   0.223  2.270    4.579  
      u_visitor/g801/A           v     u_visitor/n_47        INVX1      0.000  2.270    4.579  
      u_visitor/g801/Y           ^     u_visitor/n_50        INVX1      0.086  2.357    4.666  
      u_visitor/count_reg[6]/D   ^     u_visitor/n_50        SDFFRHQX1  0.000  2.357    4.666  
      ------------------------------------------------------------------------------------------
     Clock Rise Edge                      0.000
     = Beginpoint Arrival Time            0.000
     Other End Path:
      -------------------------------------------------------------------------
      Pin                        Edge  Net  Cell       Delay  Arrival  Required  
                                                              Time     Time  
      -------------------------------------------------------------------------
      clk                        ^     clk  -          -      0.000    -2.309  
      u_visitor/count_reg[6]/CK  ^     clk  SDFFRHQX1  0.000  0.000    -2.309  
      -------------------------------------------------------------------------
Path 29: MET Setup Check with Pin u_visitor/count_reg[4]/CK 
Endpoint:   u_visitor/count_reg[4]/D (^) checked with  leading edge of 'clk'
Beginpoint: u_visitor/count_reg[0]/Q (^) triggered by  leading edge of 'clk'
Path Groups: {clk}
Other End Arrival Time          0.000
- Setup                         0.234
+ Phase Shift                   5.000
- Uncertainty                   0.100
= Required Time                 4.666
- Arrival Time                  2.357
= Slack Time                    2.309
     Clock Rise Edge                      0.000
     = Beginpoint Arrival Time            0.000
     Timing Path:
      ------------------------------------------------------------------------------------------
      Pin                        Edge  Net                   Cell       Delay  Arrival  Required  
                                                                               Time     Time  
      ------------------------------------------------------------------------------------------
      clk                        ^     clk                   -          -      0.000    2.309  
      u_visitor/count_reg[0]/CK  ^     clk                   SDFFRHQX1  0.000  0.000    2.309  
      u_visitor/count_reg[0]/Q   ^     visitor_count_int[0]  SDFFRHQX1  0.391  0.391    2.700  
      u_visitor/g849/A           ^     visitor_count_int[0]  NAND2XL    0.000  0.391    2.700  
      u_visitor/g849/Y           v     u_visitor/n_7         NAND2XL    0.180  0.571    2.880  
      u_visitor/g866/B           v     u_visitor/n_7         NOR2BX1    0.000  0.571    2.880  
      u_visitor/g866/Y           ^     u_visitor/n_1         NOR2BX1    0.152  0.723    3.032  
      u_visitor/g841/B           ^     u_visitor/n_1         NAND2XL    0.000  0.723    3.032  
      u_visitor/g841/Y           v     u_visitor/n_12        NAND2XL    0.158  0.881    3.190  
      u_visitor/g2/B             v     u_visitor/n_12        NOR2BX1    0.000  0.881    3.190  
      u_visitor/g2/Y             ^     u_visitor/n_2         NOR2BX1    0.143  1.024    3.332  
      u_visitor/g835/B           ^     u_visitor/n_2         NAND2XL    0.000  1.024    3.332  
      u_visitor/g835/Y           v     u_visitor/n_17        NAND2XL    0.139  1.162    3.471  
      u_visitor/g831/B           v     u_visitor/n_17        NOR2XL     0.000  1.162    3.471  
      u_visitor/g831/Y           ^     u_visitor/n_21        NOR2XL     0.157  1.320    3.629  
      u_visitor/g829/A1          ^     u_visitor/n_21        AOI211X1   0.000  1.320    3.629  
      u_visitor/g829/Y           v     u_visitor/n_24        AOI211X1   0.320  1.640    3.948  
      u_visitor/g823/B           v     u_visitor/n_24        NOR2XL     0.000  1.640    3.948  
      u_visitor/g823/Y           ^     u_visitor/n_31        NOR2XL     0.408  2.048    4.357  
      u_visitor/g798/A1          ^     u_visitor/n_31        AOI222XL   0.000  2.048    4.357  
      u_visitor/g798/Y           v     u_visitor/n_51        AOI222XL   0.223  2.270    4.579  
      u_visitor/g797/A           v     u_visitor/n_51        INVX1      0.000  2.270    4.579  
      u_visitor/g797/Y           ^     u_visitor/n_52        INVX1      0.086  2.357    4.666  
      u_visitor/count_reg[4]/D   ^     u_visitor/n_52        SDFFRHQX1  0.000  2.357    4.666  
      ------------------------------------------------------------------------------------------
     Clock Rise Edge                      0.000
     = Beginpoint Arrival Time            0.000
     Other End Path:
      -------------------------------------------------------------------------
      Pin                        Edge  Net  Cell       Delay  Arrival  Required  
                                                              Time     Time  
      -------------------------------------------------------------------------
      clk                        ^     clk  -          -      0.000    -2.309  
      u_visitor/count_reg[4]/CK  ^     clk  SDFFRHQX1  0.000  0.000    -2.309  
      -------------------------------------------------------------------------
Path 30: MET Setup Check with Pin u_visitor/count_reg[2]/CK 
Endpoint:   u_visitor/count_reg[2]/D (^) checked with  leading edge of 'clk'
Beginpoint: u_visitor/count_reg[0]/Q (^) triggered by  leading edge of 'clk'
Path Groups: {clk}
Other End Arrival Time          0.000
- Setup                         0.234
+ Phase Shift                   5.000
- Uncertainty                   0.100
= Required Time                 4.666
- Arrival Time                  2.357
= Slack Time                    2.309
     Clock Rise Edge                      0.000
     = Beginpoint Arrival Time            0.000
     Timing Path:
      ------------------------------------------------------------------------------------------
      Pin                        Edge  Net                   Cell       Delay  Arrival  Required  
                                                                               Time     Time  
      ------------------------------------------------------------------------------------------
      clk                        ^     clk                   -          -      0.000    2.309  
      u_visitor/count_reg[0]/CK  ^     clk                   SDFFRHQX1  0.000  0.000    2.309  
      u_visitor/count_reg[0]/Q   ^     visitor_count_int[0]  SDFFRHQX1  0.391  0.391    2.700  
      u_visitor/g849/A           ^     visitor_count_int[0]  NAND2XL    0.000  0.391    2.700  
      u_visitor/g849/Y           v     u_visitor/n_7         NAND2XL    0.180  0.571    2.880  
      u_visitor/g866/B           v     u_visitor/n_7         NOR2BX1    0.000  0.571    2.880  
      u_visitor/g866/Y           ^     u_visitor/n_1         NOR2BX1    0.152  0.723    3.032  
      u_visitor/g841/B           ^     u_visitor/n_1         NAND2XL    0.000  0.723    3.032  
      u_visitor/g841/Y           v     u_visitor/n_12        NAND2XL    0.158  0.881    3.190  
      u_visitor/g2/B             v     u_visitor/n_12        NOR2BX1    0.000  0.881    3.190  
      u_visitor/g2/Y             ^     u_visitor/n_2         NOR2BX1    0.143  1.024    3.332  
      u_visitor/g835/B           ^     u_visitor/n_2         NAND2XL    0.000  1.024    3.332  
      u_visitor/g835/Y           v     u_visitor/n_17        NAND2XL    0.139  1.162    3.471  
      u_visitor/g831/B           v     u_visitor/n_17        NOR2XL     0.000  1.162    3.471  
      u_visitor/g831/Y           ^     u_visitor/n_21        NOR2XL     0.157  1.320    3.629  
      u_visitor/g829/A1          ^     u_visitor/n_21        AOI211X1   0.000  1.320    3.629  
      u_visitor/g829/Y           v     u_visitor/n_24        AOI211X1   0.320  1.640    3.948  
      u_visitor/g823/B           v     u_visitor/n_24        NOR2XL     0.000  1.640    3.948  
      u_visitor/g823/Y           ^     u_visitor/n_31        NOR2XL     0.408  2.048    4.357  
      u_visitor/g805/A1          ^     u_visitor/n_31        AOI222XL   0.000  2.048    4.357  
      u_visitor/g805/Y           v     u_visitor/n_46        AOI222XL   0.223  2.270    4.579  
      u_visitor/g802/A           v     u_visitor/n_46        INVX1      0.000  2.270    4.579  
      u_visitor/g802/Y           ^     u_visitor/n_49        INVX1      0.086  2.357    4.666  
      u_visitor/count_reg[2]/D   ^     u_visitor/n_49        SDFFRHQX1  0.000  2.357    4.666  
      ------------------------------------------------------------------------------------------
     Clock Rise Edge                      0.000
     = Beginpoint Arrival Time            0.000
     Other End Path:
      -------------------------------------------------------------------------
      Pin                        Edge  Net  Cell       Delay  Arrival  Required  
                                                              Time     Time  
      -------------------------------------------------------------------------
      clk                        ^     clk  -          -      0.000    -2.309  
      u_visitor/count_reg[2]/CK  ^     clk  SDFFRHQX1  0.000  0.000    -2.309  
      -------------------------------------------------------------------------

