###############################################################
#  Generated by:      Cadence Tempus 20.10-p003_1
#  OS:                Linux x86_64(Host ID edatools-server2.iiitd.edu.in)
#  Generated on:      Tue Oct 28 19:04:04 2025
#  Design:            HA
#  Command:           report_timing -retime path_slew_propagation -max_paths 30 -nworst 30 -path_type full_clock > $report_dir/pba.rpt
###############################################################
Path 1: MET Setup Check with Pin u_visitor/count_reg[6]/CK 
Endpoint:   u_visitor/count_reg[6]/D (^) checked with  leading edge of 'clk'
Beginpoint: u_visitor/count_reg[0]/Q (^) triggered by  leading edge of 'clk'
Path Groups: {clk}
Retime Analysis { Data Path-Slew }
Other End Arrival Time          0.000
- Setup                         0.242
+ Phase Shift                   5.000
- Uncertainty                   0.100
= Required Time                 4.658
- Arrival Time                  2.522
= Slack Time                    2.135
= Slack Time(original)          2.117
     Clock Rise Edge                      0.000
     = Beginpoint Arrival Time            0.000
     Timing Path:
      -------------------------------------------------------------------------
      Instance                Arc          Cell       Retime  Arrival  Required  
                                                      Delay   Time     Time  
      -------------------------------------------------------------------------
      -                       clk ^        -          -       0.000    2.135  
      u_visitor/count_reg[0]  -            SDFFRHQX1  0.000   0.000    2.135  
      u_visitor/count_reg[0]  CK ^ -> Q ^  SDFFRHQX1  0.391   0.391    2.527  
      u_visitor/g849          -            NAND2XL    0.000   0.391    2.527  
      u_visitor/g849          A ^ -> Y v   NAND2XL    0.180   0.571    2.706  
      u_visitor/g866          -            NOR2BX1    0.000   0.571    2.706  
      u_visitor/g866          B v -> Y ^   NOR2BX1    0.152   0.723    2.859  
      u_visitor/g841          -            NAND2XL    0.000   0.723    2.859  
      u_visitor/g841          B ^ -> Y v   NAND2XL    0.158   0.881    3.017  
      u_visitor/g2            -            NOR2BX1    0.000   0.881    3.017  
      u_visitor/g2            B v -> Y ^   NOR2BX1    0.143   1.024    3.159  
      u_visitor/g835          -            NAND2XL    0.000   1.024    3.159  
      u_visitor/g835          B ^ -> Y v   NAND2XL    0.139   1.163    3.298  
      u_visitor/g831          -            NOR2XL     0.000   1.163    3.298  
      u_visitor/g831          B v -> Y ^   NOR2XL     0.157   1.320    3.455  
      u_visitor/g829          -            AOI211X1   0.000   1.320    3.455  
      u_visitor/g829          A1 ^ -> Y v  AOI211X1   0.320   1.640    3.775  
      u_visitor/g823          -            NOR2XL     0.000   1.640    3.775  
      u_visitor/g823          B v -> Y ^   NOR2XL     0.408   2.048    4.184  
      u_visitor/g821          -            CLKINVX1   0.000   2.048    4.184  
      u_visitor/g821          A ^ -> Y v   CLKINVX1   0.150   2.198    4.333  
      u_visitor/g815          -            OAI211XL   0.000   2.198    4.333  
      u_visitor/g815          A0 v -> Y ^  OAI211XL   0.143   2.341    4.476  
      u_visitor/g804          -            AOI222XL   0.000   2.341    4.476  
      u_visitor/g804          C0 ^ -> Y v  AOI222XL   0.118   2.459    4.594  
      u_visitor/g801          -            INVX1      0.000   2.459    4.594  
      u_visitor/g801          A v -> Y ^   INVX1      0.064   2.522    4.658  
      u_visitor/count_reg[6]  -            SDFFRHQX1  0.000   2.522    4.658  
      -------------------------------------------------------------------------
     Clock Rise Edge                      0.000
     = Beginpoint Arrival Time            0.000
     Other End Path:
      -------------------------------------------------------------------
      Instance                Arc    Cell       Retime  Arrival  Required  
                                                Delay   Time     Time  
      -------------------------------------------------------------------
      -                       clk ^  -          -       0.000    -2.135  
      u_visitor/count_reg[6]  -      SDFFRHQX1  0.000   0.000    -2.135  
      -------------------------------------------------------------------
Path 2: MET Setup Check with Pin u_visitor/count_reg[4]/CK 
Endpoint:   u_visitor/count_reg[4]/D (^) checked with  leading edge of 'clk'
Beginpoint: u_visitor/count_reg[0]/Q (^) triggered by  leading edge of 'clk'
Path Groups: {clk}
Retime Analysis { Data Path-Slew }
Other End Arrival Time          0.000
- Setup                         0.242
+ Phase Shift                   5.000
- Uncertainty                   0.100
= Required Time                 4.658
- Arrival Time                  2.522
= Slack Time                    2.135
= Slack Time(original)          2.117
     Clock Rise Edge                      0.000
     = Beginpoint Arrival Time            0.000
     Timing Path:
      -------------------------------------------------------------------------
      Instance                Arc          Cell       Retime  Arrival  Required  
                                                      Delay   Time     Time  
      -------------------------------------------------------------------------
      -                       clk ^        -          -       0.000    2.135  
      u_visitor/count_reg[0]  -            SDFFRHQX1  0.000   0.000    2.135  
      u_visitor/count_reg[0]  CK ^ -> Q ^  SDFFRHQX1  0.391   0.391    2.527  
      u_visitor/g849          -            NAND2XL    0.000   0.391    2.527  
      u_visitor/g849          A ^ -> Y v   NAND2XL    0.180   0.571    2.706  
      u_visitor/g866          -            NOR2BX1    0.000   0.571    2.706  
      u_visitor/g866          B v -> Y ^   NOR2BX1    0.152   0.723    2.859  
      u_visitor/g841          -            NAND2XL    0.000   0.723    2.859  
      u_visitor/g841          B ^ -> Y v   NAND2XL    0.158   0.881    3.017  
      u_visitor/g2            -            NOR2BX1    0.000   0.881    3.017  
      u_visitor/g2            B v -> Y ^   NOR2BX1    0.143   1.024    3.159  
      u_visitor/g835          -            NAND2XL    0.000   1.024    3.159  
      u_visitor/g835          B ^ -> Y v   NAND2XL    0.139   1.163    3.298  
      u_visitor/g831          -            NOR2XL     0.000   1.163    3.298  
      u_visitor/g831          B v -> Y ^   NOR2XL     0.157   1.320    3.455  
      u_visitor/g829          -            AOI211X1   0.000   1.320    3.455  
      u_visitor/g829          A1 ^ -> Y v  AOI211X1   0.320   1.640    3.775  
      u_visitor/g823          -            NOR2XL     0.000   1.640    3.775  
      u_visitor/g823          B v -> Y ^   NOR2XL     0.408   2.048    4.184  
      u_visitor/g821          -            CLKINVX1   0.000   2.048    4.184  
      u_visitor/g821          A ^ -> Y v   CLKINVX1   0.150   2.198    4.333  
      u_visitor/g817          -            OAI211XL   0.000   2.198    4.333  
      u_visitor/g817          A0 v -> Y ^  OAI211XL   0.143   2.341    4.476  
      u_visitor/g798          -            AOI222XL   0.000   2.341    4.476  
      u_visitor/g798          C0 ^ -> Y v  AOI222XL   0.118   2.459    4.594  
      u_visitor/g797          -            INVX1      0.000   2.459    4.594  
      u_visitor/g797          A v -> Y ^   INVX1      0.064   2.522    4.658  
      u_visitor/count_reg[4]  -            SDFFRHQX1  0.000   2.522    4.658  
      -------------------------------------------------------------------------
     Clock Rise Edge                      0.000
     = Beginpoint Arrival Time            0.000
     Other End Path:
      -------------------------------------------------------------------
      Instance                Arc    Cell       Retime  Arrival  Required  
                                                Delay   Time     Time  
      -------------------------------------------------------------------
      -                       clk ^  -          -       0.000    -2.135  
      u_visitor/count_reg[4]  -      SDFFRHQX1  0.000   0.000    -2.135  
      -------------------------------------------------------------------
Path 3: MET Setup Check with Pin u_visitor/count_reg[2]/CK 
Endpoint:   u_visitor/count_reg[2]/D (^) checked with  leading edge of 'clk'
Beginpoint: u_visitor/count_reg[0]/Q (^) triggered by  leading edge of 'clk'
Path Groups: {clk}
Retime Analysis { Data Path-Slew }
Other End Arrival Time          0.000
- Setup                         0.242
+ Phase Shift                   5.000
- Uncertainty                   0.100
= Required Time                 4.658
- Arrival Time                  2.522
= Slack Time                    2.135
= Slack Time(original)          2.117
     Clock Rise Edge                      0.000
     = Beginpoint Arrival Time            0.000
     Timing Path:
      -------------------------------------------------------------------------
      Instance                Arc          Cell       Retime  Arrival  Required  
                                                      Delay   Time     Time  
      -------------------------------------------------------------------------
      -                       clk ^        -          -       0.000    2.135  
      u_visitor/count_reg[0]  -            SDFFRHQX1  0.000   0.000    2.135  
      u_visitor/count_reg[0]  CK ^ -> Q ^  SDFFRHQX1  0.391   0.391    2.527  
      u_visitor/g849          -            NAND2XL    0.000   0.391    2.527  
      u_visitor/g849          A ^ -> Y v   NAND2XL    0.180   0.571    2.706  
      u_visitor/g866          -            NOR2BX1    0.000   0.571    2.706  
      u_visitor/g866          B v -> Y ^   NOR2BX1    0.152   0.723    2.859  
      u_visitor/g841          -            NAND2XL    0.000   0.723    2.859  
      u_visitor/g841          B ^ -> Y v   NAND2XL    0.158   0.881    3.017  
      u_visitor/g2            -            NOR2BX1    0.000   0.881    3.017  
      u_visitor/g2            B v -> Y ^   NOR2BX1    0.143   1.024    3.159  
      u_visitor/g835          -            NAND2XL    0.000   1.024    3.159  
      u_visitor/g835          B ^ -> Y v   NAND2XL    0.139   1.163    3.298  
      u_visitor/g831          -            NOR2XL     0.000   1.163    3.298  
      u_visitor/g831          B v -> Y ^   NOR2XL     0.157   1.320    3.455  
      u_visitor/g829          -            AOI211X1   0.000   1.320    3.455  
      u_visitor/g829          A1 ^ -> Y v  AOI211X1   0.320   1.640    3.775  
      u_visitor/g823          -            NOR2XL     0.000   1.640    3.775  
      u_visitor/g823          B v -> Y ^   NOR2XL     0.408   2.048    4.184  
      u_visitor/g821          -            CLKINVX1   0.000   2.048    4.184  
      u_visitor/g821          A ^ -> Y v   CLKINVX1   0.150   2.198    4.333  
      u_visitor/g818          -            OAI211XL   0.000   2.198    4.333  
      u_visitor/g818          A0 v -> Y ^  OAI211XL   0.143   2.341    4.476  
      u_visitor/g805          -            AOI222XL   0.000   2.341    4.476  
      u_visitor/g805          C0 ^ -> Y v  AOI222XL   0.118   2.459    4.594  
      u_visitor/g802          -            INVX1      0.000   2.459    4.594  
      u_visitor/g802          A v -> Y ^   INVX1      0.064   2.522    4.658  
      u_visitor/count_reg[2]  -            SDFFRHQX1  0.000   2.522    4.658  
      -------------------------------------------------------------------------
     Clock Rise Edge                      0.000
     = Beginpoint Arrival Time            0.000
     Other End Path:
      -------------------------------------------------------------------
      Instance                Arc    Cell       Retime  Arrival  Required  
                                                Delay   Time     Time  
      -------------------------------------------------------------------
      -                       clk ^  -          -       0.000    -2.135  
      u_visitor/count_reg[2]  -      SDFFRHQX1  0.000   0.000    -2.135  
      -------------------------------------------------------------------
Path 4: MET Setup Check with Pin u_visitor/count_reg[6]/CK 
Endpoint:   u_visitor/count_reg[6]/D (^) checked with  leading edge of 'clk'
Beginpoint: u_visitor/count_reg[1]/Q (^) triggered by  leading edge of 'clk'
Path Groups: {clk}
Retime Analysis { Data Path-Slew }
Other End Arrival Time          0.000
- Setup                         0.242
+ Phase Shift                   5.000
- Uncertainty                   0.100
= Required Time                 4.658
- Arrival Time                  2.516
= Slack Time                    2.142
= Slack Time(original)          2.123
     Clock Rise Edge                      0.000
     = Beginpoint Arrival Time            0.000
     Timing Path:
      -------------------------------------------------------------------------
      Instance                Arc          Cell       Retime  Arrival  Required  
                                                      Delay   Time     Time  
      -------------------------------------------------------------------------
      -                       clk ^        -          -       0.000    2.142  
      u_visitor/count_reg[1]  -            SDFFRHQX1  0.000   0.000    2.142  
      u_visitor/count_reg[1]  CK ^ -> Q ^  SDFFRHQX1  0.386   0.385    2.527  
      u_visitor/g849          -            NAND2XL    0.000   0.385    2.527  
      u_visitor/g849          B ^ -> Y v   NAND2XL    0.179   0.565    2.707  
      u_visitor/g866          -            NOR2BX1    0.000   0.565    2.707  
      u_visitor/g866          B v -> Y ^   NOR2BX1    0.152   0.717    2.859  
      u_visitor/g841          -            NAND2XL    0.000   0.717    2.859  
      u_visitor/g841          B ^ -> Y v   NAND2XL    0.158   0.875    3.017  
      u_visitor/g2            -            NOR2BX1    0.000   0.875    3.017  
      u_visitor/g2            B v -> Y ^   NOR2BX1    0.143   1.018    3.159  
      u_visitor/g835          -            NAND2XL    0.000   1.018    3.159  
      u_visitor/g835          B ^ -> Y v   NAND2XL    0.139   1.156    3.298  
      u_visitor/g831          -            NOR2XL     0.000   1.156    3.298  
      u_visitor/g831          B v -> Y ^   NOR2XL     0.157   1.314    3.455  
      u_visitor/g829          -            AOI211X1   0.000   1.314    3.455  
      u_visitor/g829          A1 ^ -> Y v  AOI211X1   0.320   1.634    3.775  
      u_visitor/g823          -            NOR2XL     0.000   1.634    3.775  
      u_visitor/g823          B v -> Y ^   NOR2XL     0.408   2.042    4.184  
      u_visitor/g821          -            CLKINVX1   0.000   2.042    4.184  
      u_visitor/g821          A ^ -> Y v   CLKINVX1   0.150   2.192    4.333  
      u_visitor/g815          -            OAI211XL   0.000   2.192    4.333  
      u_visitor/g815          A0 v -> Y ^  OAI211XL   0.143   2.335    4.476  
      u_visitor/g804          -            AOI222XL   0.000   2.335    4.476  
      u_visitor/g804          C0 ^ -> Y v  AOI222XL   0.118   2.453    4.594  
      u_visitor/g801          -            INVX1      0.000   2.453    4.594  
      u_visitor/g801          A v -> Y ^   INVX1      0.064   2.516    4.658  
      u_visitor/count_reg[6]  -            SDFFRHQX1  0.000   2.516    4.658  
      -------------------------------------------------------------------------
     Clock Rise Edge                      0.000
     = Beginpoint Arrival Time            0.000
     Other End Path:
      -------------------------------------------------------------------
      Instance                Arc    Cell       Retime  Arrival  Required  
                                                Delay   Time     Time  
      -------------------------------------------------------------------
      -                       clk ^  -          -       0.000    -2.142  
      u_visitor/count_reg[6]  -      SDFFRHQX1  0.000   0.000    -2.142  
      -------------------------------------------------------------------
Path 5: MET Setup Check with Pin u_visitor/count_reg[4]/CK 
Endpoint:   u_visitor/count_reg[4]/D (^) checked with  leading edge of 'clk'
Beginpoint: u_visitor/count_reg[1]/Q (^) triggered by  leading edge of 'clk'
Path Groups: {clk}
Retime Analysis { Data Path-Slew }
Other End Arrival Time          0.000
- Setup                         0.242
+ Phase Shift                   5.000
- Uncertainty                   0.100
= Required Time                 4.658
- Arrival Time                  2.516
= Slack Time                    2.142
= Slack Time(original)          2.123
     Clock Rise Edge                      0.000
     = Beginpoint Arrival Time            0.000
     Timing Path:
      -------------------------------------------------------------------------
      Instance                Arc          Cell       Retime  Arrival  Required  
                                                      Delay   Time     Time  
      -------------------------------------------------------------------------
      -                       clk ^        -          -       0.000    2.142  
      u_visitor/count_reg[1]  -            SDFFRHQX1  0.000   0.000    2.142  
      u_visitor/count_reg[1]  CK ^ -> Q ^  SDFFRHQX1  0.386   0.385    2.527  
      u_visitor/g849          -            NAND2XL    0.000   0.385    2.527  
      u_visitor/g849          B ^ -> Y v   NAND2XL    0.179   0.565    2.707  
      u_visitor/g866          -            NOR2BX1    0.000   0.565    2.707  
      u_visitor/g866          B v -> Y ^   NOR2BX1    0.152   0.717    2.859  
      u_visitor/g841          -            NAND2XL    0.000   0.717    2.859  
      u_visitor/g841          B ^ -> Y v   NAND2XL    0.158   0.875    3.017  
      u_visitor/g2            -            NOR2BX1    0.000   0.875    3.017  
      u_visitor/g2            B v -> Y ^   NOR2BX1    0.143   1.018    3.159  
      u_visitor/g835          -            NAND2XL    0.000   1.018    3.159  
      u_visitor/g835          B ^ -> Y v   NAND2XL    0.139   1.156    3.298  
      u_visitor/g831          -            NOR2XL     0.000   1.156    3.298  
      u_visitor/g831          B v -> Y ^   NOR2XL     0.157   1.314    3.455  
      u_visitor/g829          -            AOI211X1   0.000   1.314    3.455  
      u_visitor/g829          A1 ^ -> Y v  AOI211X1   0.320   1.634    3.775  
      u_visitor/g823          -            NOR2XL     0.000   1.634    3.775  
      u_visitor/g823          B v -> Y ^   NOR2XL     0.408   2.042    4.184  
      u_visitor/g821          -            CLKINVX1   0.000   2.042    4.184  
      u_visitor/g821          A ^ -> Y v   CLKINVX1   0.150   2.192    4.333  
      u_visitor/g817          -            OAI211XL   0.000   2.192    4.333  
      u_visitor/g817          A0 v -> Y ^  OAI211XL   0.143   2.335    4.476  
      u_visitor/g798          -            AOI222XL   0.000   2.335    4.476  
      u_visitor/g798          C0 ^ -> Y v  AOI222XL   0.118   2.453    4.594  
      u_visitor/g797          -            INVX1      0.000   2.453    4.594  
      u_visitor/g797          A v -> Y ^   INVX1      0.064   2.516    4.658  
      u_visitor/count_reg[4]  -            SDFFRHQX1  0.000   2.516    4.658  
      -------------------------------------------------------------------------
     Clock Rise Edge                      0.000
     = Beginpoint Arrival Time            0.000
     Other End Path:
      -------------------------------------------------------------------
      Instance                Arc    Cell       Retime  Arrival  Required  
                                                Delay   Time     Time  
      -------------------------------------------------------------------
      -                       clk ^  -          -       0.000    -2.142  
      u_visitor/count_reg[4]  -      SDFFRHQX1  0.000   0.000    -2.142  
      -------------------------------------------------------------------
Path 6: MET Setup Check with Pin u_visitor/count_reg[2]/CK 
Endpoint:   u_visitor/count_reg[2]/D (^) checked with  leading edge of 'clk'
Beginpoint: u_visitor/count_reg[1]/Q (^) triggered by  leading edge of 'clk'
Path Groups: {clk}
Retime Analysis { Data Path-Slew }
Other End Arrival Time          0.000
- Setup                         0.242
+ Phase Shift                   5.000
- Uncertainty                   0.100
= Required Time                 4.658
- Arrival Time                  2.516
= Slack Time                    2.142
= Slack Time(original)          2.123
     Clock Rise Edge                      0.000
     = Beginpoint Arrival Time            0.000
     Timing Path:
      -------------------------------------------------------------------------
      Instance                Arc          Cell       Retime  Arrival  Required  
                                                      Delay   Time     Time  
      -------------------------------------------------------------------------
      -                       clk ^        -          -       0.000    2.142  
      u_visitor/count_reg[1]  -            SDFFRHQX1  0.000   0.000    2.142  
      u_visitor/count_reg[1]  CK ^ -> Q ^  SDFFRHQX1  0.386   0.385    2.527  
      u_visitor/g849          -            NAND2XL    0.000   0.385    2.527  
      u_visitor/g849          B ^ -> Y v   NAND2XL    0.179   0.565    2.707  
      u_visitor/g866          -            NOR2BX1    0.000   0.565    2.707  
      u_visitor/g866          B v -> Y ^   NOR2BX1    0.152   0.717    2.859  
      u_visitor/g841          -            NAND2XL    0.000   0.717    2.859  
      u_visitor/g841          B ^ -> Y v   NAND2XL    0.158   0.875    3.017  
      u_visitor/g2            -            NOR2BX1    0.000   0.875    3.017  
      u_visitor/g2            B v -> Y ^   NOR2BX1    0.143   1.018    3.159  
      u_visitor/g835          -            NAND2XL    0.000   1.018    3.159  
      u_visitor/g835          B ^ -> Y v   NAND2XL    0.139   1.156    3.298  
      u_visitor/g831          -            NOR2XL     0.000   1.156    3.298  
      u_visitor/g831          B v -> Y ^   NOR2XL     0.157   1.314    3.455  
      u_visitor/g829          -            AOI211X1   0.000   1.314    3.455  
      u_visitor/g829          A1 ^ -> Y v  AOI211X1   0.320   1.634    3.775  
      u_visitor/g823          -            NOR2XL     0.000   1.634    3.775  
      u_visitor/g823          B v -> Y ^   NOR2XL     0.408   2.042    4.184  
      u_visitor/g821          -            CLKINVX1   0.000   2.042    4.184  
      u_visitor/g821          A ^ -> Y v   CLKINVX1   0.150   2.192    4.333  
      u_visitor/g818          -            OAI211XL   0.000   2.192    4.333  
      u_visitor/g818          A0 v -> Y ^  OAI211XL   0.143   2.335    4.476  
      u_visitor/g805          -            AOI222XL   0.000   2.335    4.476  
      u_visitor/g805          C0 ^ -> Y v  AOI222XL   0.118   2.453    4.594  
      u_visitor/g802          -            INVX1      0.000   2.453    4.594  
      u_visitor/g802          A v -> Y ^   INVX1      0.064   2.516    4.658  
      u_visitor/count_reg[2]  -            SDFFRHQX1  0.000   2.516    4.658  
      -------------------------------------------------------------------------
     Clock Rise Edge                      0.000
     = Beginpoint Arrival Time            0.000
     Other End Path:
      -------------------------------------------------------------------
      Instance                Arc    Cell       Retime  Arrival  Required  
                                                Delay   Time     Time  
      -------------------------------------------------------------------
      -                       clk ^  -          -       0.000    -2.142  
      u_visitor/count_reg[2]  -      SDFFRHQX1  0.000   0.000    -2.142  
      -------------------------------------------------------------------
Path 7: MET Setup Check with Pin u_visitor/count_reg[5]/CK 
Endpoint:   u_visitor/count_reg[5]/D (^) checked with  leading edge of 'clk'
Beginpoint: u_visitor/count_reg[0]/Q (^) triggered by  leading edge of 'clk'
Path Groups: {clk}
Retime Analysis { Data Path-Slew }
Other End Arrival Time          0.000
- Setup                         0.241
+ Phase Shift                   5.000
- Uncertainty                   0.100
= Required Time                 4.659
- Arrival Time                  2.523
= Slack Time                    2.136
= Slack Time(original)          2.141
     Clock Rise Edge                      0.000
     = Beginpoint Arrival Time            0.000
     Timing Path:
      --------------------------------------------------------------------------
      Instance                Arc           Cell       Retime  Arrival  Required  
                                                       Delay   Time     Time  
      --------------------------------------------------------------------------
      -                       clk ^         -          -       0.000    2.136  
      u_visitor/count_reg[0]  -             SDFFRHQX1  0.000   0.000    2.136  
      u_visitor/count_reg[0]  CK ^ -> Q ^   SDFFRHQX1  0.391   0.391    2.527  
      u_visitor/g849          -             NAND2XL    0.000   0.391    2.527  
      u_visitor/g849          A ^ -> Y v    NAND2XL    0.180   0.571    2.707  
      u_visitor/g866          -             NOR2BX1    0.000   0.571    2.707  
      u_visitor/g866          B v -> Y ^    NOR2BX1    0.152   0.723    2.859  
      u_visitor/g841          -             NAND2XL    0.000   0.723    2.859  
      u_visitor/g841          B ^ -> Y v    NAND2XL    0.158   0.881    3.017  
      u_visitor/g2            -             NOR2BX1    0.000   0.881    3.017  
      u_visitor/g2            B v -> Y ^    NOR2BX1    0.143   1.024    3.159  
      u_visitor/g835          -             NAND2XL    0.000   1.024    3.159  
      u_visitor/g835          B ^ -> Y v    NAND2XL    0.139   1.162    3.298  
      u_visitor/g831          -             NOR2XL     0.000   1.162    3.298  
      u_visitor/g831          B v -> Y ^    NOR2XL     0.157   1.320    3.456  
      u_visitor/g829          -             AOI211X1   0.000   1.320    3.456  
      u_visitor/g829          A1 ^ -> Y v   AOI211X1   0.320   1.640    3.776  
      u_visitor/g823          -             NOR2XL     0.000   1.640    3.776  
      u_visitor/g823          B v -> Y ^    NOR2XL     0.408   2.048    4.184  
      u_visitor/g821          -             CLKINVX1   0.000   2.048    4.184  
      u_visitor/g821          A ^ -> Y v    CLKINVX1   0.150   2.198    4.333  
      u_visitor/g816          -             OAI221XL   0.000   2.198    4.333  
      u_visitor/g816          A1 v -> Y ^   OAI221XL   0.161   2.359    4.495  
      u_visitor/g803          -             OAI2BB1X1  0.000   2.359    4.495  
      u_visitor/g803          A1N ^ -> Y ^  OAI2BB1X1  0.165   2.523    4.659  
      u_visitor/count_reg[5]  -             SDFFRHQX1  0.000   2.523    4.659  
      --------------------------------------------------------------------------
     Clock Rise Edge                      0.000
     = Beginpoint Arrival Time            0.000
     Other End Path:
      -------------------------------------------------------------------
      Instance                Arc    Cell       Retime  Arrival  Required  
                                                Delay   Time     Time  
      -------------------------------------------------------------------
      -                       clk ^  -          -       0.000    -2.136  
      u_visitor/count_reg[5]  -      SDFFRHQX1  0.000   0.000    -2.136  
      -------------------------------------------------------------------
Path 8: MET Setup Check with Pin u_visitor/count_reg[3]/CK 
Endpoint:   u_visitor/count_reg[3]/D (^) checked with  leading edge of 'clk'
Beginpoint: u_visitor/count_reg[0]/Q (^) triggered by  leading edge of 'clk'
Path Groups: {clk}
Retime Analysis { Data Path-Slew }
Other End Arrival Time          0.000
- Setup                         0.241
+ Phase Shift                   5.000
- Uncertainty                   0.100
= Required Time                 4.659
- Arrival Time                  2.523
= Slack Time                    2.136
= Slack Time(original)          2.141
     Clock Rise Edge                      0.000
     = Beginpoint Arrival Time            0.000
     Timing Path:
      --------------------------------------------------------------------------
      Instance                Arc           Cell       Retime  Arrival  Required  
                                                       Delay   Time     Time  
      --------------------------------------------------------------------------
      -                       clk ^         -          -       0.000    2.136  
      u_visitor/count_reg[0]  -             SDFFRHQX1  0.000   0.000    2.136  
      u_visitor/count_reg[0]  CK ^ -> Q ^   SDFFRHQX1  0.391   0.391    2.527  
      u_visitor/g849          -             NAND2XL    0.000   0.391    2.527  
      u_visitor/g849          A ^ -> Y v    NAND2XL    0.180   0.571    2.707  
      u_visitor/g866          -             NOR2BX1    0.000   0.571    2.707  
      u_visitor/g866          B v -> Y ^    NOR2BX1    0.152   0.723    2.859  
      u_visitor/g841          -             NAND2XL    0.000   0.723    2.859  
      u_visitor/g841          B ^ -> Y v    NAND2XL    0.158   0.881    3.017  
      u_visitor/g2            -             NOR2BX1    0.000   0.881    3.017  
      u_visitor/g2            B v -> Y ^    NOR2BX1    0.143   1.024    3.159  
      u_visitor/g835          -             NAND2XL    0.000   1.024    3.159  
      u_visitor/g835          B ^ -> Y v    NAND2XL    0.139   1.162    3.298  
      u_visitor/g831          -             NOR2XL     0.000   1.162    3.298  
      u_visitor/g831          B v -> Y ^    NOR2XL     0.157   1.320    3.456  
      u_visitor/g829          -             AOI211X1   0.000   1.320    3.456  
      u_visitor/g829          A1 ^ -> Y v   AOI211X1   0.320   1.640    3.776  
      u_visitor/g823          -             NOR2XL     0.000   1.640    3.776  
      u_visitor/g823          B v -> Y ^    NOR2XL     0.408   2.048    4.184  
      u_visitor/g821          -             CLKINVX1   0.000   2.048    4.184  
      u_visitor/g821          A ^ -> Y v    CLKINVX1   0.150   2.198    4.333  
      u_visitor/g814          -             OAI221XL   0.000   2.198    4.333  
      u_visitor/g814          A1 v -> Y ^   OAI221XL   0.161   2.359    4.495  
      u_visitor/g806          -             OAI2BB1X1  0.000   2.359    4.495  
      u_visitor/g806          A1N ^ -> Y ^  OAI2BB1X1  0.165   2.523    4.659  
      u_visitor/count_reg[3]  -             SDFFRHQX1  0.000   2.523    4.659  
      --------------------------------------------------------------------------
     Clock Rise Edge                      0.000
     = Beginpoint Arrival Time            0.000
     Other End Path:
      -------------------------------------------------------------------
      Instance                Arc    Cell       Retime  Arrival  Required  
                                                Delay   Time     Time  
      -------------------------------------------------------------------
      -                       clk ^  -          -       0.000    -2.136  
      u_visitor/count_reg[3]  -      SDFFRHQX1  0.000   0.000    -2.136  
      -------------------------------------------------------------------
Path 9: MET Setup Check with Pin u_visitor/count_reg[5]/CK 
Endpoint:   u_visitor/count_reg[5]/D (^) checked with  leading edge of 'clk'
Beginpoint: u_visitor/count_reg[1]/Q (^) triggered by  leading edge of 'clk'
Path Groups: {clk}
Retime Analysis { Data Path-Slew }
Other End Arrival Time          0.000
- Setup                         0.241
+ Phase Shift                   5.000
- Uncertainty                   0.100
= Required Time                 4.659
- Arrival Time                  2.517
= Slack Time                    2.142
= Slack Time(original)          2.147
     Clock Rise Edge                      0.000
     = Beginpoint Arrival Time            0.000
     Timing Path:
      --------------------------------------------------------------------------
      Instance                Arc           Cell       Retime  Arrival  Required  
                                                       Delay   Time     Time  
      --------------------------------------------------------------------------
      -                       clk ^         -          -       0.000    2.142  
      u_visitor/count_reg[1]  -             SDFFRHQX1  0.000   0.000    2.142  
      u_visitor/count_reg[1]  CK ^ -> Q ^   SDFFRHQX1  0.386   0.385    2.527  
      u_visitor/g849          -             NAND2XL    0.000   0.385    2.527  
      u_visitor/g849          B ^ -> Y v    NAND2XL    0.179   0.565    2.707  
      u_visitor/g866          -             NOR2BX1    0.000   0.565    2.707  
      u_visitor/g866          B v -> Y ^    NOR2BX1    0.152   0.717    2.859  
      u_visitor/g841          -             NAND2XL    0.000   0.717    2.859  
      u_visitor/g841          B ^ -> Y v    NAND2XL    0.158   0.875    3.017  
      u_visitor/g2            -             NOR2BX1    0.000   0.875    3.017  
      u_visitor/g2            B v -> Y ^    NOR2BX1    0.143   1.018    3.159  
      u_visitor/g835          -             NAND2XL    0.000   1.018    3.159  
      u_visitor/g835          B ^ -> Y v    NAND2XL    0.139   1.156    3.298  
      u_visitor/g831          -             NOR2XL     0.000   1.156    3.298  
      u_visitor/g831          B v -> Y ^    NOR2XL     0.157   1.314    3.456  
      u_visitor/g829          -             AOI211X1   0.000   1.314    3.456  
      u_visitor/g829          A1 ^ -> Y v   AOI211X1   0.320   1.634    3.776  
      u_visitor/g823          -             NOR2XL     0.000   1.634    3.776  
      u_visitor/g823          B v -> Y ^    NOR2XL     0.408   2.042    4.184  
      u_visitor/g821          -             CLKINVX1   0.000   2.042    4.184  
      u_visitor/g821          A ^ -> Y v    CLKINVX1   0.150   2.192    4.333  
      u_visitor/g816          -             OAI221XL   0.000   2.192    4.333  
      u_visitor/g816          A1 v -> Y ^   OAI221XL   0.161   2.353    4.495  
      u_visitor/g803          -             OAI2BB1X1  0.000   2.353    4.495  
      u_visitor/g803          A1N ^ -> Y ^  OAI2BB1X1  0.165   2.517    4.659  
      u_visitor/count_reg[5]  -             SDFFRHQX1  0.000   2.517    4.659  
      --------------------------------------------------------------------------
     Clock Rise Edge                      0.000
     = Beginpoint Arrival Time            0.000
     Other End Path:
      -------------------------------------------------------------------
      Instance                Arc    Cell       Retime  Arrival  Required  
                                                Delay   Time     Time  
      -------------------------------------------------------------------
      -                       clk ^  -          -       0.000    -2.142  
      u_visitor/count_reg[5]  -      SDFFRHQX1  0.000   0.000    -2.142  
      -------------------------------------------------------------------
Path 10: MET Setup Check with Pin u_visitor/count_reg[3]/CK 
Endpoint:   u_visitor/count_reg[3]/D (^) checked with  leading edge of 'clk'
Beginpoint: u_visitor/count_reg[1]/Q (^) triggered by  leading edge of 'clk'
Path Groups: {clk}
Retime Analysis { Data Path-Slew }
Other End Arrival Time          0.000
- Setup                         0.241
+ Phase Shift                   5.000
- Uncertainty                   0.100
= Required Time                 4.659
- Arrival Time                  2.517
= Slack Time                    2.142
= Slack Time(original)          2.147
     Clock Rise Edge                      0.000
     = Beginpoint Arrival Time            0.000
     Timing Path:
      --------------------------------------------------------------------------
      Instance                Arc           Cell       Retime  Arrival  Required  
                                                       Delay   Time     Time  
      --------------------------------------------------------------------------
      -                       clk ^         -          -       0.000    2.142  
      u_visitor/count_reg[1]  -             SDFFRHQX1  0.000   0.000    2.142  
      u_visitor/count_reg[1]  CK ^ -> Q ^   SDFFRHQX1  0.386   0.385    2.527  
      u_visitor/g849          -             NAND2XL    0.000   0.385    2.527  
      u_visitor/g849          B ^ -> Y v    NAND2XL    0.179   0.565    2.707  
      u_visitor/g866          -             NOR2BX1    0.000   0.565    2.707  
      u_visitor/g866          B v -> Y ^    NOR2BX1    0.152   0.717    2.859  
      u_visitor/g841          -             NAND2XL    0.000   0.717    2.859  
      u_visitor/g841          B ^ -> Y v    NAND2XL    0.158   0.875    3.017  
      u_visitor/g2            -             NOR2BX1    0.000   0.875    3.017  
      u_visitor/g2            B v -> Y ^    NOR2BX1    0.143   1.018    3.159  
      u_visitor/g835          -             NAND2XL    0.000   1.018    3.159  
      u_visitor/g835          B ^ -> Y v    NAND2XL    0.139   1.156    3.298  
      u_visitor/g831          -             NOR2XL     0.000   1.156    3.298  
      u_visitor/g831          B v -> Y ^    NOR2XL     0.157   1.314    3.456  
      u_visitor/g829          -             AOI211X1   0.000   1.314    3.456  
      u_visitor/g829          A1 ^ -> Y v   AOI211X1   0.320   1.634    3.776  
      u_visitor/g823          -             NOR2XL     0.000   1.634    3.776  
      u_visitor/g823          B v -> Y ^    NOR2XL     0.408   2.042    4.184  
      u_visitor/g821          -             CLKINVX1   0.000   2.042    4.184  
      u_visitor/g821          A ^ -> Y v    CLKINVX1   0.150   2.192    4.333  
      u_visitor/g814          -             OAI221XL   0.000   2.192    4.333  
      u_visitor/g814          A1 v -> Y ^   OAI221XL   0.161   2.353    4.495  
      u_visitor/g806          -             OAI2BB1X1  0.000   2.353    4.495  
      u_visitor/g806          A1N ^ -> Y ^  OAI2BB1X1  0.165   2.517    4.659  
      u_visitor/count_reg[3]  -             SDFFRHQX1  0.000   2.517    4.659  
      --------------------------------------------------------------------------
     Clock Rise Edge                      0.000
     = Beginpoint Arrival Time            0.000
     Other End Path:
      -------------------------------------------------------------------
      Instance                Arc    Cell       Retime  Arrival  Required  
                                                Delay   Time     Time  
      -------------------------------------------------------------------
      -                       clk ^  -          -       0.000    -2.142  
      u_visitor/count_reg[3]  -      SDFFRHQX1  0.000   0.000    -2.142  
      -------------------------------------------------------------------
Path 11: MET Setup Check with Pin u_visitor/count_reg[6]/CK 
Endpoint:   u_visitor/count_reg[6]/D (^) checked with  leading edge of 'clk'
Beginpoint: u_visitor/count_reg[0]/Q (^) triggered by  leading edge of 'clk'
Path Groups: {clk}
Retime Analysis { Data Path-Slew }
Other End Arrival Time          0.000
- Setup                         0.242
+ Phase Shift                   5.000
- Uncertainty                   0.100
= Required Time                 4.658
- Arrival Time                  2.388
= Slack Time                    2.270
= Slack Time(original)          2.256
     Clock Rise Edge                      0.000
     = Beginpoint Arrival Time            0.000
     Timing Path:
      -------------------------------------------------------------------------
      Instance                Arc          Cell       Retime  Arrival  Required  
                                                      Delay   Time     Time  
      -------------------------------------------------------------------------
      -                       clk ^        -          -       0.000    2.270  
      u_visitor/count_reg[0]  -            SDFFRHQX1  0.000   0.000    2.270  
      u_visitor/count_reg[0]  CK ^ -> Q ^  SDFFRHQX1  0.391   0.391    2.662  
      u_visitor/g849          -            NAND2XL    0.000   0.391    2.662  
      u_visitor/g849          A ^ -> Y v   NAND2XL    0.180   0.571    2.841  
      u_visitor/g866          -            NOR2BX1    0.000   0.571    2.841  
      u_visitor/g866          B v -> Y ^   NOR2BX1    0.152   0.723    2.994  
      u_visitor/g841          -            NAND2XL    0.000   0.723    2.994  
      u_visitor/g841          B ^ -> Y v   NAND2XL    0.158   0.881    3.152  
      u_visitor/g2            -            NOR2BX1    0.000   0.881    3.152  
      u_visitor/g2            B v -> Y ^   NOR2BX1    0.143   1.024    3.294  
      u_visitor/g835          -            NAND2XL    0.000   1.024    3.294  
      u_visitor/g835          B ^ -> Y v   NAND2XL    0.139   1.163    3.433  
      u_visitor/g831          -            NOR2XL     0.000   1.163    3.433  
      u_visitor/g831          B v -> Y ^   NOR2XL     0.157   1.320    3.590  
      u_visitor/g829          -            AOI211X1   0.000   1.320    3.590  
      u_visitor/g829          A1 ^ -> Y v  AOI211X1   0.320   1.640    3.910  
      u_visitor/g828          -            CLKINVX1   0.000   1.640    3.910  
      u_visitor/g828          A v -> Y ^   CLKINVX1   0.145   1.785    4.055  
      u_visitor/g827          -            NAND2XL    0.000   1.785    4.055  
      u_visitor/g827          B ^ -> Y v   NAND2XL    0.300   2.085    4.355  
      u_visitor/g815          -            OAI211XL   0.000   2.085    4.355  
      u_visitor/g815          C0 v -> Y ^  OAI211XL   0.117   2.202    4.473  
      u_visitor/g804          -            AOI222XL   0.000   2.202    4.473  
      u_visitor/g804          C0 ^ -> Y v  AOI222XL   0.122   2.324    4.594  
      u_visitor/g801          -            INVX1      0.000   2.324    4.594  
      u_visitor/g801          A v -> Y ^   INVX1      0.064   2.388    4.658  
      u_visitor/count_reg[6]  -            SDFFRHQX1  0.000   2.388    4.658  
      -------------------------------------------------------------------------
     Clock Rise Edge                      0.000
     = Beginpoint Arrival Time            0.000
     Other End Path:
      -------------------------------------------------------------------
      Instance                Arc    Cell       Retime  Arrival  Required  
                                                Delay   Time     Time  
      -------------------------------------------------------------------
      -                       clk ^  -          -       0.000    -2.270  
      u_visitor/count_reg[6]  -      SDFFRHQX1  0.000   0.000    -2.270  
      -------------------------------------------------------------------
Path 12: MET Setup Check with Pin u_visitor/count_reg[4]/CK 
Endpoint:   u_visitor/count_reg[4]/D (^) checked with  leading edge of 'clk'
Beginpoint: u_visitor/count_reg[0]/Q (^) triggered by  leading edge of 'clk'
Path Groups: {clk}
Retime Analysis { Data Path-Slew }
Other End Arrival Time          0.000
- Setup                         0.242
+ Phase Shift                   5.000
- Uncertainty                   0.100
= Required Time                 4.658
- Arrival Time                  2.388
= Slack Time                    2.270
= Slack Time(original)          2.256
     Clock Rise Edge                      0.000
     = Beginpoint Arrival Time            0.000
     Timing Path:
      -------------------------------------------------------------------------
      Instance                Arc          Cell       Retime  Arrival  Required  
                                                      Delay   Time     Time  
      -------------------------------------------------------------------------
      -                       clk ^        -          -       0.000    2.270  
      u_visitor/count_reg[0]  -            SDFFRHQX1  0.000   0.000    2.270  
      u_visitor/count_reg[0]  CK ^ -> Q ^  SDFFRHQX1  0.391   0.391    2.662  
      u_visitor/g849          -            NAND2XL    0.000   0.391    2.662  
      u_visitor/g849          A ^ -> Y v   NAND2XL    0.180   0.571    2.841  
      u_visitor/g866          -            NOR2BX1    0.000   0.571    2.841  
      u_visitor/g866          B v -> Y ^   NOR2BX1    0.152   0.723    2.994  
      u_visitor/g841          -            NAND2XL    0.000   0.723    2.994  
      u_visitor/g841          B ^ -> Y v   NAND2XL    0.158   0.881    3.152  
      u_visitor/g2            -            NOR2BX1    0.000   0.881    3.152  
      u_visitor/g2            B v -> Y ^   NOR2BX1    0.143   1.024    3.294  
      u_visitor/g835          -            NAND2XL    0.000   1.024    3.294  
      u_visitor/g835          B ^ -> Y v   NAND2XL    0.139   1.163    3.433  
      u_visitor/g831          -            NOR2XL     0.000   1.163    3.433  
      u_visitor/g831          B v -> Y ^   NOR2XL     0.157   1.320    3.590  
      u_visitor/g829          -            AOI211X1   0.000   1.320    3.590  
      u_visitor/g829          A1 ^ -> Y v  AOI211X1   0.320   1.640    3.910  
      u_visitor/g828          -            CLKINVX1   0.000   1.640    3.910  
      u_visitor/g828          A v -> Y ^   CLKINVX1   0.145   1.785    4.055  
      u_visitor/g827          -            NAND2XL    0.000   1.785    4.055  
      u_visitor/g827          B ^ -> Y v   NAND2XL    0.300   2.085    4.355  
      u_visitor/g817          -            OAI211XL   0.000   2.085    4.355  
      u_visitor/g817          C0 v -> Y ^  OAI211XL   0.117   2.202    4.473  
      u_visitor/g798          -            AOI222XL   0.000   2.202    4.473  
      u_visitor/g798          C0 ^ -> Y v  AOI222XL   0.122   2.324    4.594  
      u_visitor/g797          -            INVX1      0.000   2.324    4.594  
      u_visitor/g797          A v -> Y ^   INVX1      0.064   2.388    4.658  
      u_visitor/count_reg[4]  -            SDFFRHQX1  0.000   2.388    4.658  
      -------------------------------------------------------------------------
     Clock Rise Edge                      0.000
     = Beginpoint Arrival Time            0.000
     Other End Path:
      -------------------------------------------------------------------
      Instance                Arc    Cell       Retime  Arrival  Required  
                                                Delay   Time     Time  
      -------------------------------------------------------------------
      -                       clk ^  -          -       0.000    -2.270  
      u_visitor/count_reg[4]  -      SDFFRHQX1  0.000   0.000    -2.270  
      -------------------------------------------------------------------
Path 13: MET Setup Check with Pin u_visitor/count_reg[2]/CK 
Endpoint:   u_visitor/count_reg[2]/D (^) checked with  leading edge of 'clk'
Beginpoint: u_visitor/count_reg[0]/Q (^) triggered by  leading edge of 'clk'
Path Groups: {clk}
Retime Analysis { Data Path-Slew }
Other End Arrival Time          0.000
- Setup                         0.242
+ Phase Shift                   5.000
- Uncertainty                   0.100
= Required Time                 4.658
- Arrival Time                  2.388
= Slack Time                    2.270
= Slack Time(original)          2.256
     Clock Rise Edge                      0.000
     = Beginpoint Arrival Time            0.000
     Timing Path:
      -------------------------------------------------------------------------
      Instance                Arc          Cell       Retime  Arrival  Required  
                                                      Delay   Time     Time  
      -------------------------------------------------------------------------
      -                       clk ^        -          -       0.000    2.270  
      u_visitor/count_reg[0]  -            SDFFRHQX1  0.000   0.000    2.270  
      u_visitor/count_reg[0]  CK ^ -> Q ^  SDFFRHQX1  0.391   0.391    2.662  
      u_visitor/g849          -            NAND2XL    0.000   0.391    2.662  
      u_visitor/g849          A ^ -> Y v   NAND2XL    0.180   0.571    2.841  
      u_visitor/g866          -            NOR2BX1    0.000   0.571    2.841  
      u_visitor/g866          B v -> Y ^   NOR2BX1    0.152   0.723    2.994  
      u_visitor/g841          -            NAND2XL    0.000   0.723    2.994  
      u_visitor/g841          B ^ -> Y v   NAND2XL    0.158   0.881    3.152  
      u_visitor/g2            -            NOR2BX1    0.000   0.881    3.152  
      u_visitor/g2            B v -> Y ^   NOR2BX1    0.143   1.024    3.294  
      u_visitor/g835          -            NAND2XL    0.000   1.024    3.294  
      u_visitor/g835          B ^ -> Y v   NAND2XL    0.139   1.163    3.433  
      u_visitor/g831          -            NOR2XL     0.000   1.163    3.433  
      u_visitor/g831          B v -> Y ^   NOR2XL     0.157   1.320    3.590  
      u_visitor/g829          -            AOI211X1   0.000   1.320    3.590  
      u_visitor/g829          A1 ^ -> Y v  AOI211X1   0.320   1.640    3.910  
      u_visitor/g828          -            CLKINVX1   0.000   1.640    3.910  
      u_visitor/g828          A v -> Y ^   CLKINVX1   0.145   1.785    4.055  
      u_visitor/g827          -            NAND2XL    0.000   1.785    4.055  
      u_visitor/g827          B ^ -> Y v   NAND2XL    0.300   2.085    4.355  
      u_visitor/g818          -            OAI211XL   0.000   2.085    4.355  
      u_visitor/g818          C0 v -> Y ^  OAI211XL   0.117   2.202    4.473  
      u_visitor/g805          -            AOI222XL   0.000   2.202    4.473  
      u_visitor/g805          C0 ^ -> Y v  AOI222XL   0.122   2.324    4.594  
      u_visitor/g802          -            INVX1      0.000   2.324    4.594  
      u_visitor/g802          A v -> Y ^   INVX1      0.064   2.388    4.658  
      u_visitor/count_reg[2]  -            SDFFRHQX1  0.000   2.388    4.658  
      -------------------------------------------------------------------------
     Clock Rise Edge                      0.000
     = Beginpoint Arrival Time            0.000
     Other End Path:
      -------------------------------------------------------------------
      Instance                Arc    Cell       Retime  Arrival  Required  
                                                Delay   Time     Time  
      -------------------------------------------------------------------
      -                       clk ^  -          -       0.000    -2.270  
      u_visitor/count_reg[2]  -      SDFFRHQX1  0.000   0.000    -2.270  
      -------------------------------------------------------------------
Path 14: MET Setup Check with Pin u_visitor/count_reg[6]/CK 
Endpoint:   u_visitor/count_reg[6]/D (^) checked with  leading edge of 'clk'
Beginpoint: u_visitor/count_reg[1]/Q (^) triggered by  leading edge of 'clk'
Path Groups: {clk}
Retime Analysis { Data Path-Slew }
Other End Arrival Time          0.000
- Setup                         0.242
+ Phase Shift                   5.000
- Uncertainty                   0.100
= Required Time                 4.658
- Arrival Time                  2.382
= Slack Time                    2.277
= Slack Time(original)          2.262
     Clock Rise Edge                      0.000
     = Beginpoint Arrival Time            0.000
     Timing Path:
      -------------------------------------------------------------------------
      Instance                Arc          Cell       Retime  Arrival  Required  
                                                      Delay   Time     Time  
      -------------------------------------------------------------------------
      -                       clk ^        -          -       0.000    2.277  
      u_visitor/count_reg[1]  -            SDFFRHQX1  0.000   0.000    2.277  
      u_visitor/count_reg[1]  CK ^ -> Q ^  SDFFRHQX1  0.386   0.385    2.662  
      u_visitor/g849          -            NAND2XL    0.000   0.385    2.662  
      u_visitor/g849          B ^ -> Y v   NAND2XL    0.179   0.565    2.842  
      u_visitor/g866          -            NOR2BX1    0.000   0.565    2.842  
      u_visitor/g866          B v -> Y ^   NOR2BX1    0.152   0.717    2.994  
      u_visitor/g841          -            NAND2XL    0.000   0.717    2.994  
      u_visitor/g841          B ^ -> Y v   NAND2XL    0.158   0.875    3.152  
      u_visitor/g2            -            NOR2BX1    0.000   0.875    3.152  
      u_visitor/g2            B v -> Y ^   NOR2BX1    0.143   1.018    3.294  
      u_visitor/g835          -            NAND2XL    0.000   1.018    3.294  
      u_visitor/g835          B ^ -> Y v   NAND2XL    0.139   1.156    3.433  
      u_visitor/g831          -            NOR2XL     0.000   1.156    3.433  
      u_visitor/g831          B v -> Y ^   NOR2XL     0.157   1.314    3.590  
      u_visitor/g829          -            AOI211X1   0.000   1.314    3.590  
      u_visitor/g829          A1 ^ -> Y v  AOI211X1   0.320   1.634    3.910  
      u_visitor/g828          -            CLKINVX1   0.000   1.634    3.910  
      u_visitor/g828          A v -> Y ^   CLKINVX1   0.145   1.778    4.055  
      u_visitor/g827          -            NAND2XL    0.000   1.778    4.055  
      u_visitor/g827          B ^ -> Y v   NAND2XL    0.300   2.079    4.355  
      u_visitor/g815          -            OAI211XL   0.000   2.079    4.355  
      u_visitor/g815          C0 v -> Y ^  OAI211XL   0.117   2.196    4.473  
      u_visitor/g804          -            AOI222XL   0.000   2.196    4.473  
      u_visitor/g804          C0 ^ -> Y v  AOI222XL   0.122   2.318    4.594  
      u_visitor/g801          -            INVX1      0.000   2.318    4.594  
      u_visitor/g801          A v -> Y ^   INVX1      0.064   2.382    4.658  
      u_visitor/count_reg[6]  -            SDFFRHQX1  0.000   2.382    4.658  
      -------------------------------------------------------------------------
     Clock Rise Edge                      0.000
     = Beginpoint Arrival Time            0.000
     Other End Path:
      -------------------------------------------------------------------
      Instance                Arc    Cell       Retime  Arrival  Required  
                                                Delay   Time     Time  
      -------------------------------------------------------------------
      -                       clk ^  -          -       0.000    -2.277  
      u_visitor/count_reg[6]  -      SDFFRHQX1  0.000   0.000    -2.277  
      -------------------------------------------------------------------
Path 15: MET Setup Check with Pin u_visitor/count_reg[4]/CK 
Endpoint:   u_visitor/count_reg[4]/D (^) checked with  leading edge of 'clk'
Beginpoint: u_visitor/count_reg[1]/Q (^) triggered by  leading edge of 'clk'
Path Groups: {clk}
Retime Analysis { Data Path-Slew }
Other End Arrival Time          0.000
- Setup                         0.242
+ Phase Shift                   5.000
- Uncertainty                   0.100
= Required Time                 4.658
- Arrival Time                  2.382
= Slack Time                    2.277
= Slack Time(original)          2.262
     Clock Rise Edge                      0.000
     = Beginpoint Arrival Time            0.000
     Timing Path:
      -------------------------------------------------------------------------
      Instance                Arc          Cell       Retime  Arrival  Required  
                                                      Delay   Time     Time  
      -------------------------------------------------------------------------
      -                       clk ^        -          -       0.000    2.277  
      u_visitor/count_reg[1]  -            SDFFRHQX1  0.000   0.000    2.277  
      u_visitor/count_reg[1]  CK ^ -> Q ^  SDFFRHQX1  0.386   0.385    2.662  
      u_visitor/g849          -            NAND2XL    0.000   0.385    2.662  
      u_visitor/g849          B ^ -> Y v   NAND2XL    0.179   0.565    2.842  
      u_visitor/g866          -            NOR2BX1    0.000   0.565    2.842  
      u_visitor/g866          B v -> Y ^   NOR2BX1    0.152   0.717    2.994  
      u_visitor/g841          -            NAND2XL    0.000   0.717    2.994  
      u_visitor/g841          B ^ -> Y v   NAND2XL    0.158   0.875    3.152  
      u_visitor/g2            -            NOR2BX1    0.000   0.875    3.152  
      u_visitor/g2            B v -> Y ^   NOR2BX1    0.143   1.018    3.294  
      u_visitor/g835          -            NAND2XL    0.000   1.018    3.294  
      u_visitor/g835          B ^ -> Y v   NAND2XL    0.139   1.156    3.433  
      u_visitor/g831          -            NOR2XL     0.000   1.156    3.433  
      u_visitor/g831          B v -> Y ^   NOR2XL     0.157   1.314    3.590  
      u_visitor/g829          -            AOI211X1   0.000   1.314    3.590  
      u_visitor/g829          A1 ^ -> Y v  AOI211X1   0.320   1.634    3.910  
      u_visitor/g828          -            CLKINVX1   0.000   1.634    3.910  
      u_visitor/g828          A v -> Y ^   CLKINVX1   0.145   1.778    4.055  
      u_visitor/g827          -            NAND2XL    0.000   1.778    4.055  
      u_visitor/g827          B ^ -> Y v   NAND2XL    0.300   2.079    4.355  
      u_visitor/g817          -            OAI211XL   0.000   2.079    4.355  
      u_visitor/g817          C0 v -> Y ^  OAI211XL   0.117   2.196    4.473  
      u_visitor/g798          -            AOI222XL   0.000   2.196    4.473  
      u_visitor/g798          C0 ^ -> Y v  AOI222XL   0.122   2.318    4.594  
      u_visitor/g797          -            INVX1      0.000   2.318    4.594  
      u_visitor/g797          A v -> Y ^   INVX1      0.064   2.382    4.658  
      u_visitor/count_reg[4]  -            SDFFRHQX1  0.000   2.382    4.658  
      -------------------------------------------------------------------------
     Clock Rise Edge                      0.000
     = Beginpoint Arrival Time            0.000
     Other End Path:
      -------------------------------------------------------------------
      Instance                Arc    Cell       Retime  Arrival  Required  
                                                Delay   Time     Time  
      -------------------------------------------------------------------
      -                       clk ^  -          -       0.000    -2.277  
      u_visitor/count_reg[4]  -      SDFFRHQX1  0.000   0.000    -2.277  
      -------------------------------------------------------------------
Path 16: MET Setup Check with Pin u_visitor/count_reg[2]/CK 
Endpoint:   u_visitor/count_reg[2]/D (^) checked with  leading edge of 'clk'
Beginpoint: u_visitor/count_reg[1]/Q (^) triggered by  leading edge of 'clk'
Path Groups: {clk}
Retime Analysis { Data Path-Slew }
Other End Arrival Time          0.000
- Setup                         0.242
+ Phase Shift                   5.000
- Uncertainty                   0.100
= Required Time                 4.658
- Arrival Time                  2.382
= Slack Time                    2.277
= Slack Time(original)          2.262
     Clock Rise Edge                      0.000
     = Beginpoint Arrival Time            0.000
     Timing Path:
      -------------------------------------------------------------------------
      Instance                Arc          Cell       Retime  Arrival  Required  
                                                      Delay   Time     Time  
      -------------------------------------------------------------------------
      -                       clk ^        -          -       0.000    2.277  
      u_visitor/count_reg[1]  -            SDFFRHQX1  0.000   0.000    2.277  
      u_visitor/count_reg[1]  CK ^ -> Q ^  SDFFRHQX1  0.386   0.385    2.662  
      u_visitor/g849          -            NAND2XL    0.000   0.385    2.662  
      u_visitor/g849          B ^ -> Y v   NAND2XL    0.179   0.565    2.842  
      u_visitor/g866          -            NOR2BX1    0.000   0.565    2.842  
      u_visitor/g866          B v -> Y ^   NOR2BX1    0.152   0.717    2.994  
      u_visitor/g841          -            NAND2XL    0.000   0.717    2.994  
      u_visitor/g841          B ^ -> Y v   NAND2XL    0.158   0.875    3.152  
      u_visitor/g2            -            NOR2BX1    0.000   0.875    3.152  
      u_visitor/g2            B v -> Y ^   NOR2BX1    0.143   1.018    3.294  
      u_visitor/g835          -            NAND2XL    0.000   1.018    3.294  
      u_visitor/g835          B ^ -> Y v   NAND2XL    0.139   1.156    3.433  
      u_visitor/g831          -            NOR2XL     0.000   1.156    3.433  
      u_visitor/g831          B v -> Y ^   NOR2XL     0.157   1.314    3.590  
      u_visitor/g829          -            AOI211X1   0.000   1.314    3.590  
      u_visitor/g829          A1 ^ -> Y v  AOI211X1   0.320   1.634    3.910  
      u_visitor/g828          -            CLKINVX1   0.000   1.634    3.910  
      u_visitor/g828          A v -> Y ^   CLKINVX1   0.145   1.778    4.055  
      u_visitor/g827          -            NAND2XL    0.000   1.778    4.055  
      u_visitor/g827          B ^ -> Y v   NAND2XL    0.300   2.079    4.355  
      u_visitor/g818          -            OAI211XL   0.000   2.079    4.355  
      u_visitor/g818          C0 v -> Y ^  OAI211XL   0.117   2.196    4.473  
      u_visitor/g805          -            AOI222XL   0.000   2.196    4.473  
      u_visitor/g805          C0 ^ -> Y v  AOI222XL   0.122   2.318    4.594  
      u_visitor/g802          -            INVX1      0.000   2.318    4.594  
      u_visitor/g802          A v -> Y ^   INVX1      0.064   2.382    4.658  
      u_visitor/count_reg[2]  -            SDFFRHQX1  0.000   2.382    4.658  
      -------------------------------------------------------------------------
     Clock Rise Edge                      0.000
     = Beginpoint Arrival Time            0.000
     Other End Path:
      -------------------------------------------------------------------
      Instance                Arc    Cell       Retime  Arrival  Required  
                                                Delay   Time     Time  
      -------------------------------------------------------------------
      -                       clk ^  -          -       0.000    -2.277  
      u_visitor/count_reg[2]  -      SDFFRHQX1  0.000   0.000    -2.277  
      -------------------------------------------------------------------
Path 17: MET Setup Check with Pin u_visitor/count_reg[6]/CK 
Endpoint:   u_visitor/count_reg[6]/D (^) checked with  leading edge of 'clk'
Beginpoint: u_visitor/count_reg[2]/Q (^) triggered by  leading edge of 'clk'
Path Groups: {clk}
Retime Analysis { Data Path-Slew }
Other End Arrival Time          0.000
- Setup                         0.242
+ Phase Shift                   5.000
- Uncertainty                   0.100
= Required Time                 4.658
- Arrival Time                  2.371
= Slack Time                    2.287
= Slack Time(original)          2.262
     Clock Rise Edge                      0.000
     = Beginpoint Arrival Time            0.000
     Timing Path:
      -------------------------------------------------------------------------
      Instance                Arc          Cell       Retime  Arrival  Required  
                                                      Delay   Time     Time  
      -------------------------------------------------------------------------
      -                       clk ^        -          -       0.000    2.287  
      u_visitor/count_reg[2]  -            SDFFRHQX1  0.000   0.000    2.287  
      u_visitor/count_reg[2]  CK ^ -> Q ^  SDFFRHQX1  0.399   0.399    2.686  
      u_visitor/g866          -            NOR2BX1    0.000   0.399    2.686  
      u_visitor/g866          AN ^ -> Y ^  NOR2BX1    0.180   0.579    2.866  
      u_visitor/g841          -            NAND2XL    0.000   0.579    2.866  
      u_visitor/g841          B ^ -> Y v   NAND2XL    0.152   0.731    3.018  
      u_visitor/g2            -            NOR2BX1    0.000   0.731    3.018  
      u_visitor/g2            B v -> Y ^   NOR2BX1    0.142   0.873    3.159  
      u_visitor/g835          -            NAND2XL    0.000   0.873    3.159  
      u_visitor/g835          B ^ -> Y v   NAND2XL    0.139   1.011    3.298  
      u_visitor/g831          -            NOR2XL     0.000   1.011    3.298  
      u_visitor/g831          B v -> Y ^   NOR2XL     0.157   1.169    3.455  
      u_visitor/g829          -            AOI211X1   0.000   1.169    3.455  
      u_visitor/g829          A1 ^ -> Y v  AOI211X1   0.320   1.489    3.775  
      u_visitor/g823          -            NOR2XL     0.000   1.489    3.775  
      u_visitor/g823          B v -> Y ^   NOR2XL     0.408   1.897    4.184  
      u_visitor/g821          -            CLKINVX1   0.000   1.897    4.184  
      u_visitor/g821          A ^ -> Y v   CLKINVX1   0.150   2.047    4.333  
      u_visitor/g815          -            OAI211XL   0.000   2.047    4.333  
      u_visitor/g815          A0 v -> Y ^  OAI211XL   0.143   2.190    4.476  
      u_visitor/g804          -            AOI222XL   0.000   2.190    4.476  
      u_visitor/g804          C0 ^ -> Y v  AOI222XL   0.118   2.308    4.594  
      u_visitor/g801          -            INVX1      0.000   2.308    4.594  
      u_visitor/g801          A v -> Y ^   INVX1      0.064   2.371    4.658  
      u_visitor/count_reg[6]  -            SDFFRHQX1  0.000   2.371    4.658  
      -------------------------------------------------------------------------
     Clock Rise Edge                      0.000
     = Beginpoint Arrival Time            0.000
     Other End Path:
      -------------------------------------------------------------------
      Instance                Arc    Cell       Retime  Arrival  Required  
                                                Delay   Time     Time  
      -------------------------------------------------------------------
      -                       clk ^  -          -       0.000    -2.287  
      u_visitor/count_reg[6]  -      SDFFRHQX1  0.000   0.000    -2.287  
      -------------------------------------------------------------------
Path 18: MET Setup Check with Pin u_visitor/count_reg[4]/CK 
Endpoint:   u_visitor/count_reg[4]/D (^) checked with  leading edge of 'clk'
Beginpoint: u_visitor/count_reg[2]/Q (^) triggered by  leading edge of 'clk'
Path Groups: {clk}
Retime Analysis { Data Path-Slew }
Other End Arrival Time          0.000
- Setup                         0.242
+ Phase Shift                   5.000
- Uncertainty                   0.100
= Required Time                 4.658
- Arrival Time                  2.371
= Slack Time                    2.287
= Slack Time(original)          2.262
     Clock Rise Edge                      0.000
     = Beginpoint Arrival Time            0.000
     Timing Path:
      -------------------------------------------------------------------------
      Instance                Arc          Cell       Retime  Arrival  Required  
                                                      Delay   Time     Time  
      -------------------------------------------------------------------------
      -                       clk ^        -          -       0.000    2.287  
      u_visitor/count_reg[2]  -            SDFFRHQX1  0.000   0.000    2.287  
      u_visitor/count_reg[2]  CK ^ -> Q ^  SDFFRHQX1  0.399   0.399    2.686  
      u_visitor/g866          -            NOR2BX1    0.000   0.399    2.686  
      u_visitor/g866          AN ^ -> Y ^  NOR2BX1    0.180   0.579    2.866  
      u_visitor/g841          -            NAND2XL    0.000   0.579    2.866  
      u_visitor/g841          B ^ -> Y v   NAND2XL    0.152   0.731    3.018  
      u_visitor/g2            -            NOR2BX1    0.000   0.731    3.018  
      u_visitor/g2            B v -> Y ^   NOR2BX1    0.142   0.873    3.159  
      u_visitor/g835          -            NAND2XL    0.000   0.873    3.159  
      u_visitor/g835          B ^ -> Y v   NAND2XL    0.139   1.011    3.298  
      u_visitor/g831          -            NOR2XL     0.000   1.011    3.298  
      u_visitor/g831          B v -> Y ^   NOR2XL     0.157   1.169    3.455  
      u_visitor/g829          -            AOI211X1   0.000   1.169    3.455  
      u_visitor/g829          A1 ^ -> Y v  AOI211X1   0.320   1.489    3.775  
      u_visitor/g823          -            NOR2XL     0.000   1.489    3.775  
      u_visitor/g823          B v -> Y ^   NOR2XL     0.408   1.897    4.184  
      u_visitor/g821          -            CLKINVX1   0.000   1.897    4.184  
      u_visitor/g821          A ^ -> Y v   CLKINVX1   0.150   2.047    4.333  
      u_visitor/g817          -            OAI211XL   0.000   2.047    4.333  
      u_visitor/g817          A0 v -> Y ^  OAI211XL   0.143   2.190    4.476  
      u_visitor/g798          -            AOI222XL   0.000   2.190    4.476  
      u_visitor/g798          C0 ^ -> Y v  AOI222XL   0.118   2.308    4.594  
      u_visitor/g797          -            INVX1      0.000   2.308    4.594  
      u_visitor/g797          A v -> Y ^   INVX1      0.064   2.371    4.658  
      u_visitor/count_reg[4]  -            SDFFRHQX1  0.000   2.371    4.658  
      -------------------------------------------------------------------------
     Clock Rise Edge                      0.000
     = Beginpoint Arrival Time            0.000
     Other End Path:
      -------------------------------------------------------------------
      Instance                Arc    Cell       Retime  Arrival  Required  
                                                Delay   Time     Time  
      -------------------------------------------------------------------
      -                       clk ^  -          -       0.000    -2.287  
      u_visitor/count_reg[4]  -      SDFFRHQX1  0.000   0.000    -2.287  
      -------------------------------------------------------------------
Path 19: MET Setup Check with Pin u_visitor/count_reg[2]/CK 
Endpoint:   u_visitor/count_reg[2]/D (^) checked with  leading edge of 'clk'
Beginpoint: u_visitor/count_reg[2]/Q (^) triggered by  leading edge of 'clk'
Path Groups: {clk}
Retime Analysis { Data Path-Slew }
Other End Arrival Time          0.000
- Setup                         0.242
+ Phase Shift                   5.000
- Uncertainty                   0.100
= Required Time                 4.658
- Arrival Time                  2.371
= Slack Time                    2.287
= Slack Time(original)          2.262
     Clock Rise Edge                      0.000
     = Beginpoint Arrival Time            0.000
     Timing Path:
      -------------------------------------------------------------------------
      Instance                Arc          Cell       Retime  Arrival  Required  
                                                      Delay   Time     Time  
      -------------------------------------------------------------------------
      -                       clk ^        -          -       0.000    2.287  
      u_visitor/count_reg[2]  -            SDFFRHQX1  0.000   0.000    2.287  
      u_visitor/count_reg[2]  CK ^ -> Q ^  SDFFRHQX1  0.399   0.399    2.686  
      u_visitor/g866          -            NOR2BX1    0.000   0.399    2.686  
      u_visitor/g866          AN ^ -> Y ^  NOR2BX1    0.180   0.579    2.866  
      u_visitor/g841          -            NAND2XL    0.000   0.579    2.866  
      u_visitor/g841          B ^ -> Y v   NAND2XL    0.152   0.731    3.018  
      u_visitor/g2            -            NOR2BX1    0.000   0.731    3.018  
      u_visitor/g2            B v -> Y ^   NOR2BX1    0.142   0.873    3.159  
      u_visitor/g835          -            NAND2XL    0.000   0.873    3.159  
      u_visitor/g835          B ^ -> Y v   NAND2XL    0.139   1.011    3.298  
      u_visitor/g831          -            NOR2XL     0.000   1.011    3.298  
      u_visitor/g831          B v -> Y ^   NOR2XL     0.157   1.169    3.455  
      u_visitor/g829          -            AOI211X1   0.000   1.169    3.455  
      u_visitor/g829          A1 ^ -> Y v  AOI211X1   0.320   1.489    3.775  
      u_visitor/g823          -            NOR2XL     0.000   1.489    3.775  
      u_visitor/g823          B v -> Y ^   NOR2XL     0.408   1.897    4.184  
      u_visitor/g821          -            CLKINVX1   0.000   1.897    4.184  
      u_visitor/g821          A ^ -> Y v   CLKINVX1   0.150   2.047    4.333  
      u_visitor/g818          -            OAI211XL   0.000   2.047    4.333  
      u_visitor/g818          A0 v -> Y ^  OAI211XL   0.143   2.190    4.476  
      u_visitor/g805          -            AOI222XL   0.000   2.190    4.476  
      u_visitor/g805          C0 ^ -> Y v  AOI222XL   0.118   2.308    4.594  
      u_visitor/g802          -            INVX1      0.000   2.308    4.594  
      u_visitor/g802          A v -> Y ^   INVX1      0.064   2.371    4.658  
      u_visitor/count_reg[2]  -            SDFFRHQX1  0.000   2.371    4.658  
      -------------------------------------------------------------------------
     Clock Rise Edge                      0.000
     = Beginpoint Arrival Time            0.000
     Other End Path:
      -------------------------------------------------------------------
      Instance                Arc    Cell       Retime  Arrival  Required  
                                                Delay   Time     Time  
      -------------------------------------------------------------------
      -                       clk ^  -          -       0.000    -2.287  
      u_visitor/count_reg[2]  -      SDFFRHQX1  0.000   0.000    -2.287  
      -------------------------------------------------------------------
Path 20: MET Setup Check with Pin u_visitor/count_reg[1]/CK 
Endpoint:   u_visitor/count_reg[1]/D (^) checked with  leading edge of 'clk'
Beginpoint: u_visitor/count_reg[0]/Q (^) triggered by  leading edge of 'clk'
Path Groups: {clk}
Retime Analysis { Data Path-Slew }
Other End Arrival Time          0.000
- Setup                         0.237
+ Phase Shift                   5.000
- Uncertainty                   0.100
= Required Time                 4.663
- Arrival Time                  2.377
= Slack Time                    2.286
= Slack Time(original)          2.263
     Clock Rise Edge                      0.000
     = Beginpoint Arrival Time            0.000
     Timing Path:
      -------------------------------------------------------------------------
      Instance                Arc          Cell       Retime  Arrival  Required  
                                                      Delay   Time     Time  
      -------------------------------------------------------------------------
      -                       clk ^        -          -       0.000    2.286  
      u_visitor/count_reg[0]  -            SDFFRHQX1  0.000   0.000    2.286  
      u_visitor/count_reg[0]  CK ^ -> Q ^  SDFFRHQX1  0.391   0.391    2.677  
      u_visitor/g849          -            NAND2XL    0.000   0.391    2.677  
      u_visitor/g849          A ^ -> Y v   NAND2XL    0.180   0.571    2.857  
      u_visitor/g866          -            NOR2BX1    0.000   0.571    2.857  
      u_visitor/g866          B v -> Y ^   NOR2BX1    0.152   0.723    3.009  
      u_visitor/g841          -            NAND2XL    0.000   0.723    3.009  
      u_visitor/g841          B ^ -> Y v   NAND2XL    0.158   0.881    3.167  
      u_visitor/g2            -            NOR2BX1    0.000   0.881    3.167  
      u_visitor/g2            B v -> Y ^   NOR2BX1    0.143   1.024    3.310  
      u_visitor/g835          -            NAND2XL    0.000   1.024    3.310  
      u_visitor/g835          B ^ -> Y v   NAND2XL    0.139   1.162    3.449  
      u_visitor/g831          -            NOR2XL     0.000   1.162    3.449  
      u_visitor/g831          B v -> Y ^   NOR2XL     0.157   1.320    3.606  
      u_visitor/g829          -            AOI211X1   0.000   1.320    3.606  
      u_visitor/g829          A1 ^ -> Y v  AOI211X1   0.320   1.640    3.926  
      u_visitor/g828          -            CLKINVX1   0.000   1.640    3.926  
      u_visitor/g828          A v -> Y ^   CLKINVX1   0.145   1.784    4.071  
      u_visitor/g827          -            NAND2XL    0.000   1.784    4.071  
      u_visitor/g827          B ^ -> Y v   NAND2XL    0.300   2.085    4.371  
      u_visitor/g824          -            INVX1      0.000   2.085    4.371  
      u_visitor/g824          A v -> Y ^   INVX1      0.117   2.201    4.487  
      u_visitor/g811          -            AOI22X1    0.000   2.201    4.487  
      u_visitor/g811          A1 ^ -> Y v  AOI22X1    0.109   2.310    4.596  
      u_visitor/g809          -            OAI21X1    0.000   2.310    4.596  
      u_visitor/g809          B0 v -> Y ^  OAI21X1    0.067   2.377    4.663  
      u_visitor/count_reg[1]  -            SDFFRHQX1  0.000   2.377    4.663  
      -------------------------------------------------------------------------
     Clock Rise Edge                      0.000
     = Beginpoint Arrival Time            0.000
     Other End Path:
      -------------------------------------------------------------------
      Instance                Arc    Cell       Retime  Arrival  Required  
                                                Delay   Time     Time  
      -------------------------------------------------------------------
      -                       clk ^  -          -       0.000    -2.286  
      u_visitor/count_reg[1]  -      SDFFRHQX1  0.000   0.000    -2.286  
      -------------------------------------------------------------------
Path 21: MET Setup Check with Pin u_visitor/count_reg[1]/CK 
Endpoint:   u_visitor/count_reg[1]/D (^) checked with  leading edge of 'clk'
Beginpoint: u_visitor/count_reg[1]/Q (^) triggered by  leading edge of 'clk'
Path Groups: {clk}
Retime Analysis { Data Path-Slew }
Other End Arrival Time          0.000
- Setup                         0.237
+ Phase Shift                   5.000
- Uncertainty                   0.100
= Required Time                 4.663
- Arrival Time                  2.371
= Slack Time                    2.292
= Slack Time(original)          2.269
     Clock Rise Edge                      0.000
     = Beginpoint Arrival Time            0.000
     Timing Path:
      -------------------------------------------------------------------------
      Instance                Arc          Cell       Retime  Arrival  Required  
                                                      Delay   Time     Time  
      -------------------------------------------------------------------------
      -                       clk ^        -          -       0.000    2.292  
      u_visitor/count_reg[1]  -            SDFFRHQX1  0.000   0.000    2.292  
      u_visitor/count_reg[1]  CK ^ -> Q ^  SDFFRHQX1  0.386   0.385    2.678  
      u_visitor/g849          -            NAND2XL    0.000   0.385    2.678  
      u_visitor/g849          B ^ -> Y v   NAND2XL    0.179   0.565    2.857  
      u_visitor/g866          -            NOR2BX1    0.000   0.565    2.857  
      u_visitor/g866          B v -> Y ^   NOR2BX1    0.152   0.717    3.009  
      u_visitor/g841          -            NAND2XL    0.000   0.717    3.009  
      u_visitor/g841          B ^ -> Y v   NAND2XL    0.158   0.875    3.167  
      u_visitor/g2            -            NOR2BX1    0.000   0.875    3.167  
      u_visitor/g2            B v -> Y ^   NOR2BX1    0.143   1.018    3.310  
      u_visitor/g835          -            NAND2XL    0.000   1.018    3.310  
      u_visitor/g835          B ^ -> Y v   NAND2XL    0.139   1.156    3.449  
      u_visitor/g831          -            NOR2XL     0.000   1.156    3.449  
      u_visitor/g831          B v -> Y ^   NOR2XL     0.157   1.314    3.606  
      u_visitor/g829          -            AOI211X1   0.000   1.314    3.606  
      u_visitor/g829          A1 ^ -> Y v  AOI211X1   0.320   1.634    3.926  
      u_visitor/g828          -            CLKINVX1   0.000   1.634    3.926  
      u_visitor/g828          A v -> Y ^   CLKINVX1   0.145   1.778    4.071  
      u_visitor/g827          -            NAND2XL    0.000   1.778    4.071  
      u_visitor/g827          B ^ -> Y v   NAND2XL    0.300   2.079    4.371  
      u_visitor/g824          -            INVX1      0.000   2.079    4.371  
      u_visitor/g824          A v -> Y ^   INVX1      0.117   2.195    4.487  
      u_visitor/g811          -            AOI22X1    0.000   2.195    4.487  
      u_visitor/g811          A1 ^ -> Y v  AOI22X1    0.109   2.304    4.596  
      u_visitor/g809          -            OAI21X1    0.000   2.304    4.596  
      u_visitor/g809          B0 v -> Y ^  OAI21X1    0.067   2.371    4.663  
      u_visitor/count_reg[1]  -            SDFFRHQX1  0.000   2.371    4.663  
      -------------------------------------------------------------------------
     Clock Rise Edge                      0.000
     = Beginpoint Arrival Time            0.000
     Other End Path:
      -------------------------------------------------------------------
      Instance                Arc    Cell       Retime  Arrival  Required  
                                                Delay   Time     Time  
      -------------------------------------------------------------------
      -                       clk ^  -          -       0.000    -2.292  
      u_visitor/count_reg[1]  -      SDFFRHQX1  0.000   0.000    -2.292  
      -------------------------------------------------------------------
Path 22: MET Setup Check with Pin u_visitor/count_reg[5]/CK 
Endpoint:   u_visitor/count_reg[5]/D (^) checked with  leading edge of 'clk'
Beginpoint: u_visitor/count_reg[0]/Q (^) triggered by  leading edge of 'clk'
Path Groups: {clk}
Retime Analysis { Data Path-Slew }
Other End Arrival Time          0.000
- Setup                         0.241
+ Phase Shift                   5.000
- Uncertainty                   0.100
= Required Time                 4.659
- Arrival Time                  2.379
= Slack Time                    2.280
= Slack Time(original)          2.285
     Clock Rise Edge                      0.000
     = Beginpoint Arrival Time            0.000
     Timing Path:
      --------------------------------------------------------------------------
      Instance                Arc           Cell       Retime  Arrival  Required  
                                                       Delay   Time     Time  
      --------------------------------------------------------------------------
      -                       clk ^         -          -       0.000    2.280  
      u_visitor/count_reg[0]  -             SDFFRHQX1  0.000   0.000    2.280  
      u_visitor/count_reg[0]  CK ^ -> Q ^   SDFFRHQX1  0.391   0.391    2.671  
      u_visitor/g849          -             NAND2XL    0.000   0.391    2.671  
      u_visitor/g849          A ^ -> Y v    NAND2XL    0.180   0.571    2.851  
      u_visitor/g866          -             NOR2BX1    0.000   0.571    2.851  
      u_visitor/g866          B v -> Y ^    NOR2BX1    0.152   0.723    3.003  
      u_visitor/g841          -             NAND2XL    0.000   0.723    3.003  
      u_visitor/g841          B ^ -> Y v    NAND2XL    0.158   0.881    3.161  
      u_visitor/g2            -             NOR2BX1    0.000   0.881    3.161  
      u_visitor/g2            B v -> Y ^    NOR2BX1    0.143   1.024    3.304  
      u_visitor/g835          -             NAND2XL    0.000   1.024    3.304  
      u_visitor/g835          B ^ -> Y v    NAND2XL    0.139   1.163    3.442  
      u_visitor/g831          -             NOR2XL     0.000   1.163    3.442  
      u_visitor/g831          B v -> Y ^    NOR2XL     0.157   1.320    3.600  
      u_visitor/g829          -             AOI211X1   0.000   1.320    3.600  
      u_visitor/g829          A1 ^ -> Y v   AOI211X1   0.320   1.640    3.920  
      u_visitor/g828          -             CLKINVX1   0.000   1.640    3.920  
      u_visitor/g828          A v -> Y ^    CLKINVX1   0.145   1.785    4.064  
      u_visitor/g827          -             NAND2XL    0.000   1.785    4.064  
      u_visitor/g827          B ^ -> Y v    NAND2XL    0.300   2.085    4.365  
      u_visitor/g816          -             OAI221XL   0.000   2.085    4.365  
      u_visitor/g816          C0 v -> Y ^   OAI221XL   0.130   2.215    4.495  
      u_visitor/g803          -             OAI2BB1X1  0.000   2.215    4.495  
      u_visitor/g803          A1N ^ -> Y ^  OAI2BB1X1  0.164   2.379    4.659  
      u_visitor/count_reg[5]  -             SDFFRHQX1  0.000   2.379    4.659  
      --------------------------------------------------------------------------
     Clock Rise Edge                      0.000
     = Beginpoint Arrival Time            0.000
     Other End Path:
      -------------------------------------------------------------------
      Instance                Arc    Cell       Retime  Arrival  Required  
                                                Delay   Time     Time  
      -------------------------------------------------------------------
      -                       clk ^  -          -       0.000    -2.280  
      u_visitor/count_reg[5]  -      SDFFRHQX1  0.000   0.000    -2.280  
      -------------------------------------------------------------------
Path 23: MET Setup Check with Pin u_visitor/count_reg[3]/CK 
Endpoint:   u_visitor/count_reg[3]/D (^) checked with  leading edge of 'clk'
Beginpoint: u_visitor/count_reg[0]/Q (^) triggered by  leading edge of 'clk'
Path Groups: {clk}
Retime Analysis { Data Path-Slew }
Other End Arrival Time          0.000
- Setup                         0.241
+ Phase Shift                   5.000
- Uncertainty                   0.100
= Required Time                 4.659
- Arrival Time                  2.379
= Slack Time                    2.280
= Slack Time(original)          2.285
     Clock Rise Edge                      0.000
     = Beginpoint Arrival Time            0.000
     Timing Path:
      --------------------------------------------------------------------------
      Instance                Arc           Cell       Retime  Arrival  Required  
                                                       Delay   Time     Time  
      --------------------------------------------------------------------------
      -                       clk ^         -          -       0.000    2.280  
      u_visitor/count_reg[0]  -             SDFFRHQX1  0.000   0.000    2.280  
      u_visitor/count_reg[0]  CK ^ -> Q ^   SDFFRHQX1  0.391   0.391    2.671  
      u_visitor/g849          -             NAND2XL    0.000   0.391    2.671  
      u_visitor/g849          A ^ -> Y v    NAND2XL    0.180   0.571    2.851  
      u_visitor/g866          -             NOR2BX1    0.000   0.571    2.851  
      u_visitor/g866          B v -> Y ^    NOR2BX1    0.152   0.723    3.003  
      u_visitor/g841          -             NAND2XL    0.000   0.723    3.003  
      u_visitor/g841          B ^ -> Y v    NAND2XL    0.158   0.881    3.161  
      u_visitor/g2            -             NOR2BX1    0.000   0.881    3.161  
      u_visitor/g2            B v -> Y ^    NOR2BX1    0.143   1.024    3.304  
      u_visitor/g835          -             NAND2XL    0.000   1.024    3.304  
      u_visitor/g835          B ^ -> Y v    NAND2XL    0.139   1.163    3.442  
      u_visitor/g831          -             NOR2XL     0.000   1.163    3.442  
      u_visitor/g831          B v -> Y ^    NOR2XL     0.157   1.320    3.600  
      u_visitor/g829          -             AOI211X1   0.000   1.320    3.600  
      u_visitor/g829          A1 ^ -> Y v   AOI211X1   0.320   1.640    3.920  
      u_visitor/g828          -             CLKINVX1   0.000   1.640    3.920  
      u_visitor/g828          A v -> Y ^    CLKINVX1   0.145   1.785    4.064  
      u_visitor/g827          -             NAND2XL    0.000   1.785    4.064  
      u_visitor/g827          B ^ -> Y v    NAND2XL    0.300   2.085    4.365  
      u_visitor/g814          -             OAI221XL   0.000   2.085    4.365  
      u_visitor/g814          C0 v -> Y ^   OAI221XL   0.130   2.215    4.495  
      u_visitor/g806          -             OAI2BB1X1  0.000   2.215    4.495  
      u_visitor/g806          A1N ^ -> Y ^  OAI2BB1X1  0.164   2.379    4.659  
      u_visitor/count_reg[3]  -             SDFFRHQX1  0.000   2.379    4.659  
      --------------------------------------------------------------------------
     Clock Rise Edge                      0.000
     = Beginpoint Arrival Time            0.000
     Other End Path:
      -------------------------------------------------------------------
      Instance                Arc    Cell       Retime  Arrival  Required  
                                                Delay   Time     Time  
      -------------------------------------------------------------------
      -                       clk ^  -          -       0.000    -2.280  
      u_visitor/count_reg[3]  -      SDFFRHQX1  0.000   0.000    -2.280  
      -------------------------------------------------------------------
Path 24: MET Setup Check with Pin u_visitor/count_reg[5]/CK 
Endpoint:   u_visitor/count_reg[5]/D (^) checked with  leading edge of 'clk'
Beginpoint: u_visitor/count_reg[2]/Q (^) triggered by  leading edge of 'clk'
Path Groups: {clk}
Retime Analysis { Data Path-Slew }
Other End Arrival Time          0.000
- Setup                         0.241
+ Phase Shift                   5.000
- Uncertainty                   0.100
= Required Time                 4.659
- Arrival Time                  2.372
= Slack Time                    2.287
= Slack Time(original)          2.286
     Clock Rise Edge                      0.000
     = Beginpoint Arrival Time            0.000
     Timing Path:
      --------------------------------------------------------------------------
      Instance                Arc           Cell       Retime  Arrival  Required  
                                                       Delay   Time     Time  
      --------------------------------------------------------------------------
      -                       clk ^         -          -       0.000    2.287  
      u_visitor/count_reg[2]  -             SDFFRHQX1  0.000   0.000    2.287  
      u_visitor/count_reg[2]  CK ^ -> Q ^   SDFFRHQX1  0.399   0.399    2.686  
      u_visitor/g866          -             NOR2BX1    0.000   0.399    2.686  
      u_visitor/g866          AN ^ -> Y ^   NOR2BX1    0.180   0.579    2.866  
      u_visitor/g841          -             NAND2XL    0.000   0.579    2.866  
      u_visitor/g841          B ^ -> Y v    NAND2XL    0.152   0.731    3.018  
      u_visitor/g2            -             NOR2BX1    0.000   0.731    3.018  
      u_visitor/g2            B v -> Y ^    NOR2BX1    0.142   0.873    3.160  
      u_visitor/g835          -             NAND2XL    0.000   0.873    3.160  
      u_visitor/g835          B ^ -> Y v    NAND2XL    0.139   1.011    3.298  
      u_visitor/g831          -             NOR2XL     0.000   1.011    3.298  
      u_visitor/g831          B v -> Y ^    NOR2XL     0.157   1.169    3.456  
      u_visitor/g829          -             AOI211X1   0.000   1.169    3.456  
      u_visitor/g829          A1 ^ -> Y v   AOI211X1   0.320   1.488    3.776  
      u_visitor/g823          -             NOR2XL     0.000   1.488    3.776  
      u_visitor/g823          B v -> Y ^    NOR2XL     0.408   1.897    4.184  
      u_visitor/g821          -             CLKINVX1   0.000   1.897    4.184  
      u_visitor/g821          A ^ -> Y v    CLKINVX1   0.150   2.046    4.333  
      u_visitor/g816          -             OAI221XL   0.000   2.046    4.333  
      u_visitor/g816          A1 v -> Y ^   OAI221XL   0.161   2.208    4.495  
      u_visitor/g803          -             OAI2BB1X1  0.000   2.208    4.495  
      u_visitor/g803          A1N ^ -> Y ^  OAI2BB1X1  0.165   2.372    4.659  
      u_visitor/count_reg[5]  -             SDFFRHQX1  0.000   2.372    4.659  
      --------------------------------------------------------------------------
     Clock Rise Edge                      0.000
     = Beginpoint Arrival Time            0.000
     Other End Path:
      -------------------------------------------------------------------
      Instance                Arc    Cell       Retime  Arrival  Required  
                                                Delay   Time     Time  
      -------------------------------------------------------------------
      -                       clk ^  -          -       0.000    -2.287  
      u_visitor/count_reg[5]  -      SDFFRHQX1  0.000   0.000    -2.287  
      -------------------------------------------------------------------
Path 25: MET Setup Check with Pin u_visitor/count_reg[3]/CK 
Endpoint:   u_visitor/count_reg[3]/D (^) checked with  leading edge of 'clk'
Beginpoint: u_visitor/count_reg[2]/Q (^) triggered by  leading edge of 'clk'
Path Groups: {clk}
Retime Analysis { Data Path-Slew }
Other End Arrival Time          0.000
- Setup                         0.241
+ Phase Shift                   5.000
- Uncertainty                   0.100
= Required Time                 4.659
- Arrival Time                  2.372
= Slack Time                    2.287
= Slack Time(original)          2.286
     Clock Rise Edge                      0.000
     = Beginpoint Arrival Time            0.000
     Timing Path:
      --------------------------------------------------------------------------
      Instance                Arc           Cell       Retime  Arrival  Required  
                                                       Delay   Time     Time  
      --------------------------------------------------------------------------
      -                       clk ^         -          -       0.000    2.287  
      u_visitor/count_reg[2]  -             SDFFRHQX1  0.000   0.000    2.287  
      u_visitor/count_reg[2]  CK ^ -> Q ^   SDFFRHQX1  0.399   0.399    2.686  
      u_visitor/g866          -             NOR2BX1    0.000   0.399    2.686  
      u_visitor/g866          AN ^ -> Y ^   NOR2BX1    0.180   0.579    2.866  
      u_visitor/g841          -             NAND2XL    0.000   0.579    2.866  
      u_visitor/g841          B ^ -> Y v    NAND2XL    0.152   0.731    3.018  
      u_visitor/g2            -             NOR2BX1    0.000   0.731    3.018  
      u_visitor/g2            B v -> Y ^    NOR2BX1    0.142   0.873    3.160  
      u_visitor/g835          -             NAND2XL    0.000   0.873    3.160  
      u_visitor/g835          B ^ -> Y v    NAND2XL    0.139   1.011    3.298  
      u_visitor/g831          -             NOR2XL     0.000   1.011    3.298  
      u_visitor/g831          B v -> Y ^    NOR2XL     0.157   1.169    3.456  
      u_visitor/g829          -             AOI211X1   0.000   1.169    3.456  
      u_visitor/g829          A1 ^ -> Y v   AOI211X1   0.320   1.488    3.776  
      u_visitor/g823          -             NOR2XL     0.000   1.488    3.776  
      u_visitor/g823          B v -> Y ^    NOR2XL     0.408   1.897    4.184  
      u_visitor/g821          -             CLKINVX1   0.000   1.897    4.184  
      u_visitor/g821          A ^ -> Y v    CLKINVX1   0.150   2.046    4.333  
      u_visitor/g814          -             OAI221XL   0.000   2.046    4.333  
      u_visitor/g814          A1 v -> Y ^   OAI221XL   0.161   2.208    4.495  
      u_visitor/g806          -             OAI2BB1X1  0.000   2.208    4.495  
      u_visitor/g806          A1N ^ -> Y ^  OAI2BB1X1  0.165   2.372    4.659  
      u_visitor/count_reg[3]  -             SDFFRHQX1  0.000   2.372    4.659  
      --------------------------------------------------------------------------
     Clock Rise Edge                      0.000
     = Beginpoint Arrival Time            0.000
     Other End Path:
      -------------------------------------------------------------------
      Instance                Arc    Cell       Retime  Arrival  Required  
                                                Delay   Time     Time  
      -------------------------------------------------------------------
      -                       clk ^  -          -       0.000    -2.287  
      u_visitor/count_reg[3]  -      SDFFRHQX1  0.000   0.000    -2.287  
      -------------------------------------------------------------------
Path 26: MET Setup Check with Pin u_visitor/count_reg[5]/CK 
Endpoint:   u_visitor/count_reg[5]/D (^) checked with  leading edge of 'clk'
Beginpoint: u_visitor/count_reg[1]/Q (^) triggered by  leading edge of 'clk'
Path Groups: {clk}
Retime Analysis { Data Path-Slew }
Other End Arrival Time          0.000
- Setup                         0.241
+ Phase Shift                   5.000
- Uncertainty                   0.100
= Required Time                 4.659
- Arrival Time                  2.373
= Slack Time                    2.286
= Slack Time(original)          2.291
     Clock Rise Edge                      0.000
     = Beginpoint Arrival Time            0.000
     Timing Path:
      --------------------------------------------------------------------------
      Instance                Arc           Cell       Retime  Arrival  Required  
                                                       Delay   Time     Time  
      --------------------------------------------------------------------------
      -                       clk ^         -          -       0.000    2.286  
      u_visitor/count_reg[1]  -             SDFFRHQX1  0.000   0.000    2.286  
      u_visitor/count_reg[1]  CK ^ -> Q ^   SDFFRHQX1  0.386   0.386    2.671  
      u_visitor/g849          -             NAND2XL    0.000   0.386    2.671  
      u_visitor/g849          B ^ -> Y v    NAND2XL    0.179   0.565    2.851  
      u_visitor/g866          -             NOR2BX1    0.000   0.565    2.851  
      u_visitor/g866          B v -> Y ^    NOR2BX1    0.152   0.717    3.003  
      u_visitor/g841          -             NAND2XL    0.000   0.717    3.003  
      u_visitor/g841          B ^ -> Y v    NAND2XL    0.158   0.875    3.161  
      u_visitor/g2            -             NOR2BX1    0.000   0.875    3.161  
      u_visitor/g2            B v -> Y ^    NOR2BX1    0.143   1.018    3.304  
      u_visitor/g835          -             NAND2XL    0.000   1.018    3.304  
      u_visitor/g835          B ^ -> Y v    NAND2XL    0.139   1.156    3.442  
      u_visitor/g831          -             NOR2XL     0.000   1.156    3.442  
      u_visitor/g831          B v -> Y ^    NOR2XL     0.157   1.314    3.600  
      u_visitor/g829          -             AOI211X1   0.000   1.314    3.600  
      u_visitor/g829          A1 ^ -> Y v   AOI211X1   0.320   1.634    3.920  
      u_visitor/g828          -             CLKINVX1   0.000   1.634    3.920  
      u_visitor/g828          A v -> Y ^    CLKINVX1   0.145   1.778    4.064  
      u_visitor/g827          -             NAND2XL    0.000   1.778    4.064  
      u_visitor/g827          B ^ -> Y v    NAND2XL    0.300   2.079    4.365  
      u_visitor/g816          -             OAI221XL   0.000   2.079    4.365  
      u_visitor/g816          C0 v -> Y ^   OAI221XL   0.130   2.209    4.495  
      u_visitor/g803          -             OAI2BB1X1  0.000   2.209    4.495  
      u_visitor/g803          A1N ^ -> Y ^  OAI2BB1X1  0.164   2.373    4.659  
      u_visitor/count_reg[5]  -             SDFFRHQX1  0.000   2.373    4.659  
      --------------------------------------------------------------------------
     Clock Rise Edge                      0.000
     = Beginpoint Arrival Time            0.000
     Other End Path:
      -------------------------------------------------------------------
      Instance                Arc    Cell       Retime  Arrival  Required  
                                                Delay   Time     Time  
      -------------------------------------------------------------------
      -                       clk ^  -          -       0.000    -2.286  
      u_visitor/count_reg[5]  -      SDFFRHQX1  0.000   0.000    -2.286  
      -------------------------------------------------------------------
Path 27: MET Setup Check with Pin u_visitor/count_reg[3]/CK 
Endpoint:   u_visitor/count_reg[3]/D (^) checked with  leading edge of 'clk'
Beginpoint: u_visitor/count_reg[1]/Q (^) triggered by  leading edge of 'clk'
Path Groups: {clk}
Retime Analysis { Data Path-Slew }
Other End Arrival Time          0.000
- Setup                         0.241
+ Phase Shift                   5.000
- Uncertainty                   0.100
= Required Time                 4.659
- Arrival Time                  2.373
= Slack Time                    2.286
= Slack Time(original)          2.291
     Clock Rise Edge                      0.000
     = Beginpoint Arrival Time            0.000
     Timing Path:
      --------------------------------------------------------------------------
      Instance                Arc           Cell       Retime  Arrival  Required  
                                                       Delay   Time     Time  
      --------------------------------------------------------------------------
      -                       clk ^         -          -       0.000    2.286  
      u_visitor/count_reg[1]  -             SDFFRHQX1  0.000   0.000    2.286  
      u_visitor/count_reg[1]  CK ^ -> Q ^   SDFFRHQX1  0.386   0.386    2.671  
      u_visitor/g849          -             NAND2XL    0.000   0.386    2.671  
      u_visitor/g849          B ^ -> Y v    NAND2XL    0.179   0.565    2.851  
      u_visitor/g866          -             NOR2BX1    0.000   0.565    2.851  
      u_visitor/g866          B v -> Y ^    NOR2BX1    0.152   0.717    3.003  
      u_visitor/g841          -             NAND2XL    0.000   0.717    3.003  
      u_visitor/g841          B ^ -> Y v    NAND2XL    0.158   0.875    3.161  
      u_visitor/g2            -             NOR2BX1    0.000   0.875    3.161  
      u_visitor/g2            B v -> Y ^    NOR2BX1    0.143   1.018    3.304  
      u_visitor/g835          -             NAND2XL    0.000   1.018    3.304  
      u_visitor/g835          B ^ -> Y v    NAND2XL    0.139   1.156    3.442  
      u_visitor/g831          -             NOR2XL     0.000   1.156    3.442  
      u_visitor/g831          B v -> Y ^    NOR2XL     0.157   1.314    3.600  
      u_visitor/g829          -             AOI211X1   0.000   1.314    3.600  
      u_visitor/g829          A1 ^ -> Y v   AOI211X1   0.320   1.634    3.920  
      u_visitor/g828          -             CLKINVX1   0.000   1.634    3.920  
      u_visitor/g828          A v -> Y ^    CLKINVX1   0.145   1.778    4.064  
      u_visitor/g827          -             NAND2XL    0.000   1.778    4.064  
      u_visitor/g827          B ^ -> Y v    NAND2XL    0.300   2.079    4.365  
      u_visitor/g814          -             OAI221XL   0.000   2.079    4.365  
      u_visitor/g814          C0 v -> Y ^   OAI221XL   0.130   2.209    4.495  
      u_visitor/g806          -             OAI2BB1X1  0.000   2.209    4.495  
      u_visitor/g806          A1N ^ -> Y ^  OAI2BB1X1  0.164   2.373    4.659  
      u_visitor/count_reg[3]  -             SDFFRHQX1  0.000   2.373    4.659  
      --------------------------------------------------------------------------
     Clock Rise Edge                      0.000
     = Beginpoint Arrival Time            0.000
     Other End Path:
      -------------------------------------------------------------------
      Instance                Arc    Cell       Retime  Arrival  Required  
                                                Delay   Time     Time  
      -------------------------------------------------------------------
      -                       clk ^  -          -       0.000    -2.286  
      u_visitor/count_reg[3]  -      SDFFRHQX1  0.000   0.000    -2.286  
      -------------------------------------------------------------------
Path 28: MET Setup Check with Pin u_visitor/count_reg[6]/CK 
Endpoint:   u_visitor/count_reg[6]/D (^) checked with  leading edge of 'clk'
Beginpoint: u_visitor/count_reg[0]/Q (^) triggered by  leading edge of 'clk'
Path Groups: {clk}
Retime Analysis { Data Path-Slew }
Other End Arrival Time          0.000
- Setup                         0.223
+ Phase Shift                   5.000
- Uncertainty                   0.100
= Required Time                 4.677
- Arrival Time                  2.351
= Slack Time                    2.325
= Slack Time(original)          2.309
     Clock Rise Edge                      0.000
     = Beginpoint Arrival Time            0.000
     Timing Path:
      -------------------------------------------------------------------------
      Instance                Arc          Cell       Retime  Arrival  Required  
                                                      Delay   Time     Time  
      -------------------------------------------------------------------------
      -                       clk ^        -          -       0.000    2.325  
      u_visitor/count_reg[0]  -            SDFFRHQX1  0.000   0.000    2.325  
      u_visitor/count_reg[0]  CK ^ -> Q ^  SDFFRHQX1  0.391   0.391    2.717  
      u_visitor/g849          -            NAND2XL    0.000   0.391    2.717  
      u_visitor/g849          A ^ -> Y v   NAND2XL    0.180   0.571    2.896  
      u_visitor/g866          -            NOR2BX1    0.000   0.571    2.896  
      u_visitor/g866          B v -> Y ^   NOR2BX1    0.152   0.723    3.049  
      u_visitor/g841          -            NAND2XL    0.000   0.723    3.049  
      u_visitor/g841          B ^ -> Y v   NAND2XL    0.158   0.881    3.207  
      u_visitor/g2            -            NOR2BX1    0.000   0.881    3.207  
      u_visitor/g2            B v -> Y ^   NOR2BX1    0.143   1.024    3.349  
      u_visitor/g835          -            NAND2XL    0.000   1.024    3.349  
      u_visitor/g835          B ^ -> Y v   NAND2XL    0.139   1.163    3.488  
      u_visitor/g831          -            NOR2XL     0.000   1.163    3.488  
      u_visitor/g831          B v -> Y ^   NOR2XL     0.157   1.320    3.645  
      u_visitor/g829          -            AOI211X1   0.000   1.320    3.645  
      u_visitor/g829          A1 ^ -> Y v  AOI211X1   0.320   1.640    3.965  
      u_visitor/g823          -            NOR2XL     0.000   1.640    3.965  
      u_visitor/g823          B v -> Y ^   NOR2XL     0.408   2.048    4.374  
      u_visitor/g804          -            AOI222XL   0.000   2.048    4.374  
      u_visitor/g804          A1 ^ -> Y v  AOI222XL   0.223   2.271    4.596  
      u_visitor/g801          -            INVX1      0.000   2.271    4.596  
      u_visitor/g801          A v -> Y ^   INVX1      0.080   2.351    4.677  
      u_visitor/count_reg[6]  -            SDFFRHQX1  0.000   2.351    4.677  
      -------------------------------------------------------------------------
     Clock Rise Edge                      0.000
     = Beginpoint Arrival Time            0.000
     Other End Path:
      -------------------------------------------------------------------
      Instance                Arc    Cell       Retime  Arrival  Required  
                                                Delay   Time     Time  
      -------------------------------------------------------------------
      -                       clk ^  -          -       0.000    -2.325  
      u_visitor/count_reg[6]  -      SDFFRHQX1  0.000   0.000    -2.325  
      -------------------------------------------------------------------
Path 29: MET Setup Check with Pin u_visitor/count_reg[4]/CK 
Endpoint:   u_visitor/count_reg[4]/D (^) checked with  leading edge of 'clk'
Beginpoint: u_visitor/count_reg[0]/Q (^) triggered by  leading edge of 'clk'
Path Groups: {clk}
Retime Analysis { Data Path-Slew }
Other End Arrival Time          0.000
- Setup                         0.223
+ Phase Shift                   5.000
- Uncertainty                   0.100
= Required Time                 4.677
- Arrival Time                  2.351
= Slack Time                    2.325
= Slack Time(original)          2.309
     Clock Rise Edge                      0.000
     = Beginpoint Arrival Time            0.000
     Timing Path:
      -------------------------------------------------------------------------
      Instance                Arc          Cell       Retime  Arrival  Required  
                                                      Delay   Time     Time  
      -------------------------------------------------------------------------
      -                       clk ^        -          -       0.000    2.325  
      u_visitor/count_reg[0]  -            SDFFRHQX1  0.000   0.000    2.325  
      u_visitor/count_reg[0]  CK ^ -> Q ^  SDFFRHQX1  0.391   0.391    2.717  
      u_visitor/g849          -            NAND2XL    0.000   0.391    2.717  
      u_visitor/g849          A ^ -> Y v   NAND2XL    0.180   0.571    2.896  
      u_visitor/g866          -            NOR2BX1    0.000   0.571    2.896  
      u_visitor/g866          B v -> Y ^   NOR2BX1    0.152   0.723    3.049  
      u_visitor/g841          -            NAND2XL    0.000   0.723    3.049  
      u_visitor/g841          B ^ -> Y v   NAND2XL    0.158   0.881    3.207  
      u_visitor/g2            -            NOR2BX1    0.000   0.881    3.207  
      u_visitor/g2            B v -> Y ^   NOR2BX1    0.143   1.024    3.349  
      u_visitor/g835          -            NAND2XL    0.000   1.024    3.349  
      u_visitor/g835          B ^ -> Y v   NAND2XL    0.139   1.163    3.488  
      u_visitor/g831          -            NOR2XL     0.000   1.163    3.488  
      u_visitor/g831          B v -> Y ^   NOR2XL     0.157   1.320    3.645  
      u_visitor/g829          -            AOI211X1   0.000   1.320    3.645  
      u_visitor/g829          A1 ^ -> Y v  AOI211X1   0.320   1.640    3.965  
      u_visitor/g823          -            NOR2XL     0.000   1.640    3.965  
      u_visitor/g823          B v -> Y ^   NOR2XL     0.408   2.048    4.374  
      u_visitor/g798          -            AOI222XL   0.000   2.048    4.374  
      u_visitor/g798          A1 ^ -> Y v  AOI222XL   0.223   2.271    4.596  
      u_visitor/g797          -            INVX1      0.000   2.271    4.596  
      u_visitor/g797          A v -> Y ^   INVX1      0.080   2.351    4.677  
      u_visitor/count_reg[4]  -            SDFFRHQX1  0.000   2.351    4.677  
      -------------------------------------------------------------------------
     Clock Rise Edge                      0.000
     = Beginpoint Arrival Time            0.000
     Other End Path:
      -------------------------------------------------------------------
      Instance                Arc    Cell       Retime  Arrival  Required  
                                                Delay   Time     Time  
      -------------------------------------------------------------------
      -                       clk ^  -          -       0.000    -2.325  
      u_visitor/count_reg[4]  -      SDFFRHQX1  0.000   0.000    -2.325  
      -------------------------------------------------------------------
Path 30: MET Setup Check with Pin u_visitor/count_reg[2]/CK 
Endpoint:   u_visitor/count_reg[2]/D (^) checked with  leading edge of 'clk'
Beginpoint: u_visitor/count_reg[0]/Q (^) triggered by  leading edge of 'clk'
Path Groups: {clk}
Retime Analysis { Data Path-Slew }
Other End Arrival Time          0.000
- Setup                         0.223
+ Phase Shift                   5.000
- Uncertainty                   0.100
= Required Time                 4.677
- Arrival Time                  2.351
= Slack Time                    2.325
= Slack Time(original)          2.309
     Clock Rise Edge                      0.000
     = Beginpoint Arrival Time            0.000
     Timing Path:
      -------------------------------------------------------------------------
      Instance                Arc          Cell       Retime  Arrival  Required  
                                                      Delay   Time     Time  
      -------------------------------------------------------------------------
      -                       clk ^        -          -       0.000    2.325  
      u_visitor/count_reg[0]  -            SDFFRHQX1  0.000   0.000    2.325  
      u_visitor/count_reg[0]  CK ^ -> Q ^  SDFFRHQX1  0.391   0.391    2.717  
      u_visitor/g849          -            NAND2XL    0.000   0.391    2.717  
      u_visitor/g849          A ^ -> Y v   NAND2XL    0.180   0.571    2.896  
      u_visitor/g866          -            NOR2BX1    0.000   0.571    2.896  
      u_visitor/g866          B v -> Y ^   NOR2BX1    0.152   0.723    3.049  
      u_visitor/g841          -            NAND2XL    0.000   0.723    3.049  
      u_visitor/g841          B ^ -> Y v   NAND2XL    0.158   0.881    3.207  
      u_visitor/g2            -            NOR2BX1    0.000   0.881    3.207  
      u_visitor/g2            B v -> Y ^   NOR2BX1    0.143   1.024    3.349  
      u_visitor/g835          -            NAND2XL    0.000   1.024    3.349  
      u_visitor/g835          B ^ -> Y v   NAND2XL    0.139   1.163    3.488  
      u_visitor/g831          -            NOR2XL     0.000   1.163    3.488  
      u_visitor/g831          B v -> Y ^   NOR2XL     0.157   1.320    3.645  
      u_visitor/g829          -            AOI211X1   0.000   1.320    3.645  
      u_visitor/g829          A1 ^ -> Y v  AOI211X1   0.320   1.640    3.965  
      u_visitor/g823          -            NOR2XL     0.000   1.640    3.965  
      u_visitor/g823          B v -> Y ^   NOR2XL     0.408   2.048    4.374  
      u_visitor/g805          -            AOI222XL   0.000   2.048    4.374  
      u_visitor/g805          A1 ^ -> Y v  AOI222XL   0.223   2.271    4.596  
      u_visitor/g802          -            INVX1      0.000   2.271    4.596  
      u_visitor/g802          A v -> Y ^   INVX1      0.080   2.351    4.677  
      u_visitor/count_reg[2]  -            SDFFRHQX1  0.000   2.351    4.677  
      -------------------------------------------------------------------------
     Clock Rise Edge                      0.000
     = Beginpoint Arrival Time            0.000
     Other End Path:
      -------------------------------------------------------------------
      Instance                Arc    Cell       Retime  Arrival  Required  
                                                Delay   Time     Time  
      -------------------------------------------------------------------
      -                       clk ^  -          -       0.000    -2.325  
      u_visitor/count_reg[2]  -      SDFFRHQX1  0.000   0.000    -2.325  
      -------------------------------------------------------------------

