ncverilog(64): 15.20-s084: (c) Copyright 1995-2020 Cadence Design Systems, Inc.
TOOL:	ncverilog	15.20-s084: Started on Jun 06, 2026 at 12:37:10 IST
ncverilog
	-access
	rwc
	Top.v
	best_Top_tb.v
	-coverage
	all
	-gui
file: best_Top_tb.v
        init_all();
                 |
ncvlog: *W,TMTPAR (best_Top_tb.v,145|17): A task enable with no arguments must not include an empty set of parentheses [10.2.2 (IEEE Std 1364-2005)].  The compiler has ignored the parentheses.  Use 'nchelp ncvlog TMTPAR'  for further information.
        init_all(); #50;
                 |
ncvlog: *W,TMTPAR (best_Top_tb.v,183|17): A task enable with no arguments must not include an empty set of parentheses [10.2.2 (IEEE Std 1364-2005)].  The compiler has ignored the parentheses.  Use 'nchelp ncvlog TMTPAR'  for further information.
        init_all(); #50;
                 |
ncvlog: *W,TMTPAR (best_Top_tb.v,214|17): A task enable with no arguments must not include an empty set of parentheses [10.2.2 (IEEE Std 1364-2005)].  The compiler has ignored the parentheses.  Use 'nchelp ncvlog TMTPAR'  for further information.
        init_all(); #50;
                 |
ncvlog: *W,TMTPAR (best_Top_tb.v,231|17): A task enable with no arguments must not include an empty set of parentheses [10.2.2 (IEEE Std 1364-2005)].  The compiler has ignored the parentheses.  Use 'nchelp ncvlog TMTPAR'  for further information.
        init_all(); #50;
                 |
ncvlog: *W,TMTPAR (best_Top_tb.v,270|17): A task enable with no arguments must not include an empty set of parentheses [10.2.2 (IEEE Std 1364-2005)].  The compiler has ignored the parentheses.  Use 'nchelp ncvlog TMTPAR'  for further information.
        init_all();
                 |
ncvlog: *W,TMTPAR (best_Top_tb.v,295|17): A task enable with no arguments must not include an empty set of parentheses [10.2.2 (IEEE Std 1364-2005)].  The compiler has ignored the parentheses.  Use 'nchelp ncvlog TMTPAR'  for further information.
        init_all(); #50;
                 |
ncvlog: *W,TMTPAR (best_Top_tb.v,310|17): A task enable with no arguments must not include an empty set of parentheses [10.2.2 (IEEE Std 1364-2005)].  The compiler has ignored the parentheses.  Use 'nchelp ncvlog TMTPAR'  for further information.
        init_all(); #50;
                 |
ncvlog: *W,TMTPAR (best_Top_tb.v,342|17): A task enable with no arguments must not include an empty set of parentheses [10.2.2 (IEEE Std 1364-2005)].  The compiler has ignored the parentheses.  Use 'nchelp ncvlog TMTPAR'  for further information.
        init_all(); #50;
                 |
ncvlog: *W,TMTPAR (best_Top_tb.v,359|17): A task enable with no arguments must not include an empty set of parentheses [10.2.2 (IEEE Std 1364-2005)].  The compiler has ignored the parentheses.  Use 'nchelp ncvlog TMTPAR'  for further information.
        init_all(); #50;
                 |
ncvlog: *W,TMTPAR (best_Top_tb.v,374|17): A task enable with no arguments must not include an empty set of parentheses [10.2.2 (IEEE Std 1364-2005)].  The compiler has ignored the parentheses.  Use 'nchelp ncvlog TMTPAR'  for further information.
        init_all(); #50;
                 |
ncvlog: *W,TMTPAR (best_Top_tb.v,488|17): A task enable with no arguments must not include an empty set of parentheses [10.2.2 (IEEE Std 1364-2005)].  The compiler has ignored the parentheses.  Use 'nchelp ncvlog TMTPAR'  for further information.
        init_all(); #50;
                 |
ncvlog: *W,TMTPAR (best_Top_tb.v,535|17): A task enable with no arguments must not include an empty set of parentheses [10.2.2 (IEEE Std 1364-2005)].  The compiler has ignored the parentheses.  Use 'nchelp ncvlog TMTPAR'  for further information.
        init_all(); #50;
                 |
ncvlog: *W,TMTPAR (best_Top_tb.v,568|17): A task enable with no arguments must not include an empty set of parentheses [10.2.2 (IEEE Std 1364-2005)].  The compiler has ignored the parentheses.  Use 'nchelp ncvlog TMTPAR'  for further information.
            init_all();
                     |
ncvlog: *W,TMTPAR (best_Top_tb.v,583|21): A task enable with no arguments must not include an empty set of parentheses [10.2.2 (IEEE Std 1364-2005)].  The compiler has ignored the parentheses.  Use 'nchelp ncvlog TMTPAR'  for further information.
	module worklib.tb_home_automation:v
		errors: 0, warnings: 14
		Caching library 'worklib' ....... Done
	Elaborating the design hierarchy:

	Extracting FSMs for coverage:
		worklib.temperature_controller
		worklib.water_level_controller
		worklib.luminosity_controller
		worklib.burglar_alarm
		worklib.visitor_counter
		worklib.window_treatment
		worklib.entertainment_system
		worklib.appliances_controller
		worklib.door_lock_controller
			FSM extracted for state register state
		worklib.humidity_controller
		worklib.home_automation_top
		worklib.tb_home_automation
	Total FSMs extracted = 1
	Building instance overlay tables: ..................
ncelab: *W,COVFHT: FSM hold transitions (transitions to the current state) are not extracted for any FSM in default mode.
.. Done
	Enabling instrumentation for coverage types: block expression FSM toggle functional
ncelab: *W,COVDCL: By default expression coverage is scored only for Verilog logical operators (|| and &&) and VHDL logical operators (OR, AND, NOR, and NAND), and is scored only in condition expressions. To score coverage for other operators and for expressions in other statements, use the "set_expr_coverable_operators" and "set_expr_coverable_statements" coverage configuration file commands with suitable options at elaboration.
	Generating native compiled code:
		worklib.tb_home_automation:v <0x4c8d0457>
			streams:  32, words: 157096
    integer i, j, k;
            |
ncelab: *W,COVUTA (./best_Top_tb.v,78|12): Toggle coverage is not supported for SystemVerilog integer, real, string, dynamic array, sparse memory, and array of enum. It is also not supported for VHDL multi-dimensional array and array of record. There may also be other such objects in the design.
	Building instance specific data structures.
	Loading native compiled code:     .................... Done
	Design hierarchy summary:
		              Instances  Unique
		Modules:             12      12
		Registers:           94      94
		Scalar wires:        60       -
		Vectored wires:      26       -
		Always blocks:       15      15
		Initial blocks:       4       4
		Cont. assignments:    1      19
		Pseudo assignments:  48      48
	Writing initial simulation snapshot: worklib.tb_home_automation:v

-------------------------------------
Relinquished control to SimVision...
ncsim> 
ncsim> source /cadence/INCISIVE152/tools/inca/files/ncsimrc
ncsim> coverage -analyze
ncsim: *E,CVGIMC: The IMC window cannot be opened before simulation starts.
ncsim> coverage -analyze
ncsim: *E,CVGIMC: The IMC window cannot be opened before simulation starts.
ncsim> database -open waves -into waves.shm -default
Created default SHM database waves
ncsim> probe -create -shm tb_home_automation.ac_cmd tb_home_automation.ac_on tb_home_automation.alarm_arm tb_home_automation.burglar_alarm_out tb_home_automation.clk tb_home_automation.cooler_on tb_home_automation.dehumidifier_on tb_home_automation.door_lock_cmd tb_home_automation.door_locked tb_home_automation.door_sensor tb_home_automation.door_unlock_cmd tb_home_automation.entry_sensor tb_home_automation.exit_sensor tb_home_automation.fan_cmd tb_home_automation.fan_on tb_home_automation.heater_on tb_home_automation.humidifier_on tb_home_automation.humidity_sensor tb_home_automation.i tb_home_automation.j tb_home_automation.k tb_home_automation.led_brightness tb_home_automation.light_cmd tb_home_automation.light_sensor tb_home_automation.lights_on tb_home_automation.lock_status tb_home_automation.motion_sensor tb_home_automation.music_on tb_home_automation.music_on_cmd tb_home_automation.pin_input tb_home_automation.rst_n tb_home_automation.system_status tb_home_automation.temp_sensor tb_home_automation.temp_setpoint tb_home_automation.tv_on tb_home_automation.tv_on_cmd tb_home_automation.visitor_count tb_home_automation.volume_cmd tb_home_automation.volume_level tb_home_automation.water_level tb_home_automation.water_pump_on tb_home_automation.water_valve_close tb_home_automation.window_auto_mode tb_home_automation.window_manual_close tb_home_automation.window_manual_open tb_home_automation.window_sensor tb_home_automation.window_state
Created probe 1
ncsim> run
ncsim: *E,C58EXE: Coverage database file already exists in the test output directory './cov_work/scope/test', and will not be overwritten. Specify a different name for the test output directory or use the '-covoverwrite' option to overwrite the existing test output directory, and rerun the simulation.
=================================================================
100% CODE COVERAGE TESTBENCH - Enhanced Design
Modules: 10 (including Door Lock FSM + Humidity Controller)
=================================================================

T=0 | Temp=25/25 H=x C=x | Water=8 | Alarm=x | Lock=x[xx] | Humid=50 HF=x DF=x
T=10 | Temp=25/25 H=0 C=0 | Water=8 | Alarm=0 | Lock=0[00] | Humid=50 HF=0 DF=0
T=45 | Temp=25/25 H=1 C=0 | Water=8 | Alarm=0 | Lock=0[00] | Humid=50 HF=1 DF=0
T=55 | Temp=25/25 H=0 C=0 | Water=8 | Alarm=0 | Lock=0[00] | Humid=50 HF=0 DF=0

[TEST 1] Temperature Controller - Complete Branch Coverage
T=60 | Temp=0/50 H=0 C=0 | Water=8 | Alarm=0 | Lock=0[00] | Humid=50 HF=0 DF=0
T=85 | Temp=0/50 H=1 C=0 | Water=8 | Alarm=0 | Lock=0[00] | Humid=50 HF=0 DF=0
T=90 | Temp=1/50 H=1 C=0 | Water=8 | Alarm=0 | Lock=0[00] | Humid=50 HF=0 DF=0
T=120 | Temp=2/50 H=1 C=0 | Water=8 | Alarm=0 | Lock=0[00] | Humid=50 HF=0 DF=0
T=150 | Temp=3/50 H=1 C=0 | Water=8 | Alarm=0 | Lock=0[00] | Humid=50 HF=0 DF=0
T=180 | Temp=4/50 H=1 C=0 | Water=8 | Alarm=0 | Lock=0[00] | Humid=50 HF=0 DF=0
T=210 | Temp=5/50 H=1 C=0 | Water=8 | Alarm=0 | Lock=0[00] | Humid=50 HF=0 DF=0
T=240 | Temp=6/50 H=1 C=0 | Water=8 | Alarm=0 | Lock=0[00] | Humid=50 HF=0 DF=0
T=270 | Temp=7/50 H=1 C=0 | Water=8 | Alarm=0 | Lock=0[00] | Humid=50 HF=0 DF=0
T=300 | Temp=8/50 H=1 C=0 | Water=8 | Alarm=0 | Lock=0[00] | Humid=50 HF=0 DF=0
T=330 | Temp=9/50 H=1 C=0 | Water=8 | Alarm=0 | Lock=0[00] | Humid=50 HF=0 DF=0
T=360 | Temp=10/50 H=1 C=0 | Water=8 | Alarm=0 | Lock=0[00] | Humid=50 HF=0 DF=0
T=390 | Temp=11/50 H=1 C=0 | Water=8 | Alarm=0 | Lock=0[00] | Humid=50 HF=0 DF=0
T=420 | Temp=12/50 H=1 C=0 | Water=8 | Alarm=0 | Lock=0[00] | Humid=50 HF=0 DF=0
T=450 | Temp=13/50 H=1 C=0 | Water=8 | Alarm=0 | Lock=0[00] | Humid=50 HF=0 DF=0
T=480 | Temp=14/50 H=1 C=0 | Water=8 | Alarm=0 | Lock=0[00] | Humid=50 HF=0 DF=0
T=510 | Temp=15/50 H=1 C=0 | Water=8 | Alarm=0 | Lock=0[00] | Humid=50 HF=0 DF=0
T=540 | Temp=16/50 H=1 C=0 | Water=8 | Alarm=0 | Lock=0[00] | Humid=50 HF=0 DF=0
T=570 | Temp=17/50 H=1 C=0 | Water=8 | Alarm=0 | Lock=0[00] | Humid=50 HF=0 DF=0
T=600 | Temp=18/50 H=1 C=0 | Water=8 | Alarm=0 | Lock=0[00] | Humid=50 HF=0 DF=0
T=630 | Temp=19/50 H=1 C=0 | Water=8 | Alarm=0 | Lock=0[00] | Humid=50 HF=0 DF=0
T=660 | Temp=20/50 H=1 C=0 | Water=8 | Alarm=0 | Lock=0[00] | Humid=50 HF=0 DF=0
T=690 | Temp=21/50 H=1 C=0 | Water=8 | Alarm=0 | Lock=0[00] | Humid=50 HF=0 DF=0
T=720 | Temp=22/50 H=1 C=0 | Water=8 | Alarm=0 | Lock=0[00] | Humid=50 HF=0 DF=0
T=750 | Temp=23/50 H=1 C=0 | Water=8 | Alarm=0 | Lock=0[00] | Humid=50 HF=0 DF=0
T=780 | Temp=24/50 H=1 C=0 | Water=8 | Alarm=0 | Lock=0[00] | Humid=50 HF=0 DF=0
T=810 | Temp=25/50 H=1 C=0 | Water=8 | Alarm=0 | Lock=0[00] | Humid=50 HF=0 DF=0
T=840 | Temp=26/50 H=1 C=0 | Water=8 | Alarm=0 | Lock=0[00] | Humid=50 HF=0 DF=0
T=870 | Temp=27/50 H=1 C=0 | Water=8 | Alarm=0 | Lock=0[00] | Humid=50 HF=0 DF=0
T=900 | Temp=28/50 H=1 C=0 | Water=8 | Alarm=0 | Lock=0[00] | Humid=50 HF=0 DF=0
T=930 | Temp=29/50 H=1 C=0 | Water=8 | Alarm=0 | Lock=0[00] | Humid=50 HF=0 DF=0
T=960 | Temp=30/50 H=1 C=0 | Water=8 | Alarm=0 | Lock=0[00] | Humid=50 HF=0 DF=0
T=990 | Temp=31/50 H=1 C=0 | Water=8 | Alarm=0 | Lock=0[00] | Humid=50 HF=0 DF=0
T=1020 | Temp=32/50 H=1 C=0 | Water=8 | Alarm=0 | Lock=0[00] | Humid=50 HF=0 DF=0
T=1050 | Temp=33/50 H=1 C=0 | Water=8 | Alarm=0 | Lock=0[00] | Humid=50 HF=0 DF=0
T=1080 | Temp=34/50 H=1 C=0 | Water=8 | Alarm=0 | Lock=0[00] | Humid=50 HF=0 DF=0
T=1110 | Temp=35/50 H=1 C=0 | Water=8 | Alarm=0 | Lock=0[00] | Humid=50 HF=0 DF=0
T=1140 | Temp=36/50 H=1 C=0 | Water=8 | Alarm=0 | Lock=0[00] | Humid=50 HF=0 DF=0
T=1170 | Temp=37/50 H=1 C=0 | Water=8 | Alarm=0 | Lock=0[00] | Humid=50 HF=0 DF=0
T=1200 | Temp=38/50 H=1 C=0 | Water=8 | Alarm=0 | Lock=0[00] | Humid=50 HF=0 DF=0
T=1230 | Temp=39/50 H=1 C=0 | Water=8 | Alarm=0 | Lock=0[00] | Humid=50 HF=0 DF=0
T=1260 | Temp=40/50 H=1 C=0 | Water=8 | Alarm=0 | Lock=0[00] | Humid=50 HF=0 DF=0
T=1290 | Temp=41/50 H=1 C=0 | Water=8 | Alarm=0 | Lock=0[00] | Humid=50 HF=0 DF=0
T=1320 | Temp=42/50 H=1 C=0 | Water=8 | Alarm=0 | Lock=0[00] | Humid=50 HF=0 DF=0
T=1350 | Temp=43/50 H=1 C=0 | Water=8 | Alarm=0 | Lock=0[00] | Humid=50 HF=0 DF=0
T=1380 | Temp=44/50 H=1 C=0 | Water=8 | Alarm=0 | Lock=0[00] | Humid=50 HF=0 DF=0
T=1410 | Temp=45/50 H=1 C=0 | Water=8 | Alarm=0 | Lock=0[00] | Humid=50 HF=0 DF=0
T=1440 | Temp=46/50 H=1 C=0 | Water=8 | Alarm=0 | Lock=0[00] | Humid=50 HF=0 DF=0
T=1470 | Temp=47/50 H=1 C=0 | Water=8 | Alarm=0 | Lock=0[00] | Humid=50 HF=0 DF=0
  [PASS] Heater activation branch
T=1500 | Temp=53/50 H=1 C=0 | Water=8 | Alarm=0 | Lock=0[00] | Humid=50 HF=0 DF=0
T=1525 | Temp=53/50 H=0 C=1 | Water=8 | Alarm=0 | Lock=0[00] | Humid=50 HF=0 DF=0
T=1530 | Temp=54/50 H=0 C=1 | Water=8 | Alarm=0 | Lock=0[00] | Humid=50 HF=0 DF=0
T=1560 | Temp=55/50 H=0 C=1 | Water=8 | Alarm=0 | Lock=0[00] | Humid=50 HF=0 DF=0
T=1590 | Temp=56/50 H=0 C=1 | Water=8 | Alarm=0 | Lock=0[00] | Humid=50 HF=0 DF=0
T=1620 | Temp=57/50 H=0 C=1 | Water=8 | Alarm=0 | Lock=0[00] | Humid=50 HF=0 DF=0
T=1650 | Temp=58/50 H=0 C=1 | Water=8 | Alarm=0 | Lock=0[00] | Humid=50 HF=0 DF=0
T=1680 | Temp=59/50 H=0 C=1 | Water=8 | Alarm=0 | Lock=0[00] | Humid=50 HF=0 DF=0
T=1710 | Temp=60/50 H=0 C=1 | Water=8 | Alarm=0 | Lock=0[00] | Humid=50 HF=0 DF=0
T=1740 | Temp=61/50 H=0 C=1 | Water=8 | Alarm=0 | Lock=0[00] | Humid=50 HF=0 DF=0
T=1770 | Temp=62/50 H=0 C=1 | Water=8 | Alarm=0 | Lock=0[00] | Humid=50 HF=0 DF=0
T=1800 | Temp=63/50 H=0 C=1 | Water=8 | Alarm=0 | Lock=0[00] | Humid=50 HF=0 DF=0
T=1830 | Temp=64/50 H=0 C=1 | Water=8 | Alarm=0 | Lock=0[00] | Humid=50 HF=0 DF=0
T=1860 | Temp=65/50 H=0 C=1 | Water=8 | Alarm=0 | Lock=0[00] | Humid=50 HF=0 DF=0
T=1890 | Temp=66/50 H=0 C=1 | Water=8 | Alarm=0 | Lock=0[00] | Humid=50 HF=0 DF=0
T=1920 | Temp=67/50 H=0 C=1 | Water=8 | Alarm=0 | Lock=0[00] | Humid=50 HF=0 DF=0
T=1950 | Temp=68/50 H=0 C=1 | Water=8 | Alarm=0 | Lock=0[00] | Humid=50 HF=0 DF=0
T=1980 | Temp=69/50 H=0 C=1 | Water=8 | Alarm=0 | Lock=0[00] | Humid=50 HF=0 DF=0
T=2010 | Temp=70/50 H=0 C=1 | Water=8 | Alarm=0 | Lock=0[00] | Humid=50 HF=0 DF=0
T=2040 | Temp=71/50 H=0 C=1 | Water=8 | Alarm=0 | Lock=0[00] | Humid=50 HF=0 DF=0
T=2070 | Temp=72/50 H=0 C=1 | Water=8 | Alarm=0 | Lock=0[00] | Humid=50 HF=0 DF=0
T=2100 | Temp=73/50 H=0 C=1 | Water=8 | Alarm=0 | Lock=0[00] | Humid=50 HF=0 DF=0
T=2130 | Temp=74/50 H=0 C=1 | Water=8 | Alarm=0 | Lock=0[00] | Humid=50 HF=0 DF=0
T=2160 | Temp=75/50 H=0 C=1 | Water=8 | Alarm=0 | Lock=0[00] | Humid=50 HF=0 DF=0
T=2190 | Temp=76/50 H=0 C=1 | Water=8 | Alarm=0 | Lock=0[00] | Humid=50 HF=0 DF=0
T=2220 | Temp=77/50 H=0 C=1 | Water=8 | Alarm=0 | Lock=0[00] | Humid=50 HF=0 DF=0
T=2250 | Temp=78/50 H=0 C=1 | Water=8 | Alarm=0 | Lock=0[00] | Humid=50 HF=0 DF=0
T=2280 | Temp=79/50 H=0 C=1 | Water=8 | Alarm=0 | Lock=0[00] | Humid=50 HF=0 DF=0
T=2310 | Temp=80/50 H=0 C=1 | Water=8 | Alarm=0 | Lock=0[00] | Humid=50 HF=0 DF=0
T=2340 | Temp=81/50 H=0 C=1 | Water=8 | Alarm=0 | Lock=0[00] | Humid=50 HF=0 DF=0
T=2370 | Temp=82/50 H=0 C=1 | Water=8 | Alarm=0 | Lock=0[00] | Humid=50 HF=0 DF=0
T=2400 | Temp=83/50 H=0 C=1 | Water=8 | Alarm=0 | Lock=0[00] | Humid=50 HF=0 DF=0
T=2430 | Temp=84/50 H=0 C=1 | Water=8 | Alarm=0 | Lock=0[00] | Humid=50 HF=0 DF=0
T=2460 | Temp=85/50 H=0 C=1 | Water=8 | Alarm=0 | Lock=0[00] | Humid=50 HF=0 DF=0
T=2490 | Temp=86/50 H=0 C=1 | Water=8 | Alarm=0 | Lock=0[00] | Humid=50 HF=0 DF=0
T=2520 | Temp=87/50 H=0 C=1 | Water=8 | Alarm=0 | Lock=0[00] | Humid=50 HF=0 DF=0
T=2550 | Temp=88/50 H=0 C=1 | Water=8 | Alarm=0 | Lock=0[00] | Humid=50 HF=0 DF=0
T=2580 | Temp=89/50 H=0 C=1 | Water=8 | Alarm=0 | Lock=0[00] | Humid=50 HF=0 DF=0
T=2610 | Temp=90/50 H=0 C=1 | Water=8 | Alarm=0 | Lock=0[00] | Humid=50 HF=0 DF=0
T=2640 | Temp=91/50 H=0 C=1 | Water=8 | Alarm=0 | Lock=0[00] | Humid=50 HF=0 DF=0
T=2670 | Temp=92/50 H=0 C=1 | Water=8 | Alarm=0 | Lock=0[00] | Humid=50 HF=0 DF=0
T=2700 | Temp=93/50 H=0 C=1 | Water=8 | Alarm=0 | Lock=0[00] | Humid=50 HF=0 DF=0
T=2730 | Temp=94/50 H=0 C=1 | Water=8 | Alarm=0 | Lock=0[00] | Humid=50 HF=0 DF=0
T=2760 | Temp=95/50 H=0 C=1 | Water=8 | Alarm=0 | Lock=0[00] | Humid=50 HF=0 DF=0
T=2790 | Temp=96/50 H=0 C=1 | Water=8 | Alarm=0 | Lock=0[00] | Humid=50 HF=0 DF=0
T=2820 | Temp=97/50 H=0 C=1 | Water=8 | Alarm=0 | Lock=0[00] | Humid=50 HF=0 DF=0
T=2850 | Temp=98/50 H=0 C=1 | Water=8 | Alarm=0 | Lock=0[00] | Humid=50 HF=0 DF=0
T=2880 | Temp=99/50 H=0 C=1 | Water=8 | Alarm=0 | Lock=0[00] | Humid=50 HF=0 DF=0
T=2910 | Temp=100/50 H=0 C=1 | Water=8 | Alarm=0 | Lock=0[00] | Humid=50 HF=0 DF=0
  [PASS] Cooler activation branch
T=2940 | Temp=50/50 H=0 C=1 | Water=8 | Alarm=0 | Lock=0[00] | Humid=50 HF=0 DF=0
T=2965 | Temp=50/50 H=0 C=0 | Water=8 | Alarm=0 | Lock=0[00] | Humid=50 HF=0 DF=0
  [PASS] Equal setpoint branch
T=2990 | Temp=49/50 H=0 C=0 | Water=8 | Alarm=0 | Lock=0[00] | Humid=50 HF=0 DF=0
T=3040 | Temp=51/50 H=0 C=0 | Water=8 | Alarm=0 | Lock=0[00] | Humid=50 HF=0 DF=0
  [PASS] Hysteresis ELSE branch
T=3090 | Temp=22/25 H=0 C=0 | Water=8 | Alarm=0 | Lock=0[00] | Humid=50 HF=0 DF=0
T=3115 | Temp=22/25 H=1 C=0 | Water=8 | Alarm=0 | Lock=0[00] | Humid=50 HF=0 DF=0
T=3140 | Temp=23/25 H=1 C=0 | Water=8 | Alarm=0 | Lock=0[00] | Humid=50 HF=0 DF=0
T=3190 | Temp=24/25 H=1 C=0 | Water=8 | Alarm=0 | Lock=0[00] | Humid=50 HF=0 DF=0
T=3240 | Temp=25/25 H=1 C=0 | Water=8 | Alarm=0 | Lock=0[00] | Humid=50 HF=0 DF=0
T=3265 | Temp=25/25 H=0 C=0 | Water=8 | Alarm=0 | Lock=0[00] | Humid=50 HF=0 DF=0
T=3290 | Temp=26/25 H=0 C=0 | Water=8 | Alarm=0 | Lock=0[00] | Humid=50 HF=0 DF=0
T=3340 | Temp=27/25 H=0 C=0 | Water=8 | Alarm=0 | Lock=0[00] | Humid=50 HF=0 DF=0
T=3390 | Temp=28/25 H=0 C=0 | Water=8 | Alarm=0 | Lock=0[00] | Humid=50 HF=0 DF=0
T=3415 | Temp=28/25 H=0 C=1 | Water=8 | Alarm=0 | Lock=0[00] | Humid=50 HF=0 DF=0
  [PASS] Boundary conditions
T=3440 | Temp=25/25 H=0 C=1 | Water=8 | Alarm=0 | Lock=0[00] | Humid=50 HF=0 DF=0
T=3465 | Temp=25/25 H=0 C=0 | Water=8 | Alarm=0 | Lock=0[00] | Humid=50 HF=0 DF=0

[TEST 2] Water Level Controller - Complete Branch Coverage
T=3490 | Temp=25/25 H=0 C=0 | Water=0 | Alarm=0 | Lock=0[00] | Humid=50 HF=0 DF=0
T=3540 | Temp=25/25 H=0 C=0 | Water=1 | Alarm=0 | Lock=0[00] | Humid=50 HF=0 DF=0
T=3590 | Temp=25/25 H=0 C=0 | Water=2 | Alarm=0 | Lock=0[00] | Humid=50 HF=0 DF=0
  [PASS] Low level branch
T=3640 | Temp=25/25 H=0 C=0 | Water=12 | Alarm=0 | Lock=0[00] | Humid=50 HF=0 DF=0
T=3690 | Temp=25/25 H=0 C=0 | Water=13 | Alarm=0 | Lock=0[00] | Humid=50 HF=0 DF=0
T=3740 | Temp=25/25 H=0 C=0 | Water=14 | Alarm=0 | Lock=0[00] | Humid=50 HF=0 DF=0
T=3790 | Temp=25/25 H=0 C=0 | Water=15 | Alarm=0 | Lock=0[00] | Humid=50 HF=0 DF=0
  [PASS] High level branch
T=3840 | Temp=25/25 H=0 C=0 | Water=3 | Alarm=0 | Lock=0[00] | Humid=50 HF=0 DF=0
T=3890 | Temp=25/25 H=0 C=0 | Water=4 | Alarm=0 | Lock=0[00] | Humid=50 HF=0 DF=0
T=3940 | Temp=25/25 H=0 C=0 | Water=5 | Alarm=0 | Lock=0[00] | Humid=50 HF=0 DF=0
T=3990 | Temp=25/25 H=0 C=0 | Water=6 | Alarm=0 | Lock=0[00] | Humid=50 HF=0 DF=0
T=4040 | Temp=25/25 H=0 C=0 | Water=7 | Alarm=0 | Lock=0[00] | Humid=50 HF=0 DF=0
T=4090 | Temp=25/25 H=0 C=0 | Water=8 | Alarm=0 | Lock=0[00] | Humid=50 HF=0 DF=0
T=4140 | Temp=25/25 H=0 C=0 | Water=9 | Alarm=0 | Lock=0[00] | Humid=50 HF=0 DF=0
T=4190 | Temp=25/25 H=0 C=0 | Water=10 | Alarm=0 | Lock=0[00] | Humid=50 HF=0 DF=0
T=4240 | Temp=25/25 H=0 C=0 | Water=11 | Alarm=0 | Lock=0[00] | Humid=50 HF=0 DF=0
  [PASS] Middle range ELSE branch
T=4290 | Temp=25/25 H=0 C=0 | Water=2 | Alarm=0 | Lock=0[00] | Humid=50 HF=0 DF=0
T=4320 | Temp=25/25 H=0 C=0 | Water=3 | Alarm=0 | Lock=0[00] | Humid=50 HF=0 DF=0
T=4350 | Temp=25/25 H=0 C=0 | Water=11 | Alarm=0 | Lock=0[00] | Humid=50 HF=0 DF=0
T=4380 | Temp=25/25 H=0 C=0 | Water=12 | Alarm=0 | Lock=0[00] | Humid=50 HF=0 DF=0
T=4410 | Temp=25/25 H=0 C=0 | Water=2 | Alarm=0 | Lock=0[00] | Humid=50 HF=0 DF=0
T=4440 | Temp=25/25 H=0 C=0 | Water=3 | Alarm=0 | Lock=0[00] | Humid=50 HF=0 DF=0
T=4470 | Temp=25/25 H=0 C=0 | Water=11 | Alarm=0 | Lock=0[00] | Humid=50 HF=0 DF=0
T=4500 | Temp=25/25 H=0 C=0 | Water=12 | Alarm=0 | Lock=0[00] | Humid=50 HF=0 DF=0
T=4530 | Temp=25/25 H=0 C=0 | Water=2 | Alarm=0 | Lock=0[00] | Humid=50 HF=0 DF=0
T=4560 | Temp=25/25 H=0 C=0 | Water=3 | Alarm=0 | Lock=0[00] | Humid=50 HF=0 DF=0
T=4590 | Temp=25/25 H=0 C=0 | Water=11 | Alarm=0 | Lock=0[00] | Humid=50 HF=0 DF=0
T=4620 | Temp=25/25 H=0 C=0 | Water=12 | Alarm=0 | Lock=0[00] | Humid=50 HF=0 DF=0
T=4650 | Temp=25/25 H=0 C=0 | Water=2 | Alarm=0 | Lock=0[00] | Humid=50 HF=0 DF=0
T=4680 | Temp=25/25 H=0 C=0 | Water=3 | Alarm=0 | Lock=0[00] | Humid=50 HF=0 DF=0
T=4710 | Temp=25/25 H=0 C=0 | Water=11 | Alarm=0 | Lock=0[00] | Humid=50 HF=0 DF=0
T=4740 | Temp=25/25 H=0 C=0 | Water=12 | Alarm=0 | Lock=0[00] | Humid=50 HF=0 DF=0
T=4770 | Temp=25/25 H=0 C=0 | Water=2 | Alarm=0 | Lock=0[00] | Humid=50 HF=0 DF=0
T=4800 | Temp=25/25 H=0 C=0 | Water=3 | Alarm=0 | Lock=0[00] | Humid=50 HF=0 DF=0
T=4830 | Temp=25/25 H=0 C=0 | Water=11 | Alarm=0 | Lock=0[00] | Humid=50 HF=0 DF=0
T=4860 | Temp=25/25 H=0 C=0 | Water=12 | Alarm=0 | Lock=0[00] | Humid=50 HF=0 DF=0
T=4890 | Temp=25/25 H=0 C=0 | Water=2 | Alarm=0 | Lock=0[00] | Humid=50 HF=0 DF=0
T=4920 | Temp=25/25 H=0 C=0 | Water=3 | Alarm=0 | Lock=0[00] | Humid=50 HF=0 DF=0
T=4950 | Temp=25/25 H=0 C=0 | Water=11 | Alarm=0 | Lock=0[00] | Humid=50 HF=0 DF=0
T=4980 | Temp=25/25 H=0 C=0 | Water=12 | Alarm=0 | Lock=0[00] | Humid=50 HF=0 DF=0
T=5010 | Temp=25/25 H=0 C=0 | Water=2 | Alarm=0 | Lock=0[00] | Humid=50 HF=0 DF=0
T=5040 | Temp=25/25 H=0 C=0 | Water=3 | Alarm=0 | Lock=0[00] | Humid=50 HF=0 DF=0
T=5070 | Temp=25/25 H=0 C=0 | Water=11 | Alarm=0 | Lock=0[00] | Humid=50 HF=0 DF=0
T=5100 | Temp=25/25 H=0 C=0 | Water=12 | Alarm=0 | Lock=0[00] | Humid=50 HF=0 DF=0
T=5130 | Temp=25/25 H=0 C=0 | Water=2 | Alarm=0 | Lock=0[00] | Humid=50 HF=0 DF=0
T=5160 | Temp=25/25 H=0 C=0 | Water=3 | Alarm=0 | Lock=0[00] | Humid=50 HF=0 DF=0
T=5190 | Temp=25/25 H=0 C=0 | Water=11 | Alarm=0 | Lock=0[00] | Humid=50 HF=0 DF=0
T=5220 | Temp=25/25 H=0 C=0 | Water=12 | Alarm=0 | Lock=0[00] | Humid=50 HF=0 DF=0
T=5250 | Temp=25/25 H=0 C=0 | Water=2 | Alarm=0 | Lock=0[00] | Humid=50 HF=0 DF=0
T=5280 | Temp=25/25 H=0 C=0 | Water=3 | Alarm=0 | Lock=0[00] | Humid=50 HF=0 DF=0
T=5310 | Temp=25/25 H=0 C=0 | Water=11 | Alarm=0 | Lock=0[00] | Humid=50 HF=0 DF=0
T=5340 | Temp=25/25 H=0 C=0 | Water=12 | Alarm=0 | Lock=0[00] | Humid=50 HF=0 DF=0
T=5370 | Temp=25/25 H=0 C=0 | Water=2 | Alarm=0 | Lock=0[00] | Humid=50 HF=0 DF=0
T=5400 | Temp=25/25 H=0 C=0 | Water=3 | Alarm=0 | Lock=0[00] | Humid=50 HF=0 DF=0
T=5430 | Temp=25/25 H=0 C=0 | Water=11 | Alarm=0 | Lock=0[00] | Humid=50 HF=0 DF=0
T=5460 | Temp=25/25 H=0 C=0 | Water=12 | Alarm=0 | Lock=0[00] | Humid=50 HF=0 DF=0
T=5490 | Temp=25/25 H=0 C=0 | Water=2 | Alarm=0 | Lock=0[00] | Humid=50 HF=0 DF=0
T=5520 | Temp=25/25 H=0 C=0 | Water=3 | Alarm=0 | Lock=0[00] | Humid=50 HF=0 DF=0
T=5550 | Temp=25/25 H=0 C=0 | Water=11 | Alarm=0 | Lock=0[00] | Humid=50 HF=0 DF=0
T=5580 | Temp=25/25 H=0 C=0 | Water=12 | Alarm=0 | Lock=0[00] | Humid=50 HF=0 DF=0
T=5610 | Temp=25/25 H=0 C=0 | Water=2 | Alarm=0 | Lock=0[00] | Humid=50 HF=0 DF=0
T=5640 | Temp=25/25 H=0 C=0 | Water=3 | Alarm=0 | Lock=0[00] | Humid=50 HF=0 DF=0
T=5670 | Temp=25/25 H=0 C=0 | Water=11 | Alarm=0 | Lock=0[00] | Humid=50 HF=0 DF=0
T=5700 | Temp=25/25 H=0 C=0 | Water=12 | Alarm=0 | Lock=0[00] | Humid=50 HF=0 DF=0
T=5730 | Temp=25/25 H=0 C=0 | Water=2 | Alarm=0 | Lock=0[00] | Humid=50 HF=0 DF=0
T=5760 | Temp=25/25 H=0 C=0 | Water=3 | Alarm=0 | Lock=0[00] | Humid=50 HF=0 DF=0
T=5790 | Temp=25/25 H=0 C=0 | Water=11 | Alarm=0 | Lock=0[00] | Humid=50 HF=0 DF=0
T=5820 | Temp=25/25 H=0 C=0 | Water=12 | Alarm=0 | Lock=0[00] | Humid=50 HF=0 DF=0
T=5850 | Temp=25/25 H=0 C=0 | Water=2 | Alarm=0 | Lock=0[00] | Humid=50 HF=0 DF=0
T=5880 | Temp=25/25 H=0 C=0 | Water=3 | Alarm=0 | Lock=0[00] | Humid=50 HF=0 DF=0
T=5910 | Temp=25/25 H=0 C=0 | Water=11 | Alarm=0 | Lock=0[00] | Humid=50 HF=0 DF=0
T=5940 | Temp=25/25 H=0 C=0 | Water=12 | Alarm=0 | Lock=0[00] | Humid=50 HF=0 DF=0
T=5970 | Temp=25/25 H=0 C=0 | Water=2 | Alarm=0 | Lock=0[00] | Humid=50 HF=0 DF=0
T=6000 | Temp=25/25 H=0 C=0 | Water=3 | Alarm=0 | Lock=0[00] | Humid=50 HF=0 DF=0
T=6030 | Temp=25/25 H=0 C=0 | Water=11 | Alarm=0 | Lock=0[00] | Humid=50 HF=0 DF=0
T=6060 | Temp=25/25 H=0 C=0 | Water=12 | Alarm=0 | Lock=0[00] | Humid=50 HF=0 DF=0
T=6090 | Temp=25/25 H=0 C=0 | Water=2 | Alarm=0 | Lock=0[00] | Humid=50 HF=0 DF=0
T=6120 | Temp=25/25 H=0 C=0 | Water=3 | Alarm=0 | Lock=0[00] | Humid=50 HF=0 DF=0
T=6150 | Temp=25/25 H=0 C=0 | Water=11 | Alarm=0 | Lock=0[00] | Humid=50 HF=0 DF=0
T=6180 | Temp=25/25 H=0 C=0 | Water=12 | Alarm=0 | Lock=0[00] | Humid=50 HF=0 DF=0
T=6210 | Temp=25/25 H=0 C=0 | Water=2 | Alarm=0 | Lock=0[00] | Humid=50 HF=0 DF=0
T=6240 | Temp=25/25 H=0 C=0 | Water=3 | Alarm=0 | Lock=0[00] | Humid=50 HF=0 DF=0
T=6270 | Temp=25/25 H=0 C=0 | Water=11 | Alarm=0 | Lock=0[00] | Humid=50 HF=0 DF=0
T=6300 | Temp=25/25 H=0 C=0 | Water=12 | Alarm=0 | Lock=0[00] | Humid=50 HF=0 DF=0
T=6330 | Temp=25/25 H=0 C=0 | Water=2 | Alarm=0 | Lock=0[00] | Humid=50 HF=0 DF=0
T=6360 | Temp=25/25 H=0 C=0 | Water=3 | Alarm=0 | Lock=0[00] | Humid=50 HF=0 DF=0
T=6390 | Temp=25/25 H=0 C=0 | Water=11 | Alarm=0 | Lock=0[00] | Humid=50 HF=0 DF=0
T=6420 | Temp=25/25 H=0 C=0 | Water=12 | Alarm=0 | Lock=0[00] | Humid=50 HF=0 DF=0
T=6450 | Temp=25/25 H=0 C=0 | Water=2 | Alarm=0 | Lock=0[00] | Humid=50 HF=0 DF=0
T=6480 | Temp=25/25 H=0 C=0 | Water=3 | Alarm=0 | Lock=0[00] | Humid=50 HF=0 DF=0
T=6510 | Temp=25/25 H=0 C=0 | Water=11 | Alarm=0 | Lock=0[00] | Humid=50 HF=0 DF=0
T=6540 | Temp=25/25 H=0 C=0 | Water=12 | Alarm=0 | Lock=0[00] | Humid=50 HF=0 DF=0
T=6570 | Temp=25/25 H=0 C=0 | Water=2 | Alarm=0 | Lock=0[00] | Humid=50 HF=0 DF=0
T=6600 | Temp=25/25 H=0 C=0 | Water=3 | Alarm=0 | Lock=0[00] | Humid=50 HF=0 DF=0
T=6630 | Temp=25/25 H=0 C=0 | Water=11 | Alarm=0 | Lock=0[00] | Humid=50 HF=0 DF=0
T=6660 | Temp=25/25 H=0 C=0 | Water=12 | Alarm=0 | Lock=0[00] | Humid=50 HF=0 DF=0
T=6690 | Temp=25/25 H=0 C=0 | Water=2 | Alarm=0 | Lock=0[00] | Humid=50 HF=0 DF=0
T=6720 | Temp=25/25 H=0 C=0 | Water=3 | Alarm=0 | Lock=0[00] | Humid=50 HF=0 DF=0
T=6750 | Temp=25/25 H=0 C=0 | Water=11 | Alarm=0 | Lock=0[00] | Humid=50 HF=0 DF=0
T=6780 | Temp=25/25 H=0 C=0 | Water=12 | Alarm=0 | Lock=0[00] | Humid=50 HF=0 DF=0
T=6810 | Temp=25/25 H=0 C=0 | Water=2 | Alarm=0 | Lock=0[00] | Humid=50 HF=0 DF=0
T=6840 | Temp=25/25 H=0 C=0 | Water=3 | Alarm=0 | Lock=0[00] | Humid=50 HF=0 DF=0
T=6870 | Temp=25/25 H=0 C=0 | Water=11 | Alarm=0 | Lock=0[00] | Humid=50 HF=0 DF=0
T=6900 | Temp=25/25 H=0 C=0 | Water=12 | Alarm=0 | Lock=0[00] | Humid=50 HF=0 DF=0
T=6930 | Temp=25/25 H=0 C=0 | Water=2 | Alarm=0 | Lock=0[00] | Humid=50 HF=0 DF=0
T=6960 | Temp=25/25 H=0 C=0 | Water=3 | Alarm=0 | Lock=0[00] | Humid=50 HF=0 DF=0
T=6990 | Temp=25/25 H=0 C=0 | Water=11 | Alarm=0 | Lock=0[00] | Humid=50 HF=0 DF=0
T=7020 | Temp=25/25 H=0 C=0 | Water=12 | Alarm=0 | Lock=0[00] | Humid=50 HF=0 DF=0
T=7050 | Temp=25/25 H=0 C=0 | Water=2 | Alarm=0 | Lock=0[00] | Humid=50 HF=0 DF=0
T=7080 | Temp=25/25 H=0 C=0 | Water=3 | Alarm=0 | Lock=0[00] | Humid=50 HF=0 DF=0
T=7110 | Temp=25/25 H=0 C=0 | Water=11 | Alarm=0 | Lock=0[00] | Humid=50 HF=0 DF=0
T=7140 | Temp=25/25 H=0 C=0 | Water=12 | Alarm=0 | Lock=0[00] | Humid=50 HF=0 DF=0
T=7170 | Temp=25/25 H=0 C=0 | Water=2 | Alarm=0 | Lock=0[00] | Humid=50 HF=0 DF=0
T=7200 | Temp=25/25 H=0 C=0 | Water=3 | Alarm=0 | Lock=0[00] | Humid=50 HF=0 DF=0
T=7230 | Temp=25/25 H=0 C=0 | Water=11 | Alarm=0 | Lock=0[00] | Humid=50 HF=0 DF=0
T=7260 | Temp=25/25 H=0 C=0 | Water=12 | Alarm=0 | Lock=0[00] | Humid=50 HF=0 DF=0
T=7290 | Temp=25/25 H=0 C=0 | Water=2 | Alarm=0 | Lock=0[00] | Humid=50 HF=0 DF=0
T=7320 | Temp=25/25 H=0 C=0 | Water=3 | Alarm=0 | Lock=0[00] | Humid=50 HF=0 DF=0
T=7350 | Temp=25/25 H=0 C=0 | Water=11 | Alarm=0 | Lock=0[00] | Humid=50 HF=0 DF=0
T=7380 | Temp=25/25 H=0 C=0 | Water=12 | Alarm=0 | Lock=0[00] | Humid=50 HF=0 DF=0
T=7410 | Temp=25/25 H=0 C=0 | Water=2 | Alarm=0 | Lock=0[00] | Humid=50 HF=0 DF=0
T=7440 | Temp=25/25 H=0 C=0 | Water=3 | Alarm=0 | Lock=0[00] | Humid=50 HF=0 DF=0
T=7470 | Temp=25/25 H=0 C=0 | Water=11 | Alarm=0 | Lock=0[00] | Humid=50 HF=0 DF=0
T=7500 | Temp=25/25 H=0 C=0 | Water=12 | Alarm=0 | Lock=0[00] | Humid=50 HF=0 DF=0
T=7530 | Temp=25/25 H=0 C=0 | Water=2 | Alarm=0 | Lock=0[00] | Humid=50 HF=0 DF=0
T=7560 | Temp=25/25 H=0 C=0 | Water=3 | Alarm=0 | Lock=0[00] | Humid=50 HF=0 DF=0
T=7590 | Temp=25/25 H=0 C=0 | Water=11 | Alarm=0 | Lock=0[00] | Humid=50 HF=0 DF=0
T=7620 | Temp=25/25 H=0 C=0 | Water=12 | Alarm=0 | Lock=0[00] | Humid=50 HF=0 DF=0
T=7650 | Temp=25/25 H=0 C=0 | Water=2 | Alarm=0 | Lock=0[00] | Humid=50 HF=0 DF=0
T=7680 | Temp=25/25 H=0 C=0 | Water=3 | Alarm=0 | Lock=0[00] | Humid=50 HF=0 DF=0
T=7710 | Temp=25/25 H=0 C=0 | Water=11 | Alarm=0 | Lock=0[00] | Humid=50 HF=0 DF=0
T=7740 | Temp=25/25 H=0 C=0 | Water=12 | Alarm=0 | Lock=0[00] | Humid=50 HF=0 DF=0
T=7770 | Temp=25/25 H=0 C=0 | Water=2 | Alarm=0 | Lock=0[00] | Humid=50 HF=0 DF=0
T=7800 | Temp=25/25 H=0 C=0 | Water=3 | Alarm=0 | Lock=0[00] | Humid=50 HF=0 DF=0
T=7830 | Temp=25/25 H=0 C=0 | Water=11 | Alarm=0 | Lock=0[00] | Humid=50 HF=0 DF=0
T=7860 | Temp=25/25 H=0 C=0 | Water=12 | Alarm=0 | Lock=0[00] | Humid=50 HF=0 DF=0
T=7890 | Temp=25/25 H=0 C=0 | Water=2 | Alarm=0 | Lock=0[00] | Humid=50 HF=0 DF=0
T=7920 | Temp=25/25 H=0 C=0 | Water=3 | Alarm=0 | Lock=0[00] | Humid=50 HF=0 DF=0
T=7950 | Temp=25/25 H=0 C=0 | Water=11 | Alarm=0 | Lock=0[00] | Humid=50 HF=0 DF=0
T=7980 | Temp=25/25 H=0 C=0 | Water=12 | Alarm=0 | Lock=0[00] | Humid=50 HF=0 DF=0
T=8010 | Temp=25/25 H=0 C=0 | Water=2 | Alarm=0 | Lock=0[00] | Humid=50 HF=0 DF=0
T=8040 | Temp=25/25 H=0 C=0 | Water=3 | Alarm=0 | Lock=0[00] | Humid=50 HF=0 DF=0
T=8070 | Temp=25/25 H=0 C=0 | Water=11 | Alarm=0 | Lock=0[00] | Humid=50 HF=0 DF=0
T=8100 | Temp=25/25 H=0 C=0 | Water=12 | Alarm=0 | Lock=0[00] | Humid=50 HF=0 DF=0
T=8130 | Temp=25/25 H=0 C=0 | Water=2 | Alarm=0 | Lock=0[00] | Humid=50 HF=0 DF=0
T=8160 | Temp=25/25 H=0 C=0 | Water=3 | Alarm=0 | Lock=0[00] | Humid=50 HF=0 DF=0
T=8190 | Temp=25/25 H=0 C=0 | Water=11 | Alarm=0 | Lock=0[00] | Humid=50 HF=0 DF=0
T=8220 | Temp=25/25 H=0 C=0 | Water=12 | Alarm=0 | Lock=0[00] | Humid=50 HF=0 DF=0
T=8250 | Temp=25/25 H=0 C=0 | Water=2 | Alarm=0 | Lock=0[00] | Humid=50 HF=0 DF=0
T=8280 | Temp=25/25 H=0 C=0 | Water=3 | Alarm=0 | Lock=0[00] | Humid=50 HF=0 DF=0
T=8310 | Temp=25/25 H=0 C=0 | Water=11 | Alarm=0 | Lock=0[00] | Humid=50 HF=0 DF=0
T=8340 | Temp=25/25 H=0 C=0 | Water=12 | Alarm=0 | Lock=0[00] | Humid=50 HF=0 DF=0
T=8370 | Temp=25/25 H=0 C=0 | Water=2 | Alarm=0 | Lock=0[00] | Humid=50 HF=0 DF=0
T=8400 | Temp=25/25 H=0 C=0 | Water=3 | Alarm=0 | Lock=0[00] | Humid=50 HF=0 DF=0
T=8430 | Temp=25/25 H=0 C=0 | Water=11 | Alarm=0 | Lock=0[00] | Humid=50 HF=0 DF=0
T=8460 | Temp=25/25 H=0 C=0 | Water=12 | Alarm=0 | Lock=0[00] | Humid=50 HF=0 DF=0
T=8490 | Temp=25/25 H=0 C=0 | Water=2 | Alarm=0 | Lock=0[00] | Humid=50 HF=0 DF=0
T=8520 | Temp=25/25 H=0 C=0 | Water=3 | Alarm=0 | Lock=0[00] | Humid=50 HF=0 DF=0
T=8550 | Temp=25/25 H=0 C=0 | Water=11 | Alarm=0 | Lock=0[00] | Humid=50 HF=0 DF=0
T=8580 | Temp=25/25 H=0 C=0 | Water=12 | Alarm=0 | Lock=0[00] | Humid=50 HF=0 DF=0
T=8610 | Temp=25/25 H=0 C=0 | Water=2 | Alarm=0 | Lock=0[00] | Humid=50 HF=0 DF=0
T=8640 | Temp=25/25 H=0 C=0 | Water=3 | Alarm=0 | Lock=0[00] | Humid=50 HF=0 DF=0
T=8670 | Temp=25/25 H=0 C=0 | Water=11 | Alarm=0 | Lock=0[00] | Humid=50 HF=0 DF=0
T=8700 | Temp=25/25 H=0 C=0 | Water=12 | Alarm=0 | Lock=0[00] | Humid=50 HF=0 DF=0
T=8730 | Temp=25/25 H=0 C=0 | Water=2 | Alarm=0 | Lock=0[00] | Humid=50 HF=0 DF=0
T=8760 | Temp=25/25 H=0 C=0 | Water=3 | Alarm=0 | Lock=0[00] | Humid=50 HF=0 DF=0
T=8790 | Temp=25/25 H=0 C=0 | Water=11 | Alarm=0 | Lock=0[00] | Humid=50 HF=0 DF=0
T=8820 | Temp=25/25 H=0 C=0 | Water=12 | Alarm=0 | Lock=0[00] | Humid=50 HF=0 DF=0
T=8850 | Temp=25/25 H=0 C=0 | Water=2 | Alarm=0 | Lock=0[00] | Humid=50 HF=0 DF=0
T=8880 | Temp=25/25 H=0 C=0 | Water=3 | Alarm=0 | Lock=0[00] | Humid=50 HF=0 DF=0
T=8910 | Temp=25/25 H=0 C=0 | Water=11 | Alarm=0 | Lock=0[00] | Humid=50 HF=0 DF=0
T=8940 | Temp=25/25 H=0 C=0 | Water=12 | Alarm=0 | Lock=0[00] | Humid=50 HF=0 DF=0
T=8970 | Temp=25/25 H=0 C=0 | Water=2 | Alarm=0 | Lock=0[00] | Humid=50 HF=0 DF=0
T=9000 | Temp=25/25 H=0 C=0 | Water=3 | Alarm=0 | Lock=0[00] | Humid=50 HF=0 DF=0
T=9030 | Temp=25/25 H=0 C=0 | Water=11 | Alarm=0 | Lock=0[00] | Humid=50 HF=0 DF=0
T=9060 | Temp=25/25 H=0 C=0 | Water=12 | Alarm=0 | Lock=0[00] | Humid=50 HF=0 DF=0
T=9090 | Temp=25/25 H=0 C=0 | Water=2 | Alarm=0 | Lock=0[00] | Humid=50 HF=0 DF=0
T=9120 | Temp=25/25 H=0 C=0 | Water=3 | Alarm=0 | Lock=0[00] | Humid=50 HF=0 DF=0
T=9150 | Temp=25/25 H=0 C=0 | Water=11 | Alarm=0 | Lock=0[00] | Humid=50 HF=0 DF=0
T=9180 | Temp=25/25 H=0 C=0 | Water=12 | Alarm=0 | Lock=0[00] | Humid=50 HF=0 DF=0
T=9210 | Temp=25/25 H=0 C=0 | Water=2 | Alarm=0 | Lock=0[00] | Humid=50 HF=0 DF=0
T=9240 | Temp=25/25 H=0 C=0 | Water=3 | Alarm=0 | Lock=0[00] | Humid=50 HF=0 DF=0
T=9270 | Temp=25/25 H=0 C=0 | Water=11 | Alarm=0 | Lock=0[00] | Humid=50 HF=0 DF=0
T=9300 | Temp=25/25 H=0 C=0 | Water=12 | Alarm=0 | Lock=0[00] | Humid=50 HF=0 DF=0
T=9330 | Temp=25/25 H=0 C=0 | Water=2 | Alarm=0 | Lock=0[00] | Humid=50 HF=0 DF=0
T=9360 | Temp=25/25 H=0 C=0 | Water=3 | Alarm=0 | Lock=0[00] | Humid=50 HF=0 DF=0
T=9390 | Temp=25/25 H=0 C=0 | Water=11 | Alarm=0 | Lock=0[00] | Humid=50 HF=0 DF=0
T=9420 | Temp=25/25 H=0 C=0 | Water=12 | Alarm=0 | Lock=0[00] | Humid=50 HF=0 DF=0
T=9450 | Temp=25/25 H=0 C=0 | Water=2 | Alarm=0 | Lock=0[00] | Humid=50 HF=0 DF=0
T=9480 | Temp=25/25 H=0 C=0 | Water=3 | Alarm=0 | Lock=0[00] | Humid=50 HF=0 DF=0
T=9510 | Temp=25/25 H=0 C=0 | Water=11 | Alarm=0 | Lock=0[00] | Humid=50 HF=0 DF=0
T=9540 | Temp=25/25 H=0 C=0 | Water=12 | Alarm=0 | Lock=0[00] | Humid=50 HF=0 DF=0
T=9570 | Temp=25/25 H=0 C=0 | Water=2 | Alarm=0 | Lock=0[00] | Humid=50 HF=0 DF=0
T=9600 | Temp=25/25 H=0 C=0 | Water=3 | Alarm=0 | Lock=0[00] | Humid=50 HF=0 DF=0
T=9630 | Temp=25/25 H=0 C=0 | Water=11 | Alarm=0 | Lock=0[00] | Humid=50 HF=0 DF=0
T=9660 | Temp=25/25 H=0 C=0 | Water=12 | Alarm=0 | Lock=0[00] | Humid=50 HF=0 DF=0
T=9690 | Temp=25/25 H=0 C=0 | Water=2 | Alarm=0 | Lock=0[00] | Humid=50 HF=0 DF=0
T=9720 | Temp=25/25 H=0 C=0 | Water=3 | Alarm=0 | Lock=0[00] | Humid=50 HF=0 DF=0
T=9750 | Temp=25/25 H=0 C=0 | Water=11 | Alarm=0 | Lock=0[00] | Humid=50 HF=0 DF=0
T=9780 | Temp=25/25 H=0 C=0 | Water=12 | Alarm=0 | Lock=0[00] | Humid=50 HF=0 DF=0
T=9810 | Temp=25/25 H=0 C=0 | Water=2 | Alarm=0 | Lock=0[00] | Humid=50 HF=0 DF=0
T=9840 | Temp=25/25 H=0 C=0 | Water=3 | Alarm=0 | Lock=0[00] | Humid=50 HF=0 DF=0
T=9870 | Temp=25/25 H=0 C=0 | Water=11 | Alarm=0 | Lock=0[00] | Humid=50 HF=0 DF=0
T=9900 | Temp=25/25 H=0 C=0 | Water=12 | Alarm=0 | Lock=0[00] | Humid=50 HF=0 DF=0
T=9930 | Temp=25/25 H=0 C=0 | Water=2 | Alarm=0 | Lock=0[00] | Humid=50 HF=0 DF=0
T=9960 | Temp=25/25 H=0 C=0 | Water=3 | Alarm=0 | Lock=0[00] | Humid=50 HF=0 DF=0
T=9990 | Temp=25/25 H=0 C=0 | Water=11 | Alarm=0 | Lock=0[00] | Humid=50 HF=0 DF=0
T=10020 | Temp=25/25 H=0 C=0 | Water=12 | Alarm=0 | Lock=0[00] | Humid=50 HF=0 DF=0
T=10050 | Temp=25/25 H=0 C=0 | Water=2 | Alarm=0 | Lock=0[00] | Humid=50 HF=0 DF=0
T=10080 | Temp=25/25 H=0 C=0 | Water=3 | Alarm=0 | Lock=0[00] | Humid=50 HF=0 DF=0
T=10110 | Temp=25/25 H=0 C=0 | Water=11 | Alarm=0 | Lock=0[00] | Humid=50 HF=0 DF=0
T=10140 | Temp=25/25 H=0 C=0 | Water=12 | Alarm=0 | Lock=0[00] | Humid=50 HF=0 DF=0
T=10170 | Temp=25/25 H=0 C=0 | Water=2 | Alarm=0 | Lock=0[00] | Humid=50 HF=0 DF=0
T=10200 | Temp=25/25 H=0 C=0 | Water=3 | Alarm=0 | Lock=0[00] | Humid=50 HF=0 DF=0
T=10230 | Temp=25/25 H=0 C=0 | Water=11 | Alarm=0 | Lock=0[00] | Humid=50 HF=0 DF=0
T=10260 | Temp=25/25 H=0 C=0 | Water=12 | Alarm=0 | Lock=0[00] | Humid=50 HF=0 DF=0
  [PASS] Boundary toggle coverage
T=10290 | Temp=25/25 H=0 C=0 | Water=8 | Alarm=0 | Lock=0[00] | Humid=50 HF=0 DF=0

[TEST 3] Luminosity Controller - Complete Bit Toggle
  [PASS] Forward sweep 0->255
  [PASS] Reverse sweep 255->0

[TEST 4] Burglar Alarm - Complete FSM Coverage
  [PASS] State: Disarmed + No sensors
  [PASS] State: Disarmed + Sensors active
  [PASS] Transition: Disarm -> Arm
T=28515 | Temp=25/25 H=0 C=0 | Water=8 | Alarm=1 | Lock=0[00] | Humid=50 HF=0 DF=0
  [PASS] State: Alarm triggered
T=29015 | Temp=25/25 H=0 C=0 | Water=8 | Alarm=0 | Lock=0[00] | Humid=50 HF=0 DF=0
  [PASS] Transition: Alarm -> Disarmed
T=34215 | Temp=25/25 H=0 C=0 | Water=8 | Alarm=1 | Lock=0[00] | Humid=50 HF=0 DF=0
  [PASS] All 8 sensor combinations
T=68415 | Temp=25/25 H=0 C=0 | Water=8 | Alarm=0 | Lock=0[00] | Humid=50 HF=0 DF=0

[TEST 5] Visitor Counter - Edge Detection FSM
  [PASS] Entry rising edge detection
  [PASS] Exit rising edge detection
T=72525 | Temp=25/25 H=1 C=0 | Water=8 | Alarm=0 | Lock=0[00] | Humid=50 HF=1 DF=0
T=72535 | Temp=25/25 H=0 C=0 | Water=8 | Alarm=0 | Lock=0[00] | Humid=50 HF=0 DF=0
  [PASS] Overflow protection
  [PASS] Underflow protection

[TEST 6] Window Treatment - Complete FSM Coverage
  [PASS] Auto: State OPEN
  [PASS] Auto: State CLOSED
  [PASS] Auto: State HALF
  [PASS] Manual: OPEN command
  [PASS] Manual: CLOSE command

[TEST 7] Entertainment System - All Branches
  [PASS] Branch: volume_cmd != 0
  [PASS] Branch: volume_cmd == 0

[TEST 8] Appliances Controller - All Combinations
  [PASS] All 8 combinations tested

[TEST 9] Door Lock Controller - Complete FSM Coverage
  [PASS] State: UNLOCKED (initial)
T=122775 | Temp=25/25 H=0 C=0 | Water=8 | Alarm=0 | Lock=1[01] | Humid=50 HF=0 DF=0
  [PASS] Transition: UNLOCKED -> LOCKED
  [PASS] State: LOCKED (stable)
T=123175 | Temp=25/25 H=0 C=0 | Water=8 | Alarm=0 | Lock=1[10] | Humid=50 HF=0 DF=0
  [PASS] Transition: LOCKED -> WRONG_PIN (attempt 1)
T=124185 | Temp=25/25 H=0 C=0 | Water=8 | Alarm=0 | Lock=1[01] | Humid=50 HF=0 DF=0
  [PASS] State: WRONG_PIN (timeout counting to 100)
  [PASS] Transition: WRONG_PIN -> LOCKED (timeout)
T=125075 | Temp=25/25 H=0 C=0 | Water=8 | Alarm=0 | Lock=1[10] | Humid=50 HF=0 DF=0
T=126085 | Temp=25/25 H=0 C=0 | Water=8 | Alarm=0 | Lock=1[01] | Humid=50 HF=0 DF=0
  [PASS] Wrong PIN attempt 2
T=126675 | Temp=25/25 H=0 C=0 | Water=8 | Alarm=0 | Lock=1[10] | Humid=50 HF=0 DF=0
T=127685 | Temp=25/25 H=0 C=0 | Water=8 | Alarm=0 | Lock=1[01] | Humid=50 HF=0 DF=0
  [PASS] Wrong PIN attempt 3
T=128275 | Temp=25/25 H=0 C=0 | Water=8 | Alarm=0 | Lock=1[11] | Humid=50 HF=0 DF=0
  [PASS] Transition: LOCKED -> TIMEOUT (attempt >= 3)
T=130285 | Temp=25/25 H=0 C=0 | Water=8 | Alarm=0 | Lock=1[01] | Humid=50 HF=0 DF=0
  [PASS] State: TIMEOUT (counting to 200)
  [PASS] Transition: TIMEOUT -> LOCKED
T=131175 | Temp=25/25 H=0 C=0 | Water=8 | Alarm=0 | Lock=0[00] | Humid=50 HF=0 DF=0
  [PASS] Transition: LOCKED -> UNLOCKED (correct PIN)
T=131375 | Temp=25/25 H=0 C=0 | Water=8 | Alarm=0 | Lock=1[01] | Humid=50 HF=0 DF=0
T=131475 | Temp=25/25 H=0 C=0 | Water=8 | Alarm=0 | Lock=1[10] | Humid=50 HF=0 DF=0
T=132485 | Temp=25/25 H=0 C=0 | Water=8 | Alarm=0 | Lock=1[01] | Humid=50 HF=0 DF=0
T=133125 | Temp=25/25 H=0 C=0 | Water=8 | Alarm=0 | Lock=1[10] | Humid=50 HF=0 DF=0
T=134135 | Temp=25/25 H=0 C=0 | Water=8 | Alarm=0 | Lock=1[01] | Humid=50 HF=0 DF=0
T=134775 | Temp=25/25 H=0 C=0 | Water=8 | Alarm=0 | Lock=1[10] | Humid=50 HF=0 DF=0
T=135785 | Temp=25/25 H=0 C=0 | Water=8 | Alarm=0 | Lock=1[01] | Humid=50 HF=0 DF=0
T=136425 | Temp=25/25 H=0 C=0 | Water=8 | Alarm=0 | Lock=1[11] | Humid=50 HF=0 DF=0
T=138435 | Temp=25/25 H=0 C=0 | Water=8 | Alarm=0 | Lock=1[01] | Humid=50 HF=0 DF=0
T=139725 | Temp=25/25 H=0 C=0 | Water=8 | Alarm=0 | Lock=1[11] | Humid=50 HF=0 DF=0
T=141735 | Temp=25/25 H=0 C=0 | Water=8 | Alarm=0 | Lock=1[01] | Humid=50 HF=0 DF=0
T=143025 | Temp=25/25 H=0 C=0 | Water=8 | Alarm=0 | Lock=0[00] | Humid=50 HF=0 DF=0
T=144575 | Temp=25/25 H=0 C=0 | Water=8 | Alarm=0 | Lock=1[01] | Humid=50 HF=0 DF=0
T=144675 | Temp=25/25 H=0 C=0 | Water=8 | Alarm=0 | Lock=1[10] | Humid=50 HF=0 DF=0
T=145685 | Temp=25/25 H=0 C=0 | Water=8 | Alarm=0 | Lock=1[01] | Humid=50 HF=0 DF=0
T=146325 | Temp=25/25 H=0 C=0 | Water=8 | Alarm=0 | Lock=1[10] | Humid=50 HF=0 DF=0
T=147335 | Temp=25/25 H=0 C=0 | Water=8 | Alarm=0 | Lock=1[01] | Humid=50 HF=0 DF=0
T=147975 | Temp=25/25 H=0 C=0 | Water=8 | Alarm=0 | Lock=1[10] | Humid=50 HF=0 DF=0
T=148985 | Temp=25/25 H=0 C=0 | Water=8 | Alarm=0 | Lock=1[01] | Humid=50 HF=0 DF=0
T=149625 | Temp=25/25 H=0 C=0 | Water=8 | Alarm=0 | Lock=1[11] | Humid=50 HF=0 DF=0
T=151635 | Temp=25/25 H=0 C=0 | Water=8 | Alarm=0 | Lock=1[01] | Humid=50 HF=0 DF=0
T=152925 | Temp=25/25 H=0 C=0 | Water=8 | Alarm=0 | Lock=1[11] | Humid=50 HF=0 DF=0
T=154935 | Temp=25/25 H=0 C=0 | Water=8 | Alarm=0 | Lock=1[01] | Humid=50 HF=0 DF=0
T=156225 | Temp=25/25 H=0 C=0 | Water=8 | Alarm=0 | Lock=1[11] | Humid=50 HF=0 DF=0
  [PASS] All 16 PIN values tested
T=158235 | Temp=25/25 H=0 C=0 | Water=8 | Alarm=0 | Lock=1[01] | Humid=50 HF=0 DF=0
T=158275 | Temp=25/25 H=0 C=0 | Water=8 | Alarm=0 | Lock=0[00] | Humid=50 HF=0 DF=0
T=158375 | Temp=25/25 H=0 C=0 | Water=8 | Alarm=0 | Lock=1[01] | Humid=50 HF=0 DF=0
T=158475 | Temp=25/25 H=0 C=0 | Water=8 | Alarm=0 | Lock=0[00] | Humid=50 HF=0 DF=0
T=158575 | Temp=25/25 H=0 C=0 | Water=8 | Alarm=0 | Lock=1[01] | Humid=50 HF=0 DF=0
T=158675 | Temp=25/25 H=0 C=0 | Water=8 | Alarm=0 | Lock=0[00] | Humid=50 HF=0 DF=0
T=158775 | Temp=25/25 H=0 C=0 | Water=8 | Alarm=0 | Lock=1[01] | Humid=50 HF=0 DF=0
T=158875 | Temp=25/25 H=0 C=0 | Water=8 | Alarm=0 | Lock=0[00] | Humid=50 HF=0 DF=0
T=158975 | Temp=25/25 H=0 C=0 | Water=8 | Alarm=0 | Lock=1[01] | Humid=50 HF=0 DF=0
T=159075 | Temp=25/25 H=0 C=0 | Water=8 | Alarm=0 | Lock=0[00] | Humid=50 HF=0 DF=0
T=159175 | Temp=25/25 H=0 C=0 | Water=8 | Alarm=0 | Lock=1[01] | Humid=50 HF=0 DF=0
T=159275 | Temp=25/25 H=0 C=0 | Water=8 | Alarm=0 | Lock=0[00] | Humid=50 HF=0 DF=0
T=159375 | Temp=25/25 H=0 C=0 | Water=8 | Alarm=0 | Lock=1[01] | Humid=50 HF=0 DF=0
T=159475 | Temp=25/25 H=0 C=0 | Water=8 | Alarm=0 | Lock=0[00] | Humid=50 HF=0 DF=0
T=159575 | Temp=25/25 H=0 C=0 | Water=8 | Alarm=0 | Lock=1[01] | Humid=50 HF=0 DF=0
T=159675 | Temp=25/25 H=0 C=0 | Water=8 | Alarm=0 | Lock=0[00] | Humid=50 HF=0 DF=0
T=159775 | Temp=25/25 H=0 C=0 | Water=8 | Alarm=0 | Lock=1[01] | Humid=50 HF=0 DF=0
T=159875 | Temp=25/25 H=0 C=0 | Water=8 | Alarm=0 | Lock=0[00] | Humid=50 HF=0 DF=0
T=159975 | Temp=25/25 H=0 C=0 | Water=8 | Alarm=0 | Lock=1[01] | Humid=50 HF=0 DF=0
T=160075 | Temp=25/25 H=0 C=0 | Water=8 | Alarm=0 | Lock=0[00] | Humid=50 HF=0 DF=0
T=160175 | Temp=25/25 H=0 C=0 | Water=8 | Alarm=0 | Lock=1[01] | Humid=50 HF=0 DF=0
T=160275 | Temp=25/25 H=0 C=0 | Water=8 | Alarm=0 | Lock=0[00] | Humid=50 HF=0 DF=0
T=160375 | Temp=25/25 H=0 C=0 | Water=8 | Alarm=0 | Lock=1[01] | Humid=50 HF=0 DF=0
T=160475 | Temp=25/25 H=0 C=0 | Water=8 | Alarm=0 | Lock=0[00] | Humid=50 HF=0 DF=0
T=160575 | Temp=25/25 H=0 C=0 | Water=8 | Alarm=0 | Lock=1[01] | Humid=50 HF=0 DF=0
T=160675 | Temp=25/25 H=0 C=0 | Water=8 | Alarm=0 | Lock=0[00] | Humid=50 HF=0 DF=0
T=160775 | Temp=25/25 H=0 C=0 | Water=8 | Alarm=0 | Lock=1[01] | Humid=50 HF=0 DF=0
T=160875 | Temp=25/25 H=0 C=0 | Water=8 | Alarm=0 | Lock=0[00] | Humid=50 HF=0 DF=0
T=160975 | Temp=25/25 H=0 C=0 | Water=8 | Alarm=0 | Lock=1[01] | Humid=50 HF=0 DF=0
T=161075 | Temp=25/25 H=0 C=0 | Water=8 | Alarm=0 | Lock=0[00] | Humid=50 HF=0 DF=0
T=161175 | Temp=25/25 H=0 C=0 | Water=8 | Alarm=0 | Lock=1[01] | Humid=50 HF=0 DF=0
T=161275 | Temp=25/25 H=0 C=0 | Water=8 | Alarm=0 | Lock=0[00] | Humid=50 HF=0 DF=0
T=161375 | Temp=25/25 H=0 C=0 | Water=8 | Alarm=0 | Lock=1[01] | Humid=50 HF=0 DF=0
T=161475 | Temp=25/25 H=0 C=0 | Water=8 | Alarm=0 | Lock=0[00] | Humid=50 HF=0 DF=0
T=161575 | Temp=25/25 H=0 C=0 | Water=8 | Alarm=0 | Lock=1[01] | Humid=50 HF=0 DF=0
T=161675 | Temp=25/25 H=0 C=0 | Water=8 | Alarm=0 | Lock=0[00] | Humid=50 HF=0 DF=0
  [PASS] Rapid lock/unlock cycles
T=161775 | Temp=25/25 H=0 C=0 | Water=8 | Alarm=0 | Lock=1[01] | Humid=50 HF=0 DF=0
T=161785 | Temp=25/25 H=0 C=0 | Water=8 | Alarm=0 | Lock=0[00] | Humid=50 HF=0 DF=0
T=161795 | Temp=25/25 H=0 C=0 | Water=8 | Alarm=0 | Lock=1[01] | Humid=50 HF=0 DF=0
T=161805 | Temp=25/25 H=0 C=0 | Water=8 | Alarm=0 | Lock=0[00] | Humid=50 HF=0 DF=0
T=161815 | Temp=25/25 H=0 C=0 | Water=8 | Alarm=0 | Lock=1[01] | Humid=50 HF=0 DF=0
T=161825 | Temp=25/25 H=0 C=0 | Water=8 | Alarm=0 | Lock=0[00] | Humid=50 HF=0 DF=0
T=161835 | Temp=25/25 H=0 C=0 | Water=8 | Alarm=0 | Lock=1[01] | Humid=50 HF=0 DF=0
T=161845 | Temp=25/25 H=0 C=0 | Water=8 | Alarm=0 | Lock=0[00] | Humid=50 HF=0 DF=0
T=161855 | Temp=25/25 H=0 C=0 | Water=8 | Alarm=0 | Lock=1[01] | Humid=50 HF=0 DF=0
T=161865 | Temp=25/25 H=0 C=0 | Water=8 | Alarm=0 | Lock=0[00] | Humid=50 HF=0 DF=0
  [PASS] Simultaneous lock/unlock commands

[TEST 10] Humidity Controller - Complete Branch Coverage
T=161990 | Temp=25/25 H=0 C=0 | Water=8 | Alarm=0 | Lock=0[00] | Humid=0 HF=0 DF=0
T=162015 | Temp=25/25 H=0 C=0 | Water=8 | Alarm=0 | Lock=0[00] | Humid=0 HF=1 DF=0
T=162040 | Temp=25/25 H=0 C=0 | Water=8 | Alarm=0 | Lock=0[00] | Humid=5 HF=1 DF=0
T=162090 | Temp=25/25 H=0 C=0 | Water=8 | Alarm=0 | Lock=0[00] | Humid=10 HF=1 DF=0
T=162140 | Temp=25/25 H=0 C=0 | Water=8 | Alarm=0 | Lock=0[00] | Humid=15 HF=1 DF=0
T=162190 | Temp=25/25 H=0 C=0 | Water=8 | Alarm=0 | Lock=0[00] | Humid=20 HF=1 DF=0
T=162240 | Temp=25/25 H=0 C=0 | Water=8 | Alarm=0 | Lock=0[00] | Humid=25 HF=1 DF=0
T=162290 | Temp=25/25 H=0 C=0 | Water=8 | Alarm=0 | Lock=0[00] | Humid=30 HF=1 DF=0
T=162340 | Temp=25/25 H=0 C=0 | Water=8 | Alarm=0 | Lock=0[00] | Humid=35 HF=1 DF=0
  [PASS] Branch: humidity < 40 (humidifier ON)
T=162390 | Temp=25/25 H=0 C=0 | Water=8 | Alarm=0 | Lock=0[00] | Humid=61 HF=1 DF=0
T=162415 | Temp=25/25 H=0 C=0 | Water=8 | Alarm=0 | Lock=0[00] | Humid=61 HF=0 DF=1
T=162440 | Temp=25/25 H=0 C=0 | Water=8 | Alarm=0 | Lock=0[00] | Humid=66 HF=0 DF=1
T=162490 | Temp=25/25 H=0 C=0 | Water=8 | Alarm=0 | Lock=0[00] | Humid=71 HF=0 DF=1
T=162540 | Temp=25/25 H=0 C=0 | Water=8 | Alarm=0 | Lock=0[00] | Humid=76 HF=0 DF=1
T=162590 | Temp=25/25 H=0 C=0 | Water=8 | Alarm=0 | Lock=0[00] | Humid=81 HF=0 DF=1
T=162640 | Temp=25/25 H=0 C=0 | Water=8 | Alarm=0 | Lock=0[00] | Humid=86 HF=0 DF=1
T=162690 | Temp=25/25 H=0 C=0 | Water=8 | Alarm=0 | Lock=0[00] | Humid=91 HF=0 DF=1
T=162740 | Temp=25/25 H=0 C=0 | Water=8 | Alarm=0 | Lock=0[00] | Humid=96 HF=0 DF=1
  [PASS] Branch: humidity > 60 (dehumidifier ON)
T=162790 | Temp=25/25 H=0 C=0 | Water=8 | Alarm=0 | Lock=0[00] | Humid=40 HF=0 DF=1
T=162815 | Temp=25/25 H=0 C=0 | Water=8 | Alarm=0 | Lock=0[00] | Humid=40 HF=0 DF=0
T=162840 | Temp=25/25 H=0 C=0 | Water=8 | Alarm=0 | Lock=0[00] | Humid=42 HF=0 DF=0
T=162890 | Temp=25/25 H=0 C=0 | Water=8 | Alarm=0 | Lock=0[00] | Humid=44 HF=0 DF=0
T=162940 | Temp=25/25 H=0 C=0 | Water=8 | Alarm=0 | Lock=0[00] | Humid=46 HF=0 DF=0
T=162990 | Temp=25/25 H=0 C=0 | Water=8 | Alarm=0 | Lock=0[00] | Humid=48 HF=0 DF=0
T=163040 | Temp=25/25 H=0 C=0 | Water=8 | Alarm=0 | Lock=0[00] | Humid=50 HF=0 DF=0
T=163090 | Temp=25/25 H=0 C=0 | Water=8 | Alarm=0 | Lock=0[00] | Humid=52 HF=0 DF=0
T=163140 | Temp=25/25 H=0 C=0 | Water=8 | Alarm=0 | Lock=0[00] | Humid=54 HF=0 DF=0
T=163190 | Temp=25/25 H=0 C=0 | Water=8 | Alarm=0 | Lock=0[00] | Humid=56 HF=0 DF=0
T=163240 | Temp=25/25 H=0 C=0 | Water=8 | Alarm=0 | Lock=0[00] | Humid=58 HF=0 DF=0
T=163290 | Temp=25/25 H=0 C=0 | Water=8 | Alarm=0 | Lock=0[00] | Humid=60 HF=0 DF=0
  [PASS] Branch: 40 <= humidity <= 60 (both OFF)
T=163340 | Temp=25/25 H=0 C=0 | Water=8 | Alarm=0 | Lock=0[00] | Humid=39 HF=0 DF=0
T=163365 | Temp=25/25 H=0 C=0 | Water=8 | Alarm=0 | Lock=0[00] | Humid=39 HF=1 DF=0
T=163370 | Temp=25/25 H=0 C=0 | Water=8 | Alarm=0 | Lock=0[00] | Humid=40 HF=1 DF=0
T=163395 | Temp=25/25 H=0 C=0 | Water=8 | Alarm=0 | Lock=0[00] | Humid=40 HF=0 DF=0
T=163400 | Temp=25/25 H=0 C=0 | Water=8 | Alarm=0 | Lock=0[00] | Humid=60 HF=0 DF=0
T=163430 | Temp=25/25 H=0 C=0 | Water=8 | Alarm=0 | Lock=0[00] | Humid=61 HF=0 DF=0
T=163455 | Temp=25/25 H=0 C=0 | Water=8 | Alarm=0 | Lock=0[00] | Humid=61 HF=0 DF=1
T=163460 | Temp=25/25 H=0 C=0 | Water=8 | Alarm=0 | Lock=0[00] | Humid=39 HF=0 DF=1
T=163485 | Temp=25/25 H=0 C=0 | Water=8 | Alarm=0 | Lock=0[00] | Humid=39 HF=1 DF=0
T=163490 | Temp=25/25 H=0 C=0 | Water=8 | Alarm=0 | Lock=0[00] | Humid=40 HF=1 DF=0
T=163515 | Temp=25/25 H=0 C=0 | Water=8 | Alarm=0 | Lock=0[00] | Humid=40 HF=0 DF=0
T=163520 | Temp=25/25 H=0 C=0 | Water=8 | Alarm=0 | Lock=0[00] | Humid=60 HF=0 DF=0
T=163550 | Temp=25/25 H=0 C=0 | Water=8 | Alarm=0 | Lock=0[00] | Humid=61 HF=0 DF=0
T=163575 | Temp=25/25 H=0 C=0 | Water=8 | Alarm=0 | Lock=0[00] | Humid=61 HF=0 DF=1
T=163580 | Temp=25/25 H=0 C=0 | Water=8 | Alarm=0 | Lock=0[00] | Humid=39 HF=0 DF=1
T=163605 | Temp=25/25 H=0 C=0 | Water=8 | Alarm=0 | Lock=0[00] | Humid=39 HF=1 DF=0
T=163610 | Temp=25/25 H=0 C=0 | Water=8 | Alarm=0 | Lock=0[00] | Humid=40 HF=1 DF=0
T=163635 | Temp=25/25 H=0 C=0 | Water=8 | Alarm=0 | Lock=0[00] | Humid=40 HF=0 DF=0
T=163640 | Temp=25/25 H=0 C=0 | Water=8 | Alarm=0 | Lock=0[00] | Humid=60 HF=0 DF=0
T=163670 | Temp=25/25 H=0 C=0 | Water=8 | Alarm=0 | Lock=0[00] | Humid=61 HF=0 DF=0
T=163695 | Temp=25/25 H=0 C=0 | Water=8 | Alarm=0 | Lock=0[00] | Humid=61 HF=0 DF=1
T=163700 | Temp=25/25 H=0 C=0 | Water=8 | Alarm=0 | Lock=0[00] | Humid=39 HF=0 DF=1
T=163725 | Temp=25/25 H=0 C=0 | Water=8 | Alarm=0 | Lock=0[00] | Humid=39 HF=1 DF=0
T=163730 | Temp=25/25 H=0 C=0 | Water=8 | Alarm=0 | Lock=0[00] | Humid=40 HF=1 DF=0
T=163755 | Temp=25/25 H=0 C=0 | Water=8 | Alarm=0 | Lock=0[00] | Humid=40 HF=0 DF=0
T=163760 | Temp=25/25 H=0 C=0 | Water=8 | Alarm=0 | Lock=0[00] | Humid=60 HF=0 DF=0
T=163790 | Temp=25/25 H=0 C=0 | Water=8 | Alarm=0 | Lock=0[00] | Humid=61 HF=0 DF=0
T=163815 | Temp=25/25 H=0 C=0 | Water=8 | Alarm=0 | Lock=0[00] | Humid=61 HF=0 DF=1
T=163820 | Temp=25/25 H=0 C=0 | Water=8 | Alarm=0 | Lock=0[00] | Humid=39 HF=0 DF=1
T=163845 | Temp=25/25 H=0 C=0 | Water=8 | Alarm=0 | Lock=0[00] | Humid=39 HF=1 DF=0
T=163850 | Temp=25/25 H=0 C=0 | Water=8 | Alarm=0 | Lock=0[00] | Humid=40 HF=1 DF=0
T=163875 | Temp=25/25 H=0 C=0 | Water=8 | Alarm=0 | Lock=0[00] | Humid=40 HF=0 DF=0
T=163880 | Temp=25/25 H=0 C=0 | Water=8 | Alarm=0 | Lock=0[00] | Humid=60 HF=0 DF=0
T=163910 | Temp=25/25 H=0 C=0 | Water=8 | Alarm=0 | Lock=0[00] | Humid=61 HF=0 DF=0
T=163935 | Temp=25/25 H=0 C=0 | Water=8 | Alarm=0 | Lock=0[00] | Humid=61 HF=0 DF=1
T=163940 | Temp=25/25 H=0 C=0 | Water=8 | Alarm=0 | Lock=0[00] | Humid=39 HF=0 DF=1
T=163965 | Temp=25/25 H=0 C=0 | Water=8 | Alarm=0 | Lock=0[00] | Humid=39 HF=1 DF=0
T=163970 | Temp=25/25 H=0 C=0 | Water=8 | Alarm=0 | Lock=0[00] | Humid=40 HF=1 DF=0
T=163995 | Temp=25/25 H=0 C=0 | Water=8 | Alarm=0 | Lock=0[00] | Humid=40 HF=0 DF=0
T=164000 | Temp=25/25 H=0 C=0 | Water=8 | Alarm=0 | Lock=0[00] | Humid=60 HF=0 DF=0
T=164030 | Temp=25/25 H=0 C=0 | Water=8 | Alarm=0 | Lock=0[00] | Humid=61 HF=0 DF=0
T=164055 | Temp=25/25 H=0 C=0 | Water=8 | Alarm=0 | Lock=0[00] | Humid=61 HF=0 DF=1
T=164060 | Temp=25/25 H=0 C=0 | Water=8 | Alarm=0 | Lock=0[00] | Humid=39 HF=0 DF=1
T=164085 | Temp=25/25 H=0 C=0 | Water=8 | Alarm=0 | Lock=0[00] | Humid=39 HF=1 DF=0
T=164090 | Temp=25/25 H=0 C=0 | Water=8 | Alarm=0 | Lock=0[00] | Humid=40 HF=1 DF=0
T=164115 | Temp=25/25 H=0 C=0 | Water=8 | Alarm=0 | Lock=0[00] | Humid=40 HF=0 DF=0
T=164120 | Temp=25/25 H=0 C=0 | Water=8 | Alarm=0 | Lock=0[00] | Humid=60 HF=0 DF=0
T=164150 | Temp=25/25 H=0 C=0 | Water=8 | Alarm=0 | Lock=0[00] | Humid=61 HF=0 DF=0
T=164175 | Temp=25/25 H=0 C=0 | Water=8 | Alarm=0 | Lock=0[00] | Humid=61 HF=0 DF=1
T=164180 | Temp=25/25 H=0 C=0 | Water=8 | Alarm=0 | Lock=0[00] | Humid=39 HF=0 DF=1
T=164205 | Temp=25/25 H=0 C=0 | Water=8 | Alarm=0 | Lock=0[00] | Humid=39 HF=1 DF=0
T=164210 | Temp=25/25 H=0 C=0 | Water=8 | Alarm=0 | Lock=0[00] | Humid=40 HF=1 DF=0
T=164235 | Temp=25/25 H=0 C=0 | Water=8 | Alarm=0 | Lock=0[00] | Humid=40 HF=0 DF=0
T=164240 | Temp=25/25 H=0 C=0 | Water=8 | Alarm=0 | Lock=0[00] | Humid=60 HF=0 DF=0
T=164270 | Temp=25/25 H=0 C=0 | Water=8 | Alarm=0 | Lock=0[00] | Humid=61 HF=0 DF=0
T=164295 | Temp=25/25 H=0 C=0 | Water=8 | Alarm=0 | Lock=0[00] | Humid=61 HF=0 DF=1
T=164300 | Temp=25/25 H=0 C=0 | Water=8 | Alarm=0 | Lock=0[00] | Humid=39 HF=0 DF=1
T=164325 | Temp=25/25 H=0 C=0 | Water=8 | Alarm=0 | Lock=0[00] | Humid=39 HF=1 DF=0
T=164330 | Temp=25/25 H=0 C=0 | Water=8 | Alarm=0 | Lock=0[00] | Humid=40 HF=1 DF=0
T=164355 | Temp=25/25 H=0 C=0 | Water=8 | Alarm=0 | Lock=0[00] | Humid=40 HF=0 DF=0
T=164360 | Temp=25/25 H=0 C=0 | Water=8 | Alarm=0 | Lock=0[00] | Humid=60 HF=0 DF=0
T=164390 | Temp=25/25 H=0 C=0 | Water=8 | Alarm=0 | Lock=0[00] | Humid=61 HF=0 DF=0
T=164415 | Temp=25/25 H=0 C=0 | Water=8 | Alarm=0 | Lock=0[00] | Humid=61 HF=0 DF=1
T=164420 | Temp=25/25 H=0 C=0 | Water=8 | Alarm=0 | Lock=0[00] | Humid=39 HF=0 DF=1
T=164445 | Temp=25/25 H=0 C=0 | Water=8 | Alarm=0 | Lock=0[00] | Humid=39 HF=1 DF=0
T=164450 | Temp=25/25 H=0 C=0 | Water=8 | Alarm=0 | Lock=0[00] | Humid=40 HF=1 DF=0
T=164475 | Temp=25/25 H=0 C=0 | Water=8 | Alarm=0 | Lock=0[00] | Humid=40 HF=0 DF=0
T=164480 | Temp=25/25 H=0 C=0 | Water=8 | Alarm=0 | Lock=0[00] | Humid=60 HF=0 DF=0
T=164510 | Temp=25/25 H=0 C=0 | Water=8 | Alarm=0 | Lock=0[00] | Humid=61 HF=0 DF=0
T=164535 | Temp=25/25 H=0 C=0 | Water=8 | Alarm=0 | Lock=0[00] | Humid=61 HF=0 DF=1
T=164540 | Temp=25/25 H=0 C=0 | Water=8 | Alarm=0 | Lock=0[00] | Humid=39 HF=0 DF=1
T=164565 | Temp=25/25 H=0 C=0 | Water=8 | Alarm=0 | Lock=0[00] | Humid=39 HF=1 DF=0
T=164570 | Temp=25/25 H=0 C=0 | Water=8 | Alarm=0 | Lock=0[00] | Humid=40 HF=1 DF=0
T=164595 | Temp=25/25 H=0 C=0 | Water=8 | Alarm=0 | Lock=0[00] | Humid=40 HF=0 DF=0
T=164600 | Temp=25/25 H=0 C=0 | Water=8 | Alarm=0 | Lock=0[00] | Humid=60 HF=0 DF=0
T=164630 | Temp=25/25 H=0 C=0 | Water=8 | Alarm=0 | Lock=0[00] | Humid=61 HF=0 DF=0
T=164655 | Temp=25/25 H=0 C=0 | Water=8 | Alarm=0 | Lock=0[00] | Humid=61 HF=0 DF=1
T=164660 | Temp=25/25 H=0 C=0 | Water=8 | Alarm=0 | Lock=0[00] | Humid=39 HF=0 DF=1
T=164685 | Temp=25/25 H=0 C=0 | Water=8 | Alarm=0 | Lock=0[00] | Humid=39 HF=1 DF=0
T=164690 | Temp=25/25 H=0 C=0 | Water=8 | Alarm=0 | Lock=0[00] | Humid=40 HF=1 DF=0
T=164715 | Temp=25/25 H=0 C=0 | Water=8 | Alarm=0 | Lock=0[00] | Humid=40 HF=0 DF=0
T=164720 | Temp=25/25 H=0 C=0 | Water=8 | Alarm=0 | Lock=0[00] | Humid=60 HF=0 DF=0
T=164750 | Temp=25/25 H=0 C=0 | Water=8 | Alarm=0 | Lock=0[00] | Humid=61 HF=0 DF=0
T=164775 | Temp=25/25 H=0 C=0 | Water=8 | Alarm=0 | Lock=0[00] | Humid=61 HF=0 DF=1
T=164780 | Temp=25/25 H=0 C=0 | Water=8 | Alarm=0 | Lock=0[00] | Humid=39 HF=0 DF=1
T=164805 | Temp=25/25 H=0 C=0 | Water=8 | Alarm=0 | Lock=0[00] | Humid=39 HF=1 DF=0
T=164810 | Temp=25/25 H=0 C=0 | Water=8 | Alarm=0 | Lock=0[00] | Humid=40 HF=1 DF=0
T=164835 | Temp=25/25 H=0 C=0 | Water=8 | Alarm=0 | Lock=0[00] | Humid=40 HF=0 DF=0
T=164840 | Temp=25/25 H=0 C=0 | Water=8 | Alarm=0 | Lock=0[00] | Humid=60 HF=0 DF=0
T=164870 | Temp=25/25 H=0 C=0 | Water=8 | Alarm=0 | Lock=0[00] | Humid=61 HF=0 DF=0
T=164895 | Temp=25/25 H=0 C=0 | Water=8 | Alarm=0 | Lock=0[00] | Humid=61 HF=0 DF=1
T=164900 | Temp=25/25 H=0 C=0 | Water=8 | Alarm=0 | Lock=0[00] | Humid=39 HF=0 DF=1
T=164925 | Temp=25/25 H=0 C=0 | Water=8 | Alarm=0 | Lock=0[00] | Humid=39 HF=1 DF=0
T=164930 | Temp=25/25 H=0 C=0 | Water=8 | Alarm=0 | Lock=0[00] | Humid=40 HF=1 DF=0
T=164955 | Temp=25/25 H=0 C=0 | Water=8 | Alarm=0 | Lock=0[00] | Humid=40 HF=0 DF=0
T=164960 | Temp=25/25 H=0 C=0 | Water=8 | Alarm=0 | Lock=0[00] | Humid=60 HF=0 DF=0
T=164990 | Temp=25/25 H=0 C=0 | Water=8 | Alarm=0 | Lock=0[00] | Humid=61 HF=0 DF=0
T=165015 | Temp=25/25 H=0 C=0 | Water=8 | Alarm=0 | Lock=0[00] | Humid=61 HF=0 DF=1
T=165020 | Temp=25/25 H=0 C=0 | Water=8 | Alarm=0 | Lock=0[00] | Humid=39 HF=0 DF=1
T=165045 | Temp=25/25 H=0 C=0 | Water=8 | Alarm=0 | Lock=0[00] | Humid=39 HF=1 DF=0
T=165050 | Temp=25/25 H=0 C=0 | Water=8 | Alarm=0 | Lock=0[00] | Humid=40 HF=1 DF=0
T=165075 | Temp=25/25 H=0 C=0 | Water=8 | Alarm=0 | Lock=0[00] | Humid=40 HF=0 DF=0
T=165080 | Temp=25/25 H=0 C=0 | Water=8 | Alarm=0 | Lock=0[00] | Humid=60 HF=0 DF=0
T=165110 | Temp=25/25 H=0 C=0 | Water=8 | Alarm=0 | Lock=0[00] | Humid=61 HF=0 DF=0
T=165135 | Temp=25/25 H=0 C=0 | Water=8 | Alarm=0 | Lock=0[00] | Humid=61 HF=0 DF=1
T=165140 | Temp=25/25 H=0 C=0 | Water=8 | Alarm=0 | Lock=0[00] | Humid=39 HF=0 DF=1
T=165165 | Temp=25/25 H=0 C=0 | Water=8 | Alarm=0 | Lock=0[00] | Humid=39 HF=1 DF=0
T=165170 | Temp=25/25 H=0 C=0 | Water=8 | Alarm=0 | Lock=0[00] | Humid=40 HF=1 DF=0
T=165195 | Temp=25/25 H=0 C=0 | Water=8 | Alarm=0 | Lock=0[00] | Humid=40 HF=0 DF=0
T=165200 | Temp=25/25 H=0 C=0 | Water=8 | Alarm=0 | Lock=0[00] | Humid=60 HF=0 DF=0
T=165230 | Temp=25/25 H=0 C=0 | Water=8 | Alarm=0 | Lock=0[00] | Humid=61 HF=0 DF=0
T=165255 | Temp=25/25 H=0 C=0 | Water=8 | Alarm=0 | Lock=0[00] | Humid=61 HF=0 DF=1
T=165260 | Temp=25/25 H=0 C=0 | Water=8 | Alarm=0 | Lock=0[00] | Humid=39 HF=0 DF=1
T=165285 | Temp=25/25 H=0 C=0 | Water=8 | Alarm=0 | Lock=0[00] | Humid=39 HF=1 DF=0
T=165290 | Temp=25/25 H=0 C=0 | Water=8 | Alarm=0 | Lock=0[00] | Humid=40 HF=1 DF=0
T=165315 | Temp=25/25 H=0 C=0 | Water=8 | Alarm=0 | Lock=0[00] | Humid=40 HF=0 DF=0
T=165320 | Temp=25/25 H=0 C=0 | Water=8 | Alarm=0 | Lock=0[00] | Humid=60 HF=0 DF=0
T=165350 | Temp=25/25 H=0 C=0 | Water=8 | Alarm=0 | Lock=0[00] | Humid=61 HF=0 DF=0
T=165375 | Temp=25/25 H=0 C=0 | Water=8 | Alarm=0 | Lock=0[00] | Humid=61 HF=0 DF=1
T=165380 | Temp=25/25 H=0 C=0 | Water=8 | Alarm=0 | Lock=0[00] | Humid=39 HF=0 DF=1
T=165405 | Temp=25/25 H=0 C=0 | Water=8 | Alarm=0 | Lock=0[00] | Humid=39 HF=1 DF=0
T=165410 | Temp=25/25 H=0 C=0 | Water=8 | Alarm=0 | Lock=0[00] | Humid=40 HF=1 DF=0
T=165435 | Temp=25/25 H=0 C=0 | Water=8 | Alarm=0 | Lock=0[00] | Humid=40 HF=0 DF=0
T=165440 | Temp=25/25 H=0 C=0 | Water=8 | Alarm=0 | Lock=0[00] | Humid=60 HF=0 DF=0
T=165470 | Temp=25/25 H=0 C=0 | Water=8 | Alarm=0 | Lock=0[00] | Humid=61 HF=0 DF=0
T=165495 | Temp=25/25 H=0 C=0 | Water=8 | Alarm=0 | Lock=0[00] | Humid=61 HF=0 DF=1
T=165500 | Temp=25/25 H=0 C=0 | Water=8 | Alarm=0 | Lock=0[00] | Humid=39 HF=0 DF=1
T=165525 | Temp=25/25 H=0 C=0 | Water=8 | Alarm=0 | Lock=0[00] | Humid=39 HF=1 DF=0
T=165530 | Temp=25/25 H=0 C=0 | Water=8 | Alarm=0 | Lock=0[00] | Humid=40 HF=1 DF=0
T=165555 | Temp=25/25 H=0 C=0 | Water=8 | Alarm=0 | Lock=0[00] | Humid=40 HF=0 DF=0
T=165560 | Temp=25/25 H=0 C=0 | Water=8 | Alarm=0 | Lock=0[00] | Humid=60 HF=0 DF=0
T=165590 | Temp=25/25 H=0 C=0 | Water=8 | Alarm=0 | Lock=0[00] | Humid=61 HF=0 DF=0
T=165615 | Temp=25/25 H=0 C=0 | Water=8 | Alarm=0 | Lock=0[00] | Humid=61 HF=0 DF=1
T=165620 | Temp=25/25 H=0 C=0 | Water=8 | Alarm=0 | Lock=0[00] | Humid=39 HF=0 DF=1
T=165645 | Temp=25/25 H=0 C=0 | Water=8 | Alarm=0 | Lock=0[00] | Humid=39 HF=1 DF=0
T=165650 | Temp=25/25 H=0 C=0 | Water=8 | Alarm=0 | Lock=0[00] | Humid=40 HF=1 DF=0
T=165675 | Temp=25/25 H=0 C=0 | Water=8 | Alarm=0 | Lock=0[00] | Humid=40 HF=0 DF=0
T=165680 | Temp=25/25 H=0 C=0 | Water=8 | Alarm=0 | Lock=0[00] | Humid=60 HF=0 DF=0
T=165710 | Temp=25/25 H=0 C=0 | Water=8 | Alarm=0 | Lock=0[00] | Humid=61 HF=0 DF=0
T=165735 | Temp=25/25 H=0 C=0 | Water=8 | Alarm=0 | Lock=0[00] | Humid=61 HF=0 DF=1
T=165740 | Temp=25/25 H=0 C=0 | Water=8 | Alarm=0 | Lock=0[00] | Humid=39 HF=0 DF=1
T=165765 | Temp=25/25 H=0 C=0 | Water=8 | Alarm=0 | Lock=0[00] | Humid=39 HF=1 DF=0
T=165770 | Temp=25/25 H=0 C=0 | Water=8 | Alarm=0 | Lock=0[00] | Humid=40 HF=1 DF=0
T=165795 | Temp=25/25 H=0 C=0 | Water=8 | Alarm=0 | Lock=0[00] | Humid=40 HF=0 DF=0
T=165800 | Temp=25/25 H=0 C=0 | Water=8 | Alarm=0 | Lock=0[00] | Humid=60 HF=0 DF=0
T=165830 | Temp=25/25 H=0 C=0 | Water=8 | Alarm=0 | Lock=0[00] | Humid=61 HF=0 DF=0
T=165855 | Temp=25/25 H=0 C=0 | Water=8 | Alarm=0 | Lock=0[00] | Humid=61 HF=0 DF=1
T=165860 | Temp=25/25 H=0 C=0 | Water=8 | Alarm=0 | Lock=0[00] | Humid=39 HF=0 DF=1
T=165885 | Temp=25/25 H=0 C=0 | Water=8 | Alarm=0 | Lock=0[00] | Humid=39 HF=1 DF=0
T=165890 | Temp=25/25 H=0 C=0 | Water=8 | Alarm=0 | Lock=0[00] | Humid=40 HF=1 DF=0
T=165915 | Temp=25/25 H=0 C=0 | Water=8 | Alarm=0 | Lock=0[00] | Humid=40 HF=0 DF=0
T=165920 | Temp=25/25 H=0 C=0 | Water=8 | Alarm=0 | Lock=0[00] | Humid=60 HF=0 DF=0
T=165950 | Temp=25/25 H=0 C=0 | Water=8 | Alarm=0 | Lock=0[00] | Humid=61 HF=0 DF=0
T=165975 | Temp=25/25 H=0 C=0 | Water=8 | Alarm=0 | Lock=0[00] | Humid=61 HF=0 DF=1
T=165980 | Temp=25/25 H=0 C=0 | Water=8 | Alarm=0 | Lock=0[00] | Humid=39 HF=0 DF=1
T=166005 | Temp=25/25 H=0 C=0 | Water=8 | Alarm=0 | Lock=0[00] | Humid=39 HF=1 DF=0
T=166010 | Temp=25/25 H=0 C=0 | Water=8 | Alarm=0 | Lock=0[00] | Humid=40 HF=1 DF=0
T=166035 | Temp=25/25 H=0 C=0 | Water=8 | Alarm=0 | Lock=0[00] | Humid=40 HF=0 DF=0
T=166040 | Temp=25/25 H=0 C=0 | Water=8 | Alarm=0 | Lock=0[00] | Humid=60 HF=0 DF=0
T=166070 | Temp=25/25 H=0 C=0 | Water=8 | Alarm=0 | Lock=0[00] | Humid=61 HF=0 DF=0
T=166095 | Temp=25/25 H=0 C=0 | Water=8 | Alarm=0 | Lock=0[00] | Humid=61 HF=0 DF=1
T=166100 | Temp=25/25 H=0 C=0 | Water=8 | Alarm=0 | Lock=0[00] | Humid=39 HF=0 DF=1
T=166125 | Temp=25/25 H=0 C=0 | Water=8 | Alarm=0 | Lock=0[00] | Humid=39 HF=1 DF=0
T=166130 | Temp=25/25 H=0 C=0 | Water=8 | Alarm=0 | Lock=0[00] | Humid=40 HF=1 DF=0
T=166155 | Temp=25/25 H=0 C=0 | Water=8 | Alarm=0 | Lock=0[00] | Humid=40 HF=0 DF=0
T=166160 | Temp=25/25 H=0 C=0 | Water=8 | Alarm=0 | Lock=0[00] | Humid=60 HF=0 DF=0
T=166190 | Temp=25/25 H=0 C=0 | Water=8 | Alarm=0 | Lock=0[00] | Humid=61 HF=0 DF=0
T=166215 | Temp=25/25 H=0 C=0 | Water=8 | Alarm=0 | Lock=0[00] | Humid=61 HF=0 DF=1
T=166220 | Temp=25/25 H=0 C=0 | Water=8 | Alarm=0 | Lock=0[00] | Humid=39 HF=0 DF=1
T=166245 | Temp=25/25 H=0 C=0 | Water=8 | Alarm=0 | Lock=0[00] | Humid=39 HF=1 DF=0
T=166250 | Temp=25/25 H=0 C=0 | Water=8 | Alarm=0 | Lock=0[00] | Humid=40 HF=1 DF=0
T=166275 | Temp=25/25 H=0 C=0 | Water=8 | Alarm=0 | Lock=0[00] | Humid=40 HF=0 DF=0
T=166280 | Temp=25/25 H=0 C=0 | Water=8 | Alarm=0 | Lock=0[00] | Humid=60 HF=0 DF=0
T=166310 | Temp=25/25 H=0 C=0 | Water=8 | Alarm=0 | Lock=0[00] | Humid=61 HF=0 DF=0
T=166335 | Temp=25/25 H=0 C=0 | Water=8 | Alarm=0 | Lock=0[00] | Humid=61 HF=0 DF=1
T=166340 | Temp=25/25 H=0 C=0 | Water=8 | Alarm=0 | Lock=0[00] | Humid=39 HF=0 DF=1
T=166365 | Temp=25/25 H=0 C=0 | Water=8 | Alarm=0 | Lock=0[00] | Humid=39 HF=1 DF=0
T=166370 | Temp=25/25 H=0 C=0 | Water=8 | Alarm=0 | Lock=0[00] | Humid=40 HF=1 DF=0
T=166395 | Temp=25/25 H=0 C=0 | Water=8 | Alarm=0 | Lock=0[00] | Humid=40 HF=0 DF=0
T=166400 | Temp=25/25 H=0 C=0 | Water=8 | Alarm=0 | Lock=0[00] | Humid=60 HF=0 DF=0
T=166430 | Temp=25/25 H=0 C=0 | Water=8 | Alarm=0 | Lock=0[00] | Humid=61 HF=0 DF=0
T=166455 | Temp=25/25 H=0 C=0 | Water=8 | Alarm=0 | Lock=0[00] | Humid=61 HF=0 DF=1
T=166460 | Temp=25/25 H=0 C=0 | Water=8 | Alarm=0 | Lock=0[00] | Humid=39 HF=0 DF=1
T=166485 | Temp=25/25 H=0 C=0 | Water=8 | Alarm=0 | Lock=0[00] | Humid=39 HF=1 DF=0
T=166490 | Temp=25/25 H=0 C=0 | Water=8 | Alarm=0 | Lock=0[00] | Humid=40 HF=1 DF=0
T=166515 | Temp=25/25 H=0 C=0 | Water=8 | Alarm=0 | Lock=0[00] | Humid=40 HF=0 DF=0
T=166520 | Temp=25/25 H=0 C=0 | Water=8 | Alarm=0 | Lock=0[00] | Humid=60 HF=0 DF=0
T=166550 | Temp=25/25 H=0 C=0 | Water=8 | Alarm=0 | Lock=0[00] | Humid=61 HF=0 DF=0
T=166575 | Temp=25/25 H=0 C=0 | Water=8 | Alarm=0 | Lock=0[00] | Humid=61 HF=0 DF=1
T=166580 | Temp=25/25 H=0 C=0 | Water=8 | Alarm=0 | Lock=0[00] | Humid=39 HF=0 DF=1
T=166605 | Temp=25/25 H=0 C=0 | Water=8 | Alarm=0 | Lock=0[00] | Humid=39 HF=1 DF=0
T=166610 | Temp=25/25 H=0 C=0 | Water=8 | Alarm=0 | Lock=0[00] | Humid=40 HF=1 DF=0
T=166635 | Temp=25/25 H=0 C=0 | Water=8 | Alarm=0 | Lock=0[00] | Humid=40 HF=0 DF=0
T=166640 | Temp=25/25 H=0 C=0 | Water=8 | Alarm=0 | Lock=0[00] | Humid=60 HF=0 DF=0
T=166670 | Temp=25/25 H=0 C=0 | Water=8 | Alarm=0 | Lock=0[00] | Humid=61 HF=0 DF=0
T=166695 | Temp=25/25 H=0 C=0 | Water=8 | Alarm=0 | Lock=0[00] | Humid=61 HF=0 DF=1
T=166700 | Temp=25/25 H=0 C=0 | Water=8 | Alarm=0 | Lock=0[00] | Humid=39 HF=0 DF=1
T=166725 | Temp=25/25 H=0 C=0 | Water=8 | Alarm=0 | Lock=0[00] | Humid=39 HF=1 DF=0
T=166730 | Temp=25/25 H=0 C=0 | Water=8 | Alarm=0 | Lock=0[00] | Humid=40 HF=1 DF=0
T=166755 | Temp=25/25 H=0 C=0 | Water=8 | Alarm=0 | Lock=0[00] | Humid=40 HF=0 DF=0
T=166760 | Temp=25/25 H=0 C=0 | Water=8 | Alarm=0 | Lock=0[00] | Humid=60 HF=0 DF=0
T=166790 | Temp=25/25 H=0 C=0 | Water=8 | Alarm=0 | Lock=0[00] | Humid=61 HF=0 DF=0
T=166815 | Temp=25/25 H=0 C=0 | Water=8 | Alarm=0 | Lock=0[00] | Humid=61 HF=0 DF=1
T=166820 | Temp=25/25 H=0 C=0 | Water=8 | Alarm=0 | Lock=0[00] | Humid=39 HF=0 DF=1
T=166845 | Temp=25/25 H=0 C=0 | Water=8 | Alarm=0 | Lock=0[00] | Humid=39 HF=1 DF=0
T=166850 | Temp=25/25 H=0 C=0 | Water=8 | Alarm=0 | Lock=0[00] | Humid=40 HF=1 DF=0
T=166875 | Temp=25/25 H=0 C=0 | Water=8 | Alarm=0 | Lock=0[00] | Humid=40 HF=0 DF=0
T=166880 | Temp=25/25 H=0 C=0 | Water=8 | Alarm=0 | Lock=0[00] | Humid=60 HF=0 DF=0
T=166910 | Temp=25/25 H=0 C=0 | Water=8 | Alarm=0 | Lock=0[00] | Humid=61 HF=0 DF=0
T=166935 | Temp=25/25 H=0 C=0 | Water=8 | Alarm=0 | Lock=0[00] | Humid=61 HF=0 DF=1
T=166940 | Temp=25/25 H=0 C=0 | Water=8 | Alarm=0 | Lock=0[00] | Humid=39 HF=0 DF=1
T=166965 | Temp=25/25 H=0 C=0 | Water=8 | Alarm=0 | Lock=0[00] | Humid=39 HF=1 DF=0
T=166970 | Temp=25/25 H=0 C=0 | Water=8 | Alarm=0 | Lock=0[00] | Humid=40 HF=1 DF=0
T=166995 | Temp=25/25 H=0 C=0 | Water=8 | Alarm=0 | Lock=0[00] | Humid=40 HF=0 DF=0
T=167000 | Temp=25/25 H=0 C=0 | Water=8 | Alarm=0 | Lock=0[00] | Humid=60 HF=0 DF=0
T=167030 | Temp=25/25 H=0 C=0 | Water=8 | Alarm=0 | Lock=0[00] | Humid=61 HF=0 DF=0
T=167055 | Temp=25/25 H=0 C=0 | Water=8 | Alarm=0 | Lock=0[00] | Humid=61 HF=0 DF=1
T=167060 | Temp=25/25 H=0 C=0 | Water=8 | Alarm=0 | Lock=0[00] | Humid=39 HF=0 DF=1
T=167085 | Temp=25/25 H=0 C=0 | Water=8 | Alarm=0 | Lock=0[00] | Humid=39 HF=1 DF=0
T=167090 | Temp=25/25 H=0 C=0 | Water=8 | Alarm=0 | Lock=0[00] | Humid=40 HF=1 DF=0
T=167115 | Temp=25/25 H=0 C=0 | Water=8 | Alarm=0 | Lock=0[00] | Humid=40 HF=0 DF=0
T=167120 | Temp=25/25 H=0 C=0 | Water=8 | Alarm=0 | Lock=0[00] | Humid=60 HF=0 DF=0
T=167150 | Temp=25/25 H=0 C=0 | Water=8 | Alarm=0 | Lock=0[00] | Humid=61 HF=0 DF=0
T=167175 | Temp=25/25 H=0 C=0 | Water=8 | Alarm=0 | Lock=0[00] | Humid=61 HF=0 DF=1
T=167180 | Temp=25/25 H=0 C=0 | Water=8 | Alarm=0 | Lock=0[00] | Humid=39 HF=0 DF=1
T=167205 | Temp=25/25 H=0 C=0 | Water=8 | Alarm=0 | Lock=0[00] | Humid=39 HF=1 DF=0
T=167210 | Temp=25/25 H=0 C=0 | Water=8 | Alarm=0 | Lock=0[00] | Humid=40 HF=1 DF=0
T=167235 | Temp=25/25 H=0 C=0 | Water=8 | Alarm=0 | Lock=0[00] | Humid=40 HF=0 DF=0
T=167240 | Temp=25/25 H=0 C=0 | Water=8 | Alarm=0 | Lock=0[00] | Humid=60 HF=0 DF=0
T=167270 | Temp=25/25 H=0 C=0 | Water=8 | Alarm=0 | Lock=0[00] | Humid=61 HF=0 DF=0
T=167295 | Temp=25/25 H=0 C=0 | Water=8 | Alarm=0 | Lock=0[00] | Humid=61 HF=0 DF=1
T=167300 | Temp=25/25 H=0 C=0 | Water=8 | Alarm=0 | Lock=0[00] | Humid=39 HF=0 DF=1
T=167325 | Temp=25/25 H=0 C=0 | Water=8 | Alarm=0 | Lock=0[00] | Humid=39 HF=1 DF=0
T=167330 | Temp=25/25 H=0 C=0 | Water=8 | Alarm=0 | Lock=0[00] | Humid=40 HF=1 DF=0
T=167355 | Temp=25/25 H=0 C=0 | Water=8 | Alarm=0 | Lock=0[00] | Humid=40 HF=0 DF=0
T=167360 | Temp=25/25 H=0 C=0 | Water=8 | Alarm=0 | Lock=0[00] | Humid=60 HF=0 DF=0
T=167390 | Temp=25/25 H=0 C=0 | Water=8 | Alarm=0 | Lock=0[00] | Humid=61 HF=0 DF=0
T=167415 | Temp=25/25 H=0 C=0 | Water=8 | Alarm=0 | Lock=0[00] | Humid=61 HF=0 DF=1
T=167420 | Temp=25/25 H=0 C=0 | Water=8 | Alarm=0 | Lock=0[00] | Humid=39 HF=0 DF=1
T=167445 | Temp=25/25 H=0 C=0 | Water=8 | Alarm=0 | Lock=0[00] | Humid=39 HF=1 DF=0
T=167450 | Temp=25/25 H=0 C=0 | Water=8 | Alarm=0 | Lock=0[00] | Humid=40 HF=1 DF=0
T=167475 | Temp=25/25 H=0 C=0 | Water=8 | Alarm=0 | Lock=0[00] | Humid=40 HF=0 DF=0
T=167480 | Temp=25/25 H=0 C=0 | Water=8 | Alarm=0 | Lock=0[00] | Humid=60 HF=0 DF=0
T=167510 | Temp=25/25 H=0 C=0 | Water=8 | Alarm=0 | Lock=0[00] | Humid=61 HF=0 DF=0
T=167535 | Temp=25/25 H=0 C=0 | Water=8 | Alarm=0 | Lock=0[00] | Humid=61 HF=0 DF=1
T=167540 | Temp=25/25 H=0 C=0 | Water=8 | Alarm=0 | Lock=0[00] | Humid=39 HF=0 DF=1
T=167565 | Temp=25/25 H=0 C=0 | Water=8 | Alarm=0 | Lock=0[00] | Humid=39 HF=1 DF=0
T=167570 | Temp=25/25 H=0 C=0 | Water=8 | Alarm=0 | Lock=0[00] | Humid=40 HF=1 DF=0
T=167595 | Temp=25/25 H=0 C=0 | Water=8 | Alarm=0 | Lock=0[00] | Humid=40 HF=0 DF=0
T=167600 | Temp=25/25 H=0 C=0 | Water=8 | Alarm=0 | Lock=0[00] | Humid=60 HF=0 DF=0
T=167630 | Temp=25/25 H=0 C=0 | Water=8 | Alarm=0 | Lock=0[00] | Humid=61 HF=0 DF=0
T=167655 | Temp=25/25 H=0 C=0 | Water=8 | Alarm=0 | Lock=0[00] | Humid=61 HF=0 DF=1
T=167660 | Temp=25/25 H=0 C=0 | Water=8 | Alarm=0 | Lock=0[00] | Humid=39 HF=0 DF=1
T=167685 | Temp=25/25 H=0 C=0 | Water=8 | Alarm=0 | Lock=0[00] | Humid=39 HF=1 DF=0
T=167690 | Temp=25/25 H=0 C=0 | Water=8 | Alarm=0 | Lock=0[00] | Humid=40 HF=1 DF=0
T=167715 | Temp=25/25 H=0 C=0 | Water=8 | Alarm=0 | Lock=0[00] | Humid=40 HF=0 DF=0
T=167720 | Temp=25/25 H=0 C=0 | Water=8 | Alarm=0 | Lock=0[00] | Humid=60 HF=0 DF=0
T=167750 | Temp=25/25 H=0 C=0 | Water=8 | Alarm=0 | Lock=0[00] | Humid=61 HF=0 DF=0
T=167775 | Temp=25/25 H=0 C=0 | Water=8 | Alarm=0 | Lock=0[00] | Humid=61 HF=0 DF=1
T=167780 | Temp=25/25 H=0 C=0 | Water=8 | Alarm=0 | Lock=0[00] | Humid=39 HF=0 DF=1
T=167805 | Temp=25/25 H=0 C=0 | Water=8 | Alarm=0 | Lock=0[00] | Humid=39 HF=1 DF=0
T=167810 | Temp=25/25 H=0 C=0 | Water=8 | Alarm=0 | Lock=0[00] | Humid=40 HF=1 DF=0
T=167835 | Temp=25/25 H=0 C=0 | Water=8 | Alarm=0 | Lock=0[00] | Humid=40 HF=0 DF=0
T=167840 | Temp=25/25 H=0 C=0 | Water=8 | Alarm=0 | Lock=0[00] | Humid=60 HF=0 DF=0
T=167870 | Temp=25/25 H=0 C=0 | Water=8 | Alarm=0 | Lock=0[00] | Humid=61 HF=0 DF=0
T=167895 | Temp=25/25 H=0 C=0 | Water=8 | Alarm=0 | Lock=0[00] | Humid=61 HF=0 DF=1
T=167900 | Temp=25/25 H=0 C=0 | Water=8 | Alarm=0 | Lock=0[00] | Humid=39 HF=0 DF=1
T=167925 | Temp=25/25 H=0 C=0 | Water=8 | Alarm=0 | Lock=0[00] | Humid=39 HF=1 DF=0
T=167930 | Temp=25/25 H=0 C=0 | Water=8 | Alarm=0 | Lock=0[00] | Humid=40 HF=1 DF=0
T=167955 | Temp=25/25 H=0 C=0 | Water=8 | Alarm=0 | Lock=0[00] | Humid=40 HF=0 DF=0
T=167960 | Temp=25/25 H=0 C=0 | Water=8 | Alarm=0 | Lock=0[00] | Humid=60 HF=0 DF=0
T=167990 | Temp=25/25 H=0 C=0 | Water=8 | Alarm=0 | Lock=0[00] | Humid=61 HF=0 DF=0
T=168015 | Temp=25/25 H=0 C=0 | Water=8 | Alarm=0 | Lock=0[00] | Humid=61 HF=0 DF=1
T=168020 | Temp=25/25 H=0 C=0 | Water=8 | Alarm=0 | Lock=0[00] | Humid=39 HF=0 DF=1
T=168045 | Temp=25/25 H=0 C=0 | Water=8 | Alarm=0 | Lock=0[00] | Humid=39 HF=1 DF=0
T=168050 | Temp=25/25 H=0 C=0 | Water=8 | Alarm=0 | Lock=0[00] | Humid=40 HF=1 DF=0
T=168075 | Temp=25/25 H=0 C=0 | Water=8 | Alarm=0 | Lock=0[00] | Humid=40 HF=0 DF=0
T=168080 | Temp=25/25 H=0 C=0 | Water=8 | Alarm=0 | Lock=0[00] | Humid=60 HF=0 DF=0
T=168110 | Temp=25/25 H=0 C=0 | Water=8 | Alarm=0 | Lock=0[00] | Humid=61 HF=0 DF=0
T=168135 | Temp=25/25 H=0 C=0 | Water=8 | Alarm=0 | Lock=0[00] | Humid=61 HF=0 DF=1
T=168140 | Temp=25/25 H=0 C=0 | Water=8 | Alarm=0 | Lock=0[00] | Humid=39 HF=0 DF=1
T=168165 | Temp=25/25 H=0 C=0 | Water=8 | Alarm=0 | Lock=0[00] | Humid=39 HF=1 DF=0
T=168170 | Temp=25/25 H=0 C=0 | Water=8 | Alarm=0 | Lock=0[00] | Humid=40 HF=1 DF=0
T=168195 | Temp=25/25 H=0 C=0 | Water=8 | Alarm=0 | Lock=0[00] | Humid=40 HF=0 DF=0
T=168200 | Temp=25/25 H=0 C=0 | Water=8 | Alarm=0 | Lock=0[00] | Humid=60 HF=0 DF=0
T=168230 | Temp=25/25 H=0 C=0 | Water=8 | Alarm=0 | Lock=0[00] | Humid=61 HF=0 DF=0
T=168255 | Temp=25/25 H=0 C=0 | Water=8 | Alarm=0 | Lock=0[00] | Humid=61 HF=0 DF=1
T=168260 | Temp=25/25 H=0 C=0 | Water=8 | Alarm=0 | Lock=0[00] | Humid=39 HF=0 DF=1
T=168285 | Temp=25/25 H=0 C=0 | Water=8 | Alarm=0 | Lock=0[00] | Humid=39 HF=1 DF=0
T=168290 | Temp=25/25 H=0 C=0 | Water=8 | Alarm=0 | Lock=0[00] | Humid=40 HF=1 DF=0
T=168315 | Temp=25/25 H=0 C=0 | Water=8 | Alarm=0 | Lock=0[00] | Humid=40 HF=0 DF=0
T=168320 | Temp=25/25 H=0 C=0 | Water=8 | Alarm=0 | Lock=0[00] | Humid=60 HF=0 DF=0
T=168350 | Temp=25/25 H=0 C=0 | Water=8 | Alarm=0 | Lock=0[00] | Humid=61 HF=0 DF=0
T=168375 | Temp=25/25 H=0 C=0 | Water=8 | Alarm=0 | Lock=0[00] | Humid=61 HF=0 DF=1
T=168380 | Temp=25/25 H=0 C=0 | Water=8 | Alarm=0 | Lock=0[00] | Humid=39 HF=0 DF=1
T=168405 | Temp=25/25 H=0 C=0 | Water=8 | Alarm=0 | Lock=0[00] | Humid=39 HF=1 DF=0
T=168410 | Temp=25/25 H=0 C=0 | Water=8 | Alarm=0 | Lock=0[00] | Humid=40 HF=1 DF=0
T=168435 | Temp=25/25 H=0 C=0 | Water=8 | Alarm=0 | Lock=0[00] | Humid=40 HF=0 DF=0
T=168440 | Temp=25/25 H=0 C=0 | Water=8 | Alarm=0 | Lock=0[00] | Humid=60 HF=0 DF=0
T=168470 | Temp=25/25 H=0 C=0 | Water=8 | Alarm=0 | Lock=0[00] | Humid=61 HF=0 DF=0
T=168495 | Temp=25/25 H=0 C=0 | Water=8 | Alarm=0 | Lock=0[00] | Humid=61 HF=0 DF=1
T=168500 | Temp=25/25 H=0 C=0 | Water=8 | Alarm=0 | Lock=0[00] | Humid=39 HF=0 DF=1
T=168525 | Temp=25/25 H=0 C=0 | Water=8 | Alarm=0 | Lock=0[00] | Humid=39 HF=1 DF=0
T=168530 | Temp=25/25 H=0 C=0 | Water=8 | Alarm=0 | Lock=0[00] | Humid=40 HF=1 DF=0
T=168555 | Temp=25/25 H=0 C=0 | Water=8 | Alarm=0 | Lock=0[00] | Humid=40 HF=0 DF=0
T=168560 | Temp=25/25 H=0 C=0 | Water=8 | Alarm=0 | Lock=0[00] | Humid=60 HF=0 DF=0
T=168590 | Temp=25/25 H=0 C=0 | Water=8 | Alarm=0 | Lock=0[00] | Humid=61 HF=0 DF=0
T=168615 | Temp=25/25 H=0 C=0 | Water=8 | Alarm=0 | Lock=0[00] | Humid=61 HF=0 DF=1
T=168620 | Temp=25/25 H=0 C=0 | Water=8 | Alarm=0 | Lock=0[00] | Humid=39 HF=0 DF=1
T=168645 | Temp=25/25 H=0 C=0 | Water=8 | Alarm=0 | Lock=0[00] | Humid=39 HF=1 DF=0
T=168650 | Temp=25/25 H=0 C=0 | Water=8 | Alarm=0 | Lock=0[00] | Humid=40 HF=1 DF=0
T=168675 | Temp=25/25 H=0 C=0 | Water=8 | Alarm=0 | Lock=0[00] | Humid=40 HF=0 DF=0
T=168680 | Temp=25/25 H=0 C=0 | Water=8 | Alarm=0 | Lock=0[00] | Humid=60 HF=0 DF=0
T=168710 | Temp=25/25 H=0 C=0 | Water=8 | Alarm=0 | Lock=0[00] | Humid=61 HF=0 DF=0
T=168735 | Temp=25/25 H=0 C=0 | Water=8 | Alarm=0 | Lock=0[00] | Humid=61 HF=0 DF=1
T=168740 | Temp=25/25 H=0 C=0 | Water=8 | Alarm=0 | Lock=0[00] | Humid=39 HF=0 DF=1
T=168765 | Temp=25/25 H=0 C=0 | Water=8 | Alarm=0 | Lock=0[00] | Humid=39 HF=1 DF=0
T=168770 | Temp=25/25 H=0 C=0 | Water=8 | Alarm=0 | Lock=0[00] | Humid=40 HF=1 DF=0
T=168795 | Temp=25/25 H=0 C=0 | Water=8 | Alarm=0 | Lock=0[00] | Humid=40 HF=0 DF=0
T=168800 | Temp=25/25 H=0 C=0 | Water=8 | Alarm=0 | Lock=0[00] | Humid=60 HF=0 DF=0
T=168830 | Temp=25/25 H=0 C=0 | Water=8 | Alarm=0 | Lock=0[00] | Humid=61 HF=0 DF=0
T=168855 | Temp=25/25 H=0 C=0 | Water=8 | Alarm=0 | Lock=0[00] | Humid=61 HF=0 DF=1
T=168860 | Temp=25/25 H=0 C=0 | Water=8 | Alarm=0 | Lock=0[00] | Humid=39 HF=0 DF=1
T=168885 | Temp=25/25 H=0 C=0 | Water=8 | Alarm=0 | Lock=0[00] | Humid=39 HF=1 DF=0
T=168890 | Temp=25/25 H=0 C=0 | Water=8 | Alarm=0 | Lock=0[00] | Humid=40 HF=1 DF=0
T=168915 | Temp=25/25 H=0 C=0 | Water=8 | Alarm=0 | Lock=0[00] | Humid=40 HF=0 DF=0
T=168920 | Temp=25/25 H=0 C=0 | Water=8 | Alarm=0 | Lock=0[00] | Humid=60 HF=0 DF=0
T=168950 | Temp=25/25 H=0 C=0 | Water=8 | Alarm=0 | Lock=0[00] | Humid=61 HF=0 DF=0
T=168975 | Temp=25/25 H=0 C=0 | Water=8 | Alarm=0 | Lock=0[00] | Humid=61 HF=0 DF=1
T=168980 | Temp=25/25 H=0 C=0 | Water=8 | Alarm=0 | Lock=0[00] | Humid=39 HF=0 DF=1
T=169005 | Temp=25/25 H=0 C=0 | Water=8 | Alarm=0 | Lock=0[00] | Humid=39 HF=1 DF=0
T=169010 | Temp=25/25 H=0 C=0 | Water=8 | Alarm=0 | Lock=0[00] | Humid=40 HF=1 DF=0
T=169035 | Temp=25/25 H=0 C=0 | Water=8 | Alarm=0 | Lock=0[00] | Humid=40 HF=0 DF=0
T=169040 | Temp=25/25 H=0 C=0 | Water=8 | Alarm=0 | Lock=0[00] | Humid=60 HF=0 DF=0
T=169070 | Temp=25/25 H=0 C=0 | Water=8 | Alarm=0 | Lock=0[00] | Humid=61 HF=0 DF=0
T=169095 | Temp=25/25 H=0 C=0 | Water=8 | Alarm=0 | Lock=0[00] | Humid=61 HF=0 DF=1
T=169100 | Temp=25/25 H=0 C=0 | Water=8 | Alarm=0 | Lock=0[00] | Humid=39 HF=0 DF=1
T=169125 | Temp=25/25 H=0 C=0 | Water=8 | Alarm=0 | Lock=0[00] | Humid=39 HF=1 DF=0
T=169130 | Temp=25/25 H=0 C=0 | Water=8 | Alarm=0 | Lock=0[00] | Humid=40 HF=1 DF=0
T=169155 | Temp=25/25 H=0 C=0 | Water=8 | Alarm=0 | Lock=0[00] | Humid=40 HF=0 DF=0
T=169160 | Temp=25/25 H=0 C=0 | Water=8 | Alarm=0 | Lock=0[00] | Humid=60 HF=0 DF=0
T=169190 | Temp=25/25 H=0 C=0 | Water=8 | Alarm=0 | Lock=0[00] | Humid=61 HF=0 DF=0
T=169215 | Temp=25/25 H=0 C=0 | Water=8 | Alarm=0 | Lock=0[00] | Humid=61 HF=0 DF=1
T=169220 | Temp=25/25 H=0 C=0 | Water=8 | Alarm=0 | Lock=0[00] | Humid=39 HF=0 DF=1
T=169245 | Temp=25/25 H=0 C=0 | Water=8 | Alarm=0 | Lock=0[00] | Humid=39 HF=1 DF=0
T=169250 | Temp=25/25 H=0 C=0 | Water=8 | Alarm=0 | Lock=0[00] | Humid=40 HF=1 DF=0
T=169275 | Temp=25/25 H=0 C=0 | Water=8 | Alarm=0 | Lock=0[00] | Humid=40 HF=0 DF=0
T=169280 | Temp=25/25 H=0 C=0 | Water=8 | Alarm=0 | Lock=0[00] | Humid=60 HF=0 DF=0
T=169310 | Temp=25/25 H=0 C=0 | Water=8 | Alarm=0 | Lock=0[00] | Humid=61 HF=0 DF=0
T=169335 | Temp=25/25 H=0 C=0 | Water=8 | Alarm=0 | Lock=0[00] | Humid=61 HF=0 DF=1
T=169340 | Temp=25/25 H=0 C=0 | Water=8 | Alarm=0 | Lock=0[00] | Humid=39 HF=0 DF=1
T=169365 | Temp=25/25 H=0 C=0 | Water=8 | Alarm=0 | Lock=0[00] | Humid=39 HF=1 DF=0
T=169370 | Temp=25/25 H=0 C=0 | Water=8 | Alarm=0 | Lock=0[00] | Humid=40 HF=1 DF=0
T=169395 | Temp=25/25 H=0 C=0 | Water=8 | Alarm=0 | Lock=0[00] | Humid=40 HF=0 DF=0
T=169400 | Temp=25/25 H=0 C=0 | Water=8 | Alarm=0 | Lock=0[00] | Humid=60 HF=0 DF=0
T=169430 | Temp=25/25 H=0 C=0 | Water=8 | Alarm=0 | Lock=0[00] | Humid=61 HF=0 DF=0
T=169455 | Temp=25/25 H=0 C=0 | Water=8 | Alarm=0 | Lock=0[00] | Humid=61 HF=0 DF=1
T=169460 | Temp=25/25 H=0 C=0 | Water=8 | Alarm=0 | Lock=0[00] | Humid=39 HF=0 DF=1
T=169485 | Temp=25/25 H=0 C=0 | Water=8 | Alarm=0 | Lock=0[00] | Humid=39 HF=1 DF=0
T=169490 | Temp=25/25 H=0 C=0 | Water=8 | Alarm=0 | Lock=0[00] | Humid=40 HF=1 DF=0
T=169515 | Temp=25/25 H=0 C=0 | Water=8 | Alarm=0 | Lock=0[00] | Humid=40 HF=0 DF=0
T=169520 | Temp=25/25 H=0 C=0 | Water=8 | Alarm=0 | Lock=0[00] | Humid=60 HF=0 DF=0
T=169550 | Temp=25/25 H=0 C=0 | Water=8 | Alarm=0 | Lock=0[00] | Humid=61 HF=0 DF=0
T=169575 | Temp=25/25 H=0 C=0 | Water=8 | Alarm=0 | Lock=0[00] | Humid=61 HF=0 DF=1
T=169580 | Temp=25/25 H=0 C=0 | Water=8 | Alarm=0 | Lock=0[00] | Humid=39 HF=0 DF=1
T=169605 | Temp=25/25 H=0 C=0 | Water=8 | Alarm=0 | Lock=0[00] | Humid=39 HF=1 DF=0
T=169610 | Temp=25/25 H=0 C=0 | Water=8 | Alarm=0 | Lock=0[00] | Humid=40 HF=1 DF=0
T=169635 | Temp=25/25 H=0 C=0 | Water=8 | Alarm=0 | Lock=0[00] | Humid=40 HF=0 DF=0
T=169640 | Temp=25/25 H=0 C=0 | Water=8 | Alarm=0 | Lock=0[00] | Humid=60 HF=0 DF=0
T=169670 | Temp=25/25 H=0 C=0 | Water=8 | Alarm=0 | Lock=0[00] | Humid=61 HF=0 DF=0
T=169695 | Temp=25/25 H=0 C=0 | Water=8 | Alarm=0 | Lock=0[00] | Humid=61 HF=0 DF=1
T=169700 | Temp=25/25 H=0 C=0 | Water=8 | Alarm=0 | Lock=0[00] | Humid=39 HF=0 DF=1
T=169725 | Temp=25/25 H=0 C=0 | Water=8 | Alarm=0 | Lock=0[00] | Humid=39 HF=1 DF=0
T=169730 | Temp=25/25 H=0 C=0 | Water=8 | Alarm=0 | Lock=0[00] | Humid=40 HF=1 DF=0
T=169755 | Temp=25/25 H=0 C=0 | Water=8 | Alarm=0 | Lock=0[00] | Humid=40 HF=0 DF=0
T=169760 | Temp=25/25 H=0 C=0 | Water=8 | Alarm=0 | Lock=0[00] | Humid=60 HF=0 DF=0
T=169790 | Temp=25/25 H=0 C=0 | Water=8 | Alarm=0 | Lock=0[00] | Humid=61 HF=0 DF=0
T=169815 | Temp=25/25 H=0 C=0 | Water=8 | Alarm=0 | Lock=0[00] | Humid=61 HF=0 DF=1
T=169820 | Temp=25/25 H=0 C=0 | Water=8 | Alarm=0 | Lock=0[00] | Humid=39 HF=0 DF=1
T=169845 | Temp=25/25 H=0 C=0 | Water=8 | Alarm=0 | Lock=0[00] | Humid=39 HF=1 DF=0
T=169850 | Temp=25/25 H=0 C=0 | Water=8 | Alarm=0 | Lock=0[00] | Humid=40 HF=1 DF=0
T=169875 | Temp=25/25 H=0 C=0 | Water=8 | Alarm=0 | Lock=0[00] | Humid=40 HF=0 DF=0
T=169880 | Temp=25/25 H=0 C=0 | Water=8 | Alarm=0 | Lock=0[00] | Humid=60 HF=0 DF=0
T=169910 | Temp=25/25 H=0 C=0 | Water=8 | Alarm=0 | Lock=0[00] | Humid=61 HF=0 DF=0
T=169935 | Temp=25/25 H=0 C=0 | Water=8 | Alarm=0 | Lock=0[00] | Humid=61 HF=0 DF=1
T=169940 | Temp=25/25 H=0 C=0 | Water=8 | Alarm=0 | Lock=0[00] | Humid=39 HF=0 DF=1
T=169965 | Temp=25/25 H=0 C=0 | Water=8 | Alarm=0 | Lock=0[00] | Humid=39 HF=1 DF=0
T=169970 | Temp=25/25 H=0 C=0 | Water=8 | Alarm=0 | Lock=0[00] | Humid=40 HF=1 DF=0
T=169995 | Temp=25/25 H=0 C=0 | Water=8 | Alarm=0 | Lock=0[00] | Humid=40 HF=0 DF=0
T=170000 | Temp=25/25 H=0 C=0 | Water=8 | Alarm=0 | Lock=0[00] | Humid=60 HF=0 DF=0
T=170030 | Temp=25/25 H=0 C=0 | Water=8 | Alarm=0 | Lock=0[00] | Humid=61 HF=0 DF=0
T=170055 | Temp=25/25 H=0 C=0 | Water=8 | Alarm=0 | Lock=0[00] | Humid=61 HF=0 DF=1
T=170060 | Temp=25/25 H=0 C=0 | Water=8 | Alarm=0 | Lock=0[00] | Humid=39 HF=0 DF=1
T=170085 | Temp=25/25 H=0 C=0 | Water=8 | Alarm=0 | Lock=0[00] | Humid=39 HF=1 DF=0
T=170090 | Temp=25/25 H=0 C=0 | Water=8 | Alarm=0 | Lock=0[00] | Humid=40 HF=1 DF=0
T=170115 | Temp=25/25 H=0 C=0 | Water=8 | Alarm=0 | Lock=0[00] | Humid=40 HF=0 DF=0
T=170120 | Temp=25/25 H=0 C=0 | Water=8 | Alarm=0 | Lock=0[00] | Humid=60 HF=0 DF=0
T=170150 | Temp=25/25 H=0 C=0 | Water=8 | Alarm=0 | Lock=0[00] | Humid=61 HF=0 DF=0
T=170175 | Temp=25/25 H=0 C=0 | Water=8 | Alarm=0 | Lock=0[00] | Humid=61 HF=0 DF=1
T=170180 | Temp=25/25 H=0 C=0 | Water=8 | Alarm=0 | Lock=0[00] | Humid=39 HF=0 DF=1
T=170205 | Temp=25/25 H=0 C=0 | Water=8 | Alarm=0 | Lock=0[00] | Humid=39 HF=1 DF=0
T=170210 | Temp=25/25 H=0 C=0 | Water=8 | Alarm=0 | Lock=0[00] | Humid=40 HF=1 DF=0
T=170235 | Temp=25/25 H=0 C=0 | Water=8 | Alarm=0 | Lock=0[00] | Humid=40 HF=0 DF=0
T=170240 | Temp=25/25 H=0 C=0 | Water=8 | Alarm=0 | Lock=0[00] | Humid=60 HF=0 DF=0
T=170270 | Temp=25/25 H=0 C=0 | Water=8 | Alarm=0 | Lock=0[00] | Humid=61 HF=0 DF=0
T=170295 | Temp=25/25 H=0 C=0 | Water=8 | Alarm=0 | Lock=0[00] | Humid=61 HF=0 DF=1
T=170300 | Temp=25/25 H=0 C=0 | Water=8 | Alarm=0 | Lock=0[00] | Humid=39 HF=0 DF=1
T=170325 | Temp=25/25 H=0 C=0 | Water=8 | Alarm=0 | Lock=0[00] | Humid=39 HF=1 DF=0
T=170330 | Temp=25/25 H=0 C=0 | Water=8 | Alarm=0 | Lock=0[00] | Humid=40 HF=1 DF=0
T=170355 | Temp=25/25 H=0 C=0 | Water=8 | Alarm=0 | Lock=0[00] | Humid=40 HF=0 DF=0
T=170360 | Temp=25/25 H=0 C=0 | Water=8 | Alarm=0 | Lock=0[00] | Humid=60 HF=0 DF=0
T=170390 | Temp=25/25 H=0 C=0 | Water=8 | Alarm=0 | Lock=0[00] | Humid=61 HF=0 DF=0
T=170415 | Temp=25/25 H=0 C=0 | Water=8 | Alarm=0 | Lock=0[00] | Humid=61 HF=0 DF=1
T=170420 | Temp=25/25 H=0 C=0 | Water=8 | Alarm=0 | Lock=0[00] | Humid=39 HF=0 DF=1
T=170445 | Temp=25/25 H=0 C=0 | Water=8 | Alarm=0 | Lock=0[00] | Humid=39 HF=1 DF=0
T=170450 | Temp=25/25 H=0 C=0 | Water=8 | Alarm=0 | Lock=0[00] | Humid=40 HF=1 DF=0
T=170475 | Temp=25/25 H=0 C=0 | Water=8 | Alarm=0 | Lock=0[00] | Humid=40 HF=0 DF=0
T=170480 | Temp=25/25 H=0 C=0 | Water=8 | Alarm=0 | Lock=0[00] | Humid=60 HF=0 DF=0
T=170510 | Temp=25/25 H=0 C=0 | Water=8 | Alarm=0 | Lock=0[00] | Humid=61 HF=0 DF=0
T=170535 | Temp=25/25 H=0 C=0 | Water=8 | Alarm=0 | Lock=0[00] | Humid=61 HF=0 DF=1
T=170540 | Temp=25/25 H=0 C=0 | Water=8 | Alarm=0 | Lock=0[00] | Humid=39 HF=0 DF=1
T=170565 | Temp=25/25 H=0 C=0 | Water=8 | Alarm=0 | Lock=0[00] | Humid=39 HF=1 DF=0
T=170570 | Temp=25/25 H=0 C=0 | Water=8 | Alarm=0 | Lock=0[00] | Humid=40 HF=1 DF=0
T=170595 | Temp=25/25 H=0 C=0 | Water=8 | Alarm=0 | Lock=0[00] | Humid=40 HF=0 DF=0
T=170600 | Temp=25/25 H=0 C=0 | Water=8 | Alarm=0 | Lock=0[00] | Humid=60 HF=0 DF=0
T=170630 | Temp=25/25 H=0 C=0 | Water=8 | Alarm=0 | Lock=0[00] | Humid=61 HF=0 DF=0
T=170655 | Temp=25/25 H=0 C=0 | Water=8 | Alarm=0 | Lock=0[00] | Humid=61 HF=0 DF=1
T=170660 | Temp=25/25 H=0 C=0 | Water=8 | Alarm=0 | Lock=0[00] | Humid=39 HF=0 DF=1
T=170685 | Temp=25/25 H=0 C=0 | Water=8 | Alarm=0 | Lock=0[00] | Humid=39 HF=1 DF=0
T=170690 | Temp=25/25 H=0 C=0 | Water=8 | Alarm=0 | Lock=0[00] | Humid=40 HF=1 DF=0
T=170715 | Temp=25/25 H=0 C=0 | Water=8 | Alarm=0 | Lock=0[00] | Humid=40 HF=0 DF=0
T=170720 | Temp=25/25 H=0 C=0 | Water=8 | Alarm=0 | Lock=0[00] | Humid=60 HF=0 DF=0
T=170750 | Temp=25/25 H=0 C=0 | Water=8 | Alarm=0 | Lock=0[00] | Humid=61 HF=0 DF=0
T=170775 | Temp=25/25 H=0 C=0 | Water=8 | Alarm=0 | Lock=0[00] | Humid=61 HF=0 DF=1
T=170780 | Temp=25/25 H=0 C=0 | Water=8 | Alarm=0 | Lock=0[00] | Humid=39 HF=0 DF=1
T=170805 | Temp=25/25 H=0 C=0 | Water=8 | Alarm=0 | Lock=0[00] | Humid=39 HF=1 DF=0
T=170810 | Temp=25/25 H=0 C=0 | Water=8 | Alarm=0 | Lock=0[00] | Humid=40 HF=1 DF=0
T=170835 | Temp=25/25 H=0 C=0 | Water=8 | Alarm=0 | Lock=0[00] | Humid=40 HF=0 DF=0
T=170840 | Temp=25/25 H=0 C=0 | Water=8 | Alarm=0 | Lock=0[00] | Humid=60 HF=0 DF=0
T=170870 | Temp=25/25 H=0 C=0 | Water=8 | Alarm=0 | Lock=0[00] | Humid=61 HF=0 DF=0
T=170895 | Temp=25/25 H=0 C=0 | Water=8 | Alarm=0 | Lock=0[00] | Humid=61 HF=0 DF=1
T=170900 | Temp=25/25 H=0 C=0 | Water=8 | Alarm=0 | Lock=0[00] | Humid=39 HF=0 DF=1
T=170925 | Temp=25/25 H=0 C=0 | Water=8 | Alarm=0 | Lock=0[00] | Humid=39 HF=1 DF=0
T=170930 | Temp=25/25 H=0 C=0 | Water=8 | Alarm=0 | Lock=0[00] | Humid=40 HF=1 DF=0
T=170955 | Temp=25/25 H=0 C=0 | Water=8 | Alarm=0 | Lock=0[00] | Humid=40 HF=0 DF=0
T=170960 | Temp=25/25 H=0 C=0 | Water=8 | Alarm=0 | Lock=0[00] | Humid=60 HF=0 DF=0
T=170990 | Temp=25/25 H=0 C=0 | Water=8 | Alarm=0 | Lock=0[00] | Humid=61 HF=0 DF=0
T=171015 | Temp=25/25 H=0 C=0 | Water=8 | Alarm=0 | Lock=0[00] | Humid=61 HF=0 DF=1
T=171020 | Temp=25/25 H=0 C=0 | Water=8 | Alarm=0 | Lock=0[00] | Humid=39 HF=0 DF=1
T=171045 | Temp=25/25 H=0 C=0 | Water=8 | Alarm=0 | Lock=0[00] | Humid=39 HF=1 DF=0
T=171050 | Temp=25/25 H=0 C=0 | Water=8 | Alarm=0 | Lock=0[00] | Humid=40 HF=1 DF=0
T=171075 | Temp=25/25 H=0 C=0 | Water=8 | Alarm=0 | Lock=0[00] | Humid=40 HF=0 DF=0
T=171080 | Temp=25/25 H=0 C=0 | Water=8 | Alarm=0 | Lock=0[00] | Humid=60 HF=0 DF=0
T=171110 | Temp=25/25 H=0 C=0 | Water=8 | Alarm=0 | Lock=0[00] | Humid=61 HF=0 DF=0
T=171135 | Temp=25/25 H=0 C=0 | Water=8 | Alarm=0 | Lock=0[00] | Humid=61 HF=0 DF=1
T=171140 | Temp=25/25 H=0 C=0 | Water=8 | Alarm=0 | Lock=0[00] | Humid=39 HF=0 DF=1
T=171165 | Temp=25/25 H=0 C=0 | Water=8 | Alarm=0 | Lock=0[00] | Humid=39 HF=1 DF=0
T=171170 | Temp=25/25 H=0 C=0 | Water=8 | Alarm=0 | Lock=0[00] | Humid=40 HF=1 DF=0
T=171195 | Temp=25/25 H=0 C=0 | Water=8 | Alarm=0 | Lock=0[00] | Humid=40 HF=0 DF=0
T=171200 | Temp=25/25 H=0 C=0 | Water=8 | Alarm=0 | Lock=0[00] | Humid=60 HF=0 DF=0
T=171230 | Temp=25/25 H=0 C=0 | Water=8 | Alarm=0 | Lock=0[00] | Humid=61 HF=0 DF=0
T=171255 | Temp=25/25 H=0 C=0 | Water=8 | Alarm=0 | Lock=0[00] | Humid=61 HF=0 DF=1
T=171260 | Temp=25/25 H=0 C=0 | Water=8 | Alarm=0 | Lock=0[00] | Humid=39 HF=0 DF=1
T=171285 | Temp=25/25 H=0 C=0 | Water=8 | Alarm=0 | Lock=0[00] | Humid=39 HF=1 DF=0
T=171290 | Temp=25/25 H=0 C=0 | Water=8 | Alarm=0 | Lock=0[00] | Humid=40 HF=1 DF=0
T=171315 | Temp=25/25 H=0 C=0 | Water=8 | Alarm=0 | Lock=0[00] | Humid=40 HF=0 DF=0
T=171320 | Temp=25/25 H=0 C=0 | Water=8 | Alarm=0 | Lock=0[00] | Humid=60 HF=0 DF=0
T=171350 | Temp=25/25 H=0 C=0 | Water=8 | Alarm=0 | Lock=0[00] | Humid=61 HF=0 DF=0
T=171375 | Temp=25/25 H=0 C=0 | Water=8 | Alarm=0 | Lock=0[00] | Humid=61 HF=0 DF=1
T=171380 | Temp=25/25 H=0 C=0 | Water=8 | Alarm=0 | Lock=0[00] | Humid=39 HF=0 DF=1
T=171405 | Temp=25/25 H=0 C=0 | Water=8 | Alarm=0 | Lock=0[00] | Humid=39 HF=1 DF=0
T=171410 | Temp=25/25 H=0 C=0 | Water=8 | Alarm=0 | Lock=0[00] | Humid=40 HF=1 DF=0
T=171435 | Temp=25/25 H=0 C=0 | Water=8 | Alarm=0 | Lock=0[00] | Humid=40 HF=0 DF=0
T=171440 | Temp=25/25 H=0 C=0 | Water=8 | Alarm=0 | Lock=0[00] | Humid=60 HF=0 DF=0
T=171470 | Temp=25/25 H=0 C=0 | Water=8 | Alarm=0 | Lock=0[00] | Humid=61 HF=0 DF=0
T=171495 | Temp=25/25 H=0 C=0 | Water=8 | Alarm=0 | Lock=0[00] | Humid=61 HF=0 DF=1
T=171500 | Temp=25/25 H=0 C=0 | Water=8 | Alarm=0 | Lock=0[00] | Humid=39 HF=0 DF=1
T=171525 | Temp=25/25 H=0 C=0 | Water=8 | Alarm=0 | Lock=0[00] | Humid=39 HF=1 DF=0
T=171530 | Temp=25/25 H=0 C=0 | Water=8 | Alarm=0 | Lock=0[00] | Humid=40 HF=1 DF=0
T=171555 | Temp=25/25 H=0 C=0 | Water=8 | Alarm=0 | Lock=0[00] | Humid=40 HF=0 DF=0
T=171560 | Temp=25/25 H=0 C=0 | Water=8 | Alarm=0 | Lock=0[00] | Humid=60 HF=0 DF=0
T=171590 | Temp=25/25 H=0 C=0 | Water=8 | Alarm=0 | Lock=0[00] | Humid=61 HF=0 DF=0
T=171615 | Temp=25/25 H=0 C=0 | Water=8 | Alarm=0 | Lock=0[00] | Humid=61 HF=0 DF=1
T=171620 | Temp=25/25 H=0 C=0 | Water=8 | Alarm=0 | Lock=0[00] | Humid=39 HF=0 DF=1
T=171645 | Temp=25/25 H=0 C=0 | Water=8 | Alarm=0 | Lock=0[00] | Humid=39 HF=1 DF=0
T=171650 | Temp=25/25 H=0 C=0 | Water=8 | Alarm=0 | Lock=0[00] | Humid=40 HF=1 DF=0
T=171675 | Temp=25/25 H=0 C=0 | Water=8 | Alarm=0 | Lock=0[00] | Humid=40 HF=0 DF=0
T=171680 | Temp=25/25 H=0 C=0 | Water=8 | Alarm=0 | Lock=0[00] | Humid=60 HF=0 DF=0
T=171710 | Temp=25/25 H=0 C=0 | Water=8 | Alarm=0 | Lock=0[00] | Humid=61 HF=0 DF=0
T=171735 | Temp=25/25 H=0 C=0 | Water=8 | Alarm=0 | Lock=0[00] | Humid=61 HF=0 DF=1
T=171740 | Temp=25/25 H=0 C=0 | Water=8 | Alarm=0 | Lock=0[00] | Humid=39 HF=0 DF=1
T=171765 | Temp=25/25 H=0 C=0 | Water=8 | Alarm=0 | Lock=0[00] | Humid=39 HF=1 DF=0
T=171770 | Temp=25/25 H=0 C=0 | Water=8 | Alarm=0 | Lock=0[00] | Humid=40 HF=1 DF=0
T=171795 | Temp=25/25 H=0 C=0 | Water=8 | Alarm=0 | Lock=0[00] | Humid=40 HF=0 DF=0
T=171800 | Temp=25/25 H=0 C=0 | Water=8 | Alarm=0 | Lock=0[00] | Humid=60 HF=0 DF=0
T=171830 | Temp=25/25 H=0 C=0 | Water=8 | Alarm=0 | Lock=0[00] | Humid=61 HF=0 DF=0
T=171855 | Temp=25/25 H=0 C=0 | Water=8 | Alarm=0 | Lock=0[00] | Humid=61 HF=0 DF=1
T=171860 | Temp=25/25 H=0 C=0 | Water=8 | Alarm=0 | Lock=0[00] | Humid=39 HF=0 DF=1
T=171885 | Temp=25/25 H=0 C=0 | Water=8 | Alarm=0 | Lock=0[00] | Humid=39 HF=1 DF=0
T=171890 | Temp=25/25 H=0 C=0 | Water=8 | Alarm=0 | Lock=0[00] | Humid=40 HF=1 DF=0
T=171915 | Temp=25/25 H=0 C=0 | Water=8 | Alarm=0 | Lock=0[00] | Humid=40 HF=0 DF=0
T=171920 | Temp=25/25 H=0 C=0 | Water=8 | Alarm=0 | Lock=0[00] | Humid=60 HF=0 DF=0
T=171950 | Temp=25/25 H=0 C=0 | Water=8 | Alarm=0 | Lock=0[00] | Humid=61 HF=0 DF=0
T=171975 | Temp=25/25 H=0 C=0 | Water=8 | Alarm=0 | Lock=0[00] | Humid=61 HF=0 DF=1
T=171980 | Temp=25/25 H=0 C=0 | Water=8 | Alarm=0 | Lock=0[00] | Humid=39 HF=0 DF=1
T=172005 | Temp=25/25 H=0 C=0 | Water=8 | Alarm=0 | Lock=0[00] | Humid=39 HF=1 DF=0
T=172010 | Temp=25/25 H=0 C=0 | Water=8 | Alarm=0 | Lock=0[00] | Humid=40 HF=1 DF=0
T=172035 | Temp=25/25 H=0 C=0 | Water=8 | Alarm=0 | Lock=0[00] | Humid=40 HF=0 DF=0
T=172040 | Temp=25/25 H=0 C=0 | Water=8 | Alarm=0 | Lock=0[00] | Humid=60 HF=0 DF=0
T=172070 | Temp=25/25 H=0 C=0 | Water=8 | Alarm=0 | Lock=0[00] | Humid=61 HF=0 DF=0
T=172095 | Temp=25/25 H=0 C=0 | Water=8 | Alarm=0 | Lock=0[00] | Humid=61 HF=0 DF=1
T=172100 | Temp=25/25 H=0 C=0 | Water=8 | Alarm=0 | Lock=0[00] | Humid=39 HF=0 DF=1
T=172125 | Temp=25/25 H=0 C=0 | Water=8 | Alarm=0 | Lock=0[00] | Humid=39 HF=1 DF=0
T=172130 | Temp=25/25 H=0 C=0 | Water=8 | Alarm=0 | Lock=0[00] | Humid=40 HF=1 DF=0
T=172155 | Temp=25/25 H=0 C=0 | Water=8 | Alarm=0 | Lock=0[00] | Humid=40 HF=0 DF=0
T=172160 | Temp=25/25 H=0 C=0 | Water=8 | Alarm=0 | Lock=0[00] | Humid=60 HF=0 DF=0
T=172190 | Temp=25/25 H=0 C=0 | Water=8 | Alarm=0 | Lock=0[00] | Humid=61 HF=0 DF=0
T=172215 | Temp=25/25 H=0 C=0 | Water=8 | Alarm=0 | Lock=0[00] | Humid=61 HF=0 DF=1
T=172220 | Temp=25/25 H=0 C=0 | Water=8 | Alarm=0 | Lock=0[00] | Humid=39 HF=0 DF=1
T=172245 | Temp=25/25 H=0 C=0 | Water=8 | Alarm=0 | Lock=0[00] | Humid=39 HF=1 DF=0
T=172250 | Temp=25/25 H=0 C=0 | Water=8 | Alarm=0 | Lock=0[00] | Humid=40 HF=1 DF=0
T=172275 | Temp=25/25 H=0 C=0 | Water=8 | Alarm=0 | Lock=0[00] | Humid=40 HF=0 DF=0
T=172280 | Temp=25/25 H=0 C=0 | Water=8 | Alarm=0 | Lock=0[00] | Humid=60 HF=0 DF=0
T=172310 | Temp=25/25 H=0 C=0 | Water=8 | Alarm=0 | Lock=0[00] | Humid=61 HF=0 DF=0
T=172335 | Temp=25/25 H=0 C=0 | Water=8 | Alarm=0 | Lock=0[00] | Humid=61 HF=0 DF=1
T=172340 | Temp=25/25 H=0 C=0 | Water=8 | Alarm=0 | Lock=0[00] | Humid=39 HF=0 DF=1
T=172365 | Temp=25/25 H=0 C=0 | Water=8 | Alarm=0 | Lock=0[00] | Humid=39 HF=1 DF=0
T=172370 | Temp=25/25 H=0 C=0 | Water=8 | Alarm=0 | Lock=0[00] | Humid=40 HF=1 DF=0
T=172395 | Temp=25/25 H=0 C=0 | Water=8 | Alarm=0 | Lock=0[00] | Humid=40 HF=0 DF=0
T=172400 | Temp=25/25 H=0 C=0 | Water=8 | Alarm=0 | Lock=0[00] | Humid=60 HF=0 DF=0
T=172430 | Temp=25/25 H=0 C=0 | Water=8 | Alarm=0 | Lock=0[00] | Humid=61 HF=0 DF=0
T=172455 | Temp=25/25 H=0 C=0 | Water=8 | Alarm=0 | Lock=0[00] | Humid=61 HF=0 DF=1
T=172460 | Temp=25/25 H=0 C=0 | Water=8 | Alarm=0 | Lock=0[00] | Humid=39 HF=0 DF=1
T=172485 | Temp=25/25 H=0 C=0 | Water=8 | Alarm=0 | Lock=0[00] | Humid=39 HF=1 DF=0
T=172490 | Temp=25/25 H=0 C=0 | Water=8 | Alarm=0 | Lock=0[00] | Humid=40 HF=1 DF=0
T=172515 | Temp=25/25 H=0 C=0 | Water=8 | Alarm=0 | Lock=0[00] | Humid=40 HF=0 DF=0
T=172520 | Temp=25/25 H=0 C=0 | Water=8 | Alarm=0 | Lock=0[00] | Humid=60 HF=0 DF=0
T=172550 | Temp=25/25 H=0 C=0 | Water=8 | Alarm=0 | Lock=0[00] | Humid=61 HF=0 DF=0
T=172575 | Temp=25/25 H=0 C=0 | Water=8 | Alarm=0 | Lock=0[00] | Humid=61 HF=0 DF=1
T=172580 | Temp=25/25 H=0 C=0 | Water=8 | Alarm=0 | Lock=0[00] | Humid=39 HF=0 DF=1
T=172605 | Temp=25/25 H=0 C=0 | Water=8 | Alarm=0 | Lock=0[00] | Humid=39 HF=1 DF=0
T=172610 | Temp=25/25 H=0 C=0 | Water=8 | Alarm=0 | Lock=0[00] | Humid=40 HF=1 DF=0
T=172635 | Temp=25/25 H=0 C=0 | Water=8 | Alarm=0 | Lock=0[00] | Humid=40 HF=0 DF=0
T=172640 | Temp=25/25 H=0 C=0 | Water=8 | Alarm=0 | Lock=0[00] | Humid=60 HF=0 DF=0
T=172670 | Temp=25/25 H=0 C=0 | Water=8 | Alarm=0 | Lock=0[00] | Humid=61 HF=0 DF=0
T=172695 | Temp=25/25 H=0 C=0 | Water=8 | Alarm=0 | Lock=0[00] | Humid=61 HF=0 DF=1
T=172700 | Temp=25/25 H=0 C=0 | Water=8 | Alarm=0 | Lock=0[00] | Humid=39 HF=0 DF=1
T=172725 | Temp=25/25 H=0 C=0 | Water=8 | Alarm=0 | Lock=0[00] | Humid=39 HF=1 DF=0
T=172730 | Temp=25/25 H=0 C=0 | Water=8 | Alarm=0 | Lock=0[00] | Humid=40 HF=1 DF=0
T=172755 | Temp=25/25 H=0 C=0 | Water=8 | Alarm=0 | Lock=0[00] | Humid=40 HF=0 DF=0
T=172760 | Temp=25/25 H=0 C=0 | Water=8 | Alarm=0 | Lock=0[00] | Humid=60 HF=0 DF=0
T=172790 | Temp=25/25 H=0 C=0 | Water=8 | Alarm=0 | Lock=0[00] | Humid=61 HF=0 DF=0
T=172815 | Temp=25/25 H=0 C=0 | Water=8 | Alarm=0 | Lock=0[00] | Humid=61 HF=0 DF=1
T=172820 | Temp=25/25 H=0 C=0 | Water=8 | Alarm=0 | Lock=0[00] | Humid=39 HF=0 DF=1
T=172845 | Temp=25/25 H=0 C=0 | Water=8 | Alarm=0 | Lock=0[00] | Humid=39 HF=1 DF=0
T=172850 | Temp=25/25 H=0 C=0 | Water=8 | Alarm=0 | Lock=0[00] | Humid=40 HF=1 DF=0
T=172875 | Temp=25/25 H=0 C=0 | Water=8 | Alarm=0 | Lock=0[00] | Humid=40 HF=0 DF=0
T=172880 | Temp=25/25 H=0 C=0 | Water=8 | Alarm=0 | Lock=0[00] | Humid=60 HF=0 DF=0
T=172910 | Temp=25/25 H=0 C=0 | Water=8 | Alarm=0 | Lock=0[00] | Humid=61 HF=0 DF=0
T=172935 | Temp=25/25 H=0 C=0 | Water=8 | Alarm=0 | Lock=0[00] | Humid=61 HF=0 DF=1
T=172940 | Temp=25/25 H=0 C=0 | Water=8 | Alarm=0 | Lock=0[00] | Humid=39 HF=0 DF=1
T=172965 | Temp=25/25 H=0 C=0 | Water=8 | Alarm=0 | Lock=0[00] | Humid=39 HF=1 DF=0
T=172970 | Temp=25/25 H=0 C=0 | Water=8 | Alarm=0 | Lock=0[00] | Humid=40 HF=1 DF=0
T=172995 | Temp=25/25 H=0 C=0 | Water=8 | Alarm=0 | Lock=0[00] | Humid=40 HF=0 DF=0
T=173000 | Temp=25/25 H=0 C=0 | Water=8 | Alarm=0 | Lock=0[00] | Humid=60 HF=0 DF=0
T=173030 | Temp=25/25 H=0 C=0 | Water=8 | Alarm=0 | Lock=0[00] | Humid=61 HF=0 DF=0
T=173055 | Temp=25/25 H=0 C=0 | Water=8 | Alarm=0 | Lock=0[00] | Humid=61 HF=0 DF=1
T=173060 | Temp=25/25 H=0 C=0 | Water=8 | Alarm=0 | Lock=0[00] | Humid=39 HF=0 DF=1
T=173085 | Temp=25/25 H=0 C=0 | Water=8 | Alarm=0 | Lock=0[00] | Humid=39 HF=1 DF=0
T=173090 | Temp=25/25 H=0 C=0 | Water=8 | Alarm=0 | Lock=0[00] | Humid=40 HF=1 DF=0
T=173115 | Temp=25/25 H=0 C=0 | Water=8 | Alarm=0 | Lock=0[00] | Humid=40 HF=0 DF=0
T=173120 | Temp=25/25 H=0 C=0 | Water=8 | Alarm=0 | Lock=0[00] | Humid=60 HF=0 DF=0
T=173150 | Temp=25/25 H=0 C=0 | Water=8 | Alarm=0 | Lock=0[00] | Humid=61 HF=0 DF=0
T=173175 | Temp=25/25 H=0 C=0 | Water=8 | Alarm=0 | Lock=0[00] | Humid=61 HF=0 DF=1
T=173180 | Temp=25/25 H=0 C=0 | Water=8 | Alarm=0 | Lock=0[00] | Humid=39 HF=0 DF=1
T=173205 | Temp=25/25 H=0 C=0 | Water=8 | Alarm=0 | Lock=0[00] | Humid=39 HF=1 DF=0
T=173210 | Temp=25/25 H=0 C=0 | Water=8 | Alarm=0 | Lock=0[00] | Humid=40 HF=1 DF=0
T=173235 | Temp=25/25 H=0 C=0 | Water=8 | Alarm=0 | Lock=0[00] | Humid=40 HF=0 DF=0
T=173240 | Temp=25/25 H=0 C=0 | Water=8 | Alarm=0 | Lock=0[00] | Humid=60 HF=0 DF=0
T=173270 | Temp=25/25 H=0 C=0 | Water=8 | Alarm=0 | Lock=0[00] | Humid=61 HF=0 DF=0
T=173295 | Temp=25/25 H=0 C=0 | Water=8 | Alarm=0 | Lock=0[00] | Humid=61 HF=0 DF=1
T=173300 | Temp=25/25 H=0 C=0 | Water=8 | Alarm=0 | Lock=0[00] | Humid=39 HF=0 DF=1
T=173325 | Temp=25/25 H=0 C=0 | Water=8 | Alarm=0 | Lock=0[00] | Humid=39 HF=1 DF=0
T=173330 | Temp=25/25 H=0 C=0 | Water=8 | Alarm=0 | Lock=0[00] | Humid=40 HF=1 DF=0
T=173355 | Temp=25/25 H=0 C=0 | Water=8 | Alarm=0 | Lock=0[00] | Humid=40 HF=0 DF=0
T=173360 | Temp=25/25 H=0 C=0 | Water=8 | Alarm=0 | Lock=0[00] | Humid=60 HF=0 DF=0
T=173390 | Temp=25/25 H=0 C=0 | Water=8 | Alarm=0 | Lock=0[00] | Humid=61 HF=0 DF=0
T=173415 | Temp=25/25 H=0 C=0 | Water=8 | Alarm=0 | Lock=0[00] | Humid=61 HF=0 DF=1
T=173420 | Temp=25/25 H=0 C=0 | Water=8 | Alarm=0 | Lock=0[00] | Humid=39 HF=0 DF=1
T=173445 | Temp=25/25 H=0 C=0 | Water=8 | Alarm=0 | Lock=0[00] | Humid=39 HF=1 DF=0
T=173450 | Temp=25/25 H=0 C=0 | Water=8 | Alarm=0 | Lock=0[00] | Humid=40 HF=1 DF=0
T=173475 | Temp=25/25 H=0 C=0 | Water=8 | Alarm=0 | Lock=0[00] | Humid=40 HF=0 DF=0
T=173480 | Temp=25/25 H=0 C=0 | Water=8 | Alarm=0 | Lock=0[00] | Humid=60 HF=0 DF=0
T=173510 | Temp=25/25 H=0 C=0 | Water=8 | Alarm=0 | Lock=0[00] | Humid=61 HF=0 DF=0
T=173535 | Temp=25/25 H=0 C=0 | Water=8 | Alarm=0 | Lock=0[00] | Humid=61 HF=0 DF=1
T=173540 | Temp=25/25 H=0 C=0 | Water=8 | Alarm=0 | Lock=0[00] | Humid=39 HF=0 DF=1
T=173565 | Temp=25/25 H=0 C=0 | Water=8 | Alarm=0 | Lock=0[00] | Humid=39 HF=1 DF=0
T=173570 | Temp=25/25 H=0 C=0 | Water=8 | Alarm=0 | Lock=0[00] | Humid=40 HF=1 DF=0
T=173595 | Temp=25/25 H=0 C=0 | Water=8 | Alarm=0 | Lock=0[00] | Humid=40 HF=0 DF=0
T=173600 | Temp=25/25 H=0 C=0 | Water=8 | Alarm=0 | Lock=0[00] | Humid=60 HF=0 DF=0
T=173630 | Temp=25/25 H=0 C=0 | Water=8 | Alarm=0 | Lock=0[00] | Humid=61 HF=0 DF=0
T=173655 | Temp=25/25 H=0 C=0 | Water=8 | Alarm=0 | Lock=0[00] | Humid=61 HF=0 DF=1
T=173660 | Temp=25/25 H=0 C=0 | Water=8 | Alarm=0 | Lock=0[00] | Humid=39 HF=0 DF=1
T=173685 | Temp=25/25 H=0 C=0 | Water=8 | Alarm=0 | Lock=0[00] | Humid=39 HF=1 DF=0
T=173690 | Temp=25/25 H=0 C=0 | Water=8 | Alarm=0 | Lock=0[00] | Humid=40 HF=1 DF=0
T=173715 | Temp=25/25 H=0 C=0 | Water=8 | Alarm=0 | Lock=0[00] | Humid=40 HF=0 DF=0
T=173720 | Temp=25/25 H=0 C=0 | Water=8 | Alarm=0 | Lock=0[00] | Humid=60 HF=0 DF=0
T=173750 | Temp=25/25 H=0 C=0 | Water=8 | Alarm=0 | Lock=0[00] | Humid=61 HF=0 DF=0
T=173775 | Temp=25/25 H=0 C=0 | Water=8 | Alarm=0 | Lock=0[00] | Humid=61 HF=0 DF=1
T=173780 | Temp=25/25 H=0 C=0 | Water=8 | Alarm=0 | Lock=0[00] | Humid=39 HF=0 DF=1
T=173805 | Temp=25/25 H=0 C=0 | Water=8 | Alarm=0 | Lock=0[00] | Humid=39 HF=1 DF=0
T=173810 | Temp=25/25 H=0 C=0 | Water=8 | Alarm=0 | Lock=0[00] | Humid=40 HF=1 DF=0
T=173835 | Temp=25/25 H=0 C=0 | Water=8 | Alarm=0 | Lock=0[00] | Humid=40 HF=0 DF=0
T=173840 | Temp=25/25 H=0 C=0 | Water=8 | Alarm=0 | Lock=0[00] | Humid=60 HF=0 DF=0
T=173870 | Temp=25/25 H=0 C=0 | Water=8 | Alarm=0 | Lock=0[00] | Humid=61 HF=0 DF=0
T=173895 | Temp=25/25 H=0 C=0 | Water=8 | Alarm=0 | Lock=0[00] | Humid=61 HF=0 DF=1
T=173900 | Temp=25/25 H=0 C=0 | Water=8 | Alarm=0 | Lock=0[00] | Humid=39 HF=0 DF=1
T=173925 | Temp=25/25 H=0 C=0 | Water=8 | Alarm=0 | Lock=0[00] | Humid=39 HF=1 DF=0
T=173930 | Temp=25/25 H=0 C=0 | Water=8 | Alarm=0 | Lock=0[00] | Humid=40 HF=1 DF=0
T=173955 | Temp=25/25 H=0 C=0 | Water=8 | Alarm=0 | Lock=0[00] | Humid=40 HF=0 DF=0
T=173960 | Temp=25/25 H=0 C=0 | Water=8 | Alarm=0 | Lock=0[00] | Humid=60 HF=0 DF=0
T=173990 | Temp=25/25 H=0 C=0 | Water=8 | Alarm=0 | Lock=0[00] | Humid=61 HF=0 DF=0
T=174015 | Temp=25/25 H=0 C=0 | Water=8 | Alarm=0 | Lock=0[00] | Humid=61 HF=0 DF=1
T=174020 | Temp=25/25 H=0 C=0 | Water=8 | Alarm=0 | Lock=0[00] | Humid=39 HF=0 DF=1
T=174045 | Temp=25/25 H=0 C=0 | Water=8 | Alarm=0 | Lock=0[00] | Humid=39 HF=1 DF=0
T=174050 | Temp=25/25 H=0 C=0 | Water=8 | Alarm=0 | Lock=0[00] | Humid=40 HF=1 DF=0
T=174075 | Temp=25/25 H=0 C=0 | Water=8 | Alarm=0 | Lock=0[00] | Humid=40 HF=0 DF=0
T=174080 | Temp=25/25 H=0 C=0 | Water=8 | Alarm=0 | Lock=0[00] | Humid=60 HF=0 DF=0
T=174110 | Temp=25/25 H=0 C=0 | Water=8 | Alarm=0 | Lock=0[00] | Humid=61 HF=0 DF=0
T=174135 | Temp=25/25 H=0 C=0 | Water=8 | Alarm=0 | Lock=0[00] | Humid=61 HF=0 DF=1
T=174140 | Temp=25/25 H=0 C=0 | Water=8 | Alarm=0 | Lock=0[00] | Humid=39 HF=0 DF=1
T=174165 | Temp=25/25 H=0 C=0 | Water=8 | Alarm=0 | Lock=0[00] | Humid=39 HF=1 DF=0
T=174170 | Temp=25/25 H=0 C=0 | Water=8 | Alarm=0 | Lock=0[00] | Humid=40 HF=1 DF=0
T=174195 | Temp=25/25 H=0 C=0 | Water=8 | Alarm=0 | Lock=0[00] | Humid=40 HF=0 DF=0
T=174200 | Temp=25/25 H=0 C=0 | Water=8 | Alarm=0 | Lock=0[00] | Humid=60 HF=0 DF=0
T=174230 | Temp=25/25 H=0 C=0 | Water=8 | Alarm=0 | Lock=0[00] | Humid=61 HF=0 DF=0
T=174255 | Temp=25/25 H=0 C=0 | Water=8 | Alarm=0 | Lock=0[00] | Humid=61 HF=0 DF=1
T=174260 | Temp=25/25 H=0 C=0 | Water=8 | Alarm=0 | Lock=0[00] | Humid=39 HF=0 DF=1
T=174285 | Temp=25/25 H=0 C=0 | Water=8 | Alarm=0 | Lock=0[00] | Humid=39 HF=1 DF=0
T=174290 | Temp=25/25 H=0 C=0 | Water=8 | Alarm=0 | Lock=0[00] | Humid=40 HF=1 DF=0
T=174315 | Temp=25/25 H=0 C=0 | Water=8 | Alarm=0 | Lock=0[00] | Humid=40 HF=0 DF=0
T=174320 | Temp=25/25 H=0 C=0 | Water=8 | Alarm=0 | Lock=0[00] | Humid=60 HF=0 DF=0
T=174350 | Temp=25/25 H=0 C=0 | Water=8 | Alarm=0 | Lock=0[00] | Humid=61 HF=0 DF=0
T=174375 | Temp=25/25 H=0 C=0 | Water=8 | Alarm=0 | Lock=0[00] | Humid=61 HF=0 DF=1
T=174380 | Temp=25/25 H=0 C=0 | Water=8 | Alarm=0 | Lock=0[00] | Humid=39 HF=0 DF=1
T=174405 | Temp=25/25 H=0 C=0 | Water=8 | Alarm=0 | Lock=0[00] | Humid=39 HF=1 DF=0
T=174410 | Temp=25/25 H=0 C=0 | Water=8 | Alarm=0 | Lock=0[00] | Humid=40 HF=1 DF=0
T=174435 | Temp=25/25 H=0 C=0 | Water=8 | Alarm=0 | Lock=0[00] | Humid=40 HF=0 DF=0
T=174440 | Temp=25/25 H=0 C=0 | Water=8 | Alarm=0 | Lock=0[00] | Humid=60 HF=0 DF=0
T=174470 | Temp=25/25 H=0 C=0 | Water=8 | Alarm=0 | Lock=0[00] | Humid=61 HF=0 DF=0
T=174495 | Temp=25/25 H=0 C=0 | Water=8 | Alarm=0 | Lock=0[00] | Humid=61 HF=0 DF=1
T=174500 | Temp=25/25 H=0 C=0 | Water=8 | Alarm=0 | Lock=0[00] | Humid=39 HF=0 DF=1
T=174525 | Temp=25/25 H=0 C=0 | Water=8 | Alarm=0 | Lock=0[00] | Humid=39 HF=1 DF=0
T=174530 | Temp=25/25 H=0 C=0 | Water=8 | Alarm=0 | Lock=0[00] | Humid=40 HF=1 DF=0
T=174555 | Temp=25/25 H=0 C=0 | Water=8 | Alarm=0 | Lock=0[00] | Humid=40 HF=0 DF=0
T=174560 | Temp=25/25 H=0 C=0 | Water=8 | Alarm=0 | Lock=0[00] | Humid=60 HF=0 DF=0
T=174590 | Temp=25/25 H=0 C=0 | Water=8 | Alarm=0 | Lock=0[00] | Humid=61 HF=0 DF=0
T=174615 | Temp=25/25 H=0 C=0 | Water=8 | Alarm=0 | Lock=0[00] | Humid=61 HF=0 DF=1
T=174620 | Temp=25/25 H=0 C=0 | Water=8 | Alarm=0 | Lock=0[00] | Humid=39 HF=0 DF=1
T=174645 | Temp=25/25 H=0 C=0 | Water=8 | Alarm=0 | Lock=0[00] | Humid=39 HF=1 DF=0
T=174650 | Temp=25/25 H=0 C=0 | Water=8 | Alarm=0 | Lock=0[00] | Humid=40 HF=1 DF=0
T=174675 | Temp=25/25 H=0 C=0 | Water=8 | Alarm=0 | Lock=0[00] | Humid=40 HF=0 DF=0
T=174680 | Temp=25/25 H=0 C=0 | Water=8 | Alarm=0 | Lock=0[00] | Humid=60 HF=0 DF=0
T=174710 | Temp=25/25 H=0 C=0 | Water=8 | Alarm=0 | Lock=0[00] | Humid=61 HF=0 DF=0
T=174735 | Temp=25/25 H=0 C=0 | Water=8 | Alarm=0 | Lock=0[00] | Humid=61 HF=0 DF=1
T=174740 | Temp=25/25 H=0 C=0 | Water=8 | Alarm=0 | Lock=0[00] | Humid=39 HF=0 DF=1
T=174765 | Temp=25/25 H=0 C=0 | Water=8 | Alarm=0 | Lock=0[00] | Humid=39 HF=1 DF=0
T=174770 | Temp=25/25 H=0 C=0 | Water=8 | Alarm=0 | Lock=0[00] | Humid=40 HF=1 DF=0
T=174795 | Temp=25/25 H=0 C=0 | Water=8 | Alarm=0 | Lock=0[00] | Humid=40 HF=0 DF=0
T=174800 | Temp=25/25 H=0 C=0 | Water=8 | Alarm=0 | Lock=0[00] | Humid=60 HF=0 DF=0
T=174830 | Temp=25/25 H=0 C=0 | Water=8 | Alarm=0 | Lock=0[00] | Humid=61 HF=0 DF=0
T=174855 | Temp=25/25 H=0 C=0 | Water=8 | Alarm=0 | Lock=0[00] | Humid=61 HF=0 DF=1
T=174860 | Temp=25/25 H=0 C=0 | Water=8 | Alarm=0 | Lock=0[00] | Humid=39 HF=0 DF=1
T=174885 | Temp=25/25 H=0 C=0 | Water=8 | Alarm=0 | Lock=0[00] | Humid=39 HF=1 DF=0
T=174890 | Temp=25/25 H=0 C=0 | Water=8 | Alarm=0 | Lock=0[00] | Humid=40 HF=1 DF=0
T=174915 | Temp=25/25 H=0 C=0 | Water=8 | Alarm=0 | Lock=0[00] | Humid=40 HF=0 DF=0
T=174920 | Temp=25/25 H=0 C=0 | Water=8 | Alarm=0 | Lock=0[00] | Humid=60 HF=0 DF=0
T=174950 | Temp=25/25 H=0 C=0 | Water=8 | Alarm=0 | Lock=0[00] | Humid=61 HF=0 DF=0
T=174975 | Temp=25/25 H=0 C=0 | Water=8 | Alarm=0 | Lock=0[00] | Humid=61 HF=0 DF=1
T=174980 | Temp=25/25 H=0 C=0 | Water=8 | Alarm=0 | Lock=0[00] | Humid=39 HF=0 DF=1
T=175005 | Temp=25/25 H=0 C=0 | Water=8 | Alarm=0 | Lock=0[00] | Humid=39 HF=1 DF=0
T=175010 | Temp=25/25 H=0 C=0 | Water=8 | Alarm=0 | Lock=0[00] | Humid=40 HF=1 DF=0
T=175035 | Temp=25/25 H=0 C=0 | Water=8 | Alarm=0 | Lock=0[00] | Humid=40 HF=0 DF=0
T=175040 | Temp=25/25 H=0 C=0 | Water=8 | Alarm=0 | Lock=0[00] | Humid=60 HF=0 DF=0
T=175070 | Temp=25/25 H=0 C=0 | Water=8 | Alarm=0 | Lock=0[00] | Humid=61 HF=0 DF=0
T=175095 | Temp=25/25 H=0 C=0 | Water=8 | Alarm=0 | Lock=0[00] | Humid=61 HF=0 DF=1
T=175100 | Temp=25/25 H=0 C=0 | Water=8 | Alarm=0 | Lock=0[00] | Humid=39 HF=0 DF=1
T=175125 | Temp=25/25 H=0 C=0 | Water=8 | Alarm=0 | Lock=0[00] | Humid=39 HF=1 DF=0
T=175130 | Temp=25/25 H=0 C=0 | Water=8 | Alarm=0 | Lock=0[00] | Humid=40 HF=1 DF=0
T=175155 | Temp=25/25 H=0 C=0 | Water=8 | Alarm=0 | Lock=0[00] | Humid=40 HF=0 DF=0
T=175160 | Temp=25/25 H=0 C=0 | Water=8 | Alarm=0 | Lock=0[00] | Humid=60 HF=0 DF=0
T=175190 | Temp=25/25 H=0 C=0 | Water=8 | Alarm=0 | Lock=0[00] | Humid=61 HF=0 DF=0
T=175215 | Temp=25/25 H=0 C=0 | Water=8 | Alarm=0 | Lock=0[00] | Humid=61 HF=0 DF=1
T=175220 | Temp=25/25 H=0 C=0 | Water=8 | Alarm=0 | Lock=0[00] | Humid=39 HF=0 DF=1
T=175245 | Temp=25/25 H=0 C=0 | Water=8 | Alarm=0 | Lock=0[00] | Humid=39 HF=1 DF=0
T=175250 | Temp=25/25 H=0 C=0 | Water=8 | Alarm=0 | Lock=0[00] | Humid=40 HF=1 DF=0
T=175275 | Temp=25/25 H=0 C=0 | Water=8 | Alarm=0 | Lock=0[00] | Humid=40 HF=0 DF=0
T=175280 | Temp=25/25 H=0 C=0 | Water=8 | Alarm=0 | Lock=0[00] | Humid=60 HF=0 DF=0
T=175310 | Temp=25/25 H=0 C=0 | Water=8 | Alarm=0 | Lock=0[00] | Humid=61 HF=0 DF=0
T=175335 | Temp=25/25 H=0 C=0 | Water=8 | Alarm=0 | Lock=0[00] | Humid=61 HF=0 DF=1
  [PASS] Boundary values (40, 60)
T=175340 | Temp=25/25 H=0 C=0 | Water=8 | Alarm=0 | Lock=0[00] | Humid=0 HF=0 DF=1
T=175365 | Temp=25/25 H=0 C=0 | Water=8 | Alarm=0 | Lock=0[00] | Humid=1 HF=1 DF=0
T=175390 | Temp=25/25 H=0 C=0 | Water=8 | Alarm=0 | Lock=0[00] | Humid=2 HF=1 DF=0
T=175415 | Temp=25/25 H=0 C=0 | Water=8 | Alarm=0 | Lock=0[00] | Humid=3 HF=1 DF=0
T=175440 | Temp=25/25 H=0 C=0 | Water=8 | Alarm=0 | Lock=0[00] | Humid=4 HF=1 DF=0
T=175465 | Temp=25/25 H=0 C=0 | Water=8 | Alarm=0 | Lock=0[00] | Humid=5 HF=1 DF=0
T=175490 | Temp=25/25 H=0 C=0 | Water=8 | Alarm=0 | Lock=0[00] | Humid=6 HF=1 DF=0
T=175515 | Temp=25/25 H=0 C=0 | Water=8 | Alarm=0 | Lock=0[00] | Humid=7 HF=1 DF=0
T=175540 | Temp=25/25 H=0 C=0 | Water=8 | Alarm=0 | Lock=0[00] | Humid=8 HF=1 DF=0
T=175565 | Temp=25/25 H=0 C=0 | Water=8 | Alarm=0 | Lock=0[00] | Humid=9 HF=1 DF=0
T=175590 | Temp=25/25 H=0 C=0 | Water=8 | Alarm=0 | Lock=0[00] | Humid=10 HF=1 DF=0
T=175615 | Temp=25/25 H=0 C=0 | Water=8 | Alarm=0 | Lock=0[00] | Humid=11 HF=1 DF=0
T=175640 | Temp=25/25 H=0 C=0 | Water=8 | Alarm=0 | Lock=0[00] | Humid=12 HF=1 DF=0
T=175665 | Temp=25/25 H=0 C=0 | Water=8 | Alarm=0 | Lock=0[00] | Humid=13 HF=1 DF=0
T=175690 | Temp=25/25 H=0 C=0 | Water=8 | Alarm=0 | Lock=0[00] | Humid=14 HF=1 DF=0
T=175715 | Temp=25/25 H=0 C=0 | Water=8 | Alarm=0 | Lock=0[00] | Humid=15 HF=1 DF=0
T=175740 | Temp=25/25 H=0 C=0 | Water=8 | Alarm=0 | Lock=0[00] | Humid=16 HF=1 DF=0
T=175765 | Temp=25/25 H=0 C=0 | Water=8 | Alarm=0 | Lock=0[00] | Humid=17 HF=1 DF=0
T=175790 | Temp=25/25 H=0 C=0 | Water=8 | Alarm=0 | Lock=0[00] | Humid=18 HF=1 DF=0
T=175815 | Temp=25/25 H=0 C=0 | Water=8 | Alarm=0 | Lock=0[00] | Humid=19 HF=1 DF=0
T=175840 | Temp=25/25 H=0 C=0 | Water=8 | Alarm=0 | Lock=0[00] | Humid=20 HF=1 DF=0
T=175865 | Temp=25/25 H=0 C=0 | Water=8 | Alarm=0 | Lock=0[00] | Humid=21 HF=1 DF=0
T=175890 | Temp=25/25 H=0 C=0 | Water=8 | Alarm=0 | Lock=0[00] | Humid=22 HF=1 DF=0
T=175915 | Temp=25/25 H=0 C=0 | Water=8 | Alarm=0 | Lock=0[00] | Humid=23 HF=1 DF=0
T=175940 | Temp=25/25 H=0 C=0 | Water=8 | Alarm=0 | Lock=0[00] | Humid=24 HF=1 DF=0
T=175965 | Temp=25/25 H=0 C=0 | Water=8 | Alarm=0 | Lock=0[00] | Humid=25 HF=1 DF=0
T=175990 | Temp=25/25 H=0 C=0 | Water=8 | Alarm=0 | Lock=0[00] | Humid=26 HF=1 DF=0
T=176015 | Temp=25/25 H=0 C=0 | Water=8 | Alarm=0 | Lock=0[00] | Humid=27 HF=1 DF=0
T=176040 | Temp=25/25 H=0 C=0 | Water=8 | Alarm=0 | Lock=0[00] | Humid=28 HF=1 DF=0
T=176065 | Temp=25/25 H=0 C=0 | Water=8 | Alarm=0 | Lock=0[00] | Humid=29 HF=1 DF=0
T=176090 | Temp=25/25 H=0 C=0 | Water=8 | Alarm=0 | Lock=0[00] | Humid=30 HF=1 DF=0
T=176115 | Temp=25/25 H=0 C=0 | Water=8 | Alarm=0 | Lock=0[00] | Humid=31 HF=1 DF=0
T=176140 | Temp=25/25 H=0 C=0 | Water=8 | Alarm=0 | Lock=0[00] | Humid=32 HF=1 DF=0
T=176165 | Temp=25/25 H=0 C=0 | Water=8 | Alarm=0 | Lock=0[00] | Humid=33 HF=1 DF=0
T=176190 | Temp=25/25 H=0 C=0 | Water=8 | Alarm=0 | Lock=0[00] | Humid=34 HF=1 DF=0
T=176215 | Temp=25/25 H=0 C=0 | Water=8 | Alarm=0 | Lock=0[00] | Humid=35 HF=1 DF=0
T=176240 | Temp=25/25 H=0 C=0 | Water=8 | Alarm=0 | Lock=0[00] | Humid=36 HF=1 DF=0
T=176265 | Temp=25/25 H=0 C=0 | Water=8 | Alarm=0 | Lock=0[00] | Humid=37 HF=1 DF=0
T=176290 | Temp=25/25 H=0 C=0 | Water=8 | Alarm=0 | Lock=0[00] | Humid=38 HF=1 DF=0
T=176315 | Temp=25/25 H=0 C=0 | Water=8 | Alarm=0 | Lock=0[00] | Humid=39 HF=1 DF=0
T=176340 | Temp=25/25 H=0 C=0 | Water=8 | Alarm=0 | Lock=0[00] | Humid=40 HF=1 DF=0
T=176365 | Temp=25/25 H=0 C=0 | Water=8 | Alarm=0 | Lock=0[00] | Humid=41 HF=0 DF=0
T=176390 | Temp=25/25 H=0 C=0 | Water=8 | Alarm=0 | Lock=0[00] | Humid=42 HF=0 DF=0
T=176415 | Temp=25/25 H=0 C=0 | Water=8 | Alarm=0 | Lock=0[00] | Humid=43 HF=0 DF=0
T=176440 | Temp=25/25 H=0 C=0 | Water=8 | Alarm=0 | Lock=0[00] | Humid=44 HF=0 DF=0
T=176465 | Temp=25/25 H=0 C=0 | Water=8 | Alarm=0 | Lock=0[00] | Humid=45 HF=0 DF=0
T=176490 | Temp=25/25 H=0 C=0 | Water=8 | Alarm=0 | Lock=0[00] | Humid=46 HF=0 DF=0
T=176515 | Temp=25/25 H=0 C=0 | Water=8 | Alarm=0 | Lock=0[00] | Humid=47 HF=0 DF=0
T=176540 | Temp=25/25 H=0 C=0 | Water=8 | Alarm=0 | Lock=0[00] | Humid=48 HF=0 DF=0
T=176565 | Temp=25/25 H=0 C=0 | Water=8 | Alarm=0 | Lock=0[00] | Humid=49 HF=0 DF=0
T=176590 | Temp=25/25 H=0 C=0 | Water=8 | Alarm=0 | Lock=0[00] | Humid=50 HF=0 DF=0
T=176615 | Temp=25/25 H=0 C=0 | Water=8 | Alarm=0 | Lock=0[00] | Humid=51 HF=0 DF=0
T=176640 | Temp=25/25 H=0 C=0 | Water=8 | Alarm=0 | Lock=0[00] | Humid=52 HF=0 DF=0
T=176665 | Temp=25/25 H=0 C=0 | Water=8 | Alarm=0 | Lock=0[00] | Humid=53 HF=0 DF=0
T=176690 | Temp=25/25 H=0 C=0 | Water=8 | Alarm=0 | Lock=0[00] | Humid=54 HF=0 DF=0
T=176715 | Temp=25/25 H=0 C=0 | Water=8 | Alarm=0 | Lock=0[00] | Humid=55 HF=0 DF=0
T=176740 | Temp=25/25 H=0 C=0 | Water=8 | Alarm=0 | Lock=0[00] | Humid=56 HF=0 DF=0
T=176765 | Temp=25/25 H=0 C=0 | Water=8 | Alarm=0 | Lock=0[00] | Humid=57 HF=0 DF=0
T=176790 | Temp=25/25 H=0 C=0 | Water=8 | Alarm=0 | Lock=0[00] | Humid=58 HF=0 DF=0
T=176815 | Temp=25/25 H=0 C=0 | Water=8 | Alarm=0 | Lock=0[00] | Humid=59 HF=0 DF=0
T=176840 | Temp=25/25 H=0 C=0 | Water=8 | Alarm=0 | Lock=0[00] | Humid=60 HF=0 DF=0
T=176865 | Temp=25/25 H=0 C=0 | Water=8 | Alarm=0 | Lock=0[00] | Humid=61 HF=0 DF=0
T=176885 | Temp=25/25 H=0 C=0 | Water=8 | Alarm=0 | Lock=0[00] | Humid=61 HF=0 DF=1
T=176890 | Temp=25/25 H=0 C=0 | Water=8 | Alarm=0 | Lock=0[00] | Humid=62 HF=0 DF=1
T=176915 | Temp=25/25 H=0 C=0 | Water=8 | Alarm=0 | Lock=0[00] | Humid=63 HF=0 DF=1
T=176940 | Temp=25/25 H=0 C=0 | Water=8 | Alarm=0 | Lock=0[00] | Humid=64 HF=0 DF=1
T=176965 | Temp=25/25 H=0 C=0 | Water=8 | Alarm=0 | Lock=0[00] | Humid=65 HF=0 DF=1
T=176990 | Temp=25/25 H=0 C=0 | Water=8 | Alarm=0 | Lock=0[00] | Humid=66 HF=0 DF=1
T=177015 | Temp=25/25 H=0 C=0 | Water=8 | Alarm=0 | Lock=0[00] | Humid=67 HF=0 DF=1
T=177040 | Temp=25/25 H=0 C=0 | Water=8 | Alarm=0 | Lock=0[00] | Humid=68 HF=0 DF=1
T=177065 | Temp=25/25 H=0 C=0 | Water=8 | Alarm=0 | Lock=0[00] | Humid=69 HF=0 DF=1
T=177090 | Temp=25/25 H=0 C=0 | Water=8 | Alarm=0 | Lock=0[00] | Humid=70 HF=0 DF=1
T=177115 | Temp=25/25 H=0 C=0 | Water=8 | Alarm=0 | Lock=0[00] | Humid=71 HF=0 DF=1
T=177140 | Temp=25/25 H=0 C=0 | Water=8 | Alarm=0 | Lock=0[00] | Humid=72 HF=0 DF=1
T=177165 | Temp=25/25 H=0 C=0 | Water=8 | Alarm=0 | Lock=0[00] | Humid=73 HF=0 DF=1
T=177190 | Temp=25/25 H=0 C=0 | Water=8 | Alarm=0 | Lock=0[00] | Humid=74 HF=0 DF=1
T=177215 | Temp=25/25 H=0 C=0 | Water=8 | Alarm=0 | Lock=0[00] | Humid=75 HF=0 DF=1
T=177240 | Temp=25/25 H=0 C=0 | Water=8 | Alarm=0 | Lock=0[00] | Humid=76 HF=0 DF=1
T=177265 | Temp=25/25 H=0 C=0 | Water=8 | Alarm=0 | Lock=0[00] | Humid=77 HF=0 DF=1
T=177290 | Temp=25/25 H=0 C=0 | Water=8 | Alarm=0 | Lock=0[00] | Humid=78 HF=0 DF=1
T=177315 | Temp=25/25 H=0 C=0 | Water=8 | Alarm=0 | Lock=0[00] | Humid=79 HF=0 DF=1
T=177340 | Temp=25/25 H=0 C=0 | Water=8 | Alarm=0 | Lock=0[00] | Humid=80 HF=0 DF=1
T=177365 | Temp=25/25 H=0 C=0 | Water=8 | Alarm=0 | Lock=0[00] | Humid=81 HF=0 DF=1
T=177390 | Temp=25/25 H=0 C=0 | Water=8 | Alarm=0 | Lock=0[00] | Humid=82 HF=0 DF=1
T=177415 | Temp=25/25 H=0 C=0 | Water=8 | Alarm=0 | Lock=0[00] | Humid=83 HF=0 DF=1
T=177440 | Temp=25/25 H=0 C=0 | Water=8 | Alarm=0 | Lock=0[00] | Humid=84 HF=0 DF=1
T=177465 | Temp=25/25 H=0 C=0 | Water=8 | Alarm=0 | Lock=0[00] | Humid=85 HF=0 DF=1
T=177490 | Temp=25/25 H=0 C=0 | Water=8 | Alarm=0 | Lock=0[00] | Humid=86 HF=0 DF=1
T=177515 | Temp=25/25 H=0 C=0 | Water=8 | Alarm=0 | Lock=0[00] | Humid=87 HF=0 DF=1
T=177540 | Temp=25/25 H=0 C=0 | Water=8 | Alarm=0 | Lock=0[00] | Humid=88 HF=0 DF=1
T=177565 | Temp=25/25 H=0 C=0 | Water=8 | Alarm=0 | Lock=0[00] | Humid=89 HF=0 DF=1
T=177590 | Temp=25/25 H=0 C=0 | Water=8 | Alarm=0 | Lock=0[00] | Humid=90 HF=0 DF=1
T=177615 | Temp=25/25 H=0 C=0 | Water=8 | Alarm=0 | Lock=0[00] | Humid=91 HF=0 DF=1
T=177640 | Temp=25/25 H=0 C=0 | Water=8 | Alarm=0 | Lock=0[00] | Humid=92 HF=0 DF=1
T=177665 | Temp=25/25 H=0 C=0 | Water=8 | Alarm=0 | Lock=0[00] | Humid=93 HF=0 DF=1
T=177690 | Temp=25/25 H=0 C=0 | Water=8 | Alarm=0 | Lock=0[00] | Humid=94 HF=0 DF=1
T=177715 | Temp=25/25 H=0 C=0 | Water=8 | Alarm=0 | Lock=0[00] | Humid=95 HF=0 DF=1
T=177740 | Temp=25/25 H=0 C=0 | Water=8 | Alarm=0 | Lock=0[00] | Humid=96 HF=0 DF=1
T=177765 | Temp=25/25 H=0 C=0 | Water=8 | Alarm=0 | Lock=0[00] | Humid=97 HF=0 DF=1
T=177790 | Temp=25/25 H=0 C=0 | Water=8 | Alarm=0 | Lock=0[00] | Humid=98 HF=0 DF=1
T=177815 | Temp=25/25 H=0 C=0 | Water=8 | Alarm=0 | Lock=0[00] | Humid=99 HF=0 DF=1
T=177840 | Temp=25/25 H=0 C=0 | Water=8 | Alarm=0 | Lock=0[00] | Humid=100 HF=0 DF=1
  [PASS] Full range 0-100
T=177865 | Temp=25/25 H=0 C=0 | Water=8 | Alarm=0 | Lock=0[00] | Humid=0 HF=0 DF=1
T=177885 | Temp=25/25 H=0 C=0 | Water=8 | Alarm=0 | Lock=0[00] | Humid=0 HF=1 DF=0
T=177915 | Temp=25/25 H=0 C=0 | Water=8 | Alarm=0 | Lock=0[00] | Humid=255 HF=1 DF=0
T=177935 | Temp=25/25 H=0 C=0 | Water=8 | Alarm=0 | Lock=0[00] | Humid=255 HF=0 DF=1
  [PASS] Edge cases (0, 255)
T=177965 | Temp=25/25 H=0 C=0 | Water=8 | Alarm=0 | Lock=0[00] | Humid=50 HF=0 DF=1
T=177985 | Temp=25/25 H=0 C=0 | Water=8 | Alarm=0 | Lock=0[00] | Humid=50 HF=0 DF=0

[TEST 11] Pipeline Register Toggle Coverage
T=178015 | Temp=36/129 H=0 C=0 | Water=9 | Alarm=0 | Lock=0[00] | Humid=242 HF=0 DF=0
T=178035 | Temp=36/129 H=1 C=0 | Water=9 | Alarm=0 | Lock=0[00] | Humid=242 HF=0 DF=1
T=178040 | Temp=206/232 H=1 C=0 | Water=5 | Alarm=0 | Lock=0[00] | Humid=207 HF=0 DF=1
T=178045 | Temp=206/232 H=1 C=0 | Water=5 | Alarm=0 | Lock=1[01] | Humid=207 HF=0 DF=1
T=178065 | Temp=35/10 H=1 C=0 | Water=10 | Alarm=0 | Lock=1[01] | Humid=126 HF=0 DF=1
T=178085 | Temp=35/10 H=0 C=1 | Water=10 | Alarm=0 | Lock=1[01] | Humid=126 HF=0 DF=1
T=178090 | Temp=21/241 H=0 C=1 | Water=9 | Alarm=0 | Lock=1[01] | Humid=61 HF=0 DF=1
T=178095 | Temp=21/241 H=0 C=1 | Water=9 | Alarm=0 | Lock=1[10] | Humid=61 HF=0 DF=1
T=178115 | Temp=18/126 H=1 C=0 | Water=13 | Alarm=0 | Lock=1[10] | Humid=95 HF=0 DF=1
T=178140 | Temp=68/247 H=1 C=0 | Water=11 | Alarm=0 | Lock=1[10] | Humid=78 HF=0 DF=1
T=178165 | Temp=103/10 H=1 C=0 | Water=6 | Alarm=0 | Lock=1[10] | Humid=180 HF=0 DF=1
T=178185 | Temp=103/10 H=0 C=1 | Water=6 | Alarm=0 | Lock=1[10] | Humid=180 HF=0 DF=1
T=178190 | Temp=136/40 H=0 C=1 | Water=13 | Alarm=0 | Lock=1[10] | Humid=55 HF=0 DF=1
T=178215 | Temp=150/192 H=0 C=1 | Water=6 | Alarm=0 | Lock=1[10] | Humid=197 HF=0 DF=0
T=178235 | Temp=150/192 H=1 C=0 | Water=6 | Alarm=0 | Lock=1[10] | Humid=197 HF=0 DF=1
T=178240 | Temp=152/75 H=1 C=0 | Water=3 | Alarm=0 | Lock=1[10] | Humid=199 HF=0 DF=1
T=178265 | Temp=182/186 H=0 C=1 | Water=4 | Alarm=0 | Lock=1[10] | Humid=54 HF=0 DF=1
T=178285 | Temp=182/186 H=1 C=0 | Water=4 | Alarm=0 | Lock=1[10] | Humid=54 HF=0 DF=0
T=178290 | Temp=117/143 H=1 C=0 | Water=11 | Alarm=0 | Lock=1[10] | Humid=91 HF=0 DF=0
T=178315 | Temp=226/4 H=1 C=0 | Water=3 | Alarm=0 | Lock=1[10] | Humid=85 HF=0 DF=1
T=178335 | Temp=226/4 H=0 C=1 | Water=3 | Alarm=0 | Lock=1[10] | Humid=85 HF=0 DF=1
T=178340 | Temp=237/43 H=0 C=1 | Water=5 | Alarm=0 | Lock=1[10] | Humid=111 HF=0 DF=1
T=178365 | Temp=134/240 H=0 C=1 | Water=8 | Alarm=0 | Lock=1[10] | Humid=141 HF=0 DF=1
T=178385 | Temp=134/240 H=1 C=0 | Water=8 | Alarm=0 | Lock=1[10] | Humid=141 HF=0 DF=1
T=178390 | Temp=90/7 H=1 C=0 | Water=12 | Alarm=0 | Lock=1[10] | Humid=143 HF=0 DF=1
T=178415 | Temp=3/227 H=0 C=1 | Water=13 | Alarm=0 | Lock=1[10] | Humid=186 HF=0 DF=1
T=178435 | Temp=3/227 H=1 C=0 | Water=13 | Alarm=0 | Lock=1[10] | Humid=186 HF=0 DF=1
T=178440 | Temp=139/166 H=1 C=0 | Water=5 | Alarm=0 | Lock=1[10] | Humid=115 HF=0 DF=1
T=178465 | Temp=236/35 H=1 C=0 | Water=4 | Alarm=0 | Lock=1[10] | Humid=43 HF=0 DF=1
T=178485 | Temp=236/35 H=0 C=1 | Water=4 | Alarm=0 | Lock=1[10] | Humid=43 HF=0 DF=0
T=178490 | Temp=57/18 H=0 C=1 | Water=2 | Alarm=0 | Lock=1[10] | Humid=216 HF=0 DF=0
T=178515 | Temp=155/196 H=0 C=1 | Water=8 | Alarm=0 | Lock=1[10] | Humid=233 HF=0 DF=1
T=178535 | Temp=155/196 H=1 C=0 | Water=8 | Alarm=0 | Lock=1[10] | Humid=233 HF=0 DF=1
T=178540 | Temp=248/6 H=1 C=0 | Water=15 | Alarm=0 | Lock=1[10] | Humid=142 HF=0 DF=1
T=178565 | Temp=226/60 H=0 C=1 | Water=9 | Alarm=0 | Lock=1[10] | Humid=237 HF=0 DF=1
T=178590 | Temp=201/65 H=0 C=1 | Water=15 | Alarm=0 | Lock=1[10] | Humid=115 HF=0 DF=1
T=178615 | Temp=12/206 H=0 C=1 | Water=4 | Alarm=0 | Lock=1[10] | Humid=76 HF=0 DF=1
T=178635 | Temp=12/206 H=1 C=0 | Water=4 | Alarm=0 | Lock=1[10] | Humid=76 HF=0 DF=1
T=178640 | Temp=123/64 H=1 C=0 | Water=5 | Alarm=0 | Lock=1[10] | Humid=70 HF=0 DF=1
T=178665 | Temp=7/147 H=0 C=1 | Water=5 | Alarm=0 | Lock=1[10] | Humid=220 HF=0 DF=1
T=178685 | Temp=7/147 H=1 C=0 | Water=5 | Alarm=0 | Lock=1[10] | Humid=220 HF=0 DF=1
T=178690 | Temp=164/25 H=1 C=0 | Water=5 | Alarm=0 | Lock=1[10] | Humid=137 HF=0 DF=1
T=178715 | Temp=111/27 H=0 C=1 | Water=13 | Alarm=0 | Lock=1[10] | Humid=113 HF=0 DF=1
T=178740 | Temp=251/188 H=0 C=1 | Water=12 | Alarm=0 | Lock=1[10] | Humid=152 HF=0 DF=1
T=178765 | Temp=236/42 H=0 C=1 | Water=5 | Alarm=0 | Lock=1[10] | Humid=20 HF=0 DF=1
T=178785 | Temp=236/42 H=0 C=1 | Water=5 | Alarm=0 | Lock=1[10] | Humid=20 HF=1 DF=0
T=178790 | Temp=42/166 H=0 C=1 | Water=4 | Alarm=0 | Lock=1[10] | Humid=0 HF=1 DF=0
T=178815 | Temp=67/248 H=1 C=0 | Water=1 | Alarm=0 | Lock=1[10] | Humid=237 HF=1 DF=0
T=178835 | Temp=67/248 H=1 C=0 | Water=1 | Alarm=0 | Lock=1[10] | Humid=237 HF=0 DF=1
T=178840 | Temp=220/120 H=1 C=0 | Water=7 | Alarm=0 | Lock=1[10] | Humid=80 HF=0 DF=1
T=178865 | Temp=163/164 H=0 C=1 | Water=5 | Alarm=0 | Lock=1[10] | Humid=70 HF=0 DF=1
T=178890 | Temp=97/89 H=0 C=1 | Water=5 | Alarm=0 | Lock=1[10] | Humid=119 HF=0 DF=1
T=178915 | Temp=69/117 H=0 C=1 | Water=8 | Alarm=0 | Lock=1[10] | Humid=139 HF=0 DF=1
T=178935 | Temp=69/117 H=1 C=0 | Water=8 | Alarm=0 | Lock=1[10] | Humid=139 HF=0 DF=1
T=178940 | Temp=194/204 H=1 C=0 | Water=1 | Alarm=0 | Lock=1[10] | Humid=230 HF=0 DF=1
T=178965 | Temp=175/4 H=1 C=0 | Water=2 | Alarm=0 | Lock=1[10] | Humid=171 HF=0 DF=1
T=178985 | Temp=175/4 H=0 C=1 | Water=2 | Alarm=0 | Lock=1[10] | Humid=171 HF=0 DF=1
T=178990 | Temp=180/84 H=0 C=1 | Water=9 | Alarm=0 | Lock=1[10] | Humid=232 HF=0 DF=1
T=179015 | Temp=75/18 H=0 C=1 | Water=7 | Alarm=0 | Lock=1[10] | Humid=131 HF=0 DF=1
T=179040 | Temp=225/206 H=0 C=1 | Water=10 | Alarm=0 | Lock=1[10] | Humid=19 HF=0 DF=1
T=179065 | Temp=12/187 H=0 C=1 | Water=6 | Alarm=0 | Lock=1[10] | Humid=218 HF=1 DF=0
T=179085 | Temp=12/187 H=1 C=0 | Water=6 | Alarm=0 | Lock=1[10] | Humid=218 HF=0 DF=1
T=179090 | Temp=173/223 H=1 C=0 | Water=13 | Alarm=0 | Lock=1[10] | Humid=13 HF=0 DF=1
T=179105 | Temp=173/223 H=1 C=0 | Water=13 | Alarm=0 | Lock=1[01] | Humid=13 HF=0 DF=1
T=179115 | Temp=145/211 H=1 C=0 | Water=10 | Alarm=0 | Lock=1[10] | Humid=205 HF=1 DF=0
T=179135 | Temp=145/211 H=1 C=0 | Water=10 | Alarm=0 | Lock=1[10] | Humid=205 HF=0 DF=1
T=179140 | Temp=209/187 H=1 C=0 | Water=15 | Alarm=0 | Lock=1[10] | Humid=254 HF=0 DF=1
T=179165 | Temp=93/15 H=0 C=1 | Water=3 | Alarm=0 | Lock=1[10] | Humid=108 HF=0 DF=1
T=179190 | Temp=160/29 H=0 C=1 | Water=1 | Alarm=0 | Lock=1[10] | Humid=0 HF=0 DF=1
T=179215 | Temp=100/126 H=0 C=1 | Water=1 | Alarm=0 | Lock=1[10] | Humid=70 HF=1 DF=0
T=179235 | Temp=100/126 H=1 C=0 | Water=1 | Alarm=0 | Lock=1[10] | Humid=70 HF=0 DF=1
T=179240 | Temp=111/65 H=1 C=0 | Water=7 | Alarm=0 | Lock=1[10] | Humid=50 HF=0 DF=1
T=179265 | Temp=5/94 H=0 C=1 | Water=8 | Alarm=0 | Lock=1[10] | Humid=205 HF=0 DF=0
T=179285 | Temp=5/94 H=1 C=0 | Water=8 | Alarm=0 | Lock=1[10] | Humid=205 HF=0 DF=1
T=179290 | Temp=107/171 H=1 C=0 | Water=3 | Alarm=0 | Lock=1[10] | Humid=29 HF=0 DF=1
T=179315 | Temp=135/70 H=1 C=0 | Water=6 | Alarm=0 | Lock=1[10] | Humid=206 HF=1 DF=0
T=179335 | Temp=135/70 H=0 C=1 | Water=6 | Alarm=0 | Lock=1[10] | Humid=206 HF=0 DF=1
T=179340 | Temp=214/37 H=0 C=1 | Water=9 | Alarm=0 | Lock=1[10] | Humid=52 HF=0 DF=1
T=179365 | Temp=61/81 H=0 C=1 | Water=11 | Alarm=0 | Lock=1[10] | Humid=40 HF=0 DF=0
T=179385 | Temp=61/81 H=1 C=0 | Water=11 | Alarm=0 | Lock=1[10] | Humid=40 HF=0 DF=0
T=179390 | Temp=42/93 H=1 C=0 | Water=14 | Alarm=0 | Lock=1[10] | Humid=192 HF=0 DF=0
T=179415 | Temp=75/187 H=1 C=0 | Water=1 | Alarm=0 | Lock=1[10] | Humid=250 HF=0 DF=1
T=179440 | Temp=251/25 H=1 C=0 | Water=6 | Alarm=0 | Lock=1[10] | Humid=0 HF=0 DF=1
T=179465 | Temp=220/112 H=0 C=1 | Water=9 | Alarm=0 | Lock=1[10] | Humid=211 HF=1 DF=0
T=179485 | Temp=220/112 H=0 C=1 | Water=9 | Alarm=0 | Lock=1[10] | Humid=211 HF=0 DF=1
T=179490 | Temp=24/173 H=0 C=1 | Water=9 | Alarm=0 | Lock=1[10] | Humid=203 HF=0 DF=1
T=179515 | Temp=175/56 H=1 C=0 | Water=0 | Alarm=0 | Lock=1[10] | Humid=151 HF=0 DF=1
T=179535 | Temp=175/56 H=0 C=1 | Water=0 | Alarm=0 | Lock=1[10] | Humid=151 HF=0 DF=1
T=179540 | Temp=235/55 H=0 C=1 | Water=2 | Alarm=0 | Lock=1[10] | Humid=42 HF=0 DF=1
T=179565 | Temp=245/61 H=0 C=1 | Water=6 | Alarm=0 | Lock=1[10] | Humid=41 HF=0 DF=0
T=179590 | Temp=114/30 H=0 C=1 | Water=13 | Alarm=0 | Lock=1[10] | Humid=154 HF=0 DF=0
T=179615 | Temp=130/157 H=0 C=1 | Water=12 | Alarm=0 | Lock=1[10] | Humid=143 HF=0 DF=1
T=179635 | Temp=130/157 H=1 C=0 | Water=12 | Alarm=0 | Lock=1[10] | Humid=143 HF=0 DF=1
T=179640 | Temp=63/10 H=1 C=0 | Water=11 | Alarm=0 | Lock=1[10] | Humid=247 HF=0 DF=1
T=179665 | Temp=238/69 H=0 C=1 | Water=14 | Alarm=0 | Lock=1[10] | Humid=47 HF=0 DF=1
T=179685 | Temp=238/69 H=0 C=1 | Water=14 | Alarm=0 | Lock=1[10] | Humid=47 HF=0 DF=0
T=179690 | Temp=151/32 H=0 C=1 | Water=14 | Alarm=0 | Lock=1[10] | Humid=84 HF=0 DF=0
T=179715 | Temp=220/161 H=0 C=1 | Water=10 | Alarm=0 | Lock=1[10] | Humid=111 HF=0 DF=1
T=179740 | Temp=194/127 H=0 C=1 | Water=0 | Alarm=0 | Lock=1[10] | Humid=50 HF=0 DF=1
T=179765 | Temp=62/59 H=0 C=1 | Water=13 | Alarm=0 | Lock=1[10] | Humid=249 HF=0 DF=0
T=179785 | Temp=62/59 H=0 C=1 | Water=13 | Alarm=0 | Lock=1[10] | Humid=249 HF=0 DF=1
T=179790 | Temp=59/174 H=0 C=1 | Water=8 | Alarm=0 | Lock=1[10] | Humid=51 HF=0 DF=1
T=179815 | Temp=241/117 H=1 C=0 | Water=9 | Alarm=0 | Lock=1[10] | Humid=29 HF=0 DF=0
T=179835 | Temp=241/117 H=0 C=1 | Water=9 | Alarm=0 | Lock=1[10] | Humid=29 HF=1 DF=0
T=179840 | Temp=216/187 H=0 C=1 | Water=8 | Alarm=0 | Lock=1[10] | Humid=2 HF=1 DF=0
T=179865 | Temp=126/161 H=0 C=1 | Water=8 | Alarm=0 | Lock=1[10] | Humid=42 HF=1 DF=0
T=179885 | Temp=126/161 H=1 C=0 | Water=8 | Alarm=0 | Lock=1[10] | Humid=42 HF=0 DF=0
T=179890 | Temp=229/75 H=1 C=0 | Water=14 | Alarm=0 | Lock=1[10] | Humid=187 HF=0 DF=0
T=179915 | Temp=128/23 H=0 C=1 | Water=15 | Alarm=0 | Lock=1[10] | Humid=5 HF=0 DF=1
T=179935 | Temp=128/23 H=0 C=1 | Water=15 | Alarm=0 | Lock=1[10] | Humid=5 HF=1 DF=0
T=179940 | Temp=174/37 H=0 C=1 | Water=11 | Alarm=0 | Lock=1[10] | Humid=143 HF=1 DF=0
T=179965 | Temp=232/13 H=0 C=1 | Water=7 | Alarm=0 | Lock=1[10] | Humid=134 HF=0 DF=1
T=179990 | Temp=143/131 H=0 C=1 | Water=9 | Alarm=0 | Lock=1[10] | Humid=124 HF=0 DF=1
T=180015 | Temp=241/11 H=0 C=1 | Water=10 | Alarm=0 | Lock=1[10] | Humid=65 HF=0 DF=1
T=180040 | Temp=184/168 H=0 C=1 | Water=2 | Alarm=0 | Lock=1[10] | Humid=179 HF=0 DF=1
T=180065 | Temp=247/139 H=0 C=1 | Water=4 | Alarm=0 | Lock=1[10] | Humid=235 HF=0 DF=1
T=180090 | Temp=168/153 H=0 C=1 | Water=6 | Alarm=0 | Lock=1[10] | Humid=78 HF=0 DF=1
T=180115 | Temp=97/193 H=0 C=1 | Water=6 | Alarm=0 | Lock=1[10] | Humid=2 HF=0 DF=1
T=180125 | Temp=97/193 H=0 C=1 | Water=6 | Alarm=0 | Lock=1[01] | Humid=2 HF=0 DF=1
T=180135 | Temp=97/193 H=1 C=0 | Water=6 | Alarm=0 | Lock=1[01] | Humid=2 HF=1 DF=0
T=180140 | Temp=138/123 H=1 C=0 | Water=2 | Alarm=0 | Lock=1[01] | Humid=148 HF=1 DF=0
T=180165 | Temp=77/32 H=0 C=1 | Water=3 | Alarm=0 | Lock=1[01] | Humid=170 HF=0 DF=1
T=180175 | Temp=77/32 H=0 C=1 | Water=3 | Alarm=0 | Lock=1[10] | Humid=170 HF=0 DF=1
T=180190 | Temp=63/142 H=0 C=1 | Water=9 | Alarm=0 | Lock=1[10] | Humid=170 HF=0 DF=1
T=180215 | Temp=170/133 H=1 C=0 | Water=12 | Alarm=0 | Lock=1[10] | Humid=215 HF=0 DF=1
T=180235 | Temp=170/133 H=0 C=1 | Water=12 | Alarm=0 | Lock=1[10] | Humid=215 HF=0 DF=1
T=180240 | Temp=135/105 H=0 C=1 | Water=12 | Alarm=0 | Lock=1[10] | Humid=82 HF=0 DF=1
T=180265 | Temp=133/11 H=0 C=1 | Water=8 | Alarm=0 | Lock=1[10] | Humid=165 HF=0 DF=1
T=180290 | Temp=164/29 H=0 C=1 | Water=0 | Alarm=0 | Lock=1[10] | Humid=16 HF=0 DF=1
T=180315 | Temp=173/36 H=0 C=1 | Water=8 | Alarm=0 | Lock=1[10] | Humid=241 HF=1 DF=0
T=180335 | Temp=173/36 H=0 C=1 | Water=8 | Alarm=0 | Lock=1[10] | Humid=241 HF=0 DF=1
T=180340 | Temp=133/248 H=0 C=1 | Water=6 | Alarm=0 | Lock=1[10] | Humid=170 HF=0 DF=1
T=180365 | Temp=28/174 H=1 C=0 | Water=12 | Alarm=0 | Lock=1[10] | Humid=11 HF=0 DF=1
T=180385 | Temp=28/174 H=1 C=0 | Water=12 | Alarm=0 | Lock=1[10] | Humid=11 HF=1 DF=0
T=180390 | Temp=67/232 H=1 C=0 | Water=0 | Alarm=0 | Lock=1[10] | Humid=18 HF=1 DF=0
T=180415 | Temp=223/38 H=1 C=0 | Water=5 | Alarm=0 | Lock=1[10] | Humid=30 HF=1 DF=0
T=180435 | Temp=223/38 H=0 C=1 | Water=5 | Alarm=0 | Lock=1[10] | Humid=30 HF=1 DF=0
T=180440 | Temp=213/88 H=0 C=1 | Water=11 | Alarm=0 | Lock=1[10] | Humid=205 HF=1 DF=0
T=180465 | Temp=22/193 H=0 C=1 | Water=0 | Alarm=0 | Lock=1[10] | Humid=51 HF=0 DF=1
T=180485 | Temp=22/193 H=1 C=0 | Water=0 | Alarm=0 | Lock=1[10] | Humid=51 HF=0 DF=0
T=180490 | Temp=6/103 H=1 C=0 | Water=12 | Alarm=0 | Lock=1[10] | Humid=4 HF=0 DF=0
T=180515 | Temp=114/215 H=1 C=0 | Water=15 | Alarm=0 | Lock=1[10] | Humid=145 HF=1 DF=0
T=180535 | Temp=114/215 H=1 C=0 | Water=15 | Alarm=0 | Lock=1[10] | Humid=145 HF=0 DF=1
T=180540 | Temp=201/137 H=1 C=0 | Water=1 | Alarm=0 | Lock=1[10] | Humid=43 HF=0 DF=1
T=180565 | Temp=136/201 H=0 C=1 | Water=11 | Alarm=0 | Lock=1[10] | Humid=100 HF=0 DF=0
T=180585 | Temp=136/201 H=1 C=0 | Water=11 | Alarm=0 | Lock=1[10] | Humid=100 HF=0 DF=1
T=180590 | Temp=252/218 H=1 C=0 | Water=10 | Alarm=0 | Lock=1[10] | Humid=222 HF=0 DF=1
T=180615 | Temp=13/237 H=0 C=1 | Water=13 | Alarm=0 | Lock=1[10] | Humid=46 HF=0 DF=1
T=180635 | Temp=13/237 H=1 C=0 | Water=13 | Alarm=0 | Lock=1[10] | Humid=46 HF=0 DF=0
T=180640 | Temp=56/147 H=1 C=0 | Water=8 | Alarm=0 | Lock=1[10] | Humid=139 HF=0 DF=0
T=180665 | Temp=179/93 H=1 C=0 | Water=8 | Alarm=0 | Lock=1[10] | Humid=9 HF=0 DF=1
T=180685 | Temp=179/93 H=0 C=1 | Water=8 | Alarm=0 | Lock=1[10] | Humid=9 HF=1 DF=0
T=180690 | Temp=154/200 H=0 C=1 | Water=5 | Alarm=0 | Lock=1[10] | Humid=83 HF=1 DF=0
T=180715 | Temp=112/19 H=1 C=0 | Water=6 | Alarm=0 | Lock=1[10] | Humid=124 HF=0 DF=1
T=180735 | Temp=112/19 H=0 C=1 | Water=6 | Alarm=0 | Lock=1[10] | Humid=124 HF=0 DF=1
T=180740 | Temp=5/71 H=0 C=1 | Water=1 | Alarm=0 | Lock=1[10] | Humid=39 HF=0 DF=1
T=180765 | Temp=209/69 H=1 C=0 | Water=15 | Alarm=0 | Lock=1[10] | Humid=39 HF=1 DF=0
T=180785 | Temp=209/69 H=0 C=1 | Water=15 | Alarm=0 | Lock=1[10] | Humid=39 HF=1 DF=0
T=180790 | Temp=84/81 H=0 C=1 | Water=3 | Alarm=0 | Lock=1[10] | Humid=168 HF=1 DF=0
T=180815 | Temp=244/26 H=0 C=1 | Water=15 | Alarm=0 | Lock=1[10] | Humid=218 HF=0 DF=1
T=180840 | Temp=64/99 H=0 C=1 | Water=14 | Alarm=0 | Lock=1[10] | Humid=29 HF=0 DF=1
T=180865 | Temp=64/249 H=1 C=0 | Water=0 | Alarm=0 | Lock=1[10] | Humid=138 HF=1 DF=0
T=180885 | Temp=64/249 H=1 C=0 | Water=0 | Alarm=0 | Lock=1[10] | Humid=138 HF=0 DF=1
T=180890 | Temp=219/232 H=1 C=0 | Water=15 | Alarm=0 | Lock=1[10] | Humid=86 HF=0 DF=1
T=180915 | Temp=79/37 H=1 C=0 | Water=2 | Alarm=0 | Lock=1[10] | Humid=57 HF=0 DF=1
T=180935 | Temp=79/37 H=0 C=1 | Water=2 | Alarm=0 | Lock=1[10] | Humid=57 HF=0 DF=0
T=180940 | Temp=212/140 H=0 C=1 | Water=0 | Alarm=0 | Lock=1[10] | Humid=2 HF=0 DF=0
T=180965 | Temp=52/130 H=0 C=1 | Water=2 | Alarm=0 | Lock=1[10] | Humid=134 HF=1 DF=0
T=180985 | Temp=52/130 H=1 C=0 | Water=2 | Alarm=0 | Lock=1[10] | Humid=134 HF=0 DF=1
T=180990 | Temp=194/164 H=1 C=0 | Water=13 | Alarm=0 | Lock=1[10] | Humid=245 HF=0 DF=1
T=181015 | Temp=122/139 H=0 C=1 | Water=3 | Alarm=0 | Lock=1[10] | Humid=232 HF=0 DF=1
T=181035 | Temp=122/139 H=1 C=0 | Water=3 | Alarm=0 | Lock=1[10] | Humid=232 HF=0 DF=1
T=181040 | Temp=87/0 H=1 C=0 | Water=13 | Alarm=0 | Lock=1[10] | Humid=206 HF=0 DF=1
T=181065 | Temp=150/82 H=1 C=0 | Water=0 | Alarm=0 | Lock=1[10] | Humid=190 HF=0 DF=1
T=181085 | Temp=150/82 H=0 C=1 | Water=0 | Alarm=0 | Lock=1[10] | Humid=190 HF=0 DF=1
T=181090 | Temp=224/203 H=0 C=1 | Water=15 | Alarm=0 | Lock=1[10] | Humid=130 HF=0 DF=1
T=181115 | Temp=52/190 H=0 C=1 | Water=4 | Alarm=0 | Lock=1[10] | Humid=169 HF=0 DF=1
T=181135 | Temp=52/190 H=1 C=0 | Water=4 | Alarm=0 | Lock=1[10] | Humid=169 HF=0 DF=1
T=181140 | Temp=8/104 H=1 C=0 | Water=14 | Alarm=0 | Lock=1[10] | Humid=250 HF=0 DF=1
T=181165 | Temp=56/17 H=1 C=0 | Water=12 | Alarm=0 | Lock=1[10] | Humid=211 HF=0 DF=1
T=181185 | Temp=56/17 H=0 C=1 | Water=12 | Alarm=0 | Lock=1[01] | Humid=211 HF=0 DF=1
T=181190 | Temp=37/199 H=0 C=1 | Water=10 | Alarm=0 | Lock=1[01] | Humid=137 HF=0 DF=1
T=181215 | Temp=241/255 H=1 C=0 | Water=14 | Alarm=0 | Lock=1[01] | Humid=180 HF=0 DF=1
T=181240 | Temp=116/184 H=1 C=0 | Water=13 | Alarm=0 | Lock=1[01] | Humid=18 HF=0 DF=1
T=181245 | Temp=116/184 H=1 C=0 | Water=13 | Alarm=0 | Lock=1[11] | Humid=18 HF=0 DF=1
T=181265 | Temp=5/227 H=1 C=0 | Water=13 | Alarm=0 | Lock=1[11] | Humid=101 HF=1 DF=0
T=181285 | Temp=5/227 H=1 C=0 | Water=13 | Alarm=0 | Lock=1[11] | Humid=101 HF=0 DF=1
T=181290 | Temp=52/38 H=1 C=0 | Water=0 | Alarm=0 | Lock=1[11] | Humid=45 HF=0 DF=1
T=181315 | Temp=183/36 H=0 C=1 | Water=14 | Alarm=0 | Lock=1[11] | Humid=208 HF=0 DF=0
T=181335 | Temp=183/36 H=0 C=1 | Water=14 | Alarm=0 | Lock=1[11] | Humid=208 HF=0 DF=1
T=181340 | Temp=212/120 H=0 C=1 | Water=8 | Alarm=0 | Lock=1[11] | Humid=129 HF=0 DF=1
T=181365 | Temp=91/65 H=0 C=1 | Water=10 | Alarm=0 | Lock=1[11] | Humid=75 HF=0 DF=1
T=181390 | Temp=140/211 H=0 C=1 | Water=8 | Alarm=0 | Lock=1[11] | Humid=166 HF=0 DF=1
T=181415 | Temp=187/55 H=1 C=0 | Water=12 | Alarm=0 | Lock=1[11] | Humid=39 HF=0 DF=1
T=181435 | Temp=187/55 H=0 C=1 | Water=12 | Alarm=0 | Lock=1[11] | Humid=39 HF=1 DF=0
T=181440 | Temp=180/113 H=0 C=1 | Water=10 | Alarm=0 | Lock=1[11] | Humid=221 HF=1 DF=0
T=181465 | Temp=43/216 H=0 C=1 | Water=0 | Alarm=0 | Lock=1[11] | Humid=110 HF=0 DF=1
T=181485 | Temp=43/216 H=1 C=0 | Water=0 | Alarm=0 | Lock=1[11] | Humid=110 HF=0 DF=1
T=181490 | Temp=130/36 H=1 C=0 | Water=2 | Alarm=0 | Lock=1[11] | Humid=55 HF=0 DF=1
T=181515 | Temp=55/66 H=0 C=1 | Water=9 | Alarm=0 | Lock=1[11] | Humid=5 HF=0 DF=0
T=181535 | Temp=55/66 H=1 C=0 | Water=9 | Alarm=0 | Lock=1[11] | Humid=5 HF=1 DF=0
T=181540 | Temp=210/22 H=1 C=0 | Water=3 | Alarm=0 | Lock=1[11] | Humid=133 HF=1 DF=0
T=181565 | Temp=27/134 H=0 C=1 | Water=0 | Alarm=0 | Lock=1[11] | Humid=51 HF=0 DF=1
T=181585 | Temp=27/134 H=1 C=0 | Water=0 | Alarm=0 | Lock=1[11] | Humid=51 HF=0 DF=0
T=181590 | Temp=211/248 H=1 C=0 | Water=5 | Alarm=0 | Lock=1[11] | Humid=32 HF=0 DF=0
T=181615 | Temp=81/247 H=1 C=0 | Water=14 | Alarm=0 | Lock=1[11] | Humid=26 HF=1 DF=0
T=181640 | Temp=217/146 H=1 C=0 | Water=10 | Alarm=0 | Lock=1[11] | Humid=205 HF=1 DF=0
T=181665 | Temp=54/239 H=0 C=1 | Water=9 | Alarm=0 | Lock=1[11] | Humid=203 HF=0 DF=1
T=181685 | Temp=54/239 H=1 C=0 | Water=9 | Alarm=0 | Lock=1[11] | Humid=203 HF=0 DF=1
T=181690 | Temp=37/123 H=1 C=0 | Water=13 | Alarm=0 | Lock=1[11] | Humid=151 HF=0 DF=1
T=181715 | Temp=141/156 H=1 C=0 | Water=12 | Alarm=0 | Lock=1[11] | Humid=126 HF=0 DF=1
T=181740 | Temp=237/243 H=1 C=0 | Water=3 | Alarm=0 | Lock=1[11] | Humid=138 HF=0 DF=1
T=181765 | Temp=107/195 H=1 C=0 | Water=2 | Alarm=0 | Lock=1[11] | Humid=101 HF=0 DF=1
T=181790 | Temp=36/197 H=1 C=0 | Water=13 | Alarm=0 | Lock=1[11] | Humid=88 HF=0 DF=1
T=181815 | Temp=164/230 H=1 C=0 | Water=10 | Alarm=0 | Lock=1[11] | Humid=12 HF=0 DF=1
T=181835 | Temp=164/230 H=1 C=0 | Water=10 | Alarm=0 | Lock=1[11] | Humid=12 HF=1 DF=0
T=181840 | Temp=155/67 H=1 C=0 | Water=8 | Alarm=0 | Lock=1[11] | Humid=63 HF=1 DF=0
T=181865 | Temp=124/42 H=0 C=1 | Water=4 | Alarm=0 | Lock=1[11] | Humid=164 HF=0 DF=1
T=181890 | Temp=158/239 H=0 C=1 | Water=0 | Alarm=0 | Lock=1[11] | Humid=193 HF=0 DF=1
T=181915 | Temp=39/30 H=1 C=0 | Water=12 | Alarm=0 | Lock=1[11] | Humid=63 HF=0 DF=1
T=181935 | Temp=39/30 H=0 C=1 | Water=12 | Alarm=0 | Lock=1[11] | Humid=63 HF=0 DF=1
T=181940 | Temp=44/9 H=0 C=1 | Water=7 | Alarm=0 | Lock=1[11] | Humid=179 HF=0 DF=1
T=181965 | Temp=120/114 H=0 C=1 | Water=8 | Alarm=0 | Lock=1[11] | Humid=50 HF=0 DF=1
T=181985 | Temp=120/114 H=0 C=1 | Water=8 | Alarm=0 | Lock=1[11] | Humid=50 HF=0 DF=0
T=181990 | Temp=88/216 H=0 C=1 | Water=13 | Alarm=0 | Lock=1[11] | Humid=22 HF=0 DF=0
T=182015 | Temp=231/80 H=1 C=0 | Water=2 | Alarm=0 | Lock=1[11] | Humid=70 HF=1 DF=0
T=182035 | Temp=231/80 H=0 C=1 | Water=2 | Alarm=0 | Lock=1[11] | Humid=70 HF=0 DF=1
T=182040 | Temp=232/21 H=0 C=1 | Water=13 | Alarm=0 | Lock=1[11] | Humid=65 HF=0 DF=1
T=182065 | Temp=125/110 H=0 C=1 | Water=15 | Alarm=0 | Lock=1[11] | Humid=242 HF=0 DF=1
T=182090 | Temp=225/45 H=0 C=1 | Water=5 | Alarm=0 | Lock=1[11] | Humid=237 HF=0 DF=1
T=182115 | Temp=117/205 H=0 C=1 | Water=5 | Alarm=0 | Lock=1[11] | Humid=99 HF=0 DF=1
T=182135 | Temp=117/205 H=1 C=0 | Water=5 | Alarm=0 | Lock=1[11] | Humid=99 HF=0 DF=1
T=182140 | Temp=88/243 H=1 C=0 | Water=0 | Alarm=0 | Lock=1[11] | Humid=156 HF=0 DF=1
T=182165 | Temp=218/173 H=1 C=0 | Water=15 | Alarm=0 | Lock=1[11] | Humid=163 HF=0 DF=1
T=182185 | Temp=218/173 H=0 C=1 | Water=15 | Alarm=0 | Lock=1[11] | Humid=163 HF=0 DF=1
T=182190 | Temp=58/236 H=0 C=1 | Water=2 | Alarm=0 | Lock=1[11] | Humid=65 HF=0 DF=1
T=182215 | Temp=176/199 H=1 C=0 | Water=6 | Alarm=0 | Lock=1[11] | Humid=83 HF=0 DF=1
T=182240 | Temp=249/8 H=1 C=0 | Water=10 | Alarm=0 | Lock=1[11] | Humid=95 HF=0 DF=1
T=182265 | Temp=62/245 H=0 C=1 | Water=15 | Alarm=0 | Lock=1[11] | Humid=108 HF=0 DF=1
T=182285 | Temp=62/245 H=1 C=0 | Water=15 | Alarm=0 | Lock=1[11] | Humid=108 HF=0 DF=1
T=182290 | Temp=136/5 H=1 C=0 | Water=13 | Alarm=0 | Lock=1[11] | Humid=69 HF=0 DF=1
T=182315 | Temp=196/87 H=0 C=1 | Water=14 | Alarm=0 | Lock=1[11] | Humid=205 HF=0 DF=1
T=182340 | Temp=135/159 H=0 C=1 | Water=9 | Alarm=0 | Lock=1[11] | Humid=30 HF=0 DF=1
T=182365 | Temp=34/24 H=1 C=0 | Water=4 | Alarm=0 | Lock=1[11] | Humid=38 HF=1 DF=0
T=182385 | Temp=34/24 H=0 C=1 | Water=4 | Alarm=0 | Lock=1[11] | Humid=38 HF=1 DF=0
T=182390 | Temp=168/65 H=0 C=1 | Water=15 | Alarm=0 | Lock=1[11] | Humid=118 HF=1 DF=0
T=182415 | Temp=128/164 H=0 C=1 | Water=0 | Alarm=0 | Lock=1[11] | Humid=224 HF=0 DF=1
T=182435 | Temp=128/164 H=1 C=0 | Water=0 | Alarm=0 | Lock=1[11] | Humid=224 HF=0 DF=1
T=182440 | Temp=75/238 H=1 C=0 | Water=14 | Alarm=0 | Lock=1[11] | Humid=87 HF=0 DF=1
T=182465 | Temp=6/174 H=1 C=0 | Water=5 | Alarm=0 | Lock=1[11] | Humid=228 HF=0 DF=1
T=182490 | Temp=226/15 H=1 C=0 | Water=6 | Alarm=0 | Lock=1[11] | Humid=236 HF=0 DF=1
T=182515 | Temp=114/135 H=0 C=1 | Water=14 | Alarm=0 | Lock=1[11] | Humid=52 HF=0 DF=1
T=182535 | Temp=114/135 H=1 C=0 | Water=14 | Alarm=0 | Lock=1[11] | Humid=52 HF=0 DF=0
T=182540 | Temp=133/99 H=1 C=0 | Water=1 | Alarm=0 | Lock=1[11] | Humid=240 HF=0 DF=0
T=182565 | Temp=194/171 H=0 C=1 | Water=5 | Alarm=0 | Lock=1[11] | Humid=139 HF=0 DF=1
T=182590 | Temp=143/112 H=0 C=1 | Water=6 | Alarm=0 | Lock=1[11] | Humid=134 HF=0 DF=1
T=182615 | Temp=167/102 H=0 C=1 | Water=14 | Alarm=0 | Lock=1[11] | Humid=247 HF=0 DF=1
T=182640 | Temp=122/48 H=0 C=1 | Water=2 | Alarm=0 | Lock=1[11] | Humid=169 HF=0 DF=1
T=182665 | Temp=121/114 H=0 C=1 | Water=1 | Alarm=0 | Lock=1[11] | Humid=244 HF=0 DF=1
T=182690 | Temp=231/157 H=0 C=1 | Water=8 | Alarm=0 | Lock=1[11] | Humid=228 HF=0 DF=1
T=182715 | Temp=129/147 H=0 C=1 | Water=15 | Alarm=0 | Lock=1[11] | Humid=140 HF=0 DF=1
T=182735 | Temp=129/147 H=1 C=0 | Water=15 | Alarm=0 | Lock=1[11] | Humid=140 HF=0 DF=1
T=182740 | Temp=29/116 H=1 C=0 | Water=6 | Alarm=0 | Lock=1[11] | Humid=41 HF=0 DF=1
T=182765 | Temp=98/86 H=1 C=0 | Water=6 | Alarm=0 | Lock=1[11] | Humid=111 HF=0 DF=0
T=182785 | Temp=98/86 H=0 C=1 | Water=6 | Alarm=0 | Lock=1[11] | Humid=111 HF=0 DF=1
T=182790 | Temp=211/145 H=0 C=1 | Water=2 | Alarm=0 | Lock=1[11] | Humid=201 HF=0 DF=1
T=182815 | Temp=133/247 H=0 C=1 | Water=4 | Alarm=0 | Lock=1[11] | Humid=158 HF=0 DF=1
T=182835 | Temp=133/247 H=1 C=0 | Water=4 | Alarm=0 | Lock=1[11] | Humid=158 HF=0 DF=1
T=182840 | Temp=248/244 H=1 C=0 | Water=14 | Alarm=0 | Lock=1[11] | Humid=9 HF=0 DF=1
T=182865 | Temp=23/30 H=0 C=1 | Water=9 | Alarm=0 | Lock=1[11] | Humid=27 HF=1 DF=0
T=182885 | Temp=23/30 H=1 C=0 | Water=9 | Alarm=0 | Lock=1[11] | Humid=27 HF=1 DF=0
T=182890 | Temp=4/34 H=1 C=0 | Water=13 | Alarm=0 | Lock=1[11] | Humid=219 HF=1 DF=0
T=182915 | Temp=140/79 H=1 C=0 | Water=9 | Alarm=0 | Lock=1[11] | Humid=217 HF=0 DF=1
T=182935 | Temp=140/79 H=0 C=1 | Water=9 | Alarm=0 | Lock=1[11] | Humid=217 HF=0 DF=1
T=182940 | Temp=63/187 H=0 C=1 | Water=11 | Alarm=0 | Lock=1[11] | Humid=156 HF=0 DF=1
T=182965 | Temp=131/144 H=1 C=0 | Water=8 | Alarm=0 | Lock=1[11] | Humid=253 HF=0 DF=1
T=182990 | Temp=12/207 H=1 C=0 | Water=0 | Alarm=0 | Lock=1[11] | Humid=92 HF=0 DF=1
T=183015 | Temp=56/201 H=1 C=0 | Water=5 | Alarm=0 | Lock=1[11] | Humid=210 HF=0 DF=1
T=183040 | Temp=169/161 H=1 C=0 | Water=10 | Alarm=0 | Lock=1[11] | Humid=175 HF=0 DF=1
T=183065 | Temp=28/140 H=0 C=1 | Water=15 | Alarm=0 | Lock=1[11] | Humid=44 HF=0 DF=1
T=183085 | Temp=28/140 H=1 C=0 | Water=15 | Alarm=0 | Lock=1[11] | Humid=44 HF=0 DF=0
T=183090 | Temp=211/234 H=1 C=0 | Water=5 | Alarm=0 | Lock=1[11] | Humid=210 HF=0 DF=0
T=183115 | Temp=32/61 H=1 C=0 | Water=15 | Alarm=0 | Lock=1[11] | Humid=90 HF=0 DF=1
T=183140 | Temp=15/8 H=1 C=0 | Water=4 | Alarm=0 | Lock=1[11] | Humid=34 HF=0 DF=1
T=183165 | Temp=151/189 H=0 C=1 | Water=15 | Alarm=0 | Lock=1[11] | Humid=21 HF=1 DF=0
T=183185 | Temp=151/189 H=1 C=0 | Water=15 | Alarm=0 | Lock=1[11] | Humid=21 HF=1 DF=0
T=183190 | Temp=38/77 H=1 C=0 | Water=6 | Alarm=0 | Lock=1[11] | Humid=55 HF=1 DF=0
T=183215 | Temp=150/218 H=1 C=0 | Water=1 | Alarm=0 | Lock=1[11] | Humid=228 HF=0 DF=0
T=183235 | Temp=150/218 H=1 C=0 | Water=1 | Alarm=0 | Lock=1[11] | Humid=228 HF=0 DF=1
T=183240 | Temp=88/199 H=1 C=0 | Water=11 | Alarm=0 | Lock=1[11] | Humid=136 HF=0 DF=1
T=183255 | Temp=88/199 H=1 C=0 | Water=11 | Alarm=0 | Lock=1[01] | Humid=136 HF=0 DF=1
T=183265 | Temp=183/108 H=1 C=0 | Water=3 | Alarm=0 | Lock=1[01] | Humid=37 HF=0 DF=1
T=183275 | Temp=183/108 H=1 C=0 | Water=3 | Alarm=0 | Lock=1[11] | Humid=37 HF=0 DF=1
T=183285 | Temp=183/108 H=0 C=1 | Water=3 | Alarm=0 | Lock=1[11] | Humid=37 HF=1 DF=0
T=183290 | Temp=166/54 H=0 C=1 | Water=6 | Alarm=0 | Lock=1[11] | Humid=167 HF=1 DF=0
T=183315 | Temp=107/126 H=0 C=1 | Water=9 | Alarm=0 | Lock=1[11] | Humid=20 HF=0 DF=1
T=183335 | Temp=107/126 H=1 C=0 | Water=9 | Alarm=0 | Lock=1[11] | Humid=20 HF=1 DF=0
T=183340 | Temp=198/168 H=1 C=0 | Water=9 | Alarm=0 | Lock=1[11] | Humid=177 HF=1 DF=0
T=183365 | Temp=99/120 H=0 C=1 | Water=2 | Alarm=0 | Lock=1[11] | Humid=209 HF=0 DF=1
T=183385 | Temp=99/120 H=1 C=0 | Water=2 | Alarm=0 | Lock=1[11] | Humid=209 HF=0 DF=1
T=183390 | Temp=230/123 H=1 C=0 | Water=13 | Alarm=0 | Lock=1[11] | Humid=40 HF=0 DF=1
T=183415 | Temp=156/146 H=0 C=1 | Water=4 | Alarm=0 | Lock=1[11] | Humid=57 HF=0 DF=0
T=183440 | Temp=19/94 H=0 C=1 | Water=9 | Alarm=0 | Lock=1[11] | Humid=71 HF=0 DF=0
T=183465 | Temp=169/254 H=1 C=0 | Water=11 | Alarm=0 | Lock=1[11] | Humid=100 HF=0 DF=1
T=183490 | Temp=251/189 H=1 C=0 | Water=2 | Alarm=0 | Lock=1[11] | Humid=125 HF=0 DF=1
T=183515 | Temp=85/163 H=0 C=1 | Water=7 | Alarm=0 | Lock=1[11] | Humid=192 HF=0 DF=1
T=183535 | Temp=85/163 H=1 C=0 | Water=7 | Alarm=0 | Lock=1[11] | Humid=192 HF=0 DF=1
T=183540 | Temp=132/90 H=1 C=0 | Water=8 | Alarm=0 | Lock=1[11] | Humid=100 HF=0 DF=1
T=183565 | Temp=213/186 H=0 C=1 | Water=5 | Alarm=0 | Lock=1[11] | Humid=107 HF=0 DF=1
T=183590 | Temp=72/191 H=0 C=1 | Water=14 | Alarm=0 | Lock=1[11] | Humid=169 HF=0 DF=1
T=183615 | Temp=44/137 H=1 C=0 | Water=15 | Alarm=0 | Lock=1[11] | Humid=98 HF=0 DF=1
T=183640 | Temp=98/112 H=1 C=0 | Water=13 | Alarm=0 | Lock=1[11] | Humid=85 HF=0 DF=1
T=183665 | Temp=70/167 H=1 C=0 | Water=5 | Alarm=0 | Lock=1[11] | Humid=62 HF=0 DF=1
T=183690 | Temp=204/135 H=1 C=0 | Water=15 | Alarm=0 | Lock=1[11] | Humid=6 HF=0 DF=1
T=183715 | Temp=247/95 H=0 C=1 | Water=9 | Alarm=0 | Lock=1[11] | Humid=25 HF=1 DF=0
T=183740 | Temp=241/166 H=0 C=1 | Water=6 | Alarm=0 | Lock=1[11] | Humid=90 HF=1 DF=0
T=183765 | Temp=43/229 H=0 C=1 | Water=10 | Alarm=0 | Lock=1[11] | Humid=125 HF=0 DF=1
T=183785 | Temp=43/229 H=1 C=0 | Water=10 | Alarm=0 | Lock=1[11] | Humid=125 HF=0 DF=1
T=183790 | Temp=191/127 H=1 C=0 | Water=4 | Alarm=0 | Lock=1[11] | Humid=157 HF=0 DF=1
T=183815 | Temp=54/32 H=0 C=1 | Water=9 | Alarm=0 | Lock=1[11] | Humid=159 HF=0 DF=1
T=183840 | Temp=97/31 H=0 C=1 | Water=2 | Alarm=0 | Lock=1[11] | Humid=166 HF=0 DF=1
T=183865 | Temp=204/112 H=0 C=1 | Water=15 | Alarm=0 | Lock=1[11] | Humid=239 HF=0 DF=1
T=183890 | Temp=192/39 H=0 C=1 | Water=1 | Alarm=0 | Lock=1[11] | Humid=170 HF=0 DF=1
T=183915 | Temp=104/23 H=0 C=1 | Water=0 | Alarm=0 | Lock=1[11] | Humid=137 HF=0 DF=1
T=183940 | Temp=203/142 H=0 C=1 | Water=14 | Alarm=0 | Lock=1[11] | Humid=117 HF=0 DF=1
T=183965 | Temp=133/173 H=0 C=1 | Water=12 | Alarm=0 | Lock=1[11] | Humid=172 HF=0 DF=1
T=183985 | Temp=133/173 H=1 C=0 | Water=12 | Alarm=0 | Lock=1[11] | Humid=172 HF=0 DF=1
T=183990 | Temp=91/149 H=1 C=0 | Water=9 | Alarm=0 | Lock=1[11] | Humid=230 HF=0 DF=1
T=184015 | Temp=59/11 H=1 C=0 | Water=10 | Alarm=0 | Lock=1[11] | Humid=182 HF=0 DF=1
T=184035 | Temp=59/11 H=0 C=1 | Water=10 | Alarm=0 | Lock=1[11] | Humid=182 HF=0 DF=1
T=184040 | Temp=187/5 H=0 C=1 | Water=8 | Alarm=0 | Lock=1[11] | Humid=102 HF=0 DF=1
T=184065 | Temp=37/90 H=0 C=1 | Water=9 | Alarm=0 | Lock=1[11] | Humid=245 HF=0 DF=1
T=184085 | Temp=37/90 H=1 C=0 | Water=9 | Alarm=0 | Lock=1[11] | Humid=245 HF=0 DF=1
T=184090 | Temp=60/94 H=1 C=0 | Water=4 | Alarm=0 | Lock=1[11] | Humid=147 HF=0 DF=1
T=184115 | Temp=252/83 H=1 C=0 | Water=7 | Alarm=0 | Lock=1[11] | Humid=51 HF=0 DF=1
T=184135 | Temp=252/83 H=0 C=1 | Water=7 | Alarm=0 | Lock=1[11] | Humid=51 HF=0 DF=0
T=184140 | Temp=79/165 H=0 C=1 | Water=3 | Alarm=0 | Lock=1[11] | Humid=255 HF=0 DF=0
T=184165 | Temp=206/225 H=1 C=0 | Water=12 | Alarm=0 | Lock=1[11] | Humid=170 HF=0 DF=1
T=184190 | Temp=195/23 H=1 C=0 | Water=15 | Alarm=0 | Lock=1[11] | Humid=223 HF=0 DF=1
T=184215 | Temp=51/172 H=0 C=1 | Water=8 | Alarm=0 | Lock=1[11] | Humid=54 HF=0 DF=1
T=184235 | Temp=51/172 H=1 C=0 | Water=8 | Alarm=0 | Lock=1[11] | Humid=54 HF=0 DF=0
T=184240 | Temp=126/251 H=1 C=0 | Water=3 | Alarm=0 | Lock=1[11] | Humid=139 HF=0 DF=0
T=184265 | Temp=1/155 H=1 C=0 | Water=15 | Alarm=0 | Lock=1[11] | Humid=192 HF=0 DF=1
T=184290 | Temp=85/19 H=1 C=0 | Water=2 | Alarm=0 | Lock=1[11] | Humid=149 HF=0 DF=1
T=184315 | Temp=208/14 H=0 C=1 | Water=1 | Alarm=0 | Lock=1[11] | Humid=101 HF=0 DF=1
T=184340 | Temp=125/133 H=0 C=1 | Water=3 | Alarm=0 | Lock=1[11] | Humid=39 HF=0 DF=1
T=184365 | Temp=8/18 H=1 C=0 | Water=12 | Alarm=0 | Lock=1[11] | Humid=158 HF=1 DF=0
T=184385 | Temp=8/18 H=1 C=0 | Water=12 | Alarm=0 | Lock=1[11] | Humid=158 HF=0 DF=1
T=184390 | Temp=30/133 H=1 C=0 | Water=10 | Alarm=0 | Lock=1[11] | Humid=181 HF=0 DF=1
T=184415 | Temp=208/84 H=1 C=0 | Water=5 | Alarm=0 | Lock=1[11] | Humid=13 HF=0 DF=1
T=184435 | Temp=208/84 H=0 C=1 | Water=5 | Alarm=0 | Lock=1[11] | Humid=13 HF=1 DF=0
T=184440 | Temp=218/64 H=0 C=1 | Water=13 | Alarm=0 | Lock=1[11] | Humid=69 HF=1 DF=0
T=184465 | Temp=83/180 H=0 C=1 | Water=5 | Alarm=0 | Lock=1[11] | Humid=204 HF=0 DF=1
T=184485 | Temp=83/180 H=1 C=0 | Water=5 | Alarm=0 | Lock=1[11] | Humid=204 HF=0 DF=1
T=184490 | Temp=160/178 H=1 C=0 | Water=15 | Alarm=0 | Lock=1[11] | Humid=244 HF=0 DF=1
T=184515 | Temp=198/235 H=1 C=0 | Water=10 | Alarm=0 | Lock=1[11] | Humid=98 HF=0 DF=1
T=184540 | Temp=72/164 H=1 C=0 | Water=3 | Alarm=0 | Lock=1[11] | Humid=100 HF=0 DF=1
T=184565 | Temp=255/30 H=1 C=0 | Water=3 | Alarm=0 | Lock=1[11] | Humid=225 HF=0 DF=1
T=184585 | Temp=255/30 H=0 C=1 | Water=3 | Alarm=0 | Lock=1[11] | Humid=225 HF=0 DF=1
T=184590 | Temp=203/87 H=0 C=1 | Water=5 | Alarm=0 | Lock=1[11] | Humid=161 HF=0 DF=1
T=184615 | Temp=40/105 H=0 C=1 | Water=11 | Alarm=0 | Lock=1[11] | Humid=139 HF=0 DF=1
T=184635 | Temp=40/105 H=1 C=0 | Water=11 | Alarm=0 | Lock=1[11] | Humid=139 HF=0 DF=1
T=184640 | Temp=180/253 H=1 C=0 | Water=6 | Alarm=0 | Lock=1[11] | Humid=82 HF=0 DF=1
T=184665 | Temp=47/105 H=1 C=0 | Water=7 | Alarm=0 | Lock=1[11] | Humid=14 HF=0 DF=1
T=184685 | Temp=47/105 H=1 C=0 | Water=7 | Alarm=0 | Lock=1[11] | Humid=14 HF=1 DF=0
T=184690 | Temp=227/235 H=1 C=0 | Water=2 | Alarm=0 | Lock=1[11] | Humid=17 HF=1 DF=0
T=184715 | Temp=214/65 H=1 C=0 | Water=14 | Alarm=0 | Lock=1[11] | Humid=141 HF=1 DF=0
T=184735 | Temp=214/65 H=0 C=1 | Water=14 | Alarm=0 | Lock=1[11] | Humid=141 HF=0 DF=1
T=184740 | Temp=152/133 H=0 C=1 | Water=8 | Alarm=0 | Lock=1[11] | Humid=182 HF=0 DF=1
T=184765 | Temp=81/152 H=0 C=1 | Water=14 | Alarm=0 | Lock=1[11] | Humid=47 HF=0 DF=1
T=184785 | Temp=81/152 H=1 C=0 | Water=14 | Alarm=0 | Lock=1[11] | Humid=47 HF=0 DF=0
T=184790 | Temp=10/233 H=1 C=0 | Water=14 | Alarm=0 | Lock=1[11] | Humid=254 HF=0 DF=0
T=184815 | Temp=178/98 H=1 C=0 | Water=9 | Alarm=0 | Lock=1[11] | Humid=190 HF=0 DF=1
T=184835 | Temp=178/98 H=0 C=1 | Water=9 | Alarm=0 | Lock=1[11] | Humid=190 HF=0 DF=1
T=184840 | Temp=36/40 H=0 C=1 | Water=7 | Alarm=0 | Lock=1[11] | Humid=46 HF=0 DF=1
T=184865 | Temp=8/159 H=1 C=0 | Water=6 | Alarm=0 | Lock=1[11] | Humid=212 HF=0 DF=0
T=184885 | Temp=8/159 H=1 C=0 | Water=6 | Alarm=0 | Lock=1[11] | Humid=212 HF=0 DF=1
T=184890 | Temp=166/201 H=1 C=0 | Water=12 | Alarm=0 | Lock=1[11] | Humid=243 HF=0 DF=1
T=184915 | Temp=195/15 H=1 C=0 | Water=10 | Alarm=0 | Lock=1[11] | Humid=251 HF=0 DF=1
T=184935 | Temp=195/15 H=0 C=1 | Water=10 | Alarm=0 | Lock=1[11] | Humid=251 HF=0 DF=1
T=184940 | Temp=57/85 H=0 C=1 | Water=14 | Alarm=0 | Lock=1[11] | Humid=199 HF=0 DF=1
T=184965 | Temp=219/20 H=1 C=0 | Water=12 | Alarm=0 | Lock=1[11] | Humid=33 HF=0 DF=1
T=184985 | Temp=219/20 H=0 C=1 | Water=12 | Alarm=0 | Lock=1[11] | Humid=33 HF=1 DF=0
T=184990 | Temp=120/201 H=0 C=1 | Water=0 | Alarm=0 | Lock=1[11] | Humid=70 HF=1 DF=0
T=185015 | Temp=180/170 H=1 C=0 | Water=0 | Alarm=0 | Lock=1[11] | Humid=44 HF=0 DF=1
T=185035 | Temp=180/170 H=0 C=1 | Water=0 | Alarm=0 | Lock=1[11] | Humid=44 HF=0 DF=0
T=185040 | Temp=203/205 H=0 C=1 | Water=15 | Alarm=0 | Lock=1[11] | Humid=32 HF=0 DF=0
T=185065 | Temp=76/17 H=0 C=1 | Water=0 | Alarm=0 | Lock=1[11] | Humid=239 HF=1 DF=0
T=185085 | Temp=76/17 H=0 C=1 | Water=0 | Alarm=0 | Lock=1[11] | Humid=239 HF=0 DF=1
T=185090 | Temp=165/54 H=0 C=1 | Water=2 | Alarm=0 | Lock=1[11] | Humid=171 HF=0 DF=1
T=185115 | Temp=52/203 H=0 C=1 | Water=7 | Alarm=0 | Lock=1[11] | Humid=92 HF=0 DF=1
T=185135 | Temp=52/203 H=1 C=0 | Water=7 | Alarm=0 | Lock=1[11] | Humid=92 HF=0 DF=1
T=185140 | Temp=161/214 H=1 C=0 | Water=2 | Alarm=0 | Lock=1[11] | Humid=236 HF=0 DF=1
T=185165 | Temp=138/74 H=1 C=0 | Water=12 | Alarm=0 | Lock=1[11] | Humid=24 HF=0 DF=1
T=185185 | Temp=138/74 H=0 C=1 | Water=12 | Alarm=0 | Lock=1[11] | Humid=24 HF=1 DF=0
T=185190 | Temp=116/97 H=0 C=1 | Water=9 | Alarm=0 | Lock=1[11] | Humid=230 HF=1 DF=0
T=185215 | Temp=1/95 H=0 C=1 | Water=2 | Alarm=0 | Lock=1[11] | Humid=242 HF=0 DF=1
T=185235 | Temp=1/95 H=1 C=0 | Water=2 | Alarm=0 | Lock=1[11] | Humid=242 HF=0 DF=1
T=185240 | Temp=14/174 H=1 C=0 | Water=11 | Alarm=0 | Lock=1[11] | Humid=50 HF=0 DF=1
T=185265 | Temp=95/232 H=1 C=0 | Water=4 | Alarm=0 | Lock=1[11] | Humid=81 HF=0 DF=0
T=185285 | Temp=95/232 H=1 C=0 | Water=4 | Alarm=0 | Lock=1[01] | Humid=81 HF=0 DF=1
T=185290 | Temp=31/212 H=1 C=0 | Water=6 | Alarm=0 | Lock=1[01] | Humid=163 HF=0 DF=1
T=185315 | Temp=35/23 H=1 C=0 | Water=10 | Alarm=0 | Lock=1[01] | Humid=73 HF=0 DF=1
T=185325 | Temp=35/23 H=1 C=0 | Water=10 | Alarm=0 | Lock=1[11] | Humid=73 HF=0 DF=1
T=185335 | Temp=35/23 H=0 C=1 | Water=10 | Alarm=0 | Lock=1[11] | Humid=73 HF=0 DF=1
T=185340 | Temp=153/187 H=0 C=1 | Water=14 | Alarm=0 | Lock=1[11] | Humid=4 HF=0 DF=1
T=185365 | Temp=131/37 H=1 C=0 | Water=7 | Alarm=0 | Lock=1[11] | Humid=129 HF=1 DF=0
T=185385 | Temp=131/37 H=0 C=1 | Water=7 | Alarm=0 | Lock=1[11] | Humid=129 HF=0 DF=1
T=185390 | Temp=92/10 H=0 C=1 | Water=5 | Alarm=0 | Lock=1[11] | Humid=255 HF=0 DF=1
T=185415 | Temp=33/248 H=0 C=1 | Water=12 | Alarm=0 | Lock=1[11] | Humid=65 HF=0 DF=1
T=185435 | Temp=33/248 H=1 C=0 | Water=12 | Alarm=0 | Lock=1[11] | Humid=65 HF=0 DF=1
T=185440 | Temp=45/76 H=1 C=0 | Water=0 | Alarm=0 | Lock=1[11] | Humid=250 HF=0 DF=1
T=185465 | Temp=252/58 H=1 C=0 | Water=9 | Alarm=0 | Lock=1[11] | Humid=251 HF=0 DF=1
T=185485 | Temp=252/58 H=0 C=1 | Water=9 | Alarm=0 | Lock=1[11] | Humid=251 HF=0 DF=1
T=185490 | Temp=9/59 H=0 C=1 | Water=15 | Alarm=0 | Lock=1[11] | Humid=197 HF=0 DF=1
  [PASS] All input registers toggled
T=185515 | Temp=25/25 H=1 C=0 | Water=8 | Alarm=0 | Lock=1[11] | Humid=50 HF=0 DF=1
T=185535 | Temp=25/25 H=0 C=0 | Water=8 | Alarm=0 | Lock=1[11] | Humid=50 HF=0 DF=0

[TEST 12] Reset During Active States
T=185565 | Temp=10/30 H=0 C=0 | Water=1 | Alarm=0 | Lock=1[11] | Humid=20 HF=0 DF=0
T=185585 | Temp=10/30 H=1 C=0 | Water=1 | Alarm=0 | Lock=1[11] | Humid=20 HF=1 DF=0
T=185665 | Temp=10/30 H=0 C=0 | Water=1 | Alarm=0 | Lock=0[00] | Humid=20 HF=0 DF=0
T=185695 | Temp=10/30 H=1 C=0 | Water=1 | Alarm=0 | Lock=0[00] | Humid=20 HF=1 DF=0
T=185715 | Temp=10/30 H=1 C=0 | Water=1 | Alarm=0 | Lock=1[01] | Humid=20 HF=1 DF=0
T=185835 | Temp=10/30 H=0 C=0 | Water=1 | Alarm=0 | Lock=0[00] | Humid=20 HF=0 DF=0
T=185865 | Temp=10/30 H=1 C=0 | Water=1 | Alarm=0 | Lock=0[00] | Humid=20 HF=1 DF=0
T=185885 | Temp=10/30 H=1 C=0 | Water=1 | Alarm=0 | Lock=1[01] | Humid=20 HF=1 DF=0
T=186005 | Temp=10/30 H=0 C=0 | Water=1 | Alarm=0 | Lock=0[00] | Humid=20 HF=0 DF=0
T=186035 | Temp=10/30 H=1 C=0 | Water=1 | Alarm=0 | Lock=0[00] | Humid=20 HF=1 DF=0
T=186055 | Temp=10/30 H=1 C=0 | Water=1 | Alarm=0 | Lock=1[01] | Humid=20 HF=1 DF=0
T=186175 | Temp=10/30 H=0 C=0 | Water=1 | Alarm=0 | Lock=0[00] | Humid=20 HF=0 DF=0
T=186205 | Temp=10/30 H=1 C=0 | Water=1 | Alarm=0 | Lock=0[00] | Humid=20 HF=1 DF=0
T=186225 | Temp=10/30 H=1 C=0 | Water=1 | Alarm=0 | Lock=1[01] | Humid=20 HF=1 DF=0
T=186345 | Temp=10/30 H=0 C=0 | Water=1 | Alarm=0 | Lock=0[00] | Humid=20 HF=0 DF=0
T=186375 | Temp=10/30 H=1 C=0 | Water=1 | Alarm=0 | Lock=0[00] | Humid=20 HF=1 DF=0
T=186395 | Temp=10/30 H=1 C=0 | Water=1 | Alarm=0 | Lock=1[01] | Humid=20 HF=1 DF=0
T=186515 | Temp=10/30 H=0 C=0 | Water=1 | Alarm=0 | Lock=0[00] | Humid=20 HF=0 DF=0
T=186545 | Temp=10/30 H=1 C=0 | Water=1 | Alarm=0 | Lock=0[00] | Humid=20 HF=1 DF=0
T=186565 | Temp=10/30 H=1 C=0 | Water=1 | Alarm=0 | Lock=1[01] | Humid=20 HF=1 DF=0
T=186685 | Temp=10/30 H=0 C=0 | Water=1 | Alarm=0 | Lock=0[00] | Humid=20 HF=0 DF=0
T=186715 | Temp=10/30 H=1 C=0 | Water=1 | Alarm=0 | Lock=0[00] | Humid=20 HF=1 DF=0
T=186735 | Temp=10/30 H=1 C=0 | Water=1 | Alarm=0 | Lock=1[01] | Humid=20 HF=1 DF=0
T=186855 | Temp=10/30 H=0 C=0 | Water=1 | Alarm=0 | Lock=0[00] | Humid=20 HF=0 DF=0
T=186885 | Temp=10/30 H=1 C=0 | Water=1 | Alarm=0 | Lock=0[00] | Humid=20 HF=1 DF=0
T=186905 | Temp=10/30 H=1 C=0 | Water=1 | Alarm=0 | Lock=1[01] | Humid=20 HF=1 DF=0
T=187025 | Temp=10/30 H=0 C=0 | Water=1 | Alarm=0 | Lock=0[00] | Humid=20 HF=0 DF=0
T=187055 | Temp=10/30 H=1 C=0 | Water=1 | Alarm=0 | Lock=0[00] | Humid=20 HF=1 DF=0
T=187075 | Temp=10/30 H=1 C=0 | Water=1 | Alarm=0 | Lock=1[01] | Humid=20 HF=1 DF=0
T=187195 | Temp=10/30 H=0 C=0 | Water=1 | Alarm=0 | Lock=0[00] | Humid=20 HF=0 DF=0
T=187225 | Temp=10/30 H=1 C=0 | Water=1 | Alarm=0 | Lock=0[00] | Humid=20 HF=1 DF=0
T=187245 | Temp=10/30 H=1 C=0 | Water=1 | Alarm=0 | Lock=1[01] | Humid=20 HF=1 DF=0
T=187365 | Temp=10/30 H=0 C=0 | Water=1 | Alarm=0 | Lock=0[00] | Humid=20 HF=0 DF=0
T=187395 | Temp=10/30 H=1 C=0 | Water=1 | Alarm=0 | Lock=0[00] | Humid=20 HF=1 DF=0
T=187415 | Temp=10/30 H=1 C=0 | Water=1 | Alarm=0 | Lock=1[01] | Humid=20 HF=1 DF=0
T=187535 | Temp=10/30 H=0 C=0 | Water=1 | Alarm=0 | Lock=0[00] | Humid=20 HF=0 DF=0
T=187565 | Temp=10/30 H=1 C=0 | Water=1 | Alarm=0 | Lock=0[00] | Humid=20 HF=1 DF=0
T=187585 | Temp=10/30 H=1 C=0 | Water=1 | Alarm=0 | Lock=1[01] | Humid=20 HF=1 DF=0
T=187705 | Temp=10/30 H=0 C=0 | Water=1 | Alarm=0 | Lock=0[00] | Humid=20 HF=0 DF=0
T=187735 | Temp=10/30 H=1 C=0 | Water=1 | Alarm=0 | Lock=0[00] | Humid=20 HF=1 DF=0
T=187755 | Temp=10/30 H=1 C=0 | Water=1 | Alarm=0 | Lock=1[01] | Humid=20 HF=1 DF=0
T=187875 | Temp=10/30 H=0 C=0 | Water=1 | Alarm=0 | Lock=0[00] | Humid=20 HF=0 DF=0
T=187905 | Temp=10/30 H=1 C=0 | Water=1 | Alarm=0 | Lock=0[00] | Humid=20 HF=1 DF=0
T=187925 | Temp=10/30 H=1 C=0 | Water=1 | Alarm=0 | Lock=1[01] | Humid=20 HF=1 DF=0
T=188045 | Temp=10/30 H=0 C=0 | Water=1 | Alarm=0 | Lock=0[00] | Humid=20 HF=0 DF=0
T=188075 | Temp=10/30 H=1 C=0 | Water=1 | Alarm=0 | Lock=0[00] | Humid=20 HF=1 DF=0
T=188095 | Temp=10/30 H=1 C=0 | Water=1 | Alarm=0 | Lock=1[01] | Humid=20 HF=1 DF=0
T=188215 | Temp=10/30 H=0 C=0 | Water=1 | Alarm=0 | Lock=0[00] | Humid=20 HF=0 DF=0
T=188245 | Temp=10/30 H=1 C=0 | Water=1 | Alarm=0 | Lock=0[00] | Humid=20 HF=1 DF=0
T=188265 | Temp=10/30 H=1 C=0 | Water=1 | Alarm=0 | Lock=1[01] | Humid=20 HF=1 DF=0
T=188385 | Temp=10/30 H=0 C=0 | Water=1 | Alarm=0 | Lock=0[00] | Humid=20 HF=0 DF=0
T=188415 | Temp=10/30 H=1 C=0 | Water=1 | Alarm=0 | Lock=0[00] | Humid=20 HF=1 DF=0
T=188435 | Temp=10/30 H=1 C=0 | Water=1 | Alarm=0 | Lock=1[01] | Humid=20 HF=1 DF=0
T=188555 | Temp=10/30 H=0 C=0 | Water=1 | Alarm=0 | Lock=0[00] | Humid=20 HF=0 DF=0
T=188585 | Temp=10/30 H=1 C=0 | Water=1 | Alarm=0 | Lock=0[00] | Humid=20 HF=1 DF=0
T=188605 | Temp=10/30 H=1 C=0 | Water=1 | Alarm=0 | Lock=1[01] | Humid=20 HF=1 DF=0
T=188725 | Temp=10/30 H=0 C=0 | Water=1 | Alarm=0 | Lock=0[00] | Humid=20 HF=0 DF=0
T=188755 | Temp=10/30 H=1 C=0 | Water=1 | Alarm=0 | Lock=0[00] | Humid=20 HF=1 DF=0
T=188775 | Temp=10/30 H=1 C=0 | Water=1 | Alarm=0 | Lock=1[01] | Humid=20 HF=1 DF=0
T=188895 | Temp=10/30 H=0 C=0 | Water=1 | Alarm=0 | Lock=0[00] | Humid=20 HF=0 DF=0
T=188925 | Temp=10/30 H=1 C=0 | Water=1 | Alarm=0 | Lock=0[00] | Humid=20 HF=1 DF=0
T=188945 | Temp=10/30 H=1 C=0 | Water=1 | Alarm=0 | Lock=1[01] | Humid=20 HF=1 DF=0
T=189065 | Temp=10/30 H=0 C=0 | Water=1 | Alarm=0 | Lock=0[00] | Humid=20 HF=0 DF=0
T=189095 | Temp=10/30 H=1 C=0 | Water=1 | Alarm=0 | Lock=0[00] | Humid=20 HF=1 DF=0
T=189115 | Temp=10/30 H=1 C=0 | Water=1 | Alarm=0 | Lock=1[01] | Humid=20 HF=1 DF=0
T=189235 | Temp=10/30 H=0 C=0 | Water=1 | Alarm=0 | Lock=0[00] | Humid=20 HF=0 DF=0
T=189265 | Temp=10/30 H=1 C=0 | Water=1 | Alarm=0 | Lock=0[00] | Humid=20 HF=1 DF=0
T=189285 | Temp=10/30 H=1 C=0 | Water=1 | Alarm=0 | Lock=1[01] | Humid=20 HF=1 DF=0
T=189405 | Temp=10/30 H=0 C=0 | Water=1 | Alarm=0 | Lock=0[00] | Humid=20 HF=0 DF=0
T=189435 | Temp=10/30 H=1 C=0 | Water=1 | Alarm=0 | Lock=0[00] | Humid=20 HF=1 DF=0
T=189455 | Temp=10/30 H=1 C=0 | Water=1 | Alarm=0 | Lock=1[01] | Humid=20 HF=1 DF=0
T=189575 | Temp=10/30 H=0 C=0 | Water=1 | Alarm=0 | Lock=0[00] | Humid=20 HF=0 DF=0
T=189605 | Temp=10/30 H=1 C=0 | Water=1 | Alarm=0 | Lock=0[00] | Humid=20 HF=1 DF=0
T=189625 | Temp=10/30 H=1 C=0 | Water=1 | Alarm=0 | Lock=1[01] | Humid=20 HF=1 DF=0
T=189745 | Temp=10/30 H=0 C=0 | Water=1 | Alarm=0 | Lock=0[00] | Humid=20 HF=0 DF=0
T=189775 | Temp=10/30 H=1 C=0 | Water=1 | Alarm=0 | Lock=0[00] | Humid=20 HF=1 DF=0
T=189795 | Temp=10/30 H=1 C=0 | Water=1 | Alarm=0 | Lock=1[01] | Humid=20 HF=1 DF=0
T=189915 | Temp=10/30 H=0 C=0 | Water=1 | Alarm=0 | Lock=0[00] | Humid=20 HF=0 DF=0
T=189945 | Temp=10/30 H=1 C=0 | Water=1 | Alarm=0 | Lock=0[00] | Humid=20 HF=1 DF=0
T=189965 | Temp=10/30 H=1 C=0 | Water=1 | Alarm=0 | Lock=1[01] | Humid=20 HF=1 DF=0
T=190085 | Temp=10/30 H=0 C=0 | Water=1 | Alarm=0 | Lock=0[00] | Humid=20 HF=0 DF=0
T=190115 | Temp=10/30 H=1 C=0 | Water=1 | Alarm=0 | Lock=0[00] | Humid=20 HF=1 DF=0
T=190135 | Temp=10/30 H=1 C=0 | Water=1 | Alarm=0 | Lock=1[01] | Humid=20 HF=1 DF=0
T=190255 | Temp=10/30 H=0 C=0 | Water=1 | Alarm=0 | Lock=0[00] | Humid=20 HF=0 DF=0
T=190285 | Temp=10/30 H=1 C=0 | Water=1 | Alarm=0 | Lock=0[00] | Humid=20 HF=1 DF=0
T=190305 | Temp=10/30 H=1 C=0 | Water=1 | Alarm=0 | Lock=1[01] | Humid=20 HF=1 DF=0
T=190425 | Temp=10/30 H=0 C=0 | Water=1 | Alarm=0 | Lock=0[00] | Humid=20 HF=0 DF=0
T=190455 | Temp=10/30 H=1 C=0 | Water=1 | Alarm=0 | Lock=0[00] | Humid=20 HF=1 DF=0
T=190475 | Temp=10/30 H=1 C=0 | Water=1 | Alarm=0 | Lock=1[01] | Humid=20 HF=1 DF=0
T=190595 | Temp=10/30 H=0 C=0 | Water=1 | Alarm=0 | Lock=0[00] | Humid=20 HF=0 DF=0
T=190625 | Temp=10/30 H=1 C=0 | Water=1 | Alarm=0 | Lock=0[00] | Humid=20 HF=1 DF=0
T=190645 | Temp=10/30 H=1 C=0 | Water=1 | Alarm=0 | Lock=1[01] | Humid=20 HF=1 DF=0
T=190765 | Temp=10/30 H=0 C=0 | Water=1 | Alarm=0 | Lock=0[00] | Humid=20 HF=0 DF=0
T=190795 | Temp=10/30 H=1 C=0 | Water=1 | Alarm=0 | Lock=0[00] | Humid=20 HF=1 DF=0
T=190815 | Temp=10/30 H=1 C=0 | Water=1 | Alarm=0 | Lock=1[01] | Humid=20 HF=1 DF=0
T=190935 | Temp=10/30 H=0 C=0 | Water=1 | Alarm=0 | Lock=0[00] | Humid=20 HF=0 DF=0
T=190965 | Temp=10/30 H=1 C=0 | Water=1 | Alarm=0 | Lock=0[00] | Humid=20 HF=1 DF=0
T=190985 | Temp=10/30 H=1 C=0 | Water=1 | Alarm=0 | Lock=1[01] | Humid=20 HF=1 DF=0
T=191105 | Temp=10/30 H=0 C=0 | Water=1 | Alarm=0 | Lock=0[00] | Humid=20 HF=0 DF=0
T=191135 | Temp=10/30 H=1 C=0 | Water=1 | Alarm=0 | Lock=0[00] | Humid=20 HF=1 DF=0
T=191155 | Temp=10/30 H=1 C=0 | Water=1 | Alarm=0 | Lock=1[01] | Humid=20 HF=1 DF=0
T=191275 | Temp=10/30 H=0 C=0 | Water=1 | Alarm=0 | Lock=0[00] | Humid=20 HF=0 DF=0
T=191305 | Temp=10/30 H=1 C=0 | Water=1 | Alarm=0 | Lock=0[00] | Humid=20 HF=1 DF=0
T=191325 | Temp=10/30 H=1 C=0 | Water=1 | Alarm=0 | Lock=1[01] | Humid=20 HF=1 DF=0
T=191445 | Temp=10/30 H=0 C=0 | Water=1 | Alarm=0 | Lock=0[00] | Humid=20 HF=0 DF=0
T=191475 | Temp=10/30 H=1 C=0 | Water=1 | Alarm=0 | Lock=0[00] | Humid=20 HF=1 DF=0
T=191495 | Temp=10/30 H=1 C=0 | Water=1 | Alarm=0 | Lock=1[01] | Humid=20 HF=1 DF=0
T=191615 | Temp=10/30 H=0 C=0 | Water=1 | Alarm=0 | Lock=0[00] | Humid=20 HF=0 DF=0
T=191645 | Temp=10/30 H=1 C=0 | Water=1 | Alarm=0 | Lock=0[00] | Humid=20 HF=1 DF=0
T=191665 | Temp=10/30 H=1 C=0 | Water=1 | Alarm=0 | Lock=1[01] | Humid=20 HF=1 DF=0
T=191785 | Temp=10/30 H=0 C=0 | Water=1 | Alarm=0 | Lock=0[00] | Humid=20 HF=0 DF=0
T=191815 | Temp=10/30 H=1 C=0 | Water=1 | Alarm=0 | Lock=0[00] | Humid=20 HF=1 DF=0
T=191835 | Temp=10/30 H=1 C=0 | Water=1 | Alarm=0 | Lock=1[01] | Humid=20 HF=1 DF=0
T=191955 | Temp=10/30 H=0 C=0 | Water=1 | Alarm=0 | Lock=0[00] | Humid=20 HF=0 DF=0
T=191985 | Temp=10/30 H=1 C=0 | Water=1 | Alarm=0 | Lock=0[00] | Humid=20 HF=1 DF=0
T=192005 | Temp=10/30 H=1 C=0 | Water=1 | Alarm=0 | Lock=1[01] | Humid=20 HF=1 DF=0
T=192125 | Temp=10/30 H=0 C=0 | Water=1 | Alarm=0 | Lock=0[00] | Humid=20 HF=0 DF=0
T=192155 | Temp=10/30 H=1 C=0 | Water=1 | Alarm=0 | Lock=0[00] | Humid=20 HF=1 DF=0
T=192175 | Temp=10/30 H=1 C=0 | Water=1 | Alarm=0 | Lock=1[01] | Humid=20 HF=1 DF=0
T=192295 | Temp=10/30 H=0 C=0 | Water=1 | Alarm=0 | Lock=0[00] | Humid=20 HF=0 DF=0
T=192325 | Temp=10/30 H=1 C=0 | Water=1 | Alarm=0 | Lock=0[00] | Humid=20 HF=1 DF=0
T=192345 | Temp=10/30 H=1 C=0 | Water=1 | Alarm=0 | Lock=1[01] | Humid=20 HF=1 DF=0
T=192465 | Temp=10/30 H=0 C=0 | Water=1 | Alarm=0 | Lock=0[00] | Humid=20 HF=0 DF=0
T=192495 | Temp=10/30 H=1 C=0 | Water=1 | Alarm=0 | Lock=0[00] | Humid=20 HF=1 DF=0
T=192515 | Temp=10/30 H=1 C=0 | Water=1 | Alarm=0 | Lock=1[01] | Humid=20 HF=1 DF=0
T=192635 | Temp=10/30 H=0 C=0 | Water=1 | Alarm=0 | Lock=0[00] | Humid=20 HF=0 DF=0
T=192665 | Temp=10/30 H=1 C=0 | Water=1 | Alarm=0 | Lock=0[00] | Humid=20 HF=1 DF=0
T=192685 | Temp=10/30 H=1 C=0 | Water=1 | Alarm=0 | Lock=1[01] | Humid=20 HF=1 DF=0
T=192805 | Temp=10/30 H=0 C=0 | Water=1 | Alarm=0 | Lock=0[00] | Humid=20 HF=0 DF=0
T=192835 | Temp=10/30 H=1 C=0 | Water=1 | Alarm=0 | Lock=0[00] | Humid=20 HF=1 DF=0
T=192855 | Temp=10/30 H=1 C=0 | Water=1 | Alarm=0 | Lock=1[01] | Humid=20 HF=1 DF=0
T=192975 | Temp=10/30 H=0 C=0 | Water=1 | Alarm=0 | Lock=0[00] | Humid=20 HF=0 DF=0
T=193005 | Temp=10/30 H=1 C=0 | Water=1 | Alarm=0 | Lock=0[00] | Humid=20 HF=1 DF=0
T=193025 | Temp=10/30 H=1 C=0 | Water=1 | Alarm=0 | Lock=1[01] | Humid=20 HF=1 DF=0
T=193145 | Temp=10/30 H=0 C=0 | Water=1 | Alarm=0 | Lock=0[00] | Humid=20 HF=0 DF=0
T=193175 | Temp=10/30 H=1 C=0 | Water=1 | Alarm=0 | Lock=0[00] | Humid=20 HF=1 DF=0
T=193195 | Temp=10/30 H=1 C=0 | Water=1 | Alarm=0 | Lock=1[01] | Humid=20 HF=1 DF=0
T=193315 | Temp=10/30 H=0 C=0 | Water=1 | Alarm=0 | Lock=0[00] | Humid=20 HF=0 DF=0
T=193345 | Temp=10/30 H=1 C=0 | Water=1 | Alarm=0 | Lock=0[00] | Humid=20 HF=1 DF=0
T=193365 | Temp=10/30 H=1 C=0 | Water=1 | Alarm=0 | Lock=1[01] | Humid=20 HF=1 DF=0
T=193485 | Temp=10/30 H=0 C=0 | Water=1 | Alarm=0 | Lock=0[00] | Humid=20 HF=0 DF=0
T=193515 | Temp=10/30 H=1 C=0 | Water=1 | Alarm=0 | Lock=0[00] | Humid=20 HF=1 DF=0
T=193535 | Temp=10/30 H=1 C=0 | Water=1 | Alarm=0 | Lock=1[01] | Humid=20 HF=1 DF=0
T=193655 | Temp=10/30 H=0 C=0 | Water=1 | Alarm=0 | Lock=0[00] | Humid=20 HF=0 DF=0
T=193685 | Temp=10/30 H=1 C=0 | Water=1 | Alarm=0 | Lock=0[00] | Humid=20 HF=1 DF=0
T=193705 | Temp=10/30 H=1 C=0 | Water=1 | Alarm=0 | Lock=1[01] | Humid=20 HF=1 DF=0
T=193825 | Temp=10/30 H=0 C=0 | Water=1 | Alarm=0 | Lock=0[00] | Humid=20 HF=0 DF=0
T=193855 | Temp=10/30 H=1 C=0 | Water=1 | Alarm=0 | Lock=0[00] | Humid=20 HF=1 DF=0
T=193875 | Temp=10/30 H=1 C=0 | Water=1 | Alarm=0 | Lock=1[01] | Humid=20 HF=1 DF=0
T=193995 | Temp=10/30 H=0 C=0 | Water=1 | Alarm=0 | Lock=0[00] | Humid=20 HF=0 DF=0
T=194025 | Temp=10/30 H=1 C=0 | Water=1 | Alarm=0 | Lock=0[00] | Humid=20 HF=1 DF=0
T=194045 | Temp=10/30 H=1 C=0 | Water=1 | Alarm=0 | Lock=1[01] | Humid=20 HF=1 DF=0
  [PASS] Reset during active states

[TEST 13] Massive Random State Exploration
T=194065 | Temp=183/77 H=1 C=0 | Water=12 | Alarm=0 | Lock=1[01] | Humid=244 HF=1 DF=0
T=194085 | Temp=199/93 H=0 C=1 | Water=10 | Alarm=0 | Lock=1[01] | Humid=60 HF=0 DF=1
T=194095 | Temp=199/93 H=0 C=1 | Water=10 | Alarm=0 | Lock=1[10] | Humid=60 HF=0 DF=1
T=194105 | Temp=179/168 H=0 C=1 | Water=1 | Alarm=0 | Lock=1[10] | Humid=123 HF=0 DF=0
T=194125 | Temp=174/115 H=0 C=1 | Water=5 | Alarm=0 | Lock=1[10] | Humid=244 HF=0 DF=1
T=194145 | Temp=214/193 H=0 C=1 | Water=5 | Alarm=0 | Lock=1[10] | Humid=60 HF=0 DF=1
T=194165 | Temp=61/74 H=0 C=1 | Water=14 | Alarm=0 | Lock=1[10] | Humid=84 HF=0 DF=0
T=194185 | Temp=237/91 H=1 C=0 | Water=0 | Alarm=0 | Lock=1[10] | Humid=88 HF=0 DF=1
T=194205 | Temp=31/148 H=0 C=1 | Water=5 | Alarm=0 | Lock=1[10] | Humid=128 HF=0 DF=1
T=194225 | Temp=118/242 H=1 C=0 | Water=12 | Alarm=0 | Lock=1[10] | Humid=46 HF=0 DF=1
T=194245 | Temp=21/204 H=1 C=0 | Water=0 | Alarm=0 | Lock=1[10] | Humid=174 HF=0 DF=0
T=194265 | Temp=189/184 H=1 C=0 | Water=3 | Alarm=0 | Lock=1[10] | Humid=214 HF=0 DF=1
T=194285 | Temp=15/112 H=0 C=1 | Water=13 | Alarm=0 | Lock=1[10] | Humid=237 HF=0 DF=1
T=194305 | Temp=1/61 H=1 C=0 | Water=9 | Alarm=0 | Lock=1[10] | Humid=50 HF=0 DF=1
T=194325 | Temp=1/51 H=1 C=0 | Water=3 | Alarm=0 | Lock=1[10] | Humid=235 HF=0 DF=0
T=194345 | Temp=46/27 H=1 C=0 | Water=12 | Alarm=0 | Lock=1[10] | Humid=237 HF=0 DF=1
T=194365 | Temp=211/154 H=0 C=1 | Water=7 | Alarm=0 | Lock=1[10] | Humid=185 HF=0 DF=1
T=194385 | Temp=220/9 H=0 C=1 | Water=8 | Alarm=0 | Lock=1[10] | Humid=220 HF=0 DF=1
T=194405 | Temp=254/69 H=0 C=1 | Water=11 | Alarm=0 | Lock=1[10] | Humid=229 HF=0 DF=1
T=194425 | Temp=66/200 H=0 C=1 | Water=11 | Alarm=0 | Lock=1[10] | Humid=130 HF=0 DF=1
T=194445 | Temp=36/40 H=1 C=0 | Water=6 | Alarm=0 | Lock=1[10] | Humid=43 HF=0 DF=1
T=194465 | Temp=229/104 H=1 C=0 | Water=8 | Alarm=0 | Lock=1[10] | Humid=61 HF=0 DF=0
T=194485 | Temp=164/159 H=0 C=1 | Water=11 | Alarm=0 | Lock=1[10] | Humid=173 HF=0 DF=1
T=194505 | Temp=101/225 H=0 C=1 | Water=4 | Alarm=0 | Lock=1[10] | Humid=113 HF=0 DF=1
T=194525 | Temp=32/245 H=1 C=0 | Water=5 | Alarm=0 | Lock=1[10] | Humid=139 HF=0 DF=1
T=194545 | Temp=79/65 H=1 C=0 | Water=14 | Alarm=0 | Lock=1[10] | Humid=191 HF=0 DF=1
T=194565 | Temp=178/12 H=0 C=1 | Water=8 | Alarm=0 | Lock=1[10] | Humid=57 HF=0 DF=1
T=194585 | Temp=148/94 H=0 C=1 | Water=4 | Alarm=0 | Lock=1[10] | Humid=75 HF=0 DF=0
T=194605 | Temp=88/163 H=0 C=1 | Water=11 | Alarm=0 | Lock=1[10] | Humid=66 HF=0 DF=1
T=194625 | Temp=207/218 H=1 C=0 | Water=5 | Alarm=0 | Lock=1[10] | Humid=66 HF=0 DF=1
T=194645 | Temp=80/183 H=1 C=0 | Water=1 | Alarm=0 | Lock=1[10] | Humid=30 HF=0 DF=1
T=194665 | Temp=194/156 H=1 C=0 | Water=12 | Alarm=0 | Lock=1[10] | Humid=64 HF=1 DF=0
T=194685 | Temp=56/245 H=0 C=1 | Water=7 | Alarm=0 | Lock=1[10] | Humid=249 HF=0 DF=1
T=194705 | Temp=115/7 H=1 C=0 | Water=6 | Alarm=0 | Lock=1[10] | Humid=162 HF=0 DF=1
T=194725 | Temp=35/153 H=0 C=1 | Water=6 | Alarm=0 | Lock=1[10] | Humid=19 HF=0 DF=1
T=194745 | Temp=192/124 H=1 C=0 | Water=8 | Alarm=0 | Lock=1[10] | Humid=3 HF=1 DF=0
T=194765 | Temp=125/178 H=0 C=1 | Water=4 | Alarm=0 | Lock=1[10] | Humid=50 HF=1 DF=0
T=194785 | Temp=25/194 H=1 C=0 | Water=12 | Alarm=0 | Lock=1[10] | Humid=70 HF=0 DF=0
T=194805 | Temp=168/26 H=1 C=0 | Water=13 | Alarm=0 | Lock=1[10] | Humid=134 HF=0 DF=1
T=194825 | Temp=57/164 H=0 C=1 | Water=5 | Alarm=0 | Lock=1[10] | Humid=50 HF=0 DF=1
T=194845 | Temp=27/178 H=1 C=0 | Water=12 | Alarm=0 | Lock=1[10] | Humid=110 HF=0 DF=0
T=194865 | Temp=226/119 H=1 C=0 | Water=14 | Alarm=0 | Lock=1[10] | Humid=232 HF=0 DF=1
T=194885 | Temp=236/52 H=0 C=1 | Water=9 | Alarm=0 | Lock=1[10] | Humid=15 HF=0 DF=1
T=194905 | Temp=251/236 H=0 C=1 | Water=11 | Alarm=0 | Lock=1[10] | Humid=6 HF=1 DF=0
T=194925 | Temp=74/67 H=0 C=1 | Water=10 | Alarm=0 | Lock=1[10] | Humid=95 HF=1 DF=0
T=194945 | Temp=144/205 H=0 C=1 | Water=6 | Alarm=0 | Lock=1[10] | Humid=52 HF=0 DF=1
T=194965 | Temp=32/35 H=1 C=0 | Water=12 | Alarm=0 | Lock=1[10] | Humid=5 HF=0 DF=0
T=194985 | Temp=35/113 H=1 C=0 | Water=6 | Alarm=0 | Lock=1[10] | Humid=208 HF=1 DF=0
T=195005 | Temp=2/136 H=1 C=0 | Water=13 | Alarm=0 | Lock=1[10] | Humid=47 HF=0 DF=1
T=195025 | Temp=60/47 H=1 C=0 | Water=12 | Alarm=0 | Lock=1[10] | Humid=120 HF=0 DF=0
T=195045 | Temp=26/230 H=0 C=1 | Water=12 | Alarm=0 | Lock=1[10] | Humid=252 HF=0 DF=1
T=195065 | Temp=110/104 H=1 C=0 | Water=9 | Alarm=0 | Lock=1[10] | Humid=28 HF=0 DF=1
T=195085 | Temp=189/7 H=0 C=1 | Water=2 | Alarm=0 | Lock=1[10] | Humid=108 HF=1 DF=0
T=195105 | Temp=57/229 H=0 C=1 | Water=3 | Alarm=0 | Lock=1[01] | Humid=243 HF=0 DF=1
T=195115 | Temp=57/229 H=0 C=1 | Water=3 | Alarm=0 | Lock=0[00] | Humid=243 HF=0 DF=1
T=195125 | Temp=58/144 H=1 C=0 | Water=9 | Alarm=0 | Lock=1[01] | Humid=127 HF=0 DF=1
T=195135 | Temp=58/144 H=1 C=0 | Water=9 | Alarm=0 | Lock=1[10] | Humid=127 HF=0 DF=1
T=195145 | Temp=55/48 H=1 C=0 | Water=15 | Alarm=0 | Lock=1[10] | Humid=230 HF=0 DF=1
T=195165 | Temp=177/244 H=0 C=1 | Water=5 | Alarm=0 | Lock=1[10] | Humid=154 HF=0 DF=1
T=195185 | Temp=163/253 H=1 C=0 | Water=6 | Alarm=0 | Lock=1[10] | Humid=10 HF=0 DF=1
T=195205 | Temp=214/205 H=1 C=0 | Water=14 | Alarm=0 | Lock=1[10] | Humid=187 HF=1 DF=0
T=195225 | Temp=103/162 H=0 C=1 | Water=15 | Alarm=0 | Lock=1[10] | Humid=197 HF=0 DF=1
T=195245 | Temp=95/132 H=1 C=0 | Water=9 | Alarm=0 | Lock=1[10] | Humid=243 HF=0 DF=1
T=195265 | Temp=117/209 H=1 C=0 | Water=6 | Alarm=0 | Lock=1[10] | Humid=232 HF=0 DF=1
T=195285 | Temp=153/128 H=1 C=0 | Water=3 | Alarm=0 | Lock=1[10] | Humid=116 HF=0 DF=1
T=195305 | Temp=234/64 H=0 C=1 | Water=0 | Alarm=0 | Lock=1[10] | Humid=124 HF=0 DF=1
T=195325 | Temp=173/207 H=0 C=1 | Water=3 | Alarm=0 | Lock=1[10] | Humid=90 HF=0 DF=1
T=195345 | Temp=138/112 H=1 C=0 | Water=0 | Alarm=0 | Lock=1[10] | Humid=213 HF=0 DF=1
T=195365 | Temp=238/216 H=0 C=1 | Water=5 | Alarm=0 | Lock=1[10] | Humid=2 HF=0 DF=1
T=195385 | Temp=226/45 H=0 C=1 | Water=15 | Alarm=0 | Lock=1[10] | Humid=213 HF=1 DF=0
T=195405 | Temp=98/129 H=0 C=1 | Water=9 | Alarm=0 | Lock=1[10] | Humid=29 HF=0 DF=1
T=195425 | Temp=133/182 H=1 C=0 | Water=6 | Alarm=0 | Lock=1[10] | Humid=206 HF=1 DF=0
T=195445 | Temp=254/224 H=1 C=0 | Water=14 | Alarm=0 | Lock=1[10] | Humid=169 HF=0 DF=1
T=195465 | Temp=43/139 H=0 C=1 | Water=11 | Alarm=0 | Lock=1[10] | Humid=40 HF=0 DF=1
T=195485 | Temp=69/240 H=1 C=0 | Water=7 | Alarm=0 | Lock=1[10] | Humid=104 HF=0 DF=0
T=195505 | Temp=235/78 H=1 C=0 | Water=11 | Alarm=0 | Lock=1[10] | Humid=155 HF=0 DF=1
T=195525 | Temp=61/210 H=0 C=1 | Water=0 | Alarm=0 | Lock=1[10] | Humid=255 HF=0 DF=1
T=195545 | Temp=118/70 H=1 C=0 | Water=5 | Alarm=0 | Lock=1[10] | Humid=129 HF=0 DF=1
T=195565 | Temp=162/209 H=0 C=1 | Water=3 | Alarm=0 | Lock=1[10] | Humid=29 HF=0 DF=1
T=195585 | Temp=115/122 H=1 C=0 | Water=5 | Alarm=0 | Lock=1[10] | Humid=250 HF=1 DF=0
T=195605 | Temp=32/44 H=1 C=0 | Water=1 | Alarm=0 | Lock=1[10] | Humid=194 HF=0 DF=1
T=195625 | Temp=127/190 H=1 C=0 | Water=10 | Alarm=0 | Lock=1[10] | Humid=197 HF=0 DF=1
T=195645 | Temp=138/34 H=1 C=0 | Water=6 | Alarm=0 | Lock=1[10] | Humid=245 HF=0 DF=1
T=195665 | Temp=224/220 H=0 C=1 | Water=3 | Alarm=0 | Lock=1[10] | Humid=23 HF=0 DF=1
T=195685 | Temp=243/224 H=0 C=1 | Water=9 | Alarm=0 | Lock=1[10] | Humid=212 HF=1 DF=0
T=195705 | Temp=166/127 H=0 C=1 | Water=13 | Alarm=0 | Lock=1[10] | Humid=191 HF=0 DF=1
T=195725 | Temp=135/130 H=0 C=1 | Water=9 | Alarm=0 | Lock=1[10] | Humid=135 HF=0 DF=1
T=195745 | Temp=85/3 H=0 C=1 | Water=4 | Alarm=0 | Lock=1[10] | Humid=239 HF=0 DF=1
T=195765 | Temp=101/148 H=0 C=1 | Water=9 | Alarm=0 | Lock=1[10] | Humid=170 HF=0 DF=1
T=195785 | Temp=126/97 H=1 C=0 | Water=8 | Alarm=0 | Lock=1[10] | Humid=133 HF=0 DF=1
T=195805 | Temp=28/137 H=0 C=1 | Water=9 | Alarm=0 | Lock=1[10] | Humid=55 HF=0 DF=1
T=195825 | Temp=146/24 H=1 C=0 | Water=5 | Alarm=0 | Lock=1[10] | Humid=200 HF=0 DF=0
T=195845 | Temp=194/79 H=0 C=1 | Water=2 | Alarm=0 | Lock=1[10] | Humid=251 HF=0 DF=1
T=195865 | Temp=137/69 H=0 C=1 | Water=5 | Alarm=0 | Lock=1[10] | Humid=13 HF=0 DF=1
T=195885 | Temp=198/104 H=0 C=1 | Water=7 | Alarm=0 | Lock=1[10] | Humid=140 HF=1 DF=0
T=195905 | Temp=239/90 H=0 C=1 | Water=8 | Alarm=0 | Lock=1[10] | Humid=101 HF=0 DF=1
T=195925 | Temp=123/129 H=0 C=1 | Water=10 | Alarm=0 | Lock=1[10] | Humid=235 HF=0 DF=1
T=195945 | Temp=180/208 H=1 C=0 | Water=14 | Alarm=0 | Lock=1[10] | Humid=106 HF=0 DF=1
T=195965 | Temp=220/88 H=1 C=0 | Water=0 | Alarm=0 | Lock=1[10] | Humid=14 HF=0 DF=1
T=195985 | Temp=147/198 H=0 C=1 | Water=5 | Alarm=0 | Lock=1[10] | Humid=33 HF=1 DF=0
T=196005 | Temp=227/206 H=1 C=0 | Water=7 | Alarm=0 | Lock=1[10] | Humid=136 HF=1 DF=0
T=196025 | Temp=219/75 H=0 C=1 | Water=8 | Alarm=0 | Lock=1[10] | Humid=149 HF=0 DF=1
T=196045 | Temp=2/15 H=0 C=1 | Water=11 | Alarm=0 | Lock=1[10] | Humid=15 HF=0 DF=1
T=196065 | Temp=188/168 H=1 C=0 | Water=1 | Alarm=0 | Lock=1[10] | Humid=155 HF=1 DF=0
T=196085 | Temp=208/125 H=0 C=1 | Water=0 | Alarm=0 | Lock=1[10] | Humid=218 HF=0 DF=1
T=196105 | Temp=216/24 H=0 C=1 | Water=0 | Alarm=0 | Lock=1[10] | Humid=26 HF=0 DF=1
T=196125 | Temp=127/240 H=0 C=1 | Water=3 | Alarm=0 | Lock=1[10] | Humid=143 HF=1 DF=0
T=196145 | Temp=145/95 H=1 C=0 | Water=5 | Alarm=0 | Lock=1[01] | Humid=19 HF=0 DF=1
T=196155 | Temp=145/95 H=1 C=0 | Water=5 | Alarm=0 | Lock=1[10] | Humid=19 HF=0 DF=1
T=196165 | Temp=1/1 H=0 C=1 | Water=4 | Alarm=0 | Lock=1[10] | Humid=73 HF=1 DF=0
T=196185 | Temp=103/212 H=1 C=0 | Water=10 | Alarm=0 | Lock=1[10] | Humid=179 HF=0 DF=1
T=196205 | Temp=75/0 H=1 C=0 | Water=14 | Alarm=0 | Lock=1[10] | Humid=160 HF=0 DF=1
T=196225 | Temp=82/28 H=1 C=0 | Water=11 | Alarm=0 | Lock=1[10] | Humid=32 HF=0 DF=1
T=196245 | Temp=239/115 H=0 C=1 | Water=15 | Alarm=0 | Lock=1[10] | Humid=173 HF=1 DF=0
T=196265 | Temp=109/170 H=0 C=1 | Water=14 | Alarm=0 | Lock=1[10] | Humid=17 HF=0 DF=1
T=196285 | Temp=252/98 H=1 C=0 | Water=14 | Alarm=0 | Lock=1[10] | Humid=108 HF=1 DF=0
T=196305 | Temp=106/231 H=0 C=1 | Water=4 | Alarm=0 | Lock=1[10] | Humid=251 HF=0 DF=1
T=196325 | Temp=1/117 H=1 C=0 | Water=0 | Alarm=0 | Lock=1[10] | Humid=197 HF=0 DF=1
T=196345 | Temp=215/216 H=1 C=0 | Water=6 | Alarm=0 | Lock=1[10] | Humid=218 HF=0 DF=1
T=196365 | Temp=131/117 H=1 C=0 | Water=14 | Alarm=0 | Lock=1[10] | Humid=85 HF=0 DF=1
T=196385 | Temp=38/170 H=0 C=1 | Water=6 | Alarm=0 | Lock=1[10] | Humid=229 HF=0 DF=1
T=196405 | Temp=178/88 H=1 C=0 | Water=6 | Alarm=0 | Lock=1[10] | Humid=102 HF=0 DF=1
T=196425 | Temp=189/248 H=0 C=1 | Water=8 | Alarm=0 | Lock=1[10] | Humid=56 HF=0 DF=1
T=196445 | Temp=221/68 H=1 C=0 | Water=11 | Alarm=0 | Lock=1[10] | Humid=63 HF=0 DF=0
T=196465 | Temp=163/152 H=0 C=1 | Water=11 | Alarm=0 | Lock=1[10] | Humid=241 HF=0 DF=1
T=196485 | Temp=171/247 H=0 C=1 | Water=15 | Alarm=0 | Lock=1[10] | Humid=32 HF=0 DF=1
T=196505 | Temp=222/16 H=1 C=0 | Water=13 | Alarm=0 | Lock=1[10] | Humid=217 HF=1 DF=0
T=196525 | Temp=155/99 H=0 C=1 | Water=6 | Alarm=0 | Lock=1[10] | Humid=133 HF=0 DF=1
T=196545 | Temp=178/169 H=0 C=1 | Water=13 | Alarm=0 | Lock=1[10] | Humid=194 HF=0 DF=1
T=196565 | Temp=97/46 H=0 C=1 | Water=14 | Alarm=0 | Lock=1[10] | Humid=170 HF=0 DF=1
T=196585 | Temp=56/238 H=0 C=1 | Water=7 | Alarm=0 | Lock=1[10] | Humid=220 HF=0 DF=1
T=196605 | Temp=115/243 H=1 C=0 | Water=8 | Alarm=0 | Lock=1[10] | Humid=175 HF=0 DF=1
T=196625 | Temp=61/122 H=1 C=0 | Water=10 | Alarm=0 | Lock=1[10] | Humid=115 HF=0 DF=1
T=196645 | Temp=53/73 H=1 C=0 | Water=7 | Alarm=0 | Lock=1[10] | Humid=218 HF=0 DF=1
T=196665 | Temp=199/224 H=1 C=0 | Water=15 | Alarm=0 | Lock=1[10] | Humid=126 HF=0 DF=1
T=196685 | Temp=183/230 H=1 C=0 | Water=9 | Alarm=0 | Lock=1[10] | Humid=93 HF=0 DF=1
T=196705 | Temp=249/90 H=1 C=0 | Water=4 | Alarm=0 | Lock=1[10] | Humid=77 HF=0 DF=1
T=196725 | Temp=169/105 H=0 C=1 | Water=10 | Alarm=0 | Lock=1[10] | Humid=110 HF=0 DF=1
T=196745 | Temp=46/73 H=0 C=1 | Water=12 | Alarm=0 | Lock=1[10] | Humid=255 HF=0 DF=1
T=196765 | Temp=230/48 H=1 C=0 | Water=6 | Alarm=0 | Lock=1[10] | Humid=126 HF=0 DF=1
T=196785 | Temp=230/205 H=0 C=1 | Water=4 | Alarm=0 | Lock=1[10] | Humid=113 HF=0 DF=1
T=196805 | Temp=170/51 H=0 C=1 | Water=12 | Alarm=0 | Lock=1[10] | Humid=114 HF=0 DF=1
T=196825 | Temp=96/30 H=0 C=1 | Water=11 | Alarm=0 | Lock=1[10] | Humid=157 HF=0 DF=1
T=196845 | Temp=45/17 H=0 C=1 | Water=7 | Alarm=0 | Lock=1[10] | Humid=90 HF=0 DF=1
T=196865 | Temp=109/68 H=0 C=1 | Water=4 | Alarm=0 | Lock=1[10] | Humid=29 HF=0 DF=1
T=196885 | Temp=118/183 H=0 C=1 | Water=13 | Alarm=0 | Lock=1[10] | Humid=137 HF=1 DF=0
T=196905 | Temp=241/209 H=1 C=0 | Water=13 | Alarm=0 | Lock=1[10] | Humid=18 HF=0 DF=1
T=196925 | Temp=33/25 H=0 C=1 | Water=9 | Alarm=0 | Lock=1[10] | Humid=109 HF=1 DF=0
T=196945 | Temp=149/95 H=0 C=1 | Water=15 | Alarm=0 | Lock=1[10] | Humid=188 HF=0 DF=1
T=196965 | Temp=50/255 H=0 C=1 | Water=5 | Alarm=0 | Lock=1[10] | Humid=227 HF=0 DF=1
T=196985 | Temp=74/185 H=1 C=0 | Water=11 | Alarm=0 | Lock=1[10] | Humid=119 HF=0 DF=1
T=197005 | Temp=104/23 H=1 C=0 | Water=10 | Alarm=0 | Lock=1[10] | Humid=166 HF=0 DF=1
T=197025 | Temp=52/118 H=0 C=1 | Water=13 | Alarm=0 | Lock=1[10] | Humid=97 HF=0 DF=1
T=197045 | Temp=167/32 H=1 C=0 | Water=6 | Alarm=0 | Lock=1[10] | Humid=37 HF=0 DF=1
T=197065 | Temp=76/113 H=0 C=1 | Water=3 | Alarm=0 | Lock=1[10] | Humid=3 HF=1 DF=0
T=197085 | Temp=173/141 H=1 C=0 | Water=10 | Alarm=0 | Lock=1[10] | Humid=10 HF=1 DF=0
T=197105 | Temp=121/186 H=0 C=1 | Water=12 | Alarm=0 | Lock=1[10] | Humid=212 HF=1 DF=0
T=197125 | Temp=61/70 H=1 C=0 | Water=9 | Alarm=0 | Lock=1[10] | Humid=11 HF=0 DF=1
T=197145 | Temp=164/71 H=1 C=0 | Water=3 | Alarm=0 | Lock=1[10] | Humid=120 HF=1 DF=0
T=197165 | Temp=164/223 H=0 C=1 | Water=14 | Alarm=0 | Lock=1[01] | Humid=75 HF=0 DF=1
T=197185 | Temp=203/171 H=1 C=0 | Water=12 | Alarm=0 | Lock=1[01] | Humid=226 HF=0 DF=1
T=197205 | Temp=176/143 H=0 C=1 | Water=2 | Alarm=0 | Lock=1[01] | Humid=17 HF=0 DF=1
T=197225 | Temp=100/52 H=0 C=1 | Water=1 | Alarm=0 | Lock=1[01] | Humid=185 HF=1 DF=0
T=197235 | Temp=100/52 H=0 C=1 | Water=1 | Alarm=0 | Lock=1[10] | Humid=185 HF=1 DF=0
T=197245 | Temp=87/224 H=0 C=1 | Water=10 | Alarm=0 | Lock=1[10] | Humid=84 HF=0 DF=1
T=197265 | Temp=79/56 H=1 C=0 | Water=10 | Alarm=0 | Lock=1[10] | Humid=16 HF=0 DF=1
T=197285 | Temp=142/46 H=0 C=1 | Water=5 | Alarm=0 | Lock=1[10] | Humid=231 HF=1 DF=0
T=197305 | Temp=24/108 H=0 C=1 | Water=7 | Alarm=0 | Lock=1[10] | Humid=101 HF=0 DF=1
T=197325 | Temp=151/230 H=1 C=0 | Water=8 | Alarm=0 | Lock=1[10] | Humid=81 HF=0 DF=1
T=197345 | Temp=14/70 H=1 C=0 | Water=13 | Alarm=0 | Lock=1[10] | Humid=92 HF=0 DF=1
T=197365 | Temp=10/181 H=1 C=0 | Water=14 | Alarm=0 | Lock=1[10] | Humid=242 HF=0 DF=1
T=197385 | Temp=243/23 H=1 C=0 | Water=12 | Alarm=0 | Lock=1[10] | Humid=231 HF=0 DF=1
T=197405 | Temp=203/2 H=0 C=1 | Water=13 | Alarm=0 | Lock=1[10] | Humid=72 HF=0 DF=1
T=197425 | Temp=26/240 H=0 C=1 | Water=12 | Alarm=0 | Lock=1[10] | Humid=49 HF=0 DF=1
T=197445 | Temp=31/245 H=1 C=0 | Water=7 | Alarm=0 | Lock=1[10] | Humid=181 HF=0 DF=0
T=197465 | Temp=72/33 H=1 C=0 | Water=3 | Alarm=0 | Lock=1[10] | Humid=219 HF=0 DF=1
T=197485 | Temp=236/152 H=0 C=1 | Water=2 | Alarm=0 | Lock=1[10] | Humid=181 HF=0 DF=1
T=197505 | Temp=156/57 H=0 C=1 | Water=6 | Alarm=0 | Lock=1[10] | Humid=62 HF=0 DF=1
T=197525 | Temp=147/79 H=0 C=1 | Water=9 | Alarm=0 | Lock=1[10] | Humid=81 HF=0 DF=1
T=197545 | Temp=232/201 H=0 C=1 | Water=12 | Alarm=0 | Lock=1[10] | Humid=60 HF=0 DF=1
T=197565 | Temp=251/242 H=0 C=1 | Water=3 | Alarm=0 | Lock=1[10] | Humid=72 HF=0 DF=0
T=197585 | Temp=54/139 H=0 C=1 | Water=13 | Alarm=0 | Lock=1[10] | Humid=76 HF=0 DF=1
T=197605 | Temp=236/238 H=1 C=0 | Water=5 | Alarm=0 | Lock=1[10] | Humid=247 HF=0 DF=1
T=197625 | Temp=156/222 H=1 C=0 | Water=13 | Alarm=0 | Lock=1[10] | Humid=52 HF=0 DF=1
T=197645 | Temp=166/244 H=1 C=0 | Water=0 | Alarm=0 | Lock=1[10] | Humid=64 HF=0 DF=0
T=197665 | Temp=155/191 H=1 C=0 | Water=4 | Alarm=0 | Lock=1[10] | Humid=198 HF=0 DF=1
T=197685 | Temp=194/201 H=1 C=0 | Water=4 | Alarm=0 | Lock=1[10] | Humid=143 HF=0 DF=1
T=197705 | Temp=94/63 H=1 C=0 | Water=2 | Alarm=0 | Lock=1[10] | Humid=1 HF=0 DF=1
T=197725 | Temp=122/163 H=0 C=1 | Water=2 | Alarm=0 | Lock=1[10] | Humid=102 HF=1 DF=0
T=197745 | Temp=204/242 H=1 C=0 | Water=8 | Alarm=0 | Lock=1[10] | Humid=22 HF=0 DF=1
T=197765 | Temp=157/211 H=1 C=0 | Water=11 | Alarm=0 | Lock=1[10] | Humid=83 HF=1 DF=0
T=197785 | Temp=111/164 H=1 C=0 | Water=12 | Alarm=0 | Lock=1[10] | Humid=209 HF=0 DF=1
T=197805 | Temp=95/158 H=1 C=0 | Water=15 | Alarm=0 | Lock=1[10] | Humid=67 HF=0 DF=1
T=197825 | Temp=221/3 H=1 C=0 | Water=8 | Alarm=0 | Lock=1[10] | Humid=126 HF=0 DF=1
T=197845 | Temp=195/72 H=0 C=1 | Water=15 | Alarm=0 | Lock=1[10] | Humid=183 HF=0 DF=1
T=197865 | Temp=1/50 H=0 C=1 | Water=15 | Alarm=0 | Lock=1[10] | Humid=5 HF=0 DF=1
T=197885 | Temp=165/53 H=1 C=0 | Water=13 | Alarm=0 | Lock=1[10] | Humid=136 HF=1 DF=0
T=197905 | Temp=169/226 H=0 C=1 | Water=9 | Alarm=0 | Lock=1[10] | Humid=148 HF=0 DF=1
T=197925 | Temp=17/122 H=1 C=0 | Water=9 | Alarm=0 | Lock=1[10] | Humid=83 HF=0 DF=1
T=197945 | Temp=153/232 H=1 C=0 | Water=11 | Alarm=0 | Lock=1[10] | Humid=183 HF=0 DF=1
T=197965 | Temp=110/73 H=1 C=0 | Water=8 | Alarm=0 | Lock=1[10] | Humid=48 HF=0 DF=1
T=197985 | Temp=102/158 H=0 C=1 | Water=5 | Alarm=0 | Lock=1[10] | Humid=22 HF=0 DF=0
T=198005 | Temp=109/8 H=1 C=0 | Water=3 | Alarm=0 | Lock=1[10] | Humid=43 HF=1 DF=0
T=198025 | Temp=197/112 H=0 C=1 | Water=7 | Alarm=0 | Lock=1[10] | Humid=248 HF=0 DF=0
T=198045 | Temp=186/146 H=0 C=1 | Water=13 | Alarm=0 | Lock=1[10] | Humid=119 HF=0 DF=1
T=198065 | Temp=114/89 H=0 C=1 | Water=5 | Alarm=0 | Lock=1[10] | Humid=38 HF=0 DF=1
T=198085 | Temp=193/233 H=0 C=1 | Water=12 | Alarm=0 | Lock=1[10] | Humid=7 HF=1 DF=0
T=198105 | Temp=97/84 H=1 C=0 | Water=1 | Alarm=0 | Lock=1[10] | Humid=158 HF=1 DF=0
T=198125 | Temp=225/134 H=0 C=1 | Water=12 | Alarm=0 | Lock=1[10] | Humid=18 HF=0 DF=1
T=198145 | Temp=80/251 H=0 C=1 | Water=13 | Alarm=0 | Lock=1[10] | Humid=169 HF=1 DF=0
T=198165 | Temp=32/40 H=1 C=0 | Water=9 | Alarm=0 | Lock=1[10] | Humid=56 HF=0 DF=1
T=198185 | Temp=4/31 H=1 C=0 | Water=7 | Alarm=0 | Lock=1[10] | Humid=30 HF=0 DF=0
T=198205 | Temp=194/110 H=1 C=0 | Water=15 | Alarm=0 | Lock=1[10] | Humid=198 HF=1 DF=0
T=198225 | Temp=55/234 H=0 C=1 | Water=12 | Alarm=0 | Lock=1[10] | Humid=242 HF=0 DF=1
T=198245 | Temp=14/205 H=1 C=0 | Water=6 | Alarm=0 | Lock=1[01] | Humid=132 HF=0 DF=1
T=198265 | Temp=197/124 H=1 C=0 | Water=1 | Alarm=0 | Lock=1[01] | Humid=76 HF=0 DF=1
T=198275 | Temp=197/124 H=1 C=0 | Water=1 | Alarm=0 | Lock=1[11] | Humid=76 HF=0 DF=1
T=198285 | Temp=102/240 H=0 C=1 | Water=12 | Alarm=0 | Lock=1[11] | Humid=227 HF=0 DF=1
T=198305 | Temp=19/145 H=1 C=0 | Water=12 | Alarm=0 | Lock=1[11] | Humid=81 HF=0 DF=1
T=198325 | Temp=120/199 H=1 C=0 | Water=3 | Alarm=0 | Lock=1[11] | Humid=134 HF=0 DF=1
T=198345 | Temp=253/206 H=1 C=0 | Water=8 | Alarm=0 | Lock=1[11] | Humid=101 HF=0 DF=1
T=198365 | Temp=108/159 H=0 C=1 | Water=3 | Alarm=0 | Lock=1[11] | Humid=153 HF=0 DF=1
T=198385 | Temp=111/239 H=1 C=0 | Water=3 | Alarm=0 | Lock=1[11] | Humid=184 HF=0 DF=1
T=198405 | Temp=104/77 H=1 C=0 | Water=7 | Alarm=0 | Lock=1[11] | Humid=74 HF=0 DF=1
T=198425 | Temp=44/90 H=0 C=1 | Water=6 | Alarm=0 | Lock=1[11] | Humid=96 HF=0 DF=1
T=198445 | Temp=3/187 H=1 C=0 | Water=3 | Alarm=0 | Lock=1[11] | Humid=203 HF=0 DF=1
T=198465 | Temp=37/13 H=1 C=0 | Water=7 | Alarm=0 | Lock=1[11] | Humid=39 HF=0 DF=1
T=198485 | Temp=237/147 H=0 C=1 | Water=9 | Alarm=0 | Lock=1[11] | Humid=106 HF=1 DF=0
T=198505 | Temp=176/114 H=0 C=1 | Water=8 | Alarm=0 | Lock=1[11] | Humid=215 HF=0 DF=1
T=198525 | Temp=178/222 H=0 C=1 | Water=0 | Alarm=0 | Lock=1[11] | Humid=80 HF=0 DF=1
T=198545 | Temp=66/148 H=1 C=0 | Water=2 | Alarm=0 | Lock=1[11] | Humid=245 HF=0 DF=1
T=198565 | Temp=88/67 H=1 C=0 | Water=6 | Alarm=0 | Lock=1[11] | Humid=127 HF=0 DF=1
T=198585 | Temp=109/195 H=0 C=1 | Water=0 | Alarm=0 | Lock=1[11] | Humid=120 HF=0 DF=1
T=198605 | Temp=191/158 H=1 C=0 | Water=0 | Alarm=0 | Lock=1[11] | Humid=54 HF=0 DF=1
T=198625 | Temp=2/77 H=0 C=1 | Water=9 | Alarm=0 | Lock=1[11] | Humid=166 HF=0 DF=0
T=198645 | Temp=66/164 H=1 C=0 | Water=9 | Alarm=0 | Lock=1[11] | Humid=22 HF=0 DF=1
T=198665 | Temp=25/61 H=1 C=0 | Water=11 | Alarm=0 | Lock=1[11] | Humid=114 HF=1 DF=0
T=198685 | Temp=118/229 H=1 C=0 | Water=6 | Alarm=0 | Lock=1[11] | Humid=15 HF=0 DF=1
T=198705 | Temp=74/210 H=1 C=0 | Water=1 | Alarm=0 | Lock=1[11] | Humid=122 HF=1 DF=0
T=198725 | Temp=105/203 H=1 C=0 | Water=10 | Alarm=0 | Lock=1[11] | Humid=19 HF=0 DF=1
T=198745 | Temp=67/167 H=1 C=0 | Water=0 | Alarm=0 | Lock=1[11] | Humid=176 HF=1 DF=0
T=198765 | Temp=31/32 H=1 C=0 | Water=10 | Alarm=0 | Lock=1[11] | Humid=202 HF=0 DF=1
T=198785 | Temp=145/66 H=1 C=0 | Water=14 | Alarm=0 | Lock=1[11] | Humid=92 HF=0 DF=1
T=198805 | Temp=234/201 H=0 C=1 | Water=11 | Alarm=0 | Lock=1[11] | Humid=169 HF=0 DF=1
T=198825 | Temp=210/90 H=0 C=1 | Water=2 | Alarm=0 | Lock=1[11] | Humid=93 HF=0 DF=1
T=198845 | Temp=232/230 H=0 C=1 | Water=8 | Alarm=0 | Lock=1[11] | Humid=40 HF=0 DF=1
T=198865 | Temp=157/52 H=0 C=1 | Water=5 | Alarm=0 | Lock=1[11] | Humid=81 HF=0 DF=0
T=198885 | Temp=238/59 H=0 C=1 | Water=5 | Alarm=0 | Lock=1[11] | Humid=195 HF=0 DF=1
T=198905 | Temp=20/63 H=0 C=1 | Water=9 | Alarm=0 | Lock=1[11] | Humid=141 HF=0 DF=1
T=198925 | Temp=135/73 H=1 C=0 | Water=15 | Alarm=0 | Lock=1[11] | Humid=71 HF=0 DF=1
T=198945 | Temp=234/180 H=0 C=1 | Water=1 | Alarm=0 | Lock=1[11] | Humid=20 HF=0 DF=1
T=198965 | Temp=56/38 H=0 C=1 | Water=2 | Alarm=0 | Lock=1[11] | Humid=35 HF=1 DF=0
T=198985 | Temp=10/129 H=0 C=1 | Water=15 | Alarm=0 | Lock=1[11] | Humid=123 HF=1 DF=0
T=199005 | Temp=225/111 H=1 C=0 | Water=8 | Alarm=0 | Lock=1[11] | Humid=99 HF=0 DF=1
T=199025 | Temp=74/148 H=0 C=1 | Water=12 | Alarm=0 | Lock=1[11] | Humid=15 HF=0 DF=1
T=199045 | Temp=177/124 H=1 C=0 | Water=8 | Alarm=0 | Lock=1[11] | Humid=246 HF=1 DF=0
T=199065 | Temp=32/19 H=0 C=1 | Water=6 | Alarm=0 | Lock=1[11] | Humid=62 HF=0 DF=1
T=199085 | Temp=125/170 H=0 C=1 | Water=10 | Alarm=0 | Lock=1[11] | Humid=57 HF=0 DF=1
T=199105 | Temp=119/222 H=1 C=0 | Water=12 | Alarm=0 | Lock=1[11] | Humid=73 HF=0 DF=0
T=199125 | Temp=121/65 H=1 C=0 | Water=9 | Alarm=0 | Lock=1[11] | Humid=50 HF=0 DF=1
T=199145 | Temp=230/118 H=0 C=1 | Water=12 | Alarm=0 | Lock=1[11] | Humid=97 HF=0 DF=0
T=199165 | Temp=11/163 H=0 C=1 | Water=12 | Alarm=0 | Lock=1[11] | Humid=41 HF=0 DF=1
T=199185 | Temp=42/162 H=1 C=0 | Water=11 | Alarm=0 | Lock=1[11] | Humid=127 HF=0 DF=0
T=199205 | Temp=118/182 H=1 C=0 | Water=4 | Alarm=0 | Lock=1[11] | Humid=126 HF=0 DF=1
T=199225 | Temp=15/231 H=1 C=0 | Water=0 | Alarm=0 | Lock=1[11] | Humid=68 HF=0 DF=1
T=199245 | Temp=199/207 H=1 C=0 | Water=13 | Alarm=0 | Lock=1[11] | Humid=149 HF=0 DF=1
T=199265 | Temp=125/243 H=1 C=0 | Water=0 | Alarm=0 | Lock=1[11] | Humid=9 HF=0 DF=1
T=199285 | Temp=244/96 H=1 C=0 | Water=8 | Alarm=0 | Lock=1[11] | Humid=232 HF=1 DF=0
T=199305 | Temp=62/93 H=0 C=1 | Water=14 | Alarm=0 | Lock=1[11] | Humid=173 HF=0 DF=1
T=199325 | Temp=250/214 H=1 C=0 | Water=11 | Alarm=0 | Lock=1[11] | Humid=137 HF=0 DF=1
T=199345 | Temp=23/90 H=0 C=1 | Water=11 | Alarm=0 | Lock=1[11] | Humid=176 HF=0 DF=1
T=199365 | Temp=103/110 H=1 C=0 | Water=8 | Alarm=0 | Lock=1[11] | Humid=63 HF=0 DF=1
T=199385 | Temp=224/127 H=1 C=0 | Water=0 | Alarm=0 | Lock=1[11] | Humid=117 HF=0 DF=1
T=199405 | Temp=111/6 H=0 C=1 | Water=7 | Alarm=0 | Lock=1[11] | Humid=48 HF=0 DF=1
T=199425 | Temp=0/127 H=0 C=1 | Water=5 | Alarm=0 | Lock=1[11] | Humid=45 HF=0 DF=0
T=199445 | Temp=186/80 H=1 C=0 | Water=5 | Alarm=0 | Lock=1[11] | Humid=72 HF=0 DF=0
T=199465 | Temp=182/246 H=0 C=1 | Water=10 | Alarm=0 | Lock=1[11] | Humid=182 HF=0 DF=1
T=199485 | Temp=22/142 H=1 C=0 | Water=2 | Alarm=0 | Lock=1[11] | Humid=37 HF=0 DF=1
T=199505 | Temp=129/87 H=1 C=0 | Water=8 | Alarm=0 | Lock=1[11] | Humid=96 HF=1 DF=0
T=199525 | Temp=92/244 H=0 C=1 | Water=7 | Alarm=0 | Lock=1[11] | Humid=167 HF=0 DF=1
T=199545 | Temp=46/75 H=1 C=0 | Water=10 | Alarm=0 | Lock=1[11] | Humid=97 HF=0 DF=1
T=199565 | Temp=162/147 H=1 C=0 | Water=4 | Alarm=0 | Lock=1[11] | Humid=28 HF=0 DF=1
T=199585 | Temp=6/164 H=0 C=1 | Water=7 | Alarm=0 | Lock=1[11] | Humid=253 HF=1 DF=0
T=199605 | Temp=101/139 H=1 C=0 | Water=2 | Alarm=0 | Lock=1[11] | Humid=182 HF=0 DF=1
T=199625 | Temp=63/180 H=1 C=0 | Water=10 | Alarm=0 | Lock=1[11] | Humid=166 HF=0 DF=1
T=199645 | Temp=112/221 H=1 C=0 | Water=1 | Alarm=0 | Lock=1[11] | Humid=250 HF=0 DF=1
T=199665 | Temp=94/255 H=1 C=0 | Water=8 | Alarm=0 | Lock=1[11] | Humid=203 HF=0 DF=1
T=199685 | Temp=6/62 H=1 C=0 | Water=3 | Alarm=0 | Lock=1[11] | Humid=23 HF=0 DF=1
T=199705 | Temp=231/241 H=1 C=0 | Water=9 | Alarm=0 | Lock=1[11] | Humid=24 HF=1 DF=0
T=199725 | Temp=115/54 H=1 C=0 | Water=12 | Alarm=0 | Lock=1[11] | Humid=217 HF=1 DF=0
T=199745 | Temp=64/65 H=0 C=1 | Water=0 | Alarm=0 | Lock=1[11] | Humid=37 HF=0 DF=1
T=199765 | Temp=173/191 H=0 C=1 | Water=0 | Alarm=0 | Lock=1[11] | Humid=78 HF=1 DF=0
T=199785 | Temp=246/184 H=1 C=0 | Water=5 | Alarm=0 | Lock=1[11] | Humid=237 HF=0 DF=1
T=199805 | Temp=117/32 H=0 C=1 | Water=0 | Alarm=0 | Lock=1[11] | Humid=6 HF=0 DF=1
T=199825 | Temp=135/149 H=0 C=1 | Water=14 | Alarm=0 | Lock=1[11] | Humid=216 HF=1 DF=0
T=199845 | Temp=245/25 H=1 C=0 | Water=4 | Alarm=0 | Lock=1[11] | Humid=33 HF=0 DF=1
T=199865 | Temp=82/180 H=0 C=1 | Water=14 | Alarm=0 | Lock=1[11] | Humid=79 HF=1 DF=0
T=199885 | Temp=121/29 H=1 C=0 | Water=6 | Alarm=0 | Lock=1[11] | Humid=121 HF=0 DF=1
T=199905 | Temp=10/236 H=0 C=1 | Water=10 | Alarm=0 | Lock=1[11] | Humid=24 HF=0 DF=1
T=199925 | Temp=229/173 H=1 C=0 | Water=1 | Alarm=0 | Lock=1[11] | Humid=15 HF=1 DF=0
T=199945 | Temp=88/168 H=0 C=1 | Water=15 | Alarm=0 | Lock=1[11] | Humid=23 HF=1 DF=0
T=199965 | Temp=121/25 H=1 C=0 | Water=11 | Alarm=0 | Lock=1[11] | Humid=216 HF=1 DF=0
T=199985 | Temp=105/45 H=0 C=1 | Water=5 | Alarm=0 | Lock=1[11] | Humid=164 HF=0 DF=1
T=200005 | Temp=131/189 H=0 C=1 | Water=6 | Alarm=0 | Lock=1[11] | Humid=165 HF=0 DF=1
T=200025 | Temp=127/186 H=1 C=0 | Water=12 | Alarm=0 | Lock=1[11] | Humid=229 HF=0 DF=1
T=200045 | Temp=83/47 H=1 C=0 | Water=10 | Alarm=0 | Lock=1[11] | Humid=141 HF=0 DF=1
T=200065 | Temp=212/217 H=0 C=1 | Water=9 | Alarm=0 | Lock=1[11] | Humid=202 HF=0 DF=1
T=200085 | Temp=80/115 H=1 C=0 | Water=5 | Alarm=0 | Lock=1[11] | Humid=238 HF=0 DF=1
T=200105 | Temp=234/106 H=1 C=0 | Water=2 | Alarm=0 | Lock=1[11] | Humid=253 HF=0 DF=1
T=200125 | Temp=43/110 H=0 C=1 | Water=9 | Alarm=0 | Lock=1[11] | Humid=239 HF=0 DF=1
T=200145 | Temp=23/123 H=1 C=0 | Water=12 | Alarm=0 | Lock=1[11] | Humid=113 HF=0 DF=1
T=200165 | Temp=157/200 H=1 C=0 | Water=8 | Alarm=0 | Lock=1[11] | Humid=217 HF=0 DF=1
T=200185 | Temp=20/62 H=1 C=0 | Water=4 | Alarm=0 | Lock=1[11] | Humid=199 HF=0 DF=1
T=200205 | Temp=7/187 H=1 C=0 | Water=13 | Alarm=0 | Lock=1[11] | Humid=8 HF=0 DF=1
T=200225 | Temp=230/153 H=1 C=0 | Water=6 | Alarm=0 | Lock=1[11] | Humid=206 HF=1 DF=0
T=200245 | Temp=94/50 H=0 C=1 | Water=1 | Alarm=0 | Lock=1[11] | Humid=201 HF=0 DF=1
T=200265 | Temp=47/187 H=0 C=1 | Water=2 | Alarm=0 | Lock=1[11] | Humid=97 HF=0 DF=1
T=200285 | Temp=234/136 H=1 C=0 | Water=9 | Alarm=0 | Lock=1[01] | Humid=12 HF=0 DF=1
T=200305 | Temp=197/133 H=0 C=1 | Water=5 | Alarm=0 | Lock=1[01] | Humid=243 HF=1 DF=0
T=200315 | Temp=197/133 H=0 C=1 | Water=5 | Alarm=0 | Lock=1[11] | Humid=243 HF=1 DF=0
T=200325 | Temp=107/140 H=0 C=1 | Water=1 | Alarm=0 | Lock=1[11] | Humid=39 HF=0 DF=1
T=200345 | Temp=119/144 H=1 C=0 | Water=6 | Alarm=0 | Lock=1[11] | Humid=52 HF=1 DF=0
T=200365 | Temp=68/128 H=1 C=0 | Water=10 | Alarm=0 | Lock=1[11] | Humid=243 HF=0 DF=0
T=200385 | Temp=131/186 H=1 C=0 | Water=2 | Alarm=0 | Lock=1[11] | Humid=212 HF=0 DF=1
T=200405 | Temp=194/12 H=1 C=0 | Water=10 | Alarm=0 | Lock=1[11] | Humid=53 HF=0 DF=1
T=200425 | Temp=5/169 H=0 C=1 | Water=1 | Alarm=0 | Lock=1[11] | Humid=220 HF=0 DF=0
T=200445 | Temp=237/203 H=1 C=0 | Water=3 | Alarm=0 | Lock=1[11] | Humid=86 HF=0 DF=1
T=200465 | Temp=154/49 H=0 C=1 | Water=15 | Alarm=0 | Lock=1[11] | Humid=251 HF=0 DF=1
T=200485 | Temp=216/200 H=0 C=1 | Water=0 | Alarm=0 | Lock=1[11] | Humid=235 HF=0 DF=1
T=200505 | Temp=96/2 H=0 C=1 | Water=6 | Alarm=0 | Lock=1[11] | Humid=102 HF=0 DF=1
T=200525 | Temp=130/32 H=0 C=1 | Water=10 | Alarm=0 | Lock=1[11] | Humid=5 HF=0 DF=1
T=200545 | Temp=114/73 H=0 C=1 | Water=12 | Alarm=0 | Lock=1[11] | Humid=130 HF=1 DF=0
T=200565 | Temp=109/146 H=0 C=1 | Water=11 | Alarm=0 | Lock=1[11] | Humid=47 HF=0 DF=1
T=200585 | Temp=103/237 H=1 C=0 | Water=3 | Alarm=0 | Lock=1[11] | Humid=56 HF=0 DF=0
T=200605 | Temp=94/57 H=1 C=0 | Water=11 | Alarm=0 | Lock=1[11] | Humid=102 HF=0 DF=0
T=200625 | Temp=227/186 H=0 C=1 | Water=7 | Alarm=0 | Lock=1[11] | Humid=135 HF=0 DF=1
T=200645 | Temp=255/188 H=0 C=1 | Water=10 | Alarm=0 | Lock=1[11] | Humid=26 HF=0 DF=1
T=200665 | Temp=195/177 H=0 C=1 | Water=4 | Alarm=0 | Lock=1[11] | Humid=148 HF=1 DF=0
T=200685 | Temp=6/233 H=0 C=1 | Water=14 | Alarm=0 | Lock=1[11] | Humid=34 HF=0 DF=1
T=200705 | Temp=222/49 H=1 C=0 | Water=4 | Alarm=0 | Lock=1[11] | Humid=184 HF=1 DF=0
T=200725 | Temp=98/130 H=0 C=1 | Water=1 | Alarm=0 | Lock=1[11] | Humid=176 HF=0 DF=1
T=200745 | Temp=132/34 H=1 C=0 | Water=8 | Alarm=0 | Lock=1[11] | Humid=34 HF=0 DF=1
T=200765 | Temp=67/105 H=0 C=1 | Water=1 | Alarm=0 | Lock=1[11] | Humid=45 HF=1 DF=0
T=200785 | Temp=171/254 H=1 C=0 | Water=1 | Alarm=0 | Lock=1[11] | Humid=44 HF=0 DF=0
T=200805 | Temp=113/160 H=1 C=0 | Water=14 | Alarm=0 | Lock=1[11] | Humid=188 HF=0 DF=0
T=200825 | Temp=27/45 H=1 C=0 | Water=15 | Alarm=0 | Lock=1[11] | Humid=88 HF=0 DF=1
T=200845 | Temp=189/5 H=1 C=0 | Water=6 | Alarm=0 | Lock=1[11] | Humid=172 HF=0 DF=1
T=200865 | Temp=159/129 H=0 C=1 | Water=3 | Alarm=0 | Lock=1[11] | Humid=36 HF=0 DF=1
T=200885 | Temp=121/239 H=0 C=1 | Water=2 | Alarm=0 | Lock=1[11] | Humid=29 HF=1 DF=0
T=200905 | Temp=66/224 H=1 C=0 | Water=11 | Alarm=0 | Lock=1[11] | Humid=64 HF=1 DF=0
T=200925 | Temp=84/231 H=1 C=0 | Water=0 | Alarm=0 | Lock=1[11] | Humid=191 HF=0 DF=1
T=200945 | Temp=177/178 H=1 C=0 | Water=8 | Alarm=0 | Lock=1[11] | Humid=228 HF=0 DF=1
T=200965 | Temp=92/115 H=1 C=0 | Water=6 | Alarm=0 | Lock=1[11] | Humid=85 HF=0 DF=1
T=200985 | Temp=28/2 H=1 C=0 | Water=8 | Alarm=0 | Lock=1[11] | Humid=113 HF=0 DF=1
T=201005 | Temp=5/4 H=0 C=1 | Water=13 | Alarm=0 | Lock=1[11] | Humid=194 HF=0 DF=1
T=201025 | Temp=222/135 H=0 C=1 | Water=12 | Alarm=0 | Lock=1[11] | Humid=72 HF=0 DF=1
T=201045 | Temp=238/197 H=0 C=1 | Water=8 | Alarm=0 | Lock=1[11] | Humid=149 HF=0 DF=1
T=201065 | Temp=21/178 H=0 C=1 | Water=9 | Alarm=0 | Lock=1[11] | Humid=167 HF=0 DF=1
T=201085 | Temp=169/243 H=1 C=0 | Water=5 | Alarm=0 | Lock=1[11] | Humid=252 HF=0 DF=1
T=201105 | Temp=184/113 H=1 C=0 | Water=10 | Alarm=0 | Lock=1[11] | Humid=62 HF=0 DF=1
T=201125 | Temp=154/57 H=0 C=1 | Water=8 | Alarm=0 | Lock=1[11] | Humid=29 HF=0 DF=1
T=201145 | Temp=188/35 H=0 C=1 | Water=11 | Alarm=0 | Lock=1[11] | Humid=237 HF=1 DF=0
T=201165 | Temp=70/201 H=0 C=1 | Water=0 | Alarm=0 | Lock=1[11] | Humid=87 HF=0 DF=1
T=201185 | Temp=24/212 H=1 C=0 | Water=7 | Alarm=0 | Lock=1[11] | Humid=209 HF=0 DF=1
T=201205 | Temp=222/177 H=1 C=0 | Water=6 | Alarm=0 | Lock=1[11] | Humid=37 HF=0 DF=1
T=201225 | Temp=63/243 H=0 C=1 | Water=10 | Alarm=0 | Lock=1[11] | Humid=175 HF=1 DF=0
T=201245 | Temp=77/155 H=1 C=0 | Water=8 | Alarm=0 | Lock=1[11] | Humid=23 HF=0 DF=1
T=201265 | Temp=66/170 H=1 C=0 | Water=4 | Alarm=0 | Lock=1[11] | Humid=229 HF=1 DF=0
T=201285 | Temp=147/134 H=1 C=0 | Water=3 | Alarm=0 | Lock=1[11] | Humid=42 HF=0 DF=1
T=201305 | Temp=163/48 H=0 C=1 | Water=2 | Alarm=0 | Lock=1[11] | Humid=173 HF=0 DF=0
T=201325 | Temp=121/220 H=0 C=1 | Water=7 | Alarm=0 | Lock=1[11] | Humid=41 HF=0 DF=1
T=201345 | Temp=134/31 H=1 C=0 | Water=13 | Alarm=0 | Lock=1[11] | Humid=85 HF=0 DF=0
T=201365 | Temp=161/98 H=0 C=1 | Water=7 | Alarm=0 | Lock=1[11] | Humid=217 HF=0 DF=1
T=201385 | Temp=111/133 H=0 C=1 | Water=0 | Alarm=0 | Lock=1[11] | Humid=40 HF=0 DF=1
T=201405 | Temp=173/55 H=1 C=0 | Water=4 | Alarm=0 | Lock=1[11] | Humid=2 HF=0 DF=0
T=201425 | Temp=160/120 H=0 C=1 | Water=15 | Alarm=0 | Lock=1[11] | Humid=146 HF=1 DF=0
T=201445 | Temp=13/125 H=0 C=1 | Water=6 | Alarm=0 | Lock=1[11] | Humid=106 HF=0 DF=1
T=201465 | Temp=243/162 H=1 C=0 | Water=9 | Alarm=0 | Lock=1[11] | Humid=68 HF=0 DF=1
T=201485 | Temp=134/16 H=0 C=1 | Water=0 | Alarm=0 | Lock=1[11] | Humid=159 HF=0 DF=1
T=201505 | Temp=224/1 H=0 C=1 | Water=8 | Alarm=0 | Lock=1[11] | Humid=114 HF=0 DF=1
T=201525 | Temp=3/46 H=1 C=0 | Water=2 | Alarm=0 | Lock=1[11] | Humid=171 HF=0 DF=1
T=201545 | Temp=187/103 H=1 C=0 | Water=13 | Alarm=0 | Lock=1[11] | Humid=238 HF=0 DF=1
T=201565 | Temp=238/75 H=0 C=1 | Water=1 | Alarm=0 | Lock=1[11] | Humid=180 HF=0 DF=1
T=201585 | Temp=106/78 H=0 C=1 | Water=1 | Alarm=0 | Lock=1[11] | Humid=87 HF=0 DF=1
T=201605 | Temp=207/29 H=0 C=1 | Water=13 | Alarm=0 | Lock=1[11] | Humid=136 HF=0 DF=1
T=201625 | Temp=123/209 H=0 C=1 | Water=5 | Alarm=0 | Lock=1[11] | Humid=69 HF=0 DF=1
T=201645 | Temp=133/148 H=1 C=0 | Water=4 | Alarm=0 | Lock=1[11] | Humid=125 HF=0 DF=1
T=201665 | Temp=132/154 H=1 C=0 | Water=15 | Alarm=0 | Lock=1[11] | Humid=75 HF=0 DF=1
T=201685 | Temp=90/27 H=1 C=0 | Water=4 | Alarm=0 | Lock=1[11] | Humid=86 HF=0 DF=1
T=201705 | Temp=252/54 H=0 C=1 | Water=15 | Alarm=0 | Lock=1[11] | Humid=224 HF=0 DF=1
T=201725 | Temp=20/189 H=0 C=1 | Water=14 | Alarm=0 | Lock=1[11] | Humid=85 HF=0 DF=1
T=201745 | Temp=83/136 H=1 C=0 | Water=3 | Alarm=0 | Lock=1[11] | Humid=77 HF=0 DF=1
T=201765 | Temp=45/249 H=1 C=0 | Water=5 | Alarm=0 | Lock=1[11] | Humid=171 HF=0 DF=1
T=201785 | Temp=66/222 H=1 C=0 | Water=9 | Alarm=0 | Lock=1[11] | Humid=225 HF=0 DF=1
T=201805 | Temp=225/98 H=1 C=0 | Water=5 | Alarm=0 | Lock=1[11] | Humid=128 HF=0 DF=1
T=201825 | Temp=246/16 H=0 C=1 | Water=15 | Alarm=0 | Lock=1[11] | Humid=98 HF=0 DF=1
T=201845 | Temp=130/66 H=0 C=1 | Water=11 | Alarm=0 | Lock=1[11] | Humid=7 HF=0 DF=1
T=201865 | Temp=143/123 H=0 C=1 | Water=10 | Alarm=0 | Lock=1[11] | Humid=52 HF=1 DF=0
T=201885 | Temp=31/122 H=0 C=1 | Water=9 | Alarm=0 | Lock=1[11] | Humid=69 HF=0 DF=0
T=201905 | Temp=93/223 H=1 C=0 | Water=5 | Alarm=0 | Lock=1[11] | Humid=160 HF=0 DF=1
T=201925 | Temp=112/79 H=1 C=0 | Water=8 | Alarm=0 | Lock=1[11] | Humid=25 HF=0 DF=1
T=201945 | Temp=112/127 H=0 C=1 | Water=7 | Alarm=0 | Lock=1[11] | Humid=240 HF=1 DF=0
T=201965 | Temp=87/5 H=1 C=0 | Water=3 | Alarm=0 | Lock=1[11] | Humid=212 HF=0 DF=1
T=201985 | Temp=205/242 H=0 C=1 | Water=0 | Alarm=0 | Lock=1[11] | Humid=215 HF=0 DF=1
T=202005 | Temp=180/145 H=1 C=0 | Water=14 | Alarm=0 | Lock=1[11] | Humid=235 HF=0 DF=1
T=202025 | Temp=111/239 H=0 C=1 | Water=5 | Alarm=0 | Lock=1[11] | Humid=45 HF=0 DF=1
T=202045 | Temp=244/108 H=1 C=0 | Water=6 | Alarm=0 | Lock=1[11] | Humid=4 HF=0 DF=0
T=202065 | Temp=114/183 H=0 C=1 | Water=6 | Alarm=0 | Lock=1[11] | Humid=252 HF=1 DF=0
T=202085 | Temp=33/122 H=1 C=0 | Water=5 | Alarm=0 | Lock=1[11] | Humid=181 HF=0 DF=1
T=202105 | Temp=162/164 H=1 C=0 | Water=11 | Alarm=0 | Lock=1[11] | Humid=84 HF=0 DF=1
T=202125 | Temp=216/206 H=1 C=0 | Water=6 | Alarm=0 | Lock=1[11] | Humid=113 HF=0 DF=1
T=202145 | Temp=240/119 H=0 C=1 | Water=8 | Alarm=0 | Lock=1[11] | Humid=5 HF=0 DF=1
T=202165 | Temp=66/244 H=0 C=1 | Water=4 | Alarm=0 | Lock=1[11] | Humid=164 HF=1 DF=0
T=202185 | Temp=179/141 H=1 C=0 | Water=13 | Alarm=0 | Lock=1[11] | Humid=46 HF=0 DF=1
T=202205 | Temp=46/219 H=0 C=1 | Water=13 | Alarm=0 | Lock=1[11] | Humid=255 HF=0 DF=0
T=202225 | Temp=82/83 H=1 C=0 | Water=4 | Alarm=0 | Lock=1[11] | Humid=90 HF=0 DF=1
T=202245 | Temp=47/199 H=1 C=0 | Water=9 | Alarm=0 | Lock=1[11] | Humid=98 HF=0 DF=1
T=202265 | Temp=145/0 H=1 C=0 | Water=12 | Alarm=0 | Lock=1[11] | Humid=190 HF=0 DF=1
T=202285 | Temp=73/92 H=1 C=0 | Water=10 | Alarm=0 | Lock=1[11] | Humid=82 HF=0 DF=1
T=202305 | Temp=65/159 H=1 C=0 | Water=3 | Alarm=0 | Lock=1[11] | Humid=128 HF=0 DF=1
T=202325 | Temp=43/217 H=1 C=0 | Water=1 | Alarm=0 | Lock=1[01] | Humid=152 HF=0 DF=1
T=202335 | Temp=43/217 H=1 C=0 | Water=1 | Alarm=0 | Lock=1[11] | Humid=152 HF=0 DF=1
T=202345 | Temp=107/141 H=1 C=0 | Water=9 | Alarm=0 | Lock=1[11] | Humid=47 HF=0 DF=1
T=202365 | Temp=213/39 H=1 C=0 | Water=13 | Alarm=0 | Lock=1[11] | Humid=53 HF=0 DF=0
T=202385 | Temp=240/225 H=0 C=1 | Water=6 | Alarm=0 | Lock=1[11] | Humid=46 HF=0 DF=0
T=202405 | Temp=251/174 H=0 C=1 | Water=9 | Alarm=0 | Lock=1[11] | Humid=69 HF=0 DF=0
T=202425 | Temp=35/117 H=0 C=1 | Water=2 | Alarm=0 | Lock=1[11] | Humid=213 HF=0 DF=1
T=202445 | Temp=38/138 H=1 C=0 | Water=1 | Alarm=0 | Lock=1[11] | Humid=140 HF=0 DF=1
T=202465 | Temp=159/54 H=1 C=0 | Water=5 | Alarm=0 | Lock=1[11] | Humid=111 HF=0 DF=1
T=202485 | Temp=154/20 H=0 C=1 | Water=9 | Alarm=0 | Lock=1[11] | Humid=33 HF=0 DF=1
T=202505 | Temp=220/60 H=0 C=1 | Water=0 | Alarm=0 | Lock=1[11] | Humid=150 HF=1 DF=0
T=202525 | Temp=234/235 H=0 C=1 | Water=11 | Alarm=0 | Lock=1[11] | Humid=193 HF=0 DF=1
T=202545 | Temp=33/113 H=0 C=1 | Water=13 | Alarm=0 | Lock=1[11] | Humid=244 HF=0 DF=1
T=202565 | Temp=61/97 H=1 C=0 | Water=10 | Alarm=0 | Lock=1[11] | Humid=227 HF=0 DF=1
T=202585 | Temp=212/93 H=1 C=0 | Water=12 | Alarm=0 | Lock=1[11] | Humid=185 HF=0 DF=1
T=202605 | Temp=1/188 H=0 C=1 | Water=6 | Alarm=0 | Lock=1[11] | Humid=75 HF=0 DF=1
T=202625 | Temp=74/179 H=1 C=0 | Water=1 | Alarm=0 | Lock=1[11] | Humid=76 HF=0 DF=1
T=202645 | Temp=58/38 H=1 C=0 | Water=3 | Alarm=0 | Lock=1[11] | Humid=162 HF=0 DF=1
T=202665 | Temp=32/184 H=0 C=1 | Water=12 | Alarm=0 | Lock=1[11] | Humid=103 HF=0 DF=1
T=202685 | Temp=215/113 H=1 C=0 | Water=4 | Alarm=0 | Lock=1[11] | Humid=69 HF=0 DF=1
T=202705 | Temp=179/195 H=0 C=1 | Water=14 | Alarm=0 | Lock=1[11] | Humid=26 HF=0 DF=1
T=202725 | Temp=211/198 H=1 C=0 | Water=8 | Alarm=0 | Lock=1[11] | Humid=38 HF=1 DF=0
T=202745 | Temp=136/174 H=0 C=1 | Water=3 | Alarm=0 | Lock=1[11] | Humid=231 HF=1 DF=0
T=202765 | Temp=228/142 H=1 C=0 | Water=12 | Alarm=0 | Lock=1[11] | Humid=169 HF=0 DF=1
T=202785 | Temp=173/250 H=0 C=1 | Water=14 | Alarm=0 | Lock=1[11] | Humid=0 HF=0 DF=1
T=202805 | Temp=114/221 H=1 C=0 | Water=5 | Alarm=0 | Lock=1[11] | Humid=113 HF=1 DF=0
T=202825 | Temp=29/133 H=1 C=0 | Water=3 | Alarm=0 | Lock=1[11] | Humid=219 HF=0 DF=1
T=202845 | Temp=197/151 H=1 C=0 | Water=14 | Alarm=0 | Lock=1[11] | Humid=48 HF=0 DF=1
T=202865 | Temp=226/247 H=0 C=1 | Water=15 | Alarm=0 | Lock=1[11] | Humid=83 HF=0 DF=0
T=202885 | Temp=98/202 H=1 C=0 | Water=6 | Alarm=0 | Lock=1[11] | Humid=58 HF=0 DF=1
T=202905 | Temp=179/9 H=1 C=0 | Water=0 | Alarm=0 | Lock=1[11] | Humid=131 HF=0 DF=0
T=202925 | Temp=144/222 H=0 C=1 | Water=13 | Alarm=0 | Lock=1[11] | Humid=101 HF=0 DF=1
T=202945 | Temp=123/252 H=1 C=0 | Water=9 | Alarm=0 | Lock=1[11] | Humid=95 HF=0 DF=1
T=202965 | Temp=124/97 H=1 C=0 | Water=8 | Alarm=0 | Lock=1[11] | Humid=176 HF=0 DF=1
T=202985 | Temp=234/9 H=0 C=1 | Water=9 | Alarm=0 | Lock=1[11] | Humid=87 HF=0 DF=1
T=203005 | Temp=201/7 H=0 C=1 | Water=10 | Alarm=0 | Lock=1[11] | Humid=233 HF=0 DF=1
T=203025 | Temp=48/32 H=0 C=1 | Water=6 | Alarm=0 | Lock=1[11] | Humid=61 HF=0 DF=1
T=203045 | Temp=232/21 H=0 C=1 | Water=12 | Alarm=0 | Lock=1[11] | Humid=79 HF=0 DF=1
T=203065 | Temp=235/160 H=0 C=1 | Water=2 | Alarm=0 | Lock=1[11] | Humid=246 HF=0 DF=1
T=203085 | Temp=163/59 H=0 C=1 | Water=3 | Alarm=0 | Lock=1[11] | Humid=128 HF=0 DF=1
T=203105 | Temp=61/57 H=0 C=1 | Water=0 | Alarm=0 | Lock=1[11] | Humid=6 HF=0 DF=1
T=203125 | Temp=96/145 H=0 C=1 | Water=9 | Alarm=0 | Lock=1[11] | Humid=249 HF=1 DF=0
T=203145 | Temp=133/229 H=1 C=0 | Water=3 | Alarm=0 | Lock=1[11] | Humid=188 HF=0 DF=1
T=203165 | Temp=246/216 H=1 C=0 | Water=3 | Alarm=0 | Lock=1[11] | Humid=216 HF=0 DF=1
T=203185 | Temp=146/179 H=0 C=1 | Water=5 | Alarm=0 | Lock=1[11] | Humid=114 HF=0 DF=1
T=203205 | Temp=29/33 H=1 C=0 | Water=13 | Alarm=0 | Lock=1[11] | Humid=61 HF=0 DF=1
T=203225 | Temp=207/255 H=1 C=0 | Water=2 | Alarm=0 | Lock=1[11] | Humid=249 HF=0 DF=1
T=203245 | Temp=147/176 H=1 C=0 | Water=12 | Alarm=0 | Lock=1[11] | Humid=178 HF=0 DF=1
T=203265 | Temp=47/34 H=1 C=0 | Water=14 | Alarm=0 | Lock=1[11] | Humid=153 HF=0 DF=1
T=203285 | Temp=204/207 H=0 C=1 | Water=12 | Alarm=0 | Lock=1[11] | Humid=240 HF=0 DF=1
T=203305 | Temp=244/43 H=1 C=0 | Water=2 | Alarm=0 | Lock=1[11] | Humid=35 HF=0 DF=1
T=203325 | Temp=80/135 H=0 C=1 | Water=0 | Alarm=0 | Lock=1[11] | Humid=78 HF=1 DF=0
T=203345 | Temp=15/219 H=1 C=0 | Water=6 | Alarm=0 | Lock=1[11] | Humid=247 HF=0 DF=1
T=203365 | Temp=193/173 H=1 C=0 | Water=4 | Alarm=0 | Lock=1[11] | Humid=0 HF=0 DF=1
T=203385 | Temp=90/181 H=0 C=1 | Water=8 | Alarm=0 | Lock=1[11] | Humid=247 HF=1 DF=0
T=203405 | Temp=146/245 H=1 C=0 | Water=11 | Alarm=0 | Lock=1[11] | Humid=199 HF=0 DF=1
T=203425 | Temp=140/87 H=1 C=0 | Water=13 | Alarm=0 | Lock=1[11] | Humid=94 HF=0 DF=1
T=203445 | Temp=203/30 H=0 C=1 | Water=8 | Alarm=0 | Lock=1[11] | Humid=179 HF=0 DF=1
T=203465 | Temp=194/121 H=0 C=1 | Water=3 | Alarm=0 | Lock=1[11] | Humid=234 HF=0 DF=1
T=203485 | Temp=152/86 H=0 C=1 | Water=5 | Alarm=0 | Lock=1[11] | Humid=77 HF=0 DF=1
T=203505 | Temp=172/168 H=0 C=1 | Water=9 | Alarm=0 | Lock=1[11] | Humid=2 HF=0 DF=1
T=203525 | Temp=196/149 H=0 C=1 | Water=5 | Alarm=0 | Lock=1[11] | Humid=32 HF=1 DF=0
T=203545 | Temp=141/224 H=0 C=1 | Water=15 | Alarm=0 | Lock=1[11] | Humid=210 HF=1 DF=0
T=203565 | Temp=80/246 H=1 C=0 | Water=8 | Alarm=0 | Lock=1[11] | Humid=213 HF=0 DF=1
T=203585 | Temp=45/203 H=1 C=0 | Water=10 | Alarm=0 | Lock=1[11] | Humid=58 HF=0 DF=1
T=203605 | Temp=98/173 H=1 C=0 | Water=11 | Alarm=0 | Lock=1[11] | Humid=47 HF=0 DF=0
T=203625 | Temp=216/244 H=1 C=0 | Water=6 | Alarm=0 | Lock=1[11] | Humid=48 HF=0 DF=0
T=203645 | Temp=4/10 H=1 C=0 | Water=4 | Alarm=0 | Lock=1[11] | Humid=54 HF=0 DF=0
T=203665 | Temp=201/30 H=1 C=0 | Water=0 | Alarm=0 | Lock=1[11] | Humid=47 HF=0 DF=0
T=203685 | Temp=77/3 H=0 C=1 | Water=0 | Alarm=0 | Lock=1[11] | Humid=232 HF=0 DF=0
T=203705 | Temp=124/143 H=0 C=1 | Water=13 | Alarm=0 | Lock=1[11] | Humid=8 HF=0 DF=1
T=203725 | Temp=155/197 H=1 C=0 | Water=0 | Alarm=0 | Lock=1[11] | Humid=86 HF=1 DF=0
T=203745 | Temp=146/194 H=1 C=0 | Water=13 | Alarm=0 | Lock=1[11] | Humid=16 HF=0 DF=1
T=203765 | Temp=6/185 H=1 C=0 | Water=11 | Alarm=0 | Lock=1[11] | Humid=76 HF=1 DF=0
T=203785 | Temp=190/30 H=1 C=0 | Water=2 | Alarm=0 | Lock=1[11] | Humid=166 HF=0 DF=1
T=203805 | Temp=200/6 H=0 C=1 | Water=15 | Alarm=0 | Lock=1[11] | Humid=75 HF=0 DF=1
T=203825 | Temp=207/44 H=0 C=1 | Water=15 | Alarm=0 | Lock=1[11] | Humid=7 HF=0 DF=1
T=203845 | Temp=166/8 H=0 C=1 | Water=3 | Alarm=0 | Lock=1[11] | Humid=145 HF=1 DF=0
T=203865 | Temp=186/21 H=0 C=1 | Water=4 | Alarm=0 | Lock=1[11] | Humid=60 HF=0 DF=1
T=203885 | Temp=221/232 H=0 C=1 | Water=11 | Alarm=0 | Lock=1[11] | Humid=32 HF=0 DF=0
T=203905 | Temp=68/183 H=1 C=0 | Water=12 | Alarm=0 | Lock=1[11] | Humid=125 HF=1 DF=0
T=203925 | Temp=248/210 H=1 C=0 | Water=8 | Alarm=0 | Lock=1[11] | Humid=1 HF=0 DF=1
T=203945 | Temp=57/143 H=0 C=1 | Water=11 | Alarm=0 | Lock=1[11] | Humid=198 HF=1 DF=0
T=203965 | Temp=144/201 H=1 C=0 | Water=6 | Alarm=0 | Lock=1[11] | Humid=30 HF=0 DF=1
T=203985 | Temp=73/118 H=1 C=0 | Water=6 | Alarm=0 | Lock=1[11] | Humid=241 HF=1 DF=0
T=204005 | Temp=2/142 H=1 C=0 | Water=6 | Alarm=0 | Lock=1[11] | Humid=62 HF=0 DF=1
T=204025 | Temp=41/39 H=1 C=0 | Water=11 | Alarm=0 | Lock=1[11] | Humid=19 HF=0 DF=1
T=204045 | Temp=130/254 H=1 C=0 | Water=5 | Alarm=0 | Lock=1[11] | Humid=66 HF=1 DF=0
T=204065 | Temp=157/21 H=1 C=0 | Water=14 | Alarm=0 | Lock=1[11] | Humid=244 HF=0 DF=1
T=204085 | Temp=120/130 H=0 C=1 | Water=10 | Alarm=0 | Lock=1[11] | Humid=68 HF=0 DF=1
T=204105 | Temp=67/143 H=1 C=0 | Water=7 | Alarm=0 | Lock=1[11] | Humid=101 HF=0 DF=1
T=204125 | Temp=200/202 H=1 C=0 | Water=11 | Alarm=0 | Lock=1[11] | Humid=213 HF=0 DF=1
T=204145 | Temp=89/10 H=1 C=0 | Water=14 | Alarm=0 | Lock=1[11] | Humid=125 HF=0 DF=1
T=204165 | Temp=41/174 H=0 C=1 | Water=2 | Alarm=0 | Lock=1[11] | Humid=220 HF=0 DF=1
T=204185 | Temp=37/238 H=1 C=0 | Water=0 | Alarm=0 | Lock=1[11] | Humid=129 HF=0 DF=1
T=204205 | Temp=55/213 H=1 C=0 | Water=9 | Alarm=0 | Lock=1[11] | Humid=182 HF=0 DF=1
T=204225 | Temp=236/225 H=1 C=0 | Water=8 | Alarm=0 | Lock=1[11] | Humid=60 HF=0 DF=1
T=204245 | Temp=231/79 H=0 C=1 | Water=5 | Alarm=0 | Lock=1[11] | Humid=219 HF=0 DF=0
T=204265 | Temp=109/144 H=0 C=1 | Water=1 | Alarm=0 | Lock=1[11] | Humid=172 HF=0 DF=1
T=204285 | Temp=211/183 H=1 C=0 | Water=3 | Alarm=0 | Lock=1[11] | Humid=88 HF=0 DF=1
T=204305 | Temp=139/241 H=0 C=1 | Water=7 | Alarm=0 | Lock=1[11] | Humid=16 HF=0 DF=1
T=204325 | Temp=254/102 H=1 C=0 | Water=14 | Alarm=0 | Lock=1[11] | Humid=230 HF=1 DF=0
T=204345 | Temp=17/236 H=0 C=1 | Water=13 | Alarm=0 | Lock=1[01] | Humid=104 HF=0 DF=1
T=204365 | Temp=9/210 H=1 C=0 | Water=7 | Alarm=0 | Lock=1[01] | Humid=2 HF=0 DF=1
T=204385 | Temp=248/52 H=1 C=0 | Water=4 | Alarm=0 | Lock=1[01] | Humid=77 HF=1 DF=0
T=204395 | Temp=248/52 H=1 C=0 | Water=4 | Alarm=0 | Lock=1[11] | Humid=77 HF=1 DF=0
T=204405 | Temp=181/35 H=0 C=1 | Water=7 | Alarm=0 | Lock=1[11] | Humid=14 HF=0 DF=1
T=204425 | Temp=151/135 H=0 C=1 | Water=2 | Alarm=0 | Lock=1[11] | Humid=107 HF=1 DF=0
T=204445 | Temp=27/17 H=0 C=1 | Water=4 | Alarm=0 | Lock=1[11] | Humid=86 HF=0 DF=1
T=204465 | Temp=12/158 H=0 C=1 | Water=6 | Alarm=0 | Lock=1[11] | Humid=244 HF=0 DF=1
T=204485 | Temp=234/171 H=1 C=0 | Water=1 | Alarm=0 | Lock=1[11] | Humid=5 HF=0 DF=1
T=204505 | Temp=69/196 H=0 C=1 | Water=2 | Alarm=0 | Lock=1[11] | Humid=163 HF=1 DF=0
T=204525 | Temp=106/193 H=1 C=0 | Water=14 | Alarm=0 | Lock=1[11] | Humid=169 HF=0 DF=1
T=204545 | Temp=232/161 H=1 C=0 | Water=7 | Alarm=0 | Lock=1[11] | Humid=141 HF=0 DF=1
T=204565 | Temp=70/14 H=0 C=1 | Water=12 | Alarm=0 | Lock=1[11] | Humid=55 HF=0 DF=1
T=204585 | Temp=18/32 H=0 C=1 | Water=3 | Alarm=0 | Lock=1[11] | Humid=205 HF=0 DF=0
T=204605 | Temp=0/40 H=1 C=0 | Water=10 | Alarm=0 | Lock=1[11] | Humid=47 HF=0 DF=1
T=204625 | Temp=61/66 H=1 C=0 | Water=15 | Alarm=0 | Lock=1[11] | Humid=195 HF=0 DF=0
T=204645 | Temp=37/227 H=1 C=0 | Water=4 | Alarm=0 | Lock=1[11] | Humid=144 HF=0 DF=1
T=204665 | Temp=90/230 H=1 C=0 | Water=2 | Alarm=0 | Lock=1[11] | Humid=100 HF=0 DF=1
T=204685 | Temp=13/254 H=1 C=0 | Water=7 | Alarm=0 | Lock=1[11] | Humid=138 HF=0 DF=1
T=204705 | Temp=134/114 H=1 C=0 | Water=7 | Alarm=0 | Lock=1[11] | Humid=109 HF=0 DF=1
T=204725 | Temp=161/111 H=0 C=1 | Water=15 | Alarm=0 | Lock=1[11] | Humid=51 HF=0 DF=1
T=204745 | Temp=28/224 H=0 C=1 | Water=0 | Alarm=0 | Lock=1[11] | Humid=111 HF=0 DF=0
T=204765 | Temp=170/121 H=1 C=0 | Water=3 | Alarm=0 | Lock=1[11] | Humid=191 HF=0 DF=1
T=204785 | Temp=170/250 H=0 C=1 | Water=5 | Alarm=0 | Lock=1[11] | Humid=51 HF=0 DF=1
T=204805 | Temp=222/182 H=1 C=0 | Water=1 | Alarm=0 | Lock=1[11] | Humid=238 HF=0 DF=0
T=204825 | Temp=215/22 H=0 C=1 | Water=14 | Alarm=0 | Lock=1[11] | Humid=255 HF=0 DF=1
T=204845 | Temp=171/6 H=0 C=1 | Water=11 | Alarm=0 | Lock=1[11] | Humid=24 HF=0 DF=1
T=204865 | Temp=228/202 H=0 C=1 | Water=10 | Alarm=0 | Lock=1[11] | Humid=102 HF=1 DF=0
T=204885 | Temp=14/115 H=0 C=1 | Water=7 | Alarm=0 | Lock=1[11] | Humid=179 HF=0 DF=1
T=204905 | Temp=184/22 H=1 C=0 | Water=3 | Alarm=0 | Lock=1[11] | Humid=212 HF=0 DF=1
T=204925 | Temp=188/107 H=0 C=1 | Water=7 | Alarm=0 | Lock=1[11] | Humid=4 HF=0 DF=1
T=204945 | Temp=93/225 H=0 C=1 | Water=7 | Alarm=0 | Lock=1[11] | Humid=70 HF=1 DF=0
T=204965 | Temp=68/66 H=1 C=0 | Water=6 | Alarm=0 | Lock=1[11] | Humid=215 HF=0 DF=1
T=204985 | Temp=62/214 H=1 C=0 | Water=7 | Alarm=0 | Lock=1[11] | Humid=10 HF=0 DF=1
T=205005 | Temp=163/98 H=1 C=0 | Water=15 | Alarm=0 | Lock=1[11] | Humid=112 HF=1 DF=0
T=205025 | Temp=98/169 H=0 C=1 | Water=4 | Alarm=0 | Lock=1[11] | Humid=84 HF=0 DF=1
T=205045 | Temp=143/1 H=1 C=0 | Water=12 | Alarm=0 | Lock=1[11] | Humid=109 HF=0 DF=1
T=205065 | Temp=244/182 H=1 C=0 | Water=3 | Alarm=0 | Lock=1[11] | Humid=57 HF=0 DF=1
T=205085 | Temp=225/108 H=0 C=1 | Water=0 | Alarm=0 | Lock=1[11] | Humid=170 HF=0 DF=0
T=205105 | Temp=150/2 H=0 C=1 | Water=9 | Alarm=0 | Lock=1[11] | Humid=213 HF=0 DF=1
T=205125 | Temp=113/181 H=0 C=1 | Water=7 | Alarm=0 | Lock=1[11] | Humid=116 HF=0 DF=1
T=205145 | Temp=123/172 H=1 C=0 | Water=6 | Alarm=0 | Lock=1[11] | Humid=233 HF=0 DF=1
T=205165 | Temp=124/244 H=1 C=0 | Water=10 | Alarm=0 | Lock=1[11] | Humid=84 HF=0 DF=1
T=205185 | Temp=20/202 H=1 C=0 | Water=4 | Alarm=0 | Lock=1[11] | Humid=56 HF=0 DF=1
T=205205 | Temp=54/250 H=1 C=0 | Water=7 | Alarm=0 | Lock=1[11] | Humid=47 HF=0 DF=0
T=205225 | Temp=123/22 H=1 C=0 | Water=14 | Alarm=0 | Lock=1[11] | Humid=206 HF=0 DF=0
T=205245 | Temp=65/110 H=0 C=1 | Water=7 | Alarm=0 | Lock=1[11] | Humid=113 HF=0 DF=1
T=205265 | Temp=221/40 H=1 C=0 | Water=7 | Alarm=0 | Lock=1[11] | Humid=125 HF=0 DF=1
T=205285 | Temp=48/62 H=0 C=1 | Water=9 | Alarm=0 | Lock=1[11] | Humid=98 HF=0 DF=1
T=205305 | Temp=173/81 H=1 C=0 | Water=13 | Alarm=0 | Lock=1[11] | Humid=170 HF=0 DF=1
T=205325 | Temp=65/164 H=0 C=1 | Water=1 | Alarm=0 | Lock=1[11] | Humid=7 HF=0 DF=1
T=205345 | Temp=132/99 H=1 C=0 | Water=0 | Alarm=0 | Lock=1[11] | Humid=78 HF=1 DF=0
T=205365 | Temp=98/223 H=0 C=1 | Water=3 | Alarm=0 | Lock=1[11] | Humid=203 HF=0 DF=1
T=205385 | Temp=157/130 H=1 C=0 | Water=10 | Alarm=0 | Lock=1[11] | Humid=68 HF=0 DF=1
T=205405 | Temp=207/195 H=0 C=1 | Water=5 | Alarm=0 | Lock=1[11] | Humid=120 HF=0 DF=1
T=205425 | Temp=120/142 H=0 C=1 | Water=12 | Alarm=0 | Lock=1[11] | Humid=235 HF=0 DF=1
T=205445 | Temp=167/99 H=1 C=0 | Water=12 | Alarm=0 | Lock=1[11] | Humid=143 HF=0 DF=1
T=205465 | Temp=87/179 H=0 C=1 | Water=15 | Alarm=0 | Lock=1[11] | Humid=81 HF=0 DF=1
T=205485 | Temp=201/110 H=1 C=0 | Water=13 | Alarm=0 | Lock=1[11] | Humid=254 HF=0 DF=1
T=205505 | Temp=217/202 H=0 C=1 | Water=1 | Alarm=0 | Lock=1[11] | Humid=146 HF=0 DF=1
T=205525 | Temp=213/217 H=0 C=1 | Water=12 | Alarm=0 | Lock=1[11] | Humid=238 HF=0 DF=1
T=205545 | Temp=163/183 H=1 C=0 | Water=11 | Alarm=0 | Lock=1[11] | Humid=201 HF=0 DF=1
T=205565 | Temp=124/92 H=1 C=0 | Water=6 | Alarm=0 | Lock=1[11] | Humid=102 HF=0 DF=1
T=205585 | Temp=63/115 H=0 C=1 | Water=3 | Alarm=0 | Lock=1[11] | Humid=142 HF=0 DF=1
T=205605 | Temp=227/182 H=1 C=0 | Water=3 | Alarm=0 | Lock=1[11] | Humid=2 HF=0 DF=1
T=205625 | Temp=236/230 H=0 C=1 | Water=5 | Alarm=0 | Lock=1[11] | Humid=123 HF=1 DF=0
T=205645 | Temp=212/206 H=0 C=1 | Water=6 | Alarm=0 | Lock=1[11] | Humid=131 HF=0 DF=1
T=205665 | Temp=91/243 H=0 C=1 | Water=3 | Alarm=0 | Lock=1[11] | Humid=150 HF=0 DF=1
T=205685 | Temp=173/26 H=1 C=0 | Water=3 | Alarm=0 | Lock=1[11] | Humid=206 HF=0 DF=1
T=205705 | Temp=147/61 H=0 C=1 | Water=10 | Alarm=0 | Lock=1[11] | Humid=89 HF=0 DF=1
T=205725 | Temp=70/100 H=0 C=1 | Water=9 | Alarm=0 | Lock=1[11] | Humid=114 HF=0 DF=1
T=205745 | Temp=212/137 H=1 C=0 | Water=4 | Alarm=0 | Lock=1[11] | Humid=156 HF=0 DF=1
T=205765 | Temp=60/234 H=0 C=1 | Water=11 | Alarm=0 | Lock=1[11] | Humid=115 HF=0 DF=1
T=205785 | Temp=186/227 H=1 C=0 | Water=0 | Alarm=0 | Lock=1[11] | Humid=96 HF=0 DF=1
T=205805 | Temp=13/142 H=1 C=0 | Water=12 | Alarm=0 | Lock=1[11] | Humid=37 HF=0 DF=1
T=205825 | Temp=89/209 H=1 C=0 | Water=0 | Alarm=0 | Lock=1[11] | Humid=194 HF=1 DF=0
T=205845 | Temp=64/162 H=1 C=0 | Water=15 | Alarm=0 | Lock=1[11] | Humid=186 HF=0 DF=1
T=205865 | Temp=71/157 H=1 C=0 | Water=9 | Alarm=0 | Lock=1[11] | Humid=118 HF=0 DF=1
T=205885 | Temp=44/61 H=1 C=0 | Water=0 | Alarm=0 | Lock=1[11] | Humid=76 HF=0 DF=1
T=205905 | Temp=54/69 H=1 C=0 | Water=15 | Alarm=0 | Lock=1[11] | Humid=135 HF=0 DF=1
T=205925 | Temp=162/72 H=1 C=0 | Water=12 | Alarm=0 | Lock=1[11] | Humid=212 HF=0 DF=1
T=205945 | Temp=56/58 H=0 C=1 | Water=2 | Alarm=0 | Lock=1[11] | Humid=61 HF=0 DF=1
T=205965 | Temp=232/242 H=0 C=1 | Water=15 | Alarm=0 | Lock=1[11] | Humid=23 HF=0 DF=1
T=205985 | Temp=111/152 H=1 C=0 | Water=13 | Alarm=0 | Lock=1[11] | Humid=242 HF=1 DF=0
T=206005 | Temp=209/105 H=1 C=0 | Water=10 | Alarm=0 | Lock=1[11] | Humid=140 HF=0 DF=1
T=206025 | Temp=240/127 H=0 C=1 | Water=6 | Alarm=0 | Lock=1[11] | Humid=55 HF=0 DF=1
T=206045 | Temp=253/225 H=0 C=1 | Water=4 | Alarm=0 | Lock=1[11] | Humid=231 HF=0 DF=0
T=206065 | Temp=181/18 H=0 C=1 | Water=8 | Alarm=0 | Lock=1[11] | Humid=196 HF=0 DF=1
T=206085 | Temp=194/133 H=0 C=1 | Water=6 | Alarm=0 | Lock=1[11] | Humid=175 HF=0 DF=1
T=206105 | Temp=180/152 H=0 C=1 | Water=1 | Alarm=0 | Lock=1[11] | Humid=23 HF=0 DF=1
T=206125 | Temp=105/69 H=0 C=1 | Water=8 | Alarm=0 | Lock=1[11] | Humid=103 HF=1 DF=0
T=206145 | Temp=39/222 H=0 C=1 | Water=7 | Alarm=0 | Lock=1[11] | Humid=114 HF=0 DF=1
T=206165 | Temp=45/221 H=1 C=0 | Water=6 | Alarm=0 | Lock=1[11] | Humid=252 HF=0 DF=1
T=206185 | Temp=236/157 H=1 C=0 | Water=2 | Alarm=0 | Lock=1[11] | Humid=197 HF=0 DF=1
T=206205 | Temp=7/152 H=0 C=1 | Water=1 | Alarm=0 | Lock=1[11] | Humid=34 HF=0 DF=1
T=206225 | Temp=72/98 H=1 C=0 | Water=9 | Alarm=0 | Lock=1[11] | Humid=252 HF=1 DF=0
T=206245 | Temp=21/246 H=1 C=0 | Water=4 | Alarm=0 | Lock=1[11] | Humid=99 HF=0 DF=1
T=206265 | Temp=96/44 H=1 C=0 | Water=10 | Alarm=0 | Lock=1[11] | Humid=221 HF=0 DF=1
T=206285 | Temp=193/198 H=0 C=1 | Water=3 | Alarm=0 | Lock=1[11] | Humid=23 HF=0 DF=1
T=206305 | Temp=3/155 H=1 C=0 | Water=0 | Alarm=0 | Lock=1[11] | Humid=89 HF=1 DF=0
T=206325 | Temp=32/207 H=1 C=0 | Water=13 | Alarm=0 | Lock=1[11] | Humid=206 HF=0 DF=1
T=206345 | Temp=11/161 H=1 C=0 | Water=6 | Alarm=0 | Lock=1[11] | Humid=42 HF=0 DF=1
T=206365 | Temp=173/27 H=1 C=0 | Water=13 | Alarm=0 | Lock=1[11] | Humid=80 HF=0 DF=0
T=206385 | Temp=67/156 H=0 C=1 | Water=9 | Alarm=0 | Lock=1[11] | Humid=149 HF=0 DF=1
T=206405 | Temp=196/36 H=1 C=0 | Water=14 | Alarm=0 | Lock=1[01] | Humid=77 HF=0 DF=1
T=206415 | Temp=196/36 H=1 C=0 | Water=14 | Alarm=0 | Lock=1[11] | Humid=77 HF=0 DF=1
T=206425 | Temp=189/248 H=0 C=1 | Water=11 | Alarm=0 | Lock=1[11] | Humid=242 HF=0 DF=1
T=206445 | Temp=206/247 H=1 C=0 | Water=8 | Alarm=0 | Lock=1[11] | Humid=20 HF=0 DF=1
T=206465 | Temp=223/13 H=1 C=0 | Water=0 | Alarm=0 | Lock=1[11] | Humid=74 HF=1 DF=0
T=206485 | Temp=210/174 H=0 C=1 | Water=1 | Alarm=0 | Lock=1[11] | Humid=228 HF=0 DF=1
T=206505 | Temp=35/219 H=0 C=1 | Water=8 | Alarm=0 | Lock=1[11] | Humid=138 HF=0 DF=1
T=206525 | Temp=211/15 H=1 C=0 | Water=2 | Alarm=0 | Lock=1[11] | Humid=161 HF=0 DF=1
T=206545 | Temp=106/242 H=0 C=1 | Water=14 | Alarm=0 | Lock=1[11] | Humid=163 HF=0 DF=1
T=206565 | Temp=113/194 H=1 C=0 | Water=10 | Alarm=0 | Lock=1[11] | Humid=194 HF=0 DF=1
T=206585 | Temp=106/240 H=1 C=0 | Water=2 | Alarm=0 | Lock=1[11] | Humid=15 HF=0 DF=1
T=206605 | Temp=129/71 H=1 C=0 | Water=3 | Alarm=0 | Lock=1[11] | Humid=19 HF=1 DF=0
T=206625 | Temp=180/117 H=0 C=1 | Water=8 | Alarm=0 | Lock=1[11] | Humid=141 HF=1 DF=0
T=206645 | Temp=252/55 H=0 C=1 | Water=15 | Alarm=0 | Lock=1[11] | Humid=48 HF=0 DF=1
T=206665 | Temp=23/219 H=0 C=1 | Water=15 | Alarm=0 | Lock=1[11] | Humid=179 HF=0 DF=0
T=206685 | Temp=51/225 H=1 C=0 | Water=9 | Alarm=0 | Lock=1[11] | Humid=108 HF=0 DF=1
T=206705 | Temp=106/12 H=1 C=0 | Water=7 | Alarm=0 | Lock=1[11] | Humid=53 HF=0 DF=1
T=206725 | Temp=227/4 H=0 C=1 | Water=10 | Alarm=0 | Lock=1[11] | Humid=245 HF=0 DF=0
T=206745 | Temp=81/14 H=0 C=1 | Water=8 | Alarm=0 | Lock=1[11] | Humid=134 HF=0 DF=1
T=206765 | Temp=24/31 H=0 C=1 | Water=13 | Alarm=0 | Lock=1[11] | Humid=73 HF=0 DF=1
T=206785 | Temp=196/184 H=1 C=0 | Water=11 | Alarm=0 | Lock=1[11] | Humid=143 HF=0 DF=1
T=206805 | Temp=3/113 H=0 C=1 | Water=14 | Alarm=0 | Lock=1[11] | Humid=131 HF=0 DF=1
T=206825 | Temp=44/234 H=1 C=0 | Water=8 | Alarm=0 | Lock=1[11] | Humid=25 HF=0 DF=1
T=206845 | Temp=139/4 H=1 C=0 | Water=15 | Alarm=0 | Lock=1[11] | Humid=87 HF=1 DF=0
T=206865 | Temp=166/160 H=0 C=1 | Water=10 | Alarm=0 | Lock=1[11] | Humid=252 HF=0 DF=1
T=206885 | Temp=141/80 H=0 C=1 | Water=3 | Alarm=0 | Lock=1[11] | Humid=178 HF=0 DF=1
T=206905 | Temp=50/50 H=0 C=1 | Water=2 | Alarm=0 | Lock=1[11] | Humid=239 HF=0 DF=1
T=206925 | Temp=69/84 H=0 C=0 | Water=5 | Alarm=0 | Lock=1[11] | Humid=255 HF=0 DF=1
T=206945 | Temp=23/229 H=1 C=0 | Water=3 | Alarm=0 | Lock=1[11] | Humid=190 HF=0 DF=1
T=206965 | Temp=243/24 H=1 C=0 | Water=0 | Alarm=0 | Lock=1[11] | Humid=66 HF=0 DF=1
T=206985 | Temp=200/100 H=0 C=1 | Water=13 | Alarm=0 | Lock=1[11] | Humid=35 HF=0 DF=1
T=207005 | Temp=176/142 H=0 C=1 | Water=0 | Alarm=0 | Lock=1[11] | Humid=96 HF=1 DF=0
T=207025 | Temp=119/220 H=0 C=1 | Water=0 | Alarm=0 | Lock=1[11] | Humid=97 HF=0 DF=1
T=207045 | Temp=248/87 H=1 C=0 | Water=5 | Alarm=0 | Lock=1[11] | Humid=7 HF=0 DF=1
T=207065 | Temp=147/240 H=0 C=1 | Water=7 | Alarm=0 | Lock=1[11] | Humid=34 HF=1 DF=0
T=207085 | Temp=44/238 H=1 C=0 | Water=12 | Alarm=0 | Lock=1[11] | Humid=19 HF=1 DF=0
T=207105 | Temp=101/145 H=1 C=0 | Water=0 | Alarm=0 | Lock=1[11] | Humid=197 HF=1 DF=0
T=207125 | Temp=85/92 H=1 C=0 | Water=4 | Alarm=0 | Lock=1[11] | Humid=240 HF=0 DF=1
T=207145 | Temp=147/237 H=1 C=0 | Water=7 | Alarm=0 | Lock=1[11] | Humid=232 HF=0 DF=1
T=207165 | Temp=126/53 H=1 C=0 | Water=0 | Alarm=0 | Lock=1[11] | Humid=201 HF=0 DF=1
T=207185 | Temp=181/189 H=0 C=1 | Water=5 | Alarm=0 | Lock=1[11] | Humid=234 HF=0 DF=1
T=207205 | Temp=11/133 H=1 C=0 | Water=7 | Alarm=0 | Lock=1[11] | Humid=190 HF=0 DF=1
T=207225 | Temp=10/55 H=1 C=0 | Water=4 | Alarm=0 | Lock=1[11] | Humid=166 HF=0 DF=1
T=207245 | Temp=68/86 H=1 C=0 | Water=8 | Alarm=0 | Lock=1[11] | Humid=75 HF=0 DF=1
T=207265 | Temp=91/25 H=1 C=0 | Water=5 | Alarm=0 | Lock=1[11] | Humid=42 HF=0 DF=1
T=207285 | Temp=231/15 H=0 C=1 | Water=8 | Alarm=0 | Lock=1[11] | Humid=167 HF=0 DF=0
T=207305 | Temp=237/146 H=0 C=1 | Water=7 | Alarm=0 | Lock=1[11] | Humid=61 HF=0 DF=1
T=207325 | Temp=168/172 H=0 C=1 | Water=6 | Alarm=0 | Lock=1[11] | Humid=220 HF=0 DF=1
T=207345 | Temp=184/57 H=1 C=0 | Water=15 | Alarm=0 | Lock=1[11] | Humid=12 HF=0 DF=1
T=207365 | Temp=53/222 H=0 C=1 | Water=13 | Alarm=0 | Lock=1[11] | Humid=193 HF=1 DF=0
T=207385 | Temp=235/217 H=1 C=0 | Water=3 | Alarm=0 | Lock=1[11] | Humid=110 HF=0 DF=1
T=207405 | Temp=28/232 H=0 C=1 | Water=3 | Alarm=0 | Lock=1[11] | Humid=144 HF=0 DF=1
T=207425 | Temp=59/198 H=1 C=0 | Water=8 | Alarm=0 | Lock=1[11] | Humid=76 HF=0 DF=1
T=207445 | Temp=59/31 H=1 C=0 | Water=7 | Alarm=0 | Lock=1[11] | Humid=99 HF=0 DF=1
T=207465 | Temp=210/183 H=0 C=1 | Water=6 | Alarm=0 | Lock=1[11] | Humid=46 HF=0 DF=1
T=207485 | Temp=109/95 H=0 C=1 | Water=15 | Alarm=0 | Lock=1[11] | Humid=151 HF=0 DF=0
T=207505 | Temp=163/89 H=0 C=1 | Water=4 | Alarm=0 | Lock=1[11] | Humid=85 HF=0 DF=1
T=207525 | Temp=117/41 H=0 C=1 | Water=1 | Alarm=0 | Lock=1[11] | Humid=92 HF=0 DF=1
T=207545 | Temp=88/248 H=0 C=1 | Water=1 | Alarm=0 | Lock=1[11] | Humid=4 HF=0 DF=1
T=207565 | Temp=244/217 H=1 C=0 | Water=2 | Alarm=0 | Lock=1[11] | Humid=7 HF=1 DF=0
T=207585 | Temp=232/201 H=0 C=1 | Water=9 | Alarm=0 | Lock=1[11] | Humid=189 HF=1 DF=0
T=207605 | Temp=39/133 H=0 C=1 | Water=13 | Alarm=0 | Lock=1[11] | Humid=55 HF=0 DF=1
T=207625 | Temp=18/251 H=1 C=0 | Water=13 | Alarm=0 | Lock=1[11] | Humid=212 HF=0 DF=0
T=207645 | Temp=35/145 H=1 C=0 | Water=0 | Alarm=0 | Lock=1[11] | Humid=52 HF=0 DF=1
T=207665 | Temp=30/35 H=1 C=0 | Water=13 | Alarm=0 | Lock=1[11] | Humid=252 HF=0 DF=0
T=207685 | Temp=66/141 H=1 C=0 | Water=1 | Alarm=0 | Lock=1[11] | Humid=92 HF=0 DF=1
T=207705 | Temp=167/76 H=1 C=0 | Water=14 | Alarm=0 | Lock=1[11] | Humid=10 HF=0 DF=1
T=207725 | Temp=70/137 H=0 C=1 | Water=10 | Alarm=0 | Lock=1[11] | Humid=12 HF=1 DF=0
T=207745 | Temp=69/34 H=1 C=0 | Water=5 | Alarm=0 | Lock=1[11] | Humid=2 HF=1 DF=0
T=207765 | Temp=40/131 H=0 C=1 | Water=6 | Alarm=0 | Lock=1[11] | Humid=89 HF=1 DF=0
T=207785 | Temp=241/234 H=1 C=0 | Water=12 | Alarm=0 | Lock=1[11] | Humid=133 HF=0 DF=1
T=207805 | Temp=174/218 H=0 C=1 | Water=5 | Alarm=0 | Lock=1[11] | Humid=148 HF=0 DF=1
T=207825 | Temp=107/108 H=1 C=0 | Water=11 | Alarm=0 | Lock=1[11] | Humid=204 HF=0 DF=1
T=207845 | Temp=89/131 H=1 C=0 | Water=0 | Alarm=0 | Lock=1[11] | Humid=16 HF=0 DF=1
T=207865 | Temp=55/74 H=1 C=0 | Water=6 | Alarm=0 | Lock=1[11] | Humid=35 HF=1 DF=0
T=207885 | Temp=34/46 H=1 C=0 | Water=0 | Alarm=0 | Lock=1[11] | Humid=5 HF=1 DF=0
T=207905 | Temp=0/90 H=1 C=0 | Water=15 | Alarm=0 | Lock=1[11] | Humid=174 HF=1 DF=0
T=207925 | Temp=146/76 H=1 C=0 | Water=0 | Alarm=0 | Lock=1[11] | Humid=27 HF=0 DF=1
T=207945 | Temp=34/150 H=0 C=1 | Water=9 | Alarm=0 | Lock=1[11] | Humid=110 HF=1 DF=0
T=207965 | Temp=204/2 H=1 C=0 | Water=3 | Alarm=0 | Lock=1[11] | Humid=134 HF=0 DF=1
T=207985 | Temp=217/141 H=0 C=1 | Water=15 | Alarm=0 | Lock=1[11] | Humid=112 HF=0 DF=1
T=208005 | Temp=95/43 H=0 C=1 | Water=7 | Alarm=0 | Lock=1[11] | Humid=44 HF=0 DF=1
T=208025 | Temp=152/51 H=0 C=1 | Water=7 | Alarm=0 | Lock=1[11] | Humid=51 HF=0 DF=0
T=208045 | Temp=115/225 H=0 C=1 | Water=13 | Alarm=0 | Lock=1[11] | Humid=34 HF=0 DF=0
T=208065 | Temp=176/43 H=1 C=0 | Water=13 | Alarm=0 | Lock=1[11] | Humid=226 HF=1 DF=0
T=208085 | Temp=175/10 H=0 C=1 | Water=11 | Alarm=0 | Lock=1[11] | Humid=179 HF=0 DF=1
T=208105 | Temp=37/22 H=0 C=1 | Water=11 | Alarm=0 | Lock=1[11] | Humid=134 HF=0 DF=1
T=208125 | Temp=74/62 H=0 C=1 | Water=10 | Alarm=0 | Lock=1[11] | Humid=239 HF=0 DF=1
T=208145 | Temp=156/240 H=0 C=1 | Water=10 | Alarm=0 | Lock=1[11] | Humid=34 HF=0 DF=1
T=208165 | Temp=111/255 H=1 C=0 | Water=7 | Alarm=0 | Lock=1[11] | Humid=136 HF=1 DF=0
T=208185 | Temp=26/247 H=1 C=0 | Water=1 | Alarm=0 | Lock=1[11] | Humid=8 HF=0 DF=1
T=208205 | Temp=26/12 H=1 C=0 | Water=8 | Alarm=0 | Lock=1[11] | Humid=243 HF=1 DF=0
T=208225 | Temp=96/251 H=0 C=1 | Water=10 | Alarm=0 | Lock=1[11] | Humid=37 HF=0 DF=1
T=208245 | Temp=182/63 H=1 C=0 | Water=12 | Alarm=0 | Lock=1[11] | Humid=241 HF=1 DF=0
T=208265 | Temp=5/216 H=0 C=1 | Water=13 | Alarm=0 | Lock=1[11] | Humid=227 HF=0 DF=1
T=208285 | Temp=17/207 H=1 C=0 | Water=3 | Alarm=0 | Lock=1[11] | Humid=214 HF=0 DF=1
T=208305 | Temp=253/128 H=1 C=0 | Water=8 | Alarm=0 | Lock=1[11] | Humid=185 HF=0 DF=1
T=208325 | Temp=130/236 H=0 C=1 | Water=8 | Alarm=0 | Lock=1[11] | Humid=193 HF=0 DF=1
T=208345 | Temp=184/1 H=1 C=0 | Water=1 | Alarm=0 | Lock=1[11] | Humid=93 HF=0 DF=1
T=208365 | Temp=247/55 H=1 C=0 | Water=1 | Alarm=0 | Lock=1[11] | Humid=223 HF=0 DF=1
T=208385 | Temp=111/65 H=0 C=1 | Water=13 | Alarm=0 | Lock=1[11] | Humid=166 HF=0 DF=1
T=208405 | Temp=162/144 H=0 C=1 | Water=13 | Alarm=0 | Lock=1[11] | Humid=211 HF=0 DF=1
T=208425 | Temp=114/222 H=0 C=1 | Water=1 | Alarm=0 | Lock=1[01] | Humid=110 HF=0 DF=1
T=208435 | Temp=114/222 H=0 C=1 | Water=1 | Alarm=0 | Lock=1[11] | Humid=110 HF=0 DF=1
T=208445 | Temp=29/255 H=1 C=0 | Water=6 | Alarm=0 | Lock=1[11] | Humid=75 HF=0 DF=1
T=208465 | Temp=245/1 H=1 C=0 | Water=15 | Alarm=0 | Lock=1[11] | Humid=18 HF=0 DF=1
T=208485 | Temp=183/198 H=1 C=0 | Water=11 | Alarm=0 | Lock=1[11] | Humid=188 HF=1 DF=0
T=208505 | Temp=103/223 H=1 C=0 | Water=1 | Alarm=0 | Lock=1[11] | Humid=63 HF=0 DF=1
T=208525 | Temp=195/50 H=1 C=0 | Water=6 | Alarm=0 | Lock=1[11] | Humid=129 HF=0 DF=1
T=208545 | Temp=219/198 H=0 C=1 | Water=7 | Alarm=0 | Lock=1[11] | Humid=213 HF=0 DF=1
T=208565 | Temp=240/227 H=0 C=1 | Water=11 | Alarm=0 | Lock=1[11] | Humid=236 HF=0 DF=1
T=208585 | Temp=65/213 H=0 C=1 | Water=6 | Alarm=0 | Lock=1[11] | Humid=251 HF=0 DF=1
T=208605 | Temp=69/122 H=1 C=0 | Water=3 | Alarm=0 | Lock=1[11] | Humid=49 HF=0 DF=1
T=208625 | Temp=30/55 H=1 C=0 | Water=10 | Alarm=0 | Lock=1[11] | Humid=224 HF=0 DF=0
T=208645 | Temp=124/26 H=1 C=0 | Water=13 | Alarm=0 | Lock=1[11] | Humid=6 HF=0 DF=1
T=208665 | Temp=196/206 H=0 C=1 | Water=0 | Alarm=0 | Lock=1[11] | Humid=213 HF=1 DF=0
T=208685 | Temp=211/166 H=1 C=0 | Water=2 | Alarm=0 | Lock=1[11] | Humid=222 HF=0 DF=1
T=208705 | Temp=224/195 H=0 C=1 | Water=4 | Alarm=0 | Lock=1[11] | Humid=99 HF=0 DF=1
T=208725 | Temp=51/235 H=0 C=1 | Water=12 | Alarm=0 | Lock=1[11] | Humid=193 HF=0 DF=1
T=208745 | Temp=71/16 H=1 C=0 | Water=1 | Alarm=0 | Lock=1[11] | Humid=186 HF=0 DF=1
T=208765 | Temp=247/15 H=0 C=1 | Water=15 | Alarm=0 | Lock=1[11] | Humid=229 HF=0 DF=1
T=208785 | Temp=9/255 H=0 C=1 | Water=7 | Alarm=0 | Lock=1[11] | Humid=217 HF=0 DF=1
T=208805 | Temp=151/102 H=1 C=0 | Water=6 | Alarm=0 | Lock=1[11] | Humid=19 HF=0 DF=1
T=208825 | Temp=28/30 H=0 C=1 | Water=6 | Alarm=0 | Lock=1[11] | Humid=128 HF=1 DF=0
T=208845 | Temp=189/0 H=0 C=1 | Water=15 | Alarm=0 | Lock=1[11] | Humid=126 HF=0 DF=1
T=208865 | Temp=1/227 H=1 C=0 | Water=5 | Alarm=0 | Lock=1[11] | Humid=158 HF=0 DF=1
T=208885 | Temp=144/7 H=1 C=0 | Water=14 | Alarm=0 | Lock=1[11] | Humid=240 HF=0 DF=1
T=208905 | Temp=152/97 H=0 C=1 | Water=11 | Alarm=0 | Lock=1[11] | Humid=16 HF=0 DF=1
T=208925 | Temp=190/205 H=0 C=1 | Water=7 | Alarm=0 | Lock=1[11] | Humid=201 HF=1 DF=0
T=208945 | Temp=242/62 H=1 C=0 | Water=4 | Alarm=0 | Lock=1[11] | Humid=66 HF=0 DF=1
T=208965 | Temp=17/173 H=0 C=1 | Water=8 | Alarm=0 | Lock=1[11] | Humid=97 HF=0 DF=1
T=208985 | Temp=223/125 H=1 C=0 | Water=9 | Alarm=0 | Lock=1[11] | Humid=100 HF=0 DF=1
T=209005 | Temp=210/191 H=0 C=1 | Water=4 | Alarm=0 | Lock=1[11] | Humid=104 HF=0 DF=1
T=209025 | Temp=107/39 H=0 C=1 | Water=11 | Alarm=0 | Lock=1[11] | Humid=46 HF=0 DF=1
T=209045 | Temp=20/138 H=0 C=1 | Water=6 | Alarm=0 | Lock=1[11] | Humid=71 HF=0 DF=0
T=209065 | Temp=34/207 H=1 C=0 | Water=11 | Alarm=0 | Lock=1[11] | Humid=201 HF=0 DF=1
T=209085 | Temp=187/126 H=1 C=0 | Water=13 | Alarm=0 | Lock=1[11] | Humid=175 HF=0 DF=1
T=209105 | Temp=217/176 H=0 C=1 | Water=11 | Alarm=0 | Lock=1[11] | Humid=220 HF=0 DF=1
T=209125 | Temp=253/109 H=0 C=1 | Water=5 | Alarm=0 | Lock=1[11] | Humid=124 HF=0 DF=1
T=209145 | Temp=106/35 H=0 C=1 | Water=3 | Alarm=0 | Lock=1[11] | Humid=74 HF=0 DF=1
T=209165 | Temp=134/31 H=0 C=1 | Water=13 | Alarm=0 | Lock=1[11] | Humid=247 HF=0 DF=1
T=209185 | Temp=186/164 H=0 C=1 | Water=9 | Alarm=0 | Lock=1[11] | Humid=49 HF=0 DF=1
T=209205 | Temp=241/97 H=0 C=1 | Water=5 | Alarm=0 | Lock=1[11] | Humid=180 HF=0 DF=0
T=209225 | Temp=171/49 H=0 C=1 | Water=10 | Alarm=0 | Lock=1[11] | Humid=174 HF=0 DF=1
T=209245 | Temp=243/132 H=0 C=1 | Water=0 | Alarm=0 | Lock=1[11] | Humid=27 HF=0 DF=1
T=209265 | Temp=241/154 H=0 C=1 | Water=1 | Alarm=0 | Lock=1[11] | Humid=51 HF=1 DF=0
T=209285 | Temp=32/242 H=0 C=1 | Water=10 | Alarm=0 | Lock=1[11] | Humid=214 HF=0 DF=0
T=209305 | Temp=51/214 H=1 C=0 | Water=4 | Alarm=0 | Lock=1[11] | Humid=234 HF=0 DF=1
T=209325 | Temp=171/41 H=1 C=0 | Water=2 | Alarm=0 | Lock=1[11] | Humid=152 HF=0 DF=1
T=209345 | Temp=32/35 H=0 C=1 | Water=14 | Alarm=0 | Lock=1[11] | Humid=185 HF=0 DF=1
T=209365 | Temp=148/21 H=1 C=0 | Water=4 | Alarm=0 | Lock=1[11] | Humid=20 HF=0 DF=1
T=209385 | Temp=46/168 H=0 C=1 | Water=7 | Alarm=0 | Lock=1[11] | Humid=123 HF=1 DF=0
T=209405 | Temp=128/24 H=1 C=0 | Water=5 | Alarm=0 | Lock=1[11] | Humid=116 HF=0 DF=1
T=209425 | Temp=121/91 H=0 C=1 | Water=1 | Alarm=0 | Lock=1[11] | Humid=70 HF=0 DF=1
T=209445 | Temp=126/12 H=0 C=1 | Water=7 | Alarm=0 | Lock=1[11] | Humid=147 HF=0 DF=1
T=209465 | Temp=89/215 H=0 C=1 | Water=11 | Alarm=0 | Lock=1[11] | Humid=136 HF=0 DF=1
T=209485 | Temp=150/28 H=1 C=0 | Water=4 | Alarm=0 | Lock=1[11] | Humid=91 HF=0 DF=1
T=209505 | Temp=231/165 H=0 C=1 | Water=0 | Alarm=0 | Lock=1[11] | Humid=169 HF=0 DF=1
T=209525 | Temp=160/51 H=0 C=1 | Water=10 | Alarm=0 | Lock=1[11] | Humid=230 HF=0 DF=1
T=209545 | Temp=152/246 H=0 C=1 | Water=13 | Alarm=0 | Lock=1[11] | Humid=50 HF=0 DF=1
T=209565 | Temp=163/230 H=1 C=0 | Water=0 | Alarm=0 | Lock=1[11] | Humid=8 HF=0 DF=0
T=209585 | Temp=242/222 H=1 C=0 | Water=10 | Alarm=0 | Lock=1[11] | Humid=154 HF=1 DF=0
T=209605 | Temp=191/37 H=0 C=1 | Water=10 | Alarm=0 | Lock=1[11] | Humid=34 HF=0 DF=1
T=209625 | Temp=142/168 H=0 C=1 | Water=8 | Alarm=0 | Lock=1[11] | Humid=2 HF=1 DF=0
T=209645 | Temp=32/64 H=1 C=0 | Water=0 | Alarm=0 | Lock=1[11] | Humid=119 HF=1 DF=0
T=209665 | Temp=89/196 H=1 C=0 | Water=13 | Alarm=0 | Lock=1[11] | Humid=242 HF=0 DF=1
T=209685 | Temp=196/15 H=1 C=0 | Water=9 | Alarm=0 | Lock=1[11] | Humid=218 HF=0 DF=1
T=209705 | Temp=228/186 H=0 C=1 | Water=7 | Alarm=0 | Lock=1[11] | Humid=210 HF=0 DF=1
T=209725 | Temp=178/8 H=0 C=1 | Water=14 | Alarm=0 | Lock=1[11] | Humid=247 HF=0 DF=1
T=209745 | Temp=176/234 H=0 C=1 | Water=13 | Alarm=0 | Lock=1[11] | Humid=165 HF=0 DF=1
T=209765 | Temp=121/179 H=1 C=0 | Water=2 | Alarm=0 | Lock=1[11] | Humid=193 HF=0 DF=1
T=209785 | Temp=102/185 H=1 C=0 | Water=4 | Alarm=0 | Lock=1[11] | Humid=45 HF=0 DF=1
T=209805 | Temp=131/11 H=1 C=0 | Water=14 | Alarm=0 | Lock=1[11] | Humid=151 HF=0 DF=0
T=209825 | Temp=3/240 H=0 C=1 | Water=8 | Alarm=0 | Lock=1[11] | Humid=48 HF=0 DF=1
T=209845 | Temp=121/233 H=1 C=0 | Water=2 | Alarm=0 | Lock=1[11] | Humid=68 HF=0 DF=0
T=209865 | Temp=154/133 H=1 C=0 | Water=6 | Alarm=0 | Lock=1[11] | Humid=107 HF=0 DF=1
T=209885 | Temp=237/104 H=0 C=1 | Water=10 | Alarm=0 | Lock=1[11] | Humid=251 HF=0 DF=1
T=209905 | Temp=210/83 H=0 C=1 | Water=7 | Alarm=0 | Lock=1[11] | Humid=151 HF=0 DF=1
T=209925 | Temp=90/19 H=0 C=1 | Water=1 | Alarm=0 | Lock=1[11] | Humid=222 HF=0 DF=1
T=209945 | Temp=3/236 H=0 C=1 | Water=0 | Alarm=0 | Lock=1[11] | Humid=159 HF=0 DF=1
T=209965 | Temp=32/181 H=1 C=0 | Water=8 | Alarm=0 | Lock=1[11] | Humid=30 HF=0 DF=1
T=209985 | Temp=91/150 H=1 C=0 | Water=2 | Alarm=0 | Lock=1[11] | Humid=166 HF=1 DF=0
T=210005 | Temp=148/115 H=1 C=0 | Water=5 | Alarm=0 | Lock=1[11] | Humid=109 HF=0 DF=1
T=210025 | Temp=171/213 H=0 C=1 | Water=6 | Alarm=0 | Lock=1[11] | Humid=147 HF=0 DF=1
T=210045 | Temp=44/119 H=1 C=0 | Water=12 | Alarm=0 | Lock=1[11] | Humid=17 HF=0 DF=1
T=210065 | Temp=149/13 H=1 C=0 | Water=1 | Alarm=0 | Lock=1[11] | Humid=142 HF=1 DF=0
T=210085 | Temp=48/183 H=0 C=1 | Water=12 | Alarm=0 | Lock=1[11] | Humid=87 HF=0 DF=1
T=210105 | Temp=36/2 H=1 C=0 | Water=4 | Alarm=0 | Lock=1[11] | Humid=213 HF=0 DF=1
T=210125 | Temp=28/34 H=0 C=1 | Water=15 | Alarm=0 | Lock=1[11] | Humid=55 HF=0 DF=1
T=210145 | Temp=195/26 H=1 C=0 | Water=10 | Alarm=0 | Lock=1[11] | Humid=156 HF=0 DF=0
T=210165 | Temp=199/182 H=0 C=1 | Water=0 | Alarm=0 | Lock=1[11] | Humid=193 HF=0 DF=1
T=210185 | Temp=171/239 H=0 C=1 | Water=2 | Alarm=0 | Lock=1[11] | Humid=57 HF=0 DF=1
T=210205 | Temp=116/77 H=1 C=0 | Water=14 | Alarm=0 | Lock=1[11] | Humid=5 HF=0 DF=0
T=210225 | Temp=11/23 H=0 C=1 | Water=12 | Alarm=0 | Lock=1[11] | Humid=29 HF=1 DF=0
T=210245 | Temp=213/189 H=1 C=0 | Water=12 | Alarm=0 | Lock=1[11] | Humid=158 HF=1 DF=0
T=210265 | Temp=141/224 H=0 C=1 | Water=8 | Alarm=0 | Lock=1[11] | Humid=177 HF=0 DF=1
T=210285 | Temp=228/48 H=1 C=0 | Water=10 | Alarm=0 | Lock=1[11] | Humid=213 HF=0 DF=1
T=210305 | Temp=242/191 H=0 C=1 | Water=8 | Alarm=0 | Lock=1[11] | Humid=30 HF=0 DF=1
T=210325 | Temp=243/86 H=0 C=1 | Water=3 | Alarm=0 | Lock=1[11] | Humid=230 HF=1 DF=0
T=210345 | Temp=117/150 H=0 C=1 | Water=9 | Alarm=0 | Lock=1[11] | Humid=224 HF=0 DF=1
T=210365 | Temp=98/40 H=1 C=0 | Water=4 | Alarm=0 | Lock=1[11] | Humid=212 HF=0 DF=1
T=210385 | Temp=47/85 H=0 C=1 | Water=13 | Alarm=0 | Lock=1[11] | Humid=60 HF=0 DF=1
T=210405 | Temp=241/234 H=1 C=0 | Water=0 | Alarm=0 | Lock=1[11] | Humid=181 HF=0 DF=0
T=210425 | Temp=218/191 H=0 C=1 | Water=3 | Alarm=0 | Lock=1[11] | Humid=102 HF=0 DF=1
T=210445 | Temp=139/97 H=0 C=1 | Water=14 | Alarm=0 | Lock=1[01] | Humid=136 HF=0 DF=1
T=210455 | Temp=139/97 H=0 C=1 | Water=14 | Alarm=0 | Lock=1[11] | Humid=136 HF=0 DF=1
T=210465 | Temp=181/98 H=0 C=1 | Water=15 | Alarm=0 | Lock=1[11] | Humid=20 HF=0 DF=1
T=210485 | Temp=101/56 H=0 C=1 | Water=15 | Alarm=0 | Lock=1[11] | Humid=164 HF=1 DF=0
T=210505 | Temp=33/166 H=0 C=1 | Water=5 | Alarm=0 | Lock=1[11] | Humid=46 HF=0 DF=1
T=210525 | Temp=129/70 H=1 C=0 | Water=11 | Alarm=0 | Lock=1[11] | Humid=255 HF=0 DF=0
T=210545 | Temp=91/57 H=0 C=1 | Water=11 | Alarm=0 | Lock=1[11] | Humid=148 HF=0 DF=1
T=210565 | Temp=172/244 H=0 C=1 | Water=13 | Alarm=0 | Lock=1[11] | Humid=20 HF=0 DF=1
T=210585 | Temp=169/44 H=1 C=0 | Water=11 | Alarm=0 | Lock=1[11] | Humid=188 HF=1 DF=0
T=210605 | Temp=16/237 H=0 C=1 | Water=2 | Alarm=0 | Lock=1[11] | Humid=53 HF=0 DF=1
T=210625 | Temp=21/32 H=1 C=0 | Water=3 | Alarm=0 | Lock=1[11] | Humid=195 HF=0 DF=0
T=210645 | Temp=239/134 H=1 C=0 | Water=9 | Alarm=0 | Lock=1[11] | Humid=193 HF=0 DF=1
T=210665 | Temp=100/139 H=0 C=1 | Water=14 | Alarm=0 | Lock=1[11] | Humid=226 HF=0 DF=1
T=210685 | Temp=119/33 H=1 C=0 | Water=11 | Alarm=0 | Lock=1[11] | Humid=169 HF=0 DF=1
T=210705 | Temp=26/89 H=0 C=1 | Water=13 | Alarm=0 | Lock=1[11] | Humid=46 HF=0 DF=1
T=210725 | Temp=47/67 H=1 C=0 | Water=13 | Alarm=0 | Lock=1[11] | Humid=101 HF=0 DF=0
T=210745 | Temp=39/247 H=1 C=0 | Water=11 | Alarm=0 | Lock=1[11] | Humid=178 HF=0 DF=1
T=210765 | Temp=121/43 H=1 C=0 | Water=13 | Alarm=0 | Lock=1[11] | Humid=181 HF=0 DF=1
T=210785 | Temp=224/212 H=0 C=1 | Water=10 | Alarm=0 | Lock=1[11] | Humid=168 HF=0 DF=1
T=210805 | Temp=223/22 H=0 C=1 | Water=8 | Alarm=0 | Lock=1[11] | Humid=167 HF=0 DF=1
T=210825 | Temp=79/155 H=0 C=1 | Water=15 | Alarm=0 | Lock=1[11] | Humid=44 HF=0 DF=1
T=210845 | Temp=29/15 H=1 C=0 | Water=4 | Alarm=0 | Lock=1[11] | Humid=170 HF=0 DF=0
T=210865 | Temp=97/221 H=0 C=1 | Water=4 | Alarm=0 | Lock=1[11] | Humid=124 HF=0 DF=1
T=210885 | Temp=19/251 H=1 C=0 | Water=6 | Alarm=0 | Lock=1[11] | Humid=42 HF=0 DF=1
T=210905 | Temp=252/252 H=1 C=0 | Water=8 | Alarm=0 | Lock=1[11] | Humid=131 HF=0 DF=0
T=210925 | Temp=215/95 H=0 C=0 | Water=14 | Alarm=0 | Lock=1[11] | Humid=69 HF=0 DF=1
T=210945 | Temp=133/120 H=0 C=1 | Water=9 | Alarm=0 | Lock=1[11] | Humid=184 HF=0 DF=1
T=210965 | Temp=215/44 H=0 C=1 | Water=10 | Alarm=0 | Lock=1[11] | Humid=254 HF=0 DF=1
T=210985 | Temp=104/80 H=0 C=1 | Water=13 | Alarm=0 | Lock=1[11] | Humid=96 HF=0 DF=1
T=211005 | Temp=101/64 H=0 C=1 | Water=4 | Alarm=0 | Lock=1[11] | Humid=112 HF=0 DF=1
T=211025 | Temp=33/209 H=0 C=1 | Water=12 | Alarm=0 | Lock=1[11] | Humid=202 HF=0 DF=1
T=211045 | Temp=165/121 H=1 C=0 | Water=4 | Alarm=0 | Lock=1[11] | Humid=60 HF=0 DF=1
T=211065 | Temp=157/200 H=0 C=1 | Water=7 | Alarm=0 | Lock=1[11] | Humid=16 HF=0 DF=0
T=211085 | Temp=38/232 H=1 C=0 | Water=5 | Alarm=0 | Lock=1[11] | Humid=233 HF=1 DF=0
T=211105 | Temp=101/103 H=1 C=0 | Water=0 | Alarm=0 | Lock=1[11] | Humid=250 HF=0 DF=1
T=211125 | Temp=141/162 H=1 C=0 | Water=15 | Alarm=0 | Lock=1[11] | Humid=23 HF=0 DF=1
T=211145 | Temp=40/95 H=1 C=0 | Water=9 | Alarm=0 | Lock=1[11] | Humid=9 HF=1 DF=0
T=211165 | Temp=54/21 H=1 C=0 | Water=6 | Alarm=0 | Lock=1[11] | Humid=206 HF=1 DF=0
T=211185 | Temp=61/88 H=0 C=1 | Water=4 | Alarm=0 | Lock=1[11] | Humid=8 HF=0 DF=1
T=211205 | Temp=20/37 H=1 C=0 | Water=0 | Alarm=0 | Lock=1[11] | Humid=41 HF=1 DF=0
T=211225 | Temp=241/39 H=1 C=0 | Water=0 | Alarm=0 | Lock=1[11] | Humid=159 HF=0 DF=0
T=211245 | Temp=18/204 H=0 C=1 | Water=9 | Alarm=0 | Lock=1[11] | Humid=156 HF=0 DF=1
T=211265 | Temp=108/127 H=1 C=0 | Water=8 | Alarm=0 | Lock=1[11] | Humid=130 HF=0 DF=1
T=211285 | Temp=89/106 H=1 C=0 | Water=2 | Alarm=0 | Lock=1[11] | Humid=64 HF=0 DF=1
T=211305 | Temp=219/178 H=1 C=0 | Water=7 | Alarm=0 | Lock=1[11] | Humid=99 HF=0 DF=1
T=211325 | Temp=23/228 H=0 C=1 | Water=3 | Alarm=0 | Lock=1[11] | Humid=161 HF=0 DF=1
T=211345 | Temp=224/186 H=1 C=0 | Water=0 | Alarm=0 | Lock=1[11] | Humid=250 HF=0 DF=1
T=211365 | Temp=118/166 H=0 C=1 | Water=11 | Alarm=0 | Lock=1[11] | Humid=122 HF=0 DF=1
T=211385 | Temp=101/136 H=1 C=0 | Water=5 | Alarm=0 | Lock=1[11] | Humid=4 HF=0 DF=1
T=211405 | Temp=146/166 H=1 C=0 | Water=6 | Alarm=0 | Lock=1[11] | Humid=111 HF=1 DF=0
T=211425 | Temp=31/30 H=1 C=0 | Water=14 | Alarm=0 | Lock=1[11] | Humid=213 HF=0 DF=1
T=211445 | Temp=185/117 H=1 C=0 | Water=3 | Alarm=0 | Lock=1[11] | Humid=244 HF=0 DF=1
T=211465 | Temp=218/66 H=0 C=1 | Water=4 | Alarm=0 | Lock=1[11] | Humid=43 HF=0 DF=1
T=211485 | Temp=191/16 H=0 C=1 | Water=1 | Alarm=0 | Lock=1[11] | Humid=91 HF=0 DF=0
T=211505 | Temp=50/86 H=0 C=1 | Water=4 | Alarm=0 | Lock=1[11] | Humid=195 HF=0 DF=1
T=211525 | Temp=178/121 H=1 C=0 | Water=6 | Alarm=0 | Lock=1[11] | Humid=210 HF=0 DF=1
T=211545 | Temp=86/74 H=0 C=1 | Water=4 | Alarm=0 | Lock=1[11] | Humid=36 HF=0 DF=1
T=211565 | Temp=107/242 H=0 C=1 | Water=1 | Alarm=0 | Lock=1[11] | Humid=128 HF=1 DF=0
T=211585 | Temp=252/8 H=1 C=0 | Water=3 | Alarm=0 | Lock=1[11] | Humid=159 HF=0 DF=1
T=211605 | Temp=161/249 H=0 C=1 | Water=12 | Alarm=0 | Lock=1[11] | Humid=238 HF=0 DF=1
T=211625 | Temp=41/205 H=1 C=0 | Water=8 | Alarm=0 | Lock=1[11] | Humid=214 HF=0 DF=1
T=211645 | Temp=140/137 H=1 C=0 | Water=9 | Alarm=0 | Lock=1[11] | Humid=107 HF=0 DF=1
T=211665 | Temp=104/116 H=0 C=1 | Water=0 | Alarm=0 | Lock=1[11] | Humid=208 HF=0 DF=1
T=211685 | Temp=75/228 H=1 C=0 | Water=11 | Alarm=0 | Lock=1[11] | Humid=238 HF=0 DF=1
T=211705 | Temp=221/226 H=1 C=0 | Water=1 | Alarm=0 | Lock=1[11] | Humid=218 HF=0 DF=1
T=211725 | Temp=148/187 H=1 C=0 | Water=7 | Alarm=0 | Lock=1[11] | Humid=210 HF=0 DF=1
T=211745 | Temp=66/38 H=1 C=0 | Water=6 | Alarm=0 | Lock=1[11] | Humid=213 HF=0 DF=1
T=211765 | Temp=188/19 H=0 C=1 | Water=15 | Alarm=0 | Lock=1[11] | Humid=20 HF=0 DF=1
T=211785 | Temp=114/115 H=0 C=1 | Water=12 | Alarm=0 | Lock=1[11] | Humid=40 HF=1 DF=0
T=211805 | Temp=205/166 H=0 C=1 | Water=3 | Alarm=0 | Lock=1[11] | Humid=135 HF=0 DF=0
T=211825 | Temp=66/245 H=0 C=1 | Water=14 | Alarm=0 | Lock=1[11] | Humid=42 HF=0 DF=1
T=211845 | Temp=6/77 H=1 C=0 | Water=6 | Alarm=0 | Lock=1[11] | Humid=133 HF=0 DF=0
T=211865 | Temp=0/233 H=1 C=0 | Water=6 | Alarm=0 | Lock=1[11] | Humid=62 HF=0 DF=1
T=211885 | Temp=116/164 H=1 C=0 | Water=15 | Alarm=0 | Lock=1[11] | Humid=8 HF=0 DF=1
T=211905 | Temp=19/37 H=1 C=0 | Water=3 | Alarm=0 | Lock=1[11] | Humid=45 HF=1 DF=0
T=211925 | Temp=125/207 H=1 C=0 | Water=11 | Alarm=0 | Lock=1[11] | Humid=81 HF=0 DF=0
T=211945 | Temp=103/44 H=1 C=0 | Water=2 | Alarm=0 | Lock=1[11] | Humid=38 HF=0 DF=1
T=211965 | Temp=247/103 H=0 C=1 | Water=10 | Alarm=0 | Lock=1[11] | Humid=212 HF=1 DF=0
T=211985 | Temp=216/228 H=0 C=1 | Water=14 | Alarm=0 | Lock=1[11] | Humid=32 HF=0 DF=1
T=212005 | Temp=118/238 H=1 C=0 | Water=0 | Alarm=0 | Lock=1[11] | Humid=14 HF=1 DF=0
T=212025 | Temp=57/252 H=1 C=0 | Water=11 | Alarm=0 | Lock=1[11] | Humid=72 HF=1 DF=0
T=212045 | Temp=3/94 H=1 C=0 | Water=8 | Alarm=0 | Lock=1[11] | Humid=251 HF=0 DF=1
T=212065 | Temp=252/249 H=1 C=0 | Water=14 | Alarm=0 | Lock=1[11] | Humid=2 HF=0 DF=1
T=212085 | Temp=31/138 H=0 C=1 | Water=9 | Alarm=0 | Lock=1[11] | Humid=62 HF=1 DF=0
T=212105 | Temp=122/35 H=1 C=0 | Water=6 | Alarm=0 | Lock=1[11] | Humid=108 HF=0 DF=1
T=212125 | Temp=183/11 H=0 C=1 | Water=10 | Alarm=0 | Lock=1[11] | Humid=241 HF=0 DF=1
T=212145 | Temp=211/230 H=0 C=1 | Water=6 | Alarm=0 | Lock=1[11] | Humid=84 HF=0 DF=1
T=212165 | Temp=98/234 H=1 C=0 | Water=3 | Alarm=0 | Lock=1[11] | Humid=91 HF=0 DF=1
T=212185 | Temp=105/144 H=1 C=0 | Water=11 | Alarm=0 | Lock=1[11] | Humid=213 HF=0 DF=1
T=212205 | Temp=203/106 H=1 C=0 | Water=0 | Alarm=0 | Lock=1[11] | Humid=56 HF=0 DF=1
T=212225 | Temp=215/63 H=0 C=1 | Water=5 | Alarm=0 | Lock=1[11] | Humid=136 HF=0 DF=0
T=212245 | Temp=120/186 H=0 C=1 | Water=15 | Alarm=0 | Lock=1[11] | Humid=184 HF=0 DF=1
T=212265 | Temp=251/235 H=1 C=0 | Water=5 | Alarm=0 | Lock=1[11] | Humid=225 HF=0 DF=1
T=212285 | Temp=223/21 H=0 C=1 | Water=6 | Alarm=0 | Lock=1[11] | Humid=220 HF=0 DF=1
T=212305 | Temp=1/142 H=0 C=1 | Water=11 | Alarm=0 | Lock=1[11] | Humid=39 HF=0 DF=1
T=212325 | Temp=17/194 H=1 C=0 | Water=10 | Alarm=0 | Lock=1[11] | Humid=30 HF=1 DF=0
T=212345 | Temp=34/146 H=1 C=0 | Water=6 | Alarm=0 | Lock=1[11] | Humid=13 HF=1 DF=0
T=212365 | Temp=205/79 H=1 C=0 | Water=14 | Alarm=0 | Lock=1[11] | Humid=83 HF=1 DF=0
T=212385 | Temp=19/124 H=0 C=1 | Water=4 | Alarm=0 | Lock=1[11] | Humid=113 HF=0 DF=1
T=212405 | Temp=185/17 H=1 C=0 | Water=2 | Alarm=0 | Lock=1[11] | Humid=78 HF=0 DF=1
T=212425 | Temp=153/159 H=0 C=1 | Water=1 | Alarm=0 | Lock=1[11] | Humid=207 HF=0 DF=1
T=212445 | Temp=59/161 H=1 C=0 | Water=4 | Alarm=0 | Lock=1[11] | Humid=191 HF=0 DF=1
T=212465 | Temp=75/141 H=1 C=0 | Water=0 | Alarm=0 | Lock=1[01] | Humid=137 HF=0 DF=1
T=212475 | Temp=75/141 H=1 C=0 | Water=0 | Alarm=0 | Lock=1[11] | Humid=137 HF=0 DF=1
T=212485 | Temp=111/42 H=1 C=0 | Water=2 | Alarm=0 | Lock=1[11] | Humid=72 HF=0 DF=1
T=212505 | Temp=83/243 H=0 C=1 | Water=9 | Alarm=0 | Lock=1[11] | Humid=40 HF=0 DF=1
T=212525 | Temp=59/33 H=1 C=0 | Water=11 | Alarm=0 | Lock=1[11] | Humid=37 HF=0 DF=0
T=212545 | Temp=87/62 H=0 C=1 | Water=12 | Alarm=0 | Lock=1[11] | Humid=231 HF=1 DF=0
T=212565 | Temp=255/2 H=0 C=1 | Water=5 | Alarm=0 | Lock=1[11] | Humid=147 HF=0 DF=1
T=212585 | Temp=56/211 H=0 C=1 | Water=7 | Alarm=0 | Lock=1[11] | Humid=85 HF=0 DF=1
T=212605 | Temp=62/38 H=1 C=0 | Water=0 | Alarm=0 | Lock=1[11] | Humid=152 HF=0 DF=1
T=212625 | Temp=7/192 H=0 C=1 | Water=3 | Alarm=0 | Lock=1[11] | Humid=37 HF=0 DF=1
T=212645 | Temp=27/63 H=1 C=0 | Water=12 | Alarm=0 | Lock=1[11] | Humid=77 HF=1 DF=0
T=212665 | Temp=86/21 H=1 C=0 | Water=3 | Alarm=0 | Lock=1[11] | Humid=145 HF=0 DF=1
T=212685 | Temp=31/114 H=0 C=1 | Water=9 | Alarm=0 | Lock=1[11] | Humid=227 HF=0 DF=1
T=212705 | Temp=136/32 H=1 C=0 | Water=9 | Alarm=0 | Lock=1[11] | Humid=230 HF=0 DF=1
T=212725 | Temp=210/167 H=0 C=1 | Water=9 | Alarm=0 | Lock=1[11] | Humid=82 HF=0 DF=1
T=212745 | Temp=52/117 H=0 C=1 | Water=5 | Alarm=0 | Lock=1[11] | Humid=62 HF=0 DF=1
T=212765 | Temp=152/149 H=1 C=0 | Water=13 | Alarm=0 | Lock=1[11] | Humid=191 HF=0 DF=1
T=212785 | Temp=177/36 H=0 C=1 | Water=11 | Alarm=0 | Lock=1[11] | Humid=235 HF=0 DF=1
T=212805 | Temp=77/25 H=0 C=1 | Water=13 | Alarm=0 | Lock=1[11] | Humid=63 HF=0 DF=1
T=212825 | Temp=96/14 H=0 C=1 | Water=8 | Alarm=0 | Lock=1[11] | Humid=112 HF=0 DF=1
T=212845 | Temp=217/157 H=0 C=1 | Water=14 | Alarm=0 | Lock=1[11] | Humid=21 HF=0 DF=1
T=212865 | Temp=45/165 H=0 C=1 | Water=2 | Alarm=0 | Lock=1[11] | Humid=0 HF=1 DF=0
T=212885 | Temp=124/6 H=1 C=0 | Water=2 | Alarm=0 | Lock=1[11] | Humid=152 HF=1 DF=0
T=212905 | Temp=251/127 H=0 C=1 | Water=10 | Alarm=0 | Lock=1[11] | Humid=53 HF=0 DF=1
T=212925 | Temp=161/205 H=0 C=1 | Water=7 | Alarm=0 | Lock=1[11] | Humid=85 HF=0 DF=0
T=212945 | Temp=254/166 H=1 C=0 | Water=3 | Alarm=0 | Lock=1[11] | Humid=0 HF=0 DF=1
T=212965 | Temp=158/197 H=0 C=1 | Water=14 | Alarm=0 | Lock=1[11] | Humid=213 HF=1 DF=0
T=212985 | Temp=74/210 H=1 C=0 | Water=7 | Alarm=0 | Lock=1[11] | Humid=136 HF=0 DF=1
T=213005 | Temp=129/114 H=1 C=0 | Water=13 | Alarm=0 | Lock=1[11] | Humid=115 HF=0 DF=1
T=213025 | Temp=54/0 H=0 C=1 | Water=5 | Alarm=0 | Lock=1[11] | Humid=114 HF=0 DF=1
T=213045 | Temp=65/182 H=1 C=0 | Water=5 | Alarm=0 | Lock=1[11] | Humid=172 HF=0 DF=1
T=213065 | Temp=13/149 H=1 C=0 | Water=2 | Alarm=0 | Lock=1[11] | Humid=88 HF=0 DF=1
T=213085 | Temp=176/132 H=1 C=0 | Water=2 | Alarm=0 | Lock=1[11] | Humid=135 HF=0 DF=1
T=213105 | Temp=80/214 H=0 C=1 | Water=6 | Alarm=0 | Lock=1[11] | Humid=12 HF=0 DF=1
T=213125 | Temp=179/149 H=1 C=0 | Water=0 | Alarm=0 | Lock=1[11] | Humid=75 HF=1 DF=0
T=213145 | Temp=190/66 H=0 C=1 | Water=0 | Alarm=0 | Lock=1[11] | Humid=129 HF=0 DF=1
T=213165 | Temp=38/69 H=0 C=1 | Water=15 | Alarm=0 | Lock=1[11] | Humid=155 HF=0 DF=1
T=213185 | Temp=28/176 H=1 C=0 | Water=4 | Alarm=0 | Lock=1[11] | Humid=168 HF=0 DF=1
T=213205 | Temp=122/227 H=1 C=0 | Water=10 | Alarm=0 | Lock=1[11] | Humid=221 HF=0 DF=1
T=213225 | Temp=84/121 H=1 C=0 | Water=7 | Alarm=0 | Lock=1[11] | Humid=49 HF=0 DF=1
T=213245 | Temp=72/121 H=1 C=0 | Water=13 | Alarm=0 | Lock=1[11] | Humid=185 HF=0 DF=0
T=213265 | Temp=141/115 H=1 C=0 | Water=2 | Alarm=0 | Lock=1[11] | Humid=228 HF=0 DF=1
T=213285 | Temp=200/215 H=0 C=1 | Water=9 | Alarm=0 | Lock=1[11] | Humid=30 HF=0 DF=1
T=213305 | Temp=199/11 H=1 C=0 | Water=7 | Alarm=0 | Lock=1[11] | Humid=141 HF=1 DF=0
T=213325 | Temp=244/93 H=0 C=1 | Water=9 | Alarm=0 | Lock=1[11] | Humid=171 HF=0 DF=1
T=213345 | Temp=111/4 H=0 C=1 | Water=5 | Alarm=0 | Lock=1[11] | Humid=19 HF=0 DF=1
T=213365 | Temp=140/178 H=0 C=1 | Water=12 | Alarm=0 | Lock=1[11] | Humid=51 HF=1 DF=0
T=213385 | Temp=230/106 H=1 C=0 | Water=5 | Alarm=0 | Lock=1[11] | Humid=10 HF=0 DF=0
T=213405 | Temp=43/24 H=0 C=1 | Water=15 | Alarm=0 | Lock=1[11] | Humid=145 HF=1 DF=0
T=213425 | Temp=83/226 H=0 C=1 | Water=13 | Alarm=0 | Lock=1[11] | Humid=153 HF=0 DF=1
T=213445 | Temp=18/235 H=1 C=0 | Water=10 | Alarm=0 | Lock=1[11] | Humid=179 HF=0 DF=1
T=213465 | Temp=188/121 H=1 C=0 | Water=11 | Alarm=0 | Lock=1[11] | Humid=104 HF=0 DF=1
T=213485 | Temp=47/185 H=0 C=1 | Water=9 | Alarm=0 | Lock=1[11] | Humid=186 HF=0 DF=1
T=213505 | Temp=176/121 H=1 C=0 | Water=8 | Alarm=0 | Lock=1[11] | Humid=110 HF=0 DF=1
T=213525 | Temp=195/11 H=0 C=1 | Water=10 | Alarm=0 | Lock=1[11] | Humid=0 HF=0 DF=1
T=213545 | Temp=29/88 H=0 C=1 | Water=2 | Alarm=0 | Lock=1[11] | Humid=160 HF=1 DF=0
T=213565 | Temp=73/117 H=1 C=0 | Water=0 | Alarm=0 | Lock=1[11] | Humid=223 HF=0 DF=1
T=213585 | Temp=140/123 H=1 C=0 | Water=8 | Alarm=0 | Lock=1[11] | Humid=227 HF=0 DF=1
T=213605 | Temp=16/183 H=0 C=1 | Water=12 | Alarm=0 | Lock=1[11] | Humid=215 HF=0 DF=1
T=213625 | Temp=140/25 H=1 C=0 | Water=10 | Alarm=0 | Lock=1[11] | Humid=197 HF=0 DF=1
T=213645 | Temp=23/72 H=0 C=1 | Water=15 | Alarm=0 | Lock=1[11] | Humid=50 HF=0 DF=1
T=213665 | Temp=160/255 H=1 C=0 | Water=11 | Alarm=0 | Lock=1[11] | Humid=85 HF=0 DF=0
T=213685 | Temp=10/184 H=1 C=0 | Water=12 | Alarm=0 | Lock=1[11] | Humid=81 HF=0 DF=1
T=213705 | Temp=26/1 H=1 C=0 | Water=2 | Alarm=0 | Lock=1[11] | Humid=55 HF=0 DF=1
T=213725 | Temp=147/168 H=1 C=0 | Water=0 | Alarm=0 | Lock=1[11] | Humid=99 HF=0 DF=0
T=213745 | Temp=101/187 H=1 C=0 | Water=8 | Alarm=0 | Lock=1[11] | Humid=242 HF=0 DF=1
T=213765 | Temp=176/124 H=1 C=0 | Water=1 | Alarm=0 | Lock=1[11] | Humid=28 HF=0 DF=1
T=213785 | Temp=111/70 H=0 C=1 | Water=6 | Alarm=0 | Lock=1[11] | Humid=10 HF=1 DF=0
T=213805 | Temp=171/108 H=0 C=1 | Water=2 | Alarm=0 | Lock=1[11] | Humid=6 HF=1 DF=0
T=213825 | Temp=223/21 H=0 C=1 | Water=5 | Alarm=0 | Lock=1[11] | Humid=66 HF=1 DF=0
T=213845 | Temp=130/237 H=0 C=1 | Water=12 | Alarm=0 | Lock=1[11] | Humid=63 HF=0 DF=1
T=213865 | Temp=158/230 H=1 C=0 | Water=9 | Alarm=0 | Lock=1[11] | Humid=20 HF=0 DF=1
T=213885 | Temp=171/140 H=1 C=0 | Water=0 | Alarm=0 | Lock=1[11] | Humid=123 HF=1 DF=0
T=213905 | Temp=162/87 H=0 C=1 | Water=8 | Alarm=0 | Lock=1[11] | Humid=148 HF=0 DF=1
T=213925 | Temp=86/11 H=0 C=1 | Water=8 | Alarm=0 | Lock=1[11] | Humid=31 HF=0 DF=1
T=213945 | Temp=238/142 H=0 C=1 | Water=10 | Alarm=0 | Lock=1[11] | Humid=126 HF=1 DF=0
T=213965 | Temp=69/237 H=0 C=1 | Water=13 | Alarm=0 | Lock=1[11] | Humid=207 HF=0 DF=1
T=213985 | Temp=241/207 H=1 C=0 | Water=0 | Alarm=0 | Lock=1[11] | Humid=240 HF=0 DF=1
T=214005 | Temp=255/46 H=0 C=1 | Water=1 | Alarm=0 | Lock=1[11] | Humid=33 HF=0 DF=1
T=214025 | Temp=70/39 H=0 C=1 | Water=6 | Alarm=0 | Lock=1[11] | Humid=79 HF=1 DF=0
T=214045 | Temp=118/217 H=0 C=1 | Water=15 | Alarm=0 | Lock=1[11] | Humid=168 HF=0 DF=1
T=214065 | Temp=85/40 H=1 C=0 | Water=15 | Alarm=0 | Lock=1[11] | Humid=203 HF=0 DF=1
T=214085 | Temp=202/90 H=0 C=1 | Water=10 | Alarm=0 | Lock=1[11] | Humid=164 HF=0 DF=1
T=214105 | Temp=84/1 H=0 C=1 | Water=15 | Alarm=0 | Lock=1[11] | Humid=199 HF=0 DF=1
T=214125 | Temp=30/70 H=1 C=0 | Water=5 | Alarm=0 | Lock=1[11] | Humid=193 HF=0 DF=1
T=214145 | Temp=167/180 H=1 C=0 | Water=11 | Alarm=0 | Lock=1[11] | Humid=16 HF=0 DF=1
T=214165 | Temp=94/144 H=1 C=0 | Water=6 | Alarm=0 | Lock=1[11] | Humid=156 HF=1 DF=0
T=214185 | Temp=44/58 H=1 C=0 | Water=2 | Alarm=0 | Lock=1[11] | Humid=6 HF=0 DF=1
T=214205 | Temp=138/165 H=1 C=0 | Water=12 | Alarm=0 | Lock=1[11] | Humid=249 HF=1 DF=0
T=214225 | Temp=236/3 H=1 C=0 | Water=3 | Alarm=0 | Lock=1[11] | Humid=178 HF=0 DF=1
T=214245 | Temp=255/121 H=0 C=1 | Water=1 | Alarm=0 | Lock=1[11] | Humid=157 HF=0 DF=1
T=214265 | Temp=119/83 H=0 C=1 | Water=0 | Alarm=0 | Lock=1[11] | Humid=211 HF=0 DF=1
T=214285 | Temp=177/77 H=0 C=1 | Water=5 | Alarm=0 | Lock=1[11] | Humid=135 HF=0 DF=1
T=214305 | Temp=225/128 H=0 C=1 | Water=2 | Alarm=0 | Lock=1[11] | Humid=108 HF=0 DF=1
T=214325 | Temp=193/99 H=0 C=1 | Water=2 | Alarm=0 | Lock=1[11] | Humid=148 HF=0 DF=1
T=214345 | Temp=225/135 H=0 C=1 | Water=9 | Alarm=0 | Lock=1[11] | Humid=247 HF=0 DF=1
T=214365 | Temp=131/61 H=0 C=1 | Water=6 | Alarm=0 | Lock=1[11] | Humid=83 HF=0 DF=1
T=214385 | Temp=177/99 H=0 C=1 | Water=3 | Alarm=0 | Lock=1[11] | Humid=208 HF=0 DF=1
T=214405 | Temp=184/231 H=0 C=1 | Water=2 | Alarm=0 | Lock=1[11] | Humid=5 HF=0 DF=1
T=214425 | Temp=234/235 H=1 C=0 | Water=3 | Alarm=0 | Lock=1[11] | Humid=24 HF=1 DF=0
T=214445 | Temp=248/71 H=1 C=0 | Water=6 | Alarm=0 | Lock=1[11] | Humid=252 HF=1 DF=0
T=214465 | Temp=179/194 H=0 C=1 | Water=14 | Alarm=0 | Lock=1[11] | Humid=96 HF=0 DF=1
T=214485 | Temp=162/51 H=1 C=0 | Water=7 | Alarm=0 | Lock=1[01] | Humid=254 HF=0 DF=1
T=214495 | Temp=162/51 H=1 C=0 | Water=7 | Alarm=0 | Lock=1[11] | Humid=254 HF=0 DF=1
T=214505 | Temp=203/220 H=0 C=1 | Water=14 | Alarm=0 | Lock=1[11] | Humid=111 HF=0 DF=1
T=214525 | Temp=52/101 H=1 C=0 | Water=1 | Alarm=0 | Lock=1[11] | Humid=155 HF=0 DF=1
T=214545 | Temp=149/255 H=1 C=0 | Water=7 | Alarm=0 | Lock=1[11] | Humid=192 HF=0 DF=1
T=214565 | Temp=24/73 H=1 C=0 | Water=1 | Alarm=0 | Lock=1[11] | Humid=165 HF=0 DF=1
T=214585 | Temp=135/200 H=1 C=0 | Water=8 | Alarm=0 | Lock=1[11] | Humid=67 HF=0 DF=1
T=214605 | Temp=142/77 H=1 C=0 | Water=4 | Alarm=0 | Lock=1[11] | Humid=194 HF=0 DF=1
T=214625 | Temp=234/101 H=0 C=1 | Water=3 | Alarm=0 | Lock=1[11] | Humid=188 HF=0 DF=1
T=214645 | Temp=212/49 H=0 C=1 | Water=1 | Alarm=0 | Lock=1[11] | Humid=143 HF=0 DF=1
T=214665 | Temp=226/204 H=0 C=1 | Water=13 | Alarm=0 | Lock=1[11] | Humid=163 HF=0 DF=1
T=214685 | Temp=177/243 H=0 C=1 | Water=0 | Alarm=0 | Lock=1[11] | Humid=191 HF=0 DF=1
T=214705 | Temp=108/57 H=1 C=0 | Water=9 | Alarm=0 | Lock=1[11] | Humid=66 HF=0 DF=1
T=214725 | Temp=6/121 H=0 C=1 | Water=4 | Alarm=0 | Lock=1[11] | Humid=181 HF=0 DF=1
T=214745 | Temp=90/76 H=1 C=0 | Water=3 | Alarm=0 | Lock=1[11] | Humid=48 HF=0 DF=1
T=214765 | Temp=178/34 H=0 C=1 | Water=15 | Alarm=0 | Lock=1[11] | Humid=186 HF=0 DF=0
T=214785 | Temp=243/7 H=0 C=1 | Water=9 | Alarm=0 | Lock=1[11] | Humid=251 HF=0 DF=1
T=214805 | Temp=85/242 H=0 C=1 | Water=11 | Alarm=0 | Lock=1[11] | Humid=79 HF=0 DF=1
T=214825 | Temp=204/227 H=1 C=0 | Water=6 | Alarm=0 | Lock=1[11] | Humid=103 HF=0 DF=1
T=214845 | Temp=75/207 H=1 C=0 | Water=14 | Alarm=0 | Lock=1[11] | Humid=157 HF=0 DF=1
T=214865 | Temp=123/110 H=1 C=0 | Water=2 | Alarm=0 | Lock=1[11] | Humid=165 HF=0 DF=1
T=214885 | Temp=120/4 H=0 C=1 | Water=2 | Alarm=0 | Lock=1[11] | Humid=88 HF=0 DF=1
T=214905 | Temp=242/228 H=0 C=1 | Water=15 | Alarm=0 | Lock=1[11] | Humid=90 HF=0 DF=1
T=214925 | Temp=38/88 H=0 C=1 | Water=11 | Alarm=0 | Lock=1[11] | Humid=99 HF=0 DF=1
T=214945 | Temp=31/64 H=1 C=0 | Water=12 | Alarm=0 | Lock=1[11] | Humid=227 HF=0 DF=1
T=214965 | Temp=12/154 H=1 C=0 | Water=12 | Alarm=0 | Lock=1[11] | Humid=8 HF=0 DF=1
T=214985 | Temp=91/194 H=1 C=0 | Water=12 | Alarm=0 | Lock=1[11] | Humid=59 HF=1 DF=0
T=215005 | Temp=88/74 H=1 C=0 | Water=7 | Alarm=0 | Lock=1[11] | Humid=206 HF=0 DF=0
T=215025 | Temp=119/42 H=0 C=1 | Water=13 | Alarm=0 | Lock=1[11] | Humid=151 HF=0 DF=1
T=215045 | Temp=154/246 H=0 C=1 | Water=4 | Alarm=0 | Lock=1[11] | Humid=5 HF=0 DF=1
T=215065 | Temp=13/147 H=1 C=0 | Water=2 | Alarm=0 | Lock=1[11] | Humid=154 HF=1 DF=0
T=215085 | Temp=242/225 H=1 C=0 | Water=2 | Alarm=0 | Lock=1[11] | Humid=11 HF=0 DF=1
T=215105 | Temp=69/196 H=0 C=1 | Water=10 | Alarm=0 | Lock=1[11] | Humid=131 HF=1 DF=0
T=215125 | Temp=94/95 H=1 C=0 | Water=10 | Alarm=0 | Lock=1[11] | Humid=155 HF=0 DF=1
T=215145 | Temp=108/22 H=1 C=0 | Water=14 | Alarm=0 | Lock=1[11] | Humid=202 HF=0 DF=1
T=215165 | Temp=230/226 H=0 C=1 | Water=0 | Alarm=0 | Lock=1[11] | Humid=79 HF=0 DF=1
T=215185 | Temp=206/55 H=0 C=1 | Water=13 | Alarm=0 | Lock=1[11] | Humid=78 HF=0 DF=1
T=215205 | Temp=218/21 H=0 C=1 | Water=6 | Alarm=0 | Lock=1[11] | Humid=192 HF=0 DF=1
T=215225 | Temp=163/88 H=0 C=1 | Water=4 | Alarm=0 | Lock=1[11] | Humid=78 HF=0 DF=1
T=215245 | Temp=2/253 H=0 C=1 | Water=5 | Alarm=0 | Lock=1[11] | Humid=239 HF=0 DF=1
T=215265 | Temp=204/94 H=1 C=0 | Water=11 | Alarm=0 | Lock=1[11] | Humid=144 HF=0 DF=1
T=215285 | Temp=172/108 H=0 C=1 | Water=12 | Alarm=0 | Lock=1[11] | Humid=43 HF=0 DF=1
T=215305 | Temp=31/114 H=0 C=1 | Water=10 | Alarm=0 | Lock=1[11] | Humid=183 HF=0 DF=0
T=215325 | Temp=82/91 H=1 C=0 | Water=2 | Alarm=0 | Lock=1[11] | Humid=9 HF=0 DF=1
T=215345 | Temp=102/140 H=1 C=0 | Water=13 | Alarm=0 | Lock=1[11] | Humid=26 HF=1 DF=0
T=215365 | Temp=206/117 H=1 C=0 | Water=7 | Alarm=0 | Lock=1[11] | Humid=66 HF=1 DF=0
T=215385 | Temp=86/120 H=0 C=1 | Water=2 | Alarm=0 | Lock=1[11] | Humid=221 HF=0 DF=1
T=215405 | Temp=171/132 H=1 C=0 | Water=10 | Alarm=0 | Lock=1[11] | Humid=48 HF=0 DF=1
T=215425 | Temp=12/216 H=0 C=1 | Water=6 | Alarm=0 | Lock=1[11] | Humid=29 HF=0 DF=0
T=215445 | Temp=166/40 H=1 C=0 | Water=8 | Alarm=0 | Lock=1[11] | Humid=51 HF=1 DF=0
T=215465 | Temp=120/10 H=0 C=1 | Water=3 | Alarm=0 | Lock=1[11] | Humid=214 HF=0 DF=0
T=215485 | Temp=175/61 H=0 C=1 | Water=3 | Alarm=0 | Lock=1[11] | Humid=58 HF=0 DF=1
T=215505 | Temp=173/35 H=0 C=1 | Water=15 | Alarm=0 | Lock=1[11] | Humid=77 HF=0 DF=0
T=215525 | Temp=2/106 H=0 C=1 | Water=13 | Alarm=0 | Lock=1[11] | Humid=244 HF=0 DF=1
T=215545 | Temp=59/169 H=1 C=0 | Water=7 | Alarm=0 | Lock=1[11] | Humid=156 HF=0 DF=1
T=215565 | Temp=6/148 H=1 C=0 | Water=3 | Alarm=0 | Lock=1[11] | Humid=171 HF=0 DF=1
T=215585 | Temp=23/182 H=1 C=0 | Water=4 | Alarm=0 | Lock=1[11] | Humid=191 HF=0 DF=1
T=215605 | Temp=136/219 H=1 C=0 | Water=6 | Alarm=0 | Lock=1[11] | Humid=118 HF=0 DF=1
T=215625 | Temp=91/70 H=1 C=0 | Water=4 | Alarm=0 | Lock=1[11] | Humid=192 HF=0 DF=1
T=215645 | Temp=31/176 H=0 C=1 | Water=11 | Alarm=0 | Lock=1[11] | Humid=193 HF=0 DF=1
T=215665 | Temp=14/166 H=1 C=0 | Water=3 | Alarm=0 | Lock=1[11] | Humid=140 HF=0 DF=1
T=215685 | Temp=153/223 H=1 C=0 | Water=4 | Alarm=0 | Lock=1[11] | Humid=212 HF=0 DF=1
T=215705 | Temp=11/25 H=1 C=0 | Water=9 | Alarm=0 | Lock=1[11] | Humid=22 HF=0 DF=1
T=215725 | Temp=57/158 H=1 C=0 | Water=8 | Alarm=0 | Lock=1[11] | Humid=184 HF=1 DF=0
T=215745 | Temp=217/221 H=1 C=0 | Water=7 | Alarm=0 | Lock=1[11] | Humid=6 HF=0 DF=1
T=215765 | Temp=50/179 H=1 C=0 | Water=1 | Alarm=0 | Lock=1[11] | Humid=204 HF=1 DF=0
T=215785 | Temp=233/68 H=1 C=0 | Water=10 | Alarm=0 | Lock=1[11] | Humid=200 HF=0 DF=1
T=215805 | Temp=1/186 H=0 C=1 | Water=3 | Alarm=0 | Lock=1[11] | Humid=65 HF=0 DF=1
T=215825 | Temp=202/1 H=1 C=0 | Water=12 | Alarm=0 | Lock=1[11] | Humid=122 HF=0 DF=1
T=215845 | Temp=220/14 H=1 C=0 | Water=15 | Alarm=0 | Lock=1[11] | Humid=54 HF=0 DF=1
T=215865 | Temp=175/87 H=0 C=1 | Water=9 | Alarm=0 | Lock=1[11] | Humid=172 HF=0 DF=0
T=215885 | Temp=144/214 H=0 C=1 | Water=15 | Alarm=0 | Lock=1[11] | Humid=187 HF=0 DF=1
T=215905 | Temp=161/13 H=1 C=0 | Water=0 | Alarm=0 | Lock=1[11] | Humid=90 HF=0 DF=1
T=215925 | Temp=34/40 H=0 C=1 | Water=10 | Alarm=0 | Lock=1[11] | Humid=218 HF=0 DF=1
T=215945 | Temp=60/40 H=1 C=0 | Water=2 | Alarm=0 | Lock=1[11] | Humid=81 HF=0 DF=1
T=215965 | Temp=2/221 H=0 C=1 | Water=10 | Alarm=0 | Lock=1[11] | Humid=47 HF=0 DF=1
T=215985 | Temp=40/212 H=1 C=0 | Water=7 | Alarm=0 | Lock=1[11] | Humid=197 HF=0 DF=0
T=216005 | Temp=164/144 H=1 C=0 | Water=9 | Alarm=0 | Lock=1[11] | Humid=96 HF=0 DF=1
T=216025 | Temp=42/28 H=0 C=1 | Water=13 | Alarm=0 | Lock=1[11] | Humid=159 HF=0 DF=1
T=216045 | Temp=132/251 H=0 C=1 | Water=5 | Alarm=0 | Lock=1[11] | Humid=163 HF=0 DF=1
T=216065 | Temp=3/72 H=1 C=0 | Water=14 | Alarm=0 | Lock=1[11] | Humid=59 HF=0 DF=1
T=216085 | Temp=74/193 H=1 C=0 | Water=2 | Alarm=0 | Lock=1[11] | Humid=157 HF=0 DF=0
T=216105 | Temp=134/90 H=1 C=0 | Water=4 | Alarm=0 | Lock=1[11] | Humid=129 HF=0 DF=1
T=216125 | Temp=14/17 H=0 C=1 | Water=13 | Alarm=0 | Lock=1[11] | Humid=187 HF=0 DF=1
T=216145 | Temp=11/194 H=1 C=0 | Water=8 | Alarm=0 | Lock=1[11] | Humid=147 HF=0 DF=1
T=216165 | Temp=156/211 H=1 C=0 | Water=6 | Alarm=0 | Lock=1[11] | Humid=18 HF=0 DF=1
T=216185 | Temp=233/246 H=1 C=0 | Water=14 | Alarm=0 | Lock=1[11] | Humid=112 HF=1 DF=0
T=216205 | Temp=153/134 H=1 C=0 | Water=8 | Alarm=0 | Lock=1[11] | Humid=65 HF=0 DF=1
T=216225 | Temp=33/16 H=0 C=1 | Water=13 | Alarm=0 | Lock=1[11] | Humid=218 HF=0 DF=1
T=216245 | Temp=203/58 H=0 C=1 | Water=3 | Alarm=0 | Lock=1[11] | Humid=221 HF=0 DF=1
T=216265 | Temp=139/159 H=0 C=1 | Water=4 | Alarm=0 | Lock=1[11] | Humid=87 HF=0 DF=1
T=216285 | Temp=32/37 H=1 C=0 | Water=5 | Alarm=0 | Lock=1[11] | Humid=148 HF=0 DF=1
T=216305 | Temp=234/164 H=1 C=0 | Water=12 | Alarm=0 | Lock=1[11] | Humid=80 HF=0 DF=1
T=216325 | Temp=114/242 H=0 C=1 | Water=5 | Alarm=0 | Lock=1[11] | Humid=227 HF=0 DF=1
T=216345 | Temp=114/207 H=1 C=0 | Water=6 | Alarm=0 | Lock=1[11] | Humid=170 HF=0 DF=1
T=216365 | Temp=33/57 H=1 C=0 | Water=0 | Alarm=0 | Lock=1[11] | Humid=128 HF=0 DF=1
T=216385 | Temp=76/138 H=1 C=0 | Water=0 | Alarm=0 | Lock=1[11] | Humid=24 HF=0 DF=1
T=216405 | Temp=145/10 H=1 C=0 | Water=14 | Alarm=0 | Lock=1[11] | Humid=129 HF=1 DF=0
T=216425 | Temp=130/16 H=0 C=1 | Water=10 | Alarm=0 | Lock=1[11] | Humid=34 HF=0 DF=1
T=216445 | Temp=248/121 H=0 C=1 | Water=11 | Alarm=0 | Lock=1[11] | Humid=151 HF=1 DF=0
T=216465 | Temp=35/153 H=0 C=1 | Water=1 | Alarm=0 | Lock=1[11] | Humid=218 HF=0 DF=1
T=216485 | Temp=219/233 H=1 C=0 | Water=15 | Alarm=0 | Lock=1[11] | Humid=131 HF=0 DF=1
T=216505 | Temp=108/85 H=1 C=0 | Water=11 | Alarm=0 | Lock=1[01] | Humid=2 HF=0 DF=1
T=216515 | Temp=108/85 H=1 C=0 | Water=11 | Alarm=0 | Lock=1[11] | Humid=2 HF=0 DF=1
T=216525 | Temp=217/9 H=0 C=1 | Water=7 | Alarm=0 | Lock=1[11] | Humid=128 HF=1 DF=0
T=216545 | Temp=11/124 H=0 C=1 | Water=0 | Alarm=0 | Lock=1[11] | Humid=228 HF=0 DF=1
T=216565 | Temp=198/68 H=1 C=0 | Water=10 | Alarm=0 | Lock=1[11] | Humid=185 HF=0 DF=1
T=216585 | Temp=78/244 H=0 C=1 | Water=4 | Alarm=0 | Lock=1[11] | Humid=81 HF=0 DF=1
T=216605 | Temp=165/27 H=1 C=0 | Water=4 | Alarm=0 | Lock=1[11] | Humid=86 HF=0 DF=1
T=216625 | Temp=175/248 H=0 C=1 | Water=6 | Alarm=0 | Lock=1[11] | Humid=14 HF=0 DF=1
T=216645 | Temp=126/37 H=1 C=0 | Water=10 | Alarm=0 | Lock=1[11] | Humid=218 HF=1 DF=0
T=216665 | Temp=13/71 H=0 C=1 | Water=14 | Alarm=0 | Lock=1[11] | Humid=226 HF=0 DF=1
T=216685 | Temp=111/109 H=1 C=0 | Water=3 | Alarm=0 | Lock=1[11] | Humid=142 HF=0 DF=1
T=216705 | Temp=127/47 H=1 C=0 | Water=7 | Alarm=0 | Lock=1[11] | Humid=245 HF=0 DF=1
T=216725 | Temp=47/226 H=0 C=1 | Water=8 | Alarm=0 | Lock=1[11] | Humid=22 HF=0 DF=1
T=216745 | Temp=31/122 H=1 C=0 | Water=14 | Alarm=0 | Lock=1[11] | Humid=173 HF=1 DF=0
T=216765 | Temp=249/69 H=1 C=0 | Water=9 | Alarm=0 | Lock=1[11] | Humid=126 HF=0 DF=1
T=216785 | Temp=57/32 H=0 C=1 | Water=6 | Alarm=0 | Lock=1[11] | Humid=183 HF=0 DF=1
T=216805 | Temp=188/130 H=0 C=1 | Water=10 | Alarm=0 | Lock=1[11] | Humid=12 HF=0 DF=1
T=216825 | Temp=236/153 H=0 C=1 | Water=5 | Alarm=0 | Lock=1[11] | Humid=71 HF=1 DF=0
T=216845 | Temp=224/11 H=0 C=1 | Water=12 | Alarm=0 | Lock=1[11] | Humid=251 HF=0 DF=1
T=216865 | Temp=42/53 H=0 C=1 | Water=2 | Alarm=0 | Lock=1[11] | Humid=234 HF=0 DF=1
T=216885 | Temp=99/99 H=1 C=0 | Water=1 | Alarm=0 | Lock=1[11] | Humid=120 HF=0 DF=1
T=216905 | Temp=107/80 H=0 C=0 | Water=6 | Alarm=0 | Lock=1[11] | Humid=237 HF=0 DF=1
T=216925 | Temp=219/59 H=0 C=1 | Water=14 | Alarm=0 | Lock=1[11] | Humid=36 HF=0 DF=1
T=216945 | Temp=147/40 H=0 C=1 | Water=5 | Alarm=0 | Lock=1[11] | Humid=216 HF=1 DF=0
T=216965 | Temp=90/151 H=0 C=1 | Water=1 | Alarm=0 | Lock=1[11] | Humid=90 HF=0 DF=1
T=216985 | Temp=39/128 H=1 C=0 | Water=14 | Alarm=0 | Lock=1[11] | Humid=12 HF=0 DF=1
T=217005 | Temp=185/195 H=1 C=0 | Water=11 | Alarm=0 | Lock=1[11] | Humid=218 HF=1 DF=0
T=217025 | Temp=18/0 H=1 C=0 | Water=5 | Alarm=0 | Lock=1[11] | Humid=198 HF=0 DF=1
T=217045 | Temp=231/213 H=1 C=0 | Water=11 | Alarm=0 | Lock=1[11] | Humid=224 HF=0 DF=1
T=217065 | Temp=78/28 H=0 C=1 | Water=14 | Alarm=0 | Lock=1[11] | Humid=168 HF=0 DF=1
T=217085 | Temp=121/134 H=0 C=1 | Water=15 | Alarm=0 | Lock=1[11] | Humid=238 HF=0 DF=1
T=217105 | Temp=135/113 H=1 C=0 | Water=0 | Alarm=0 | Lock=1[11] | Humid=89 HF=0 DF=1
T=217125 | Temp=8/114 H=0 C=1 | Water=13 | Alarm=0 | Lock=1[11] | Humid=223 HF=0 DF=1
T=217145 | Temp=246/92 H=1 C=0 | Water=4 | Alarm=0 | Lock=1[11] | Humid=140 HF=0 DF=1
T=217165 | Temp=59/30 H=0 C=1 | Water=13 | Alarm=0 | Lock=1[11] | Humid=147 HF=0 DF=1
T=217185 | Temp=69/108 H=0 C=1 | Water=2 | Alarm=0 | Lock=1[11] | Humid=204 HF=0 DF=1
T=217205 | Temp=35/58 H=1 C=0 | Water=6 | Alarm=0 | Lock=1[11] | Humid=28 HF=0 DF=1
T=217225 | Temp=68/216 H=1 C=0 | Water=6 | Alarm=0 | Lock=1[11] | Humid=174 HF=1 DF=0
T=217245 | Temp=85/146 H=1 C=0 | Water=8 | Alarm=0 | Lock=1[11] | Humid=22 HF=0 DF=1
T=217265 | Temp=17/27 H=1 C=0 | Water=6 | Alarm=0 | Lock=1[11] | Humid=25 HF=1 DF=0
T=217285 | Temp=207/168 H=1 C=0 | Water=2 | Alarm=0 | Lock=1[11] | Humid=53 HF=1 DF=0
T=217305 | Temp=146/127 H=0 C=1 | Water=4 | Alarm=0 | Lock=1[11] | Humid=167 HF=0 DF=0
T=217325 | Temp=86/26 H=0 C=1 | Water=0 | Alarm=0 | Lock=1[11] | Humid=98 HF=0 DF=1
T=217345 | Temp=194/30 H=0 C=1 | Water=14 | Alarm=0 | Lock=1[11] | Humid=191 HF=0 DF=1
T=217365 | Temp=62/74 H=0 C=1 | Water=0 | Alarm=0 | Lock=1[11] | Humid=98 HF=0 DF=1
T=217385 | Temp=73/8 H=1 C=0 | Water=14 | Alarm=0 | Lock=1[11] | Humid=184 HF=0 DF=1
T=217405 | Temp=57/171 H=0 C=1 | Water=9 | Alarm=0 | Lock=1[11] | Humid=93 HF=0 DF=1
T=217425 | Temp=244/77 H=1 C=0 | Water=8 | Alarm=0 | Lock=1[11] | Humid=83 HF=0 DF=1
T=217445 | Temp=81/207 H=0 C=1 | Water=15 | Alarm=0 | Lock=1[11] | Humid=245 HF=0 DF=1
T=217465 | Temp=138/212 H=1 C=0 | Water=2 | Alarm=0 | Lock=1[11] | Humid=41 HF=0 DF=1
T=217485 | Temp=146/89 H=1 C=0 | Water=10 | Alarm=0 | Lock=1[11] | Humid=170 HF=0 DF=0
T=217505 | Temp=186/192 H=0 C=1 | Water=5 | Alarm=0 | Lock=1[11] | Humid=121 HF=0 DF=1
T=217525 | Temp=213/154 H=1 C=0 | Water=3 | Alarm=0 | Lock=1[11] | Humid=184 HF=0 DF=1
T=217545 | Temp=87/212 H=0 C=1 | Water=12 | Alarm=0 | Lock=1[11] | Humid=133 HF=0 DF=1
T=217565 | Temp=6/89 H=1 C=0 | Water=7 | Alarm=0 | Lock=1[11] | Humid=202 HF=0 DF=1
T=217585 | Temp=170/111 H=1 C=0 | Water=4 | Alarm=0 | Lock=1[11] | Humid=115 HF=0 DF=1
T=217605 | Temp=253/76 H=0 C=1 | Water=11 | Alarm=0 | Lock=1[11] | Humid=24 HF=0 DF=1
T=217625 | Temp=102/111 H=0 C=1 | Water=14 | Alarm=0 | Lock=1[11] | Humid=139 HF=1 DF=0
T=217645 | Temp=200/169 H=1 C=0 | Water=1 | Alarm=0 | Lock=1[11] | Humid=50 HF=0 DF=1
T=217665 | Temp=55/41 H=0 C=1 | Water=15 | Alarm=0 | Lock=1[11] | Humid=240 HF=0 DF=0
T=217685 | Temp=151/32 H=0 C=1 | Water=10 | Alarm=0 | Lock=1[11] | Humid=72 HF=0 DF=1
T=217705 | Temp=61/1 H=0 C=1 | Water=14 | Alarm=0 | Lock=1[11] | Humid=69 HF=0 DF=1
T=217725 | Temp=105/30 H=1 C=0 | Water=15 | Alarm=0 | Lock=1[11] | Humid=89 HF=0 DF=1
T=217745 | Temp=189/54 H=0 C=1 | Water=3 | Alarm=0 | Lock=1[11] | Humid=62 HF=0 DF=1
T=217765 | Temp=15/143 H=0 C=1 | Water=12 | Alarm=0 | Lock=1[11] | Humid=55 HF=0 DF=1
T=217785 | Temp=191/236 H=1 C=0 | Water=9 | Alarm=0 | Lock=1[11] | Humid=30 HF=0 DF=0
T=217805 | Temp=201/247 H=1 C=0 | Water=7 | Alarm=0 | Lock=1[11] | Humid=63 HF=1 DF=0
T=217825 | Temp=33/89 H=1 C=0 | Water=5 | Alarm=0 | Lock=1[11] | Humid=139 HF=0 DF=1
T=217845 | Temp=186/26 H=1 C=0 | Water=13 | Alarm=0 | Lock=1[11] | Humid=146 HF=0 DF=1
T=217865 | Temp=226/202 H=0 C=1 | Water=6 | Alarm=0 | Lock=1[11] | Humid=119 HF=0 DF=1
T=217885 | Temp=103/150 H=0 C=1 | Water=1 | Alarm=0 | Lock=1[11] | Humid=132 HF=0 DF=1
T=217905 | Temp=124/149 H=1 C=0 | Water=7 | Alarm=0 | Lock=1[11] | Humid=95 HF=0 DF=1
T=217925 | Temp=126/165 H=1 C=0 | Water=14 | Alarm=0 | Lock=1[11] | Humid=172 HF=0 DF=1
T=217945 | Temp=161/195 H=1 C=0 | Water=11 | Alarm=0 | Lock=1[11] | Humid=138 HF=0 DF=1
T=217965 | Temp=220/153 H=1 C=0 | Water=2 | Alarm=0 | Lock=1[11] | Humid=136 HF=0 DF=1
T=217985 | Temp=163/92 H=0 C=1 | Water=7 | Alarm=0 | Lock=1[11] | Humid=231 HF=0 DF=1
T=218005 | Temp=86/80 H=0 C=1 | Water=7 | Alarm=0 | Lock=1[11] | Humid=125 HF=0 DF=1
T=218025 | Temp=223/153 H=0 C=1 | Water=7 | Alarm=0 | Lock=1[11] | Humid=23 HF=0 DF=1
T=218045 | Temp=208/235 H=0 C=1 | Water=10 | Alarm=0 | Lock=1[11] | Humid=168 HF=1 DF=0
T=218065 | Temp=14/145 H=1 C=0 | Water=6 | Alarm=0 | Lock=1[11] | Humid=87 HF=0 DF=1
T=218085 | Temp=194/43 H=1 C=0 | Water=2 | Alarm=0 | Lock=1[11] | Humid=150 HF=0 DF=1
T=218105 | Temp=97/102 H=0 C=1 | Water=6 | Alarm=0 | Lock=1[11] | Humid=182 HF=0 DF=1
T=218125 | Temp=31/251 H=1 C=0 | Water=4 | Alarm=0 | Lock=1[11] | Humid=20 HF=0 DF=1
T=218145 | Temp=237/10 H=1 C=0 | Water=1 | Alarm=0 | Lock=1[11] | Humid=236 HF=1 DF=0
T=218165 | Temp=159/187 H=0 C=1 | Water=5 | Alarm=0 | Lock=1[11] | Humid=69 HF=0 DF=1
T=218185 | Temp=127/159 H=1 C=0 | Water=0 | Alarm=0 | Lock=1[11] | Humid=57 HF=0 DF=1
T=218205 | Temp=145/189 H=1 C=0 | Water=10 | Alarm=0 | Lock=1[11] | Humid=82 HF=0 DF=0
T=218225 | Temp=232/239 H=1 C=0 | Water=7 | Alarm=0 | Lock=1[11] | Humid=201 HF=0 DF=1
T=218245 | Temp=128/168 H=1 C=0 | Water=15 | Alarm=0 | Lock=1[11] | Humid=181 HF=0 DF=1
T=218265 | Temp=197/85 H=1 C=0 | Water=12 | Alarm=0 | Lock=1[11] | Humid=14 HF=0 DF=1
T=218285 | Temp=203/172 H=0 C=1 | Water=2 | Alarm=0 | Lock=1[11] | Humid=239 HF=1 DF=0
T=218305 | Temp=96/171 H=0 C=1 | Water=14 | Alarm=0 | Lock=1[11] | Humid=80 HF=0 DF=1
T=218325 | Temp=253/140 H=1 C=0 | Water=4 | Alarm=0 | Lock=1[11] | Humid=81 HF=0 DF=1
T=218345 | Temp=23/81 H=0 C=1 | Water=12 | Alarm=0 | Lock=1[11] | Humid=250 HF=0 DF=1
T=218365 | Temp=229/88 H=1 C=0 | Water=2 | Alarm=0 | Lock=1[11] | Humid=102 HF=0 DF=1
T=218385 | Temp=165/200 H=0 C=1 | Water=0 | Alarm=0 | Lock=1[11] | Humid=35 HF=0 DF=1
T=218405 | Temp=17/62 H=1 C=0 | Water=3 | Alarm=0 | Lock=1[11] | Humid=49 HF=1 DF=0
T=218425 | Temp=146/253 H=1 C=0 | Water=5 | Alarm=0 | Lock=1[11] | Humid=37 HF=0 DF=0
T=218445 | Temp=80/204 H=1 C=0 | Water=4 | Alarm=0 | Lock=1[11] | Humid=200 HF=1 DF=0
T=218465 | Temp=10/116 H=1 C=0 | Water=15 | Alarm=0 | Lock=1[11] | Humid=113 HF=0 DF=1
T=218485 | Temp=4/139 H=1 C=0 | Water=7 | Alarm=0 | Lock=1[11] | Humid=223 HF=0 DF=1
T=218505 | Temp=199/185 H=1 C=0 | Water=11 | Alarm=0 | Lock=1[11] | Humid=212 HF=0 DF=1
T=218525 | Temp=100/82 H=0 C=1 | Water=7 | Alarm=0 | Lock=1[01] | Humid=41 HF=0 DF=1
T=218545 | Temp=51/247 H=0 C=1 | Water=5 | Alarm=0 | Lock=1[01] | Humid=179 HF=0 DF=0
T=218555 | Temp=51/247 H=0 C=1 | Water=5 | Alarm=0 | Lock=1[11] | Humid=179 HF=0 DF=0
T=218565 | Temp=236/190 H=1 C=0 | Water=6 | Alarm=0 | Lock=1[11] | Humid=52 HF=0 DF=1
T=218585 | Temp=122/137 H=0 C=1 | Water=3 | Alarm=0 | Lock=1[11] | Humid=188 HF=0 DF=0
T=218605 | Temp=90/215 H=1 C=0 | Water=6 | Alarm=0 | Lock=1[11] | Humid=99 HF=0 DF=1
T=218625 | Temp=146/233 H=1 C=0 | Water=0 | Alarm=0 | Lock=1[11] | Humid=147 HF=0 DF=1
T=218645 | Temp=79/225 H=1 C=0 | Water=5 | Alarm=0 | Lock=1[11] | Humid=152 HF=0 DF=1
T=218665 | Temp=149/186 H=1 C=0 | Water=7 | Alarm=0 | Lock=1[11] | Humid=88 HF=0 DF=1
T=218685 | Temp=246/137 H=1 C=0 | Water=15 | Alarm=0 | Lock=1[11] | Humid=40 HF=0 DF=1
T=218705 | Temp=114/106 H=0 C=1 | Water=0 | Alarm=0 | Lock=1[11] | Humid=12 HF=0 DF=0
T=218725 | Temp=236/33 H=0 C=1 | Water=7 | Alarm=0 | Lock=1[11] | Humid=113 HF=1 DF=0
T=218745 | Temp=105/131 H=0 C=1 | Water=6 | Alarm=0 | Lock=1[11] | Humid=39 HF=0 DF=1
T=218765 | Temp=176/214 H=1 C=0 | Water=5 | Alarm=0 | Lock=1[11] | Humid=249 HF=1 DF=0
T=218785 | Temp=123/33 H=1 C=0 | Water=9 | Alarm=0 | Lock=1[11] | Humid=126 HF=0 DF=1
T=218805 | Temp=54/60 H=0 C=1 | Water=11 | Alarm=0 | Lock=1[11] | Humid=1 HF=0 DF=1
T=218825 | Temp=238/29 H=1 C=0 | Water=5 | Alarm=0 | Lock=1[11] | Humid=63 HF=1 DF=0
T=218845 | Temp=162/130 H=0 C=1 | Water=10 | Alarm=0 | Lock=1[11] | Humid=4 HF=0 DF=1
T=218865 | Temp=32/85 H=0 C=1 | Water=3 | Alarm=0 | Lock=1[11] | Humid=215 HF=1 DF=0
T=218885 | Temp=127/92 H=1 C=0 | Water=15 | Alarm=0 | Lock=1[11] | Humid=131 HF=0 DF=1
T=218905 | Temp=47/102 H=0 C=1 | Water=4 | Alarm=0 | Lock=1[11] | Humid=18 HF=0 DF=1
T=218925 | Temp=248/231 H=1 C=0 | Water=8 | Alarm=0 | Lock=1[11] | Humid=110 HF=1 DF=0
T=218945 | Temp=200/226 H=0 C=1 | Water=13 | Alarm=0 | Lock=1[11] | Humid=120 HF=0 DF=1
T=218965 | Temp=108/84 H=1 C=0 | Water=12 | Alarm=0 | Lock=1[11] | Humid=202 HF=0 DF=1
T=218985 | Temp=124/149 H=0 C=1 | Water=14 | Alarm=0 | Lock=1[11] | Humid=223 HF=0 DF=1
T=219005 | Temp=66/33 H=1 C=0 | Water=8 | Alarm=0 | Lock=1[11] | Humid=25 HF=0 DF=1
T=219025 | Temp=54/69 H=0 C=1 | Water=2 | Alarm=0 | Lock=1[11] | Humid=0 HF=1 DF=0
T=219045 | Temp=170/147 H=1 C=0 | Water=5 | Alarm=0 | Lock=1[11] | Humid=44 HF=1 DF=0
T=219065 | Temp=146/1 H=0 C=1 | Water=10 | Alarm=0 | Lock=1[11] | Humid=164 HF=0 DF=0
T=219085 | Temp=83/45 H=1 C=0 | Water=10 | Alarm=0 | Lock=1[11] | Humid=104 HF=0 DF=1
T=219105 | Temp=1/167 H=0 C=1 | Water=0 | Alarm=0 | Lock=1[11] | Humid=165 HF=0 DF=1
T=219125 | Temp=115/206 H=1 C=0 | Water=4 | Alarm=0 | Lock=1[11] | Humid=0 HF=0 DF=1
T=219145 | Temp=104/143 H=1 C=0 | Water=3 | Alarm=0 | Lock=1[11] | Humid=4 HF=1 DF=0
T=219165 | Temp=16/202 H=1 C=0 | Water=6 | Alarm=0 | Lock=1[11] | Humid=8 HF=1 DF=0
T=219185 | Temp=149/10 H=1 C=0 | Water=0 | Alarm=0 | Lock=1[11] | Humid=65 HF=1 DF=0
T=219205 | Temp=241/174 H=0 C=1 | Water=9 | Alarm=0 | Lock=1[11] | Humid=121 HF=0 DF=1
T=219225 | Temp=183/191 H=0 C=1 | Water=5 | Alarm=0 | Lock=1[11] | Humid=7 HF=0 DF=1
T=219245 | Temp=226/29 H=1 C=0 | Water=14 | Alarm=0 | Lock=1[11] | Humid=75 HF=1 DF=0
T=219265 | Temp=153/126 H=0 C=1 | Water=12 | Alarm=0 | Lock=1[11] | Humid=194 HF=0 DF=1
T=219285 | Temp=247/132 H=0 C=1 | Water=6 | Alarm=0 | Lock=1[11] | Humid=32 HF=0 DF=1
T=219305 | Temp=247/241 H=0 C=1 | Water=0 | Alarm=0 | Lock=1[11] | Humid=31 HF=1 DF=0
T=219325 | Temp=28/222 H=0 C=1 | Water=3 | Alarm=0 | Lock=1[11] | Humid=29 HF=1 DF=0
T=219345 | Temp=35/143 H=1 C=0 | Water=14 | Alarm=0 | Lock=1[11] | Humid=19 HF=1 DF=0
T=219365 | Temp=39/81 H=1 C=0 | Water=11 | Alarm=0 | Lock=1[11] | Humid=193 HF=1 DF=0
T=219385 | Temp=240/215 H=1 C=0 | Water=3 | Alarm=0 | Lock=1[11] | Humid=76 HF=0 DF=1
T=219405 | Temp=37/40 H=0 C=1 | Water=15 | Alarm=0 | Lock=1[11] | Humid=18 HF=0 DF=1
T=219425 | Temp=178/201 H=1 C=0 | Water=9 | Alarm=0 | Lock=1[11] | Humid=67 HF=1 DF=0
T=219445 | Temp=8/40 H=1 C=0 | Water=1 | Alarm=0 | Lock=1[11] | Humid=4 HF=0 DF=1
T=219465 | Temp=133/178 H=1 C=0 | Water=5 | Alarm=0 | Lock=1[11] | Humid=223 HF=1 DF=0
T=219485 | Temp=152/149 H=1 C=0 | Water=14 | Alarm=0 | Lock=1[11] | Humid=159 HF=0 DF=1
T=219505 | Temp=58/134 H=0 C=1 | Water=7 | Alarm=0 | Lock=1[11] | Humid=245 HF=0 DF=1
T=219525 | Temp=16/47 H=1 C=0 | Water=7 | Alarm=0 | Lock=1[11] | Humid=136 HF=0 DF=1
T=219545 | Temp=234/77 H=1 C=0 | Water=12 | Alarm=0 | Lock=1[11] | Humid=173 HF=0 DF=1
T=219565 | Temp=62/206 H=0 C=1 | Water=3 | Alarm=0 | Lock=1[11] | Humid=4 HF=0 DF=1
T=219585 | Temp=69/224 H=1 C=0 | Water=10 | Alarm=0 | Lock=1[11] | Humid=210 HF=1 DF=0
T=219605 | Temp=48/73 H=1 C=0 | Water=12 | Alarm=0 | Lock=1[11] | Humid=185 HF=0 DF=1
T=219625 | Temp=227/79 H=1 C=0 | Water=6 | Alarm=0 | Lock=1[11] | Humid=39 HF=0 DF=1
T=219645 | Temp=12/62 H=0 C=1 | Water=8 | Alarm=0 | Lock=1[11] | Humid=239 HF=1 DF=0
T=219665 | Temp=127/254 H=1 C=0 | Water=12 | Alarm=0 | Lock=1[11] | Humid=32 HF=0 DF=1
T=219685 | Temp=235/188 H=1 C=0 | Water=10 | Alarm=0 | Lock=1[11] | Humid=61 HF=1 DF=0
T=219705 | Temp=58/223 H=0 C=1 | Water=5 | Alarm=0 | Lock=1[11] | Humid=56 HF=0 DF=1
T=219725 | Temp=15/5 H=1 C=0 | Water=7 | Alarm=0 | Lock=1[11] | Humid=84 HF=0 DF=0
T=219745 | Temp=161/148 H=0 C=1 | Water=14 | Alarm=0 | Lock=1[11] | Humid=38 HF=0 DF=1
T=219765 | Temp=113/187 H=0 C=1 | Water=12 | Alarm=0 | Lock=1[11] | Humid=42 HF=1 DF=0
T=219785 | Temp=20/41 H=1 C=0 | Water=4 | Alarm=0 | Lock=1[11] | Humid=94 HF=0 DF=0
T=219805 | Temp=103/219 H=1 C=0 | Water=4 | Alarm=0 | Lock=1[11] | Humid=155 HF=0 DF=1
T=219825 | Temp=24/208 H=1 C=0 | Water=2 | Alarm=0 | Lock=1[11] | Humid=140 HF=0 DF=1
T=219845 | Temp=223/74 H=1 C=0 | Water=15 | Alarm=0 | Lock=1[11] | Humid=222 HF=0 DF=1
T=219865 | Temp=72/206 H=0 C=1 | Water=3 | Alarm=0 | Lock=1[11] | Humid=207 HF=0 DF=1
T=219885 | Temp=62/8 H=1 C=0 | Water=9 | Alarm=0 | Lock=1[11] | Humid=147 HF=0 DF=1
T=219905 | Temp=87/138 H=0 C=1 | Water=9 | Alarm=0 | Lock=1[11] | Humid=72 HF=0 DF=1
T=219925 | Temp=24/87 H=1 C=0 | Water=2 | Alarm=0 | Lock=1[11] | Humid=183 HF=0 DF=1
T=219945 | Temp=104/188 H=1 C=0 | Water=1 | Alarm=0 | Lock=1[11] | Humid=42 HF=0 DF=1
T=219965 | Temp=237/28 H=1 C=0 | Water=11 | Alarm=0 | Lock=1[11] | Humid=65 HF=0 DF=0
T=219985 | Temp=62/239 H=0 C=1 | Water=15 | Alarm=0 | Lock=1[11] | Humid=101 HF=0 DF=1
T=220005 | Temp=66/117 H=1 C=0 | Water=5 | Alarm=0 | Lock=1[11] | Humid=119 HF=0 DF=1
T=220025 | Temp=157/135 H=1 C=0 | Water=4 | Alarm=0 | Lock=1[11] | Humid=141 HF=0 DF=1
T=220045 | Temp=21/134 H=0 C=1 | Water=13 | Alarm=0 | Lock=1[11] | Humid=13 HF=0 DF=1
T=220065 | Temp=120/129 H=1 C=0 | Water=2 | Alarm=0 | Lock=1[11] | Humid=40 HF=1 DF=0
T=220085 | Temp=122/35 H=1 C=0 | Water=12 | Alarm=0 | Lock=1[11] | Humid=161 HF=0 DF=0
T=220105 | Temp=255/184 H=0 C=1 | Water=3 | Alarm=0 | Lock=1[11] | Humid=127 HF=0 DF=1
T=220125 | Temp=11/192 H=0 C=1 | Water=9 | Alarm=0 | Lock=1[11] | Humid=88 HF=0 DF=1
T=220145 | Temp=56/159 H=1 C=0 | Water=8 | Alarm=0 | Lock=1[11] | Humid=210 HF=0 DF=1
T=220165 | Temp=189/255 H=1 C=0 | Water=10 | Alarm=0 | Lock=1[11] | Humid=133 HF=0 DF=1
T=220185 | Temp=147/43 H=1 C=0 | Water=2 | Alarm=0 | Lock=1[11] | Humid=143 HF=0 DF=1
T=220205 | Temp=66/44 H=0 C=1 | Water=11 | Alarm=0 | Lock=1[11] | Humid=0 HF=0 DF=1
T=220225 | Temp=66/116 H=0 C=1 | Water=0 | Alarm=0 | Lock=1[11] | Humid=160 HF=1 DF=0
T=220245 | Temp=141/216 H=1 C=0 | Water=7 | Alarm=0 | Lock=1[11] | Humid=94 HF=0 DF=1
T=220265 | Temp=157/248 H=1 C=0 | Water=12 | Alarm=0 | Lock=1[11] | Humid=26 HF=0 DF=1
T=220285 | Temp=10/79 H=1 C=0 | Water=2 | Alarm=0 | Lock=1[11] | Humid=220 HF=1 DF=0
T=220305 | Temp=168/128 H=1 C=0 | Water=10 | Alarm=0 | Lock=1[11] | Humid=39 HF=0 DF=1
T=220325 | Temp=96/255 H=0 C=1 | Water=3 | Alarm=0 | Lock=1[11] | Humid=51 HF=1 DF=0
T=220345 | Temp=93/247 H=1 C=0 | Water=8 | Alarm=0 | Lock=1[11] | Humid=22 HF=0 DF=0
T=220365 | Temp=119/147 H=1 C=0 | Water=3 | Alarm=0 | Lock=1[11] | Humid=183 HF=1 DF=0
T=220385 | Temp=29/149 H=1 C=0 | Water=9 | Alarm=0 | Lock=1[11] | Humid=206 HF=0 DF=1
T=220405 | Temp=95/195 H=1 C=0 | Water=0 | Alarm=0 | Lock=1[11] | Humid=203 HF=0 DF=1
T=220425 | Temp=239/96 H=1 C=0 | Water=13 | Alarm=0 | Lock=1[11] | Humid=82 HF=0 DF=1
T=220445 | Temp=154/55 H=0 C=1 | Water=14 | Alarm=0 | Lock=1[11] | Humid=214 HF=0 DF=1
T=220465 | Temp=71/129 H=0 C=1 | Water=13 | Alarm=0 | Lock=1[11] | Humid=109 HF=0 DF=1
T=220485 | Temp=126/124 H=1 C=0 | Water=6 | Alarm=0 | Lock=1[11] | Humid=128 HF=0 DF=1
T=220505 | Temp=118/146 H=1 C=0 | Water=6 | Alarm=0 | Lock=1[11] | Humid=12 HF=0 DF=1
T=220525 | Temp=241/144 H=1 C=0 | Water=10 | Alarm=0 | Lock=1[11] | Humid=131 HF=1 DF=0
T=220545 | Temp=4/53 H=0 C=1 | Water=12 | Alarm=0 | Lock=1[11] | Humid=211 HF=0 DF=1
T=220565 | Temp=112/17 H=1 C=0 | Water=6 | Alarm=0 | Lock=1[01] | Humid=56 HF=0 DF=1
T=220575 | Temp=112/17 H=1 C=0 | Water=6 | Alarm=0 | Lock=1[11] | Humid=56 HF=0 DF=1
T=220585 | Temp=37/144 H=0 C=1 | Water=12 | Alarm=0 | Lock=1[11] | Humid=78 HF=0 DF=0
T=220605 | Temp=71/76 H=1 C=0 | Water=1 | Alarm=0 | Lock=1[11] | Humid=194 HF=0 DF=1
T=220625 | Temp=246/178 H=1 C=0 | Water=12 | Alarm=0 | Lock=1[11] | Humid=82 HF=0 DF=1
T=220645 | Temp=129/94 H=0 C=1 | Water=0 | Alarm=0 | Lock=1[11] | Humid=62 HF=0 DF=1
T=220665 | Temp=112/47 H=0 C=1 | Water=8 | Alarm=0 | Lock=1[11] | Humid=235 HF=0 DF=1
T=220685 | Temp=209/219 H=0 C=1 | Water=2 | Alarm=0 | Lock=1[11] | Humid=145 HF=0 DF=1
T=220705 | Temp=76/128 H=1 C=0 | Water=15 | Alarm=0 | Lock=1[11] | Humid=239 HF=0 DF=1
T=220725 | Temp=234/106 H=1 C=0 | Water=6 | Alarm=0 | Lock=1[11] | Humid=95 HF=0 DF=1
T=220745 | Temp=236/131 H=0 C=1 | Water=8 | Alarm=0 | Lock=1[11] | Humid=153 HF=0 DF=1
T=220765 | Temp=202/161 H=0 C=1 | Water=4 | Alarm=0 | Lock=1[11] | Humid=222 HF=0 DF=1
T=220785 | Temp=51/245 H=0 C=1 | Water=4 | Alarm=0 | Lock=1[11] | Humid=117 HF=0 DF=1
T=220805 | Temp=141/196 H=1 C=0 | Water=3 | Alarm=0 | Lock=1[11] | Humid=241 HF=0 DF=1
T=220825 | Temp=30/155 H=1 C=0 | Water=10 | Alarm=0 | Lock=1[11] | Humid=253 HF=0 DF=1
T=220845 | Temp=98/34 H=1 C=0 | Water=1 | Alarm=0 | Lock=1[11] | Humid=166 HF=0 DF=1
T=220865 | Temp=196/31 H=0 C=1 | Water=15 | Alarm=0 | Lock=1[11] | Humid=251 HF=0 DF=1
T=220885 | Temp=190/0 H=0 C=1 | Water=5 | Alarm=0 | Lock=1[11] | Humid=48 HF=0 DF=1
T=220905 | Temp=209/3 H=1 C=0 | Water=15 | Alarm=0 | Lock=1[11] | Humid=26 HF=0 DF=0
T=220925 | Temp=56/199 H=0 C=1 | Water=13 | Alarm=0 | Lock=1[11] | Humid=77 HF=1 DF=0
T=220945 | Temp=240/140 H=1 C=0 | Water=1 | Alarm=0 | Lock=1[11] | Humid=20 HF=0 DF=1
T=220965 | Temp=10/184 H=0 C=1 | Water=9 | Alarm=0 | Lock=1[11] | Humid=147 HF=1 DF=0
T=220985 | Temp=37/36 H=1 C=0 | Water=14 | Alarm=0 | Lock=1[11] | Humid=10 HF=0 DF=1
T=221005 | Temp=57/113 H=1 C=0 | Water=12 | Alarm=0 | Lock=1[11] | Humid=182 HF=1 DF=0
T=221025 | Temp=62/189 H=1 C=0 | Water=6 | Alarm=0 | Lock=1[11] | Humid=76 HF=0 DF=1
T=221045 | Temp=151/239 H=1 C=0 | Water=7 | Alarm=0 | Lock=1[11] | Humid=134 HF=0 DF=1
T=221065 | Temp=249/3 H=1 C=0 | Water=3 | Alarm=0 | Lock=1[11] | Humid=103 HF=0 DF=1
T=221085 | Temp=22/107 H=0 C=1 | Water=11 | Alarm=0 | Lock=1[11] | Humid=34 HF=0 DF=1
T=221105 | Temp=201/143 H=1 C=0 | Water=11 | Alarm=0 | Lock=1[11] | Humid=24 HF=1 DF=0
T=221125 | Temp=14/72 H=0 C=1 | Water=5 | Alarm=0 | Lock=1[11] | Humid=52 HF=1 DF=0
T=221145 | Temp=226/99 H=1 C=0 | Water=15 | Alarm=0 | Lock=1[11] | Humid=83 HF=0 DF=0
T=221165 | Temp=52/3 H=0 C=1 | Water=15 | Alarm=0 | Lock=1[11] | Humid=94 HF=0 DF=1
T=221185 | Temp=114/96 H=0 C=1 | Water=1 | Alarm=0 | Lock=1[11] | Humid=235 HF=0 DF=1
T=221205 | Temp=182/255 H=0 C=1 | Water=7 | Alarm=0 | Lock=1[11] | Humid=182 HF=0 DF=1
T=221225 | Temp=65/220 H=1 C=0 | Water=14 | Alarm=0 | Lock=1[11] | Humid=120 HF=0 DF=1
T=221245 | Temp=70/81 H=1 C=0 | Water=10 | Alarm=0 | Lock=1[11] | Humid=75 HF=0 DF=1
T=221265 | Temp=148/55 H=1 C=0 | Water=4 | Alarm=0 | Lock=1[11] | Humid=131 HF=0 DF=1
T=221285 | Temp=165/245 H=0 C=1 | Water=2 | Alarm=0 | Lock=1[11] | Humid=120 HF=0 DF=1
T=221305 | Temp=190/228 H=1 C=0 | Water=6 | Alarm=0 | Lock=1[11] | Humid=253 HF=0 DF=1
T=221325 | Temp=97/109 H=1 C=0 | Water=8 | Alarm=0 | Lock=1[11] | Humid=64 HF=0 DF=1
T=221345 | Temp=67/179 H=1 C=0 | Water=4 | Alarm=0 | Lock=1[11] | Humid=52 HF=0 DF=1
T=221365 | Temp=174/209 H=1 C=0 | Water=6 | Alarm=0 | Lock=1[11] | Humid=255 HF=0 DF=0
T=221385 | Temp=184/96 H=1 C=0 | Water=8 | Alarm=0 | Lock=1[11] | Humid=193 HF=0 DF=1
T=221405 | Temp=220/177 H=0 C=1 | Water=1 | Alarm=0 | Lock=1[11] | Humid=88 HF=0 DF=1
T=221425 | Temp=91/21 H=0 C=1 | Water=1 | Alarm=0 | Lock=1[11] | Humid=59 HF=0 DF=1
T=221445 | Temp=252/141 H=0 C=1 | Water=4 | Alarm=0 | Lock=1[11] | Humid=254 HF=0 DF=0
T=221465 | Temp=217/176 H=0 C=1 | Water=3 | Alarm=0 | Lock=1[11] | Humid=214 HF=0 DF=1
T=221485 | Temp=181/43 H=0 C=1 | Water=13 | Alarm=0 | Lock=1[11] | Humid=52 HF=0 DF=1
T=221505 | Temp=103/32 H=0 C=1 | Water=15 | Alarm=0 | Lock=1[11] | Humid=213 HF=0 DF=0
T=221525 | Temp=246/94 H=0 C=1 | Water=10 | Alarm=0 | Lock=1[11] | Humid=222 HF=0 DF=1
T=221545 | Temp=127/216 H=0 C=1 | Water=10 | Alarm=0 | Lock=1[11] | Humid=161 HF=0 DF=1
T=221565 | Temp=204/246 H=1 C=0 | Water=10 | Alarm=0 | Lock=1[11] | Humid=37 HF=0 DF=1
T=221585 | Temp=175/31 H=1 C=0 | Water=12 | Alarm=0 | Lock=1[11] | Humid=58 HF=1 DF=0
T=221605 | Temp=101/94 H=0 C=1 | Water=14 | Alarm=0 | Lock=1[11] | Humid=157 HF=0 DF=0
T=221625 | Temp=21/181 H=0 C=1 | Water=12 | Alarm=0 | Lock=1[11] | Humid=119 HF=0 DF=1
T=221645 | Temp=183/143 H=1 C=0 | Water=8 | Alarm=0 | Lock=1[11] | Humid=106 HF=0 DF=1
T=221665 | Temp=103/213 H=0 C=1 | Water=5 | Alarm=0 | Lock=1[11] | Humid=38 HF=0 DF=1
T=221685 | Temp=105/221 H=1 C=0 | Water=2 | Alarm=0 | Lock=1[11] | Humid=59 HF=1 DF=0
T=221705 | Temp=7/218 H=1 C=0 | Water=6 | Alarm=0 | Lock=1[11] | Humid=60 HF=0 DF=0
T=221725 | Temp=125/219 H=1 C=0 | Water=7 | Alarm=0 | Lock=1[11] | Humid=98 HF=0 DF=0
T=221745 | Temp=91/162 H=1 C=0 | Water=14 | Alarm=0 | Lock=1[11] | Humid=24 HF=0 DF=1
T=221765 | Temp=72/201 H=1 C=0 | Water=12 | Alarm=0 | Lock=1[11] | Humid=132 HF=1 DF=0
T=221785 | Temp=132/15 H=1 C=0 | Water=8 | Alarm=0 | Lock=1[11] | Humid=204 HF=0 DF=1
T=221805 | Temp=250/8 H=0 C=1 | Water=12 | Alarm=0 | Lock=1[11] | Humid=93 HF=0 DF=1
T=221825 | Temp=7/163 H=0 C=1 | Water=13 | Alarm=0 | Lock=1[11] | Humid=235 HF=0 DF=1
T=221845 | Temp=155/9 H=1 C=0 | Water=5 | Alarm=0 | Lock=1[11] | Humid=125 HF=0 DF=1
T=221865 | Temp=167/3 H=0 C=1 | Water=12 | Alarm=0 | Lock=1[11] | Humid=175 HF=0 DF=1
T=221885 | Temp=57/228 H=0 C=1 | Water=0 | Alarm=0 | Lock=1[11] | Humid=251 HF=0 DF=1
T=221905 | Temp=126/20 H=1 C=0 | Water=15 | Alarm=0 | Lock=1[11] | Humid=250 HF=0 DF=1
T=221925 | Temp=228/60 H=0 C=1 | Water=7 | Alarm=0 | Lock=1[11] | Humid=62 HF=0 DF=1
T=221945 | Temp=55/51 H=0 C=1 | Water=15 | Alarm=0 | Lock=1[11] | Humid=245 HF=0 DF=1
T=221965 | Temp=132/217 H=0 C=1 | Water=2 | Alarm=0 | Lock=1[11] | Humid=175 HF=0 DF=1
T=221985 | Temp=13/192 H=1 C=0 | Water=11 | Alarm=0 | Lock=1[11] | Humid=108 HF=0 DF=1
T=222005 | Temp=18/197 H=1 C=0 | Water=6 | Alarm=0 | Lock=1[11] | Humid=124 HF=0 DF=1
T=222025 | Temp=163/145 H=1 C=0 | Water=11 | Alarm=0 | Lock=1[11] | Humid=161 HF=0 DF=1
T=222045 | Temp=127/63 H=0 C=1 | Water=10 | Alarm=0 | Lock=1[11] | Humid=101 HF=0 DF=1
T=222065 | Temp=252/196 H=0 C=1 | Water=12 | Alarm=0 | Lock=1[11] | Humid=221 HF=0 DF=1
T=222085 | Temp=253/131 H=0 C=1 | Water=10 | Alarm=0 | Lock=1[11] | Humid=147 HF=0 DF=1
T=222105 | Temp=104/244 H=0 C=1 | Water=1 | Alarm=0 | Lock=1[11] | Humid=144 HF=0 DF=1
T=222125 | Temp=8/28 H=1 C=0 | Water=1 | Alarm=0 | Lock=1[11] | Humid=224 HF=0 DF=1
T=222145 | Temp=96/105 H=1 C=0 | Water=2 | Alarm=0 | Lock=1[11] | Humid=249 HF=0 DF=1
T=222165 | Temp=98/35 H=1 C=0 | Water=14 | Alarm=0 | Lock=1[11] | Humid=79 HF=0 DF=1
T=222185 | Temp=128/217 H=0 C=1 | Water=10 | Alarm=0 | Lock=1[11] | Humid=63 HF=0 DF=1
T=222205 | Temp=49/2 H=1 C=0 | Water=15 | Alarm=0 | Lock=1[11] | Humid=195 HF=0 DF=1
T=222225 | Temp=83/106 H=0 C=1 | Water=15 | Alarm=0 | Lock=1[11] | Humid=71 HF=0 DF=1
T=222245 | Temp=100/124 H=1 C=0 | Water=10 | Alarm=0 | Lock=1[11] | Humid=69 HF=0 DF=1
T=222265 | Temp=8/114 H=1 C=0 | Water=13 | Alarm=0 | Lock=1[11] | Humid=91 HF=0 DF=1
T=222285 | Temp=13/53 H=1 C=0 | Water=6 | Alarm=0 | Lock=1[11] | Humid=232 HF=0 DF=1
T=222305 | Temp=146/95 H=1 C=0 | Water=13 | Alarm=0 | Lock=1[11] | Humid=190 HF=0 DF=1
T=222325 | Temp=33/199 H=0 C=1 | Water=8 | Alarm=0 | Lock=1[11] | Humid=252 HF=0 DF=1
T=222345 | Temp=198/164 H=1 C=0 | Water=12 | Alarm=0 | Lock=1[11] | Humid=137 HF=0 DF=1
T=222365 | Temp=170/194 H=0 C=1 | Water=9 | Alarm=0 | Lock=1[11] | Humid=241 HF=0 DF=1
T=222385 | Temp=211/156 H=1 C=0 | Water=0 | Alarm=0 | Lock=1[11] | Humid=79 HF=0 DF=1
T=222405 | Temp=93/51 H=0 C=1 | Water=1 | Alarm=0 | Lock=1[11] | Humid=181 HF=0 DF=1
T=222425 | Temp=174/221 H=0 C=1 | Water=2 | Alarm=0 | Lock=1[11] | Humid=58 HF=0 DF=1
T=222445 | Temp=237/159 H=1 C=0 | Water=13 | Alarm=0 | Lock=1[11] | Humid=177 HF=0 DF=0
T=222465 | Temp=198/77 H=0 C=1 | Water=13 | Alarm=0 | Lock=1[11] | Humid=10 HF=0 DF=1
T=222485 | Temp=198/172 H=0 C=1 | Water=5 | Alarm=0 | Lock=1[11] | Humid=16 HF=1 DF=0
T=222505 | Temp=29/100 H=0 C=1 | Water=2 | Alarm=0 | Lock=1[11] | Humid=14 HF=1 DF=0
T=222525 | Temp=170/151 H=1 C=0 | Water=8 | Alarm=0 | Lock=1[11] | Humid=108 HF=1 DF=0
T=222545 | Temp=47/25 H=0 C=1 | Water=12 | Alarm=0 | Lock=1[11] | Humid=14 HF=0 DF=1
T=222565 | Temp=237/76 H=0 C=1 | Water=6 | Alarm=0 | Lock=1[11] | Humid=99 HF=1 DF=0
T=222585 | Temp=225/31 H=0 C=1 | Water=8 | Alarm=0 | Lock=1[01] | Humid=154 HF=0 DF=1
T=222595 | Temp=225/31 H=0 C=1 | Water=8 | Alarm=0 | Lock=1[11] | Humid=154 HF=0 DF=1
T=222605 | Temp=179/19 H=0 C=1 | Water=10 | Alarm=0 | Lock=1[11] | Humid=111 HF=0 DF=1
T=222625 | Temp=239/6 H=0 C=1 | Water=7 | Alarm=0 | Lock=1[11] | Humid=227 HF=0 DF=1
T=222645 | Temp=94/74 H=0 C=1 | Water=10 | Alarm=0 | Lock=1[11] | Humid=6 HF=0 DF=1
T=222665 | Temp=199/82 H=0 C=1 | Water=6 | Alarm=0 | Lock=1[11] | Humid=254 HF=1 DF=0
T=222685 | Temp=43/116 H=0 C=1 | Water=0 | Alarm=0 | Lock=1[11] | Humid=27 HF=0 DF=1
T=222705 | Temp=117/255 H=1 C=0 | Water=13 | Alarm=0 | Lock=1[11] | Humid=105 HF=1 DF=0
T=222725 | Temp=255/227 H=1 C=0 | Water=6 | Alarm=0 | Lock=1[11] | Humid=80 HF=0 DF=1
T=222745 | Temp=199/107 H=0 C=1 | Water=1 | Alarm=0 | Lock=1[11] | Humid=58 HF=0 DF=1
T=222765 | Temp=226/30 H=0 C=1 | Water=4 | Alarm=0 | Lock=1[11] | Humid=215 HF=0 DF=0
T=222785 | Temp=122/167 H=0 C=1 | Water=1 | Alarm=0 | Lock=1[11] | Humid=7 HF=0 DF=1
T=222805 | Temp=36/26 H=1 C=0 | Water=6 | Alarm=0 | Lock=1[11] | Humid=161 HF=1 DF=0
T=222825 | Temp=129/96 H=0 C=1 | Water=10 | Alarm=0 | Lock=1[11] | Humid=157 HF=0 DF=1
T=222845 | Temp=14/231 H=0 C=1 | Water=13 | Alarm=0 | Lock=1[11] | Humid=251 HF=0 DF=1
T=222865 | Temp=100/218 H=1 C=0 | Water=5 | Alarm=0 | Lock=1[11] | Humid=63 HF=0 DF=1
T=222885 | Temp=112/186 H=1 C=0 | Water=15 | Alarm=0 | Lock=1[11] | Humid=58 HF=0 DF=1
T=222905 | Temp=49/157 H=1 C=0 | Water=3 | Alarm=0 | Lock=1[11] | Humid=74 HF=0 DF=0
T=222925 | Temp=17/6 H=1 C=0 | Water=13 | Alarm=0 | Lock=1[11] | Humid=60 HF=0 DF=1
T=222945 | Temp=82/150 H=0 C=1 | Water=12 | Alarm=0 | Lock=1[11] | Humid=76 HF=0 DF=0
T=222965 | Temp=255/125 H=1 C=0 | Water=9 | Alarm=0 | Lock=1[11] | Humid=25 HF=0 DF=1
T=222985 | Temp=188/25 H=0 C=1 | Water=2 | Alarm=0 | Lock=1[11] | Humid=29 HF=1 DF=0
T=223005 | Temp=176/52 H=0 C=1 | Water=13 | Alarm=0 | Lock=1[11] | Humid=161 HF=1 DF=0
T=223025 | Temp=28/149 H=0 C=1 | Water=2 | Alarm=0 | Lock=1[11] | Humid=249 HF=0 DF=1
T=223045 | Temp=244/208 H=1 C=0 | Water=3 | Alarm=0 | Lock=1[11] | Humid=195 HF=0 DF=1
T=223065 | Temp=8/138 H=0 C=1 | Water=6 | Alarm=0 | Lock=1[11] | Humid=248 HF=0 DF=1
T=223085 | Temp=110/29 H=1 C=0 | Water=6 | Alarm=0 | Lock=1[11] | Humid=133 HF=0 DF=1
T=223105 | Temp=69/103 H=0 C=1 | Water=6 | Alarm=0 | Lock=1[11] | Humid=86 HF=0 DF=1
T=223125 | Temp=215/255 H=1 C=0 | Water=6 | Alarm=0 | Lock=1[11] | Humid=41 HF=0 DF=1
T=223145 | Temp=61/85 H=1 C=0 | Water=4 | Alarm=0 | Lock=1[11] | Humid=205 HF=0 DF=0
T=223165 | Temp=90/211 H=1 C=0 | Water=13 | Alarm=0 | Lock=1[11] | Humid=173 HF=0 DF=1
T=223185 | Temp=56/76 H=1 C=0 | Water=5 | Alarm=0 | Lock=1[11] | Humid=113 HF=0 DF=1
T=223205 | Temp=229/86 H=1 C=0 | Water=11 | Alarm=0 | Lock=1[11] | Humid=113 HF=0 DF=1
T=223225 | Temp=28/39 H=0 C=1 | Water=2 | Alarm=0 | Lock=1[11] | Humid=77 HF=0 DF=1
T=223245 | Temp=30/105 H=1 C=0 | Water=3 | Alarm=0 | Lock=1[11] | Humid=7 HF=0 DF=1
T=223265 | Temp=199/154 H=1 C=0 | Water=3 | Alarm=0 | Lock=1[11] | Humid=187 HF=1 DF=0
T=223285 | Temp=205/252 H=0 C=1 | Water=15 | Alarm=0 | Lock=1[11] | Humid=6 HF=0 DF=1
T=223305 | Temp=23/214 H=1 C=0 | Water=1 | Alarm=0 | Lock=1[11] | Humid=179 HF=1 DF=0
T=223325 | Temp=142/78 H=1 C=0 | Water=12 | Alarm=0 | Lock=1[11] | Humid=9 HF=0 DF=1
T=223345 | Temp=65/251 H=0 C=1 | Water=15 | Alarm=0 | Lock=1[11] | Humid=69 HF=1 DF=0
T=223365 | Temp=229/6 H=1 C=0 | Water=5 | Alarm=0 | Lock=1[11] | Humid=140 HF=0 DF=1
T=223385 | Temp=76/142 H=0 C=1 | Water=10 | Alarm=0 | Lock=1[11] | Humid=120 HF=0 DF=1
T=223405 | Temp=129/180 H=1 C=0 | Water=8 | Alarm=0 | Lock=1[11] | Humid=63 HF=0 DF=1
T=223425 | Temp=26/61 H=1 C=0 | Water=11 | Alarm=0 | Lock=1[11] | Humid=122 HF=0 DF=1
T=223445 | Temp=89/165 H=1 C=0 | Water=9 | Alarm=0 | Lock=1[11] | Humid=45 HF=0 DF=1
T=223465 | Temp=13/190 H=1 C=0 | Water=10 | Alarm=0 | Lock=1[11] | Humid=126 HF=0 DF=0
T=223485 | Temp=63/124 H=1 C=0 | Water=10 | Alarm=0 | Lock=1[11] | Humid=24 HF=0 DF=1
T=223505 | Temp=130/17 H=1 C=0 | Water=3 | Alarm=0 | Lock=1[11] | Humid=127 HF=1 DF=0
T=223525 | Temp=108/211 H=0 C=1 | Water=5 | Alarm=0 | Lock=1[11] | Humid=225 HF=0 DF=1
T=223545 | Temp=27/238 H=1 C=0 | Water=10 | Alarm=0 | Lock=1[11] | Humid=112 HF=0 DF=1
T=223565 | Temp=78/250 H=1 C=0 | Water=10 | Alarm=0 | Lock=1[11] | Humid=105 HF=0 DF=1
T=223585 | Temp=209/107 H=1 C=0 | Water=9 | Alarm=0 | Lock=1[11] | Humid=222 HF=0 DF=1
T=223605 | Temp=61/104 H=0 C=1 | Water=14 | Alarm=0 | Lock=1[11] | Humid=20 HF=0 DF=1
T=223625 | Temp=72/232 H=1 C=0 | Water=15 | Alarm=0 | Lock=1[11] | Humid=223 HF=1 DF=0
T=223645 | Temp=219/29 H=1 C=0 | Water=10 | Alarm=0 | Lock=1[11] | Humid=190 HF=0 DF=1
T=223665 | Temp=62/223 H=0 C=1 | Water=15 | Alarm=0 | Lock=1[11] | Humid=167 HF=0 DF=1
T=223685 | Temp=47/4 H=1 C=0 | Water=10 | Alarm=0 | Lock=1[11] | Humid=99 HF=0 DF=1
T=223705 | Temp=148/79 H=0 C=1 | Water=6 | Alarm=0 | Lock=1[11] | Humid=248 HF=0 DF=1
T=223725 | Temp=152/49 H=0 C=1 | Water=6 | Alarm=0 | Lock=1[11] | Humid=249 HF=0 DF=1
T=223745 | Temp=181/177 H=0 C=1 | Water=5 | Alarm=0 | Lock=1[11] | Humid=181 HF=0 DF=1
T=223765 | Temp=100/176 H=0 C=1 | Water=13 | Alarm=0 | Lock=1[11] | Humid=187 HF=0 DF=1
T=223785 | Temp=123/35 H=1 C=0 | Water=15 | Alarm=0 | Lock=1[11] | Humid=55 HF=0 DF=1
T=223805 | Temp=66/220 H=0 C=1 | Water=2 | Alarm=0 | Lock=1[11] | Humid=71 HF=0 DF=0
T=223825 | Temp=71/237 H=1 C=0 | Water=7 | Alarm=0 | Lock=1[11] | Humid=44 HF=0 DF=1
T=223845 | Temp=107/164 H=1 C=0 | Water=11 | Alarm=0 | Lock=1[11] | Humid=170 HF=0 DF=0
T=223865 | Temp=157/61 H=1 C=0 | Water=3 | Alarm=0 | Lock=1[11] | Humid=7 HF=0 DF=1
T=223885 | Temp=174/126 H=0 C=1 | Water=7 | Alarm=0 | Lock=1[11] | Humid=247 HF=1 DF=0
T=223905 | Temp=13/75 H=0 C=1 | Water=1 | Alarm=0 | Lock=1[11] | Humid=241 HF=0 DF=1
T=223925 | Temp=150/15 H=1 C=0 | Water=8 | Alarm=0 | Lock=1[11] | Humid=29 HF=0 DF=1
T=223945 | Temp=92/74 H=0 C=1 | Water=0 | Alarm=0 | Lock=1[11] | Humid=178 HF=1 DF=0
T=223965 | Temp=145/167 H=0 C=1 | Water=1 | Alarm=0 | Lock=1[11] | Humid=52 HF=0 DF=1
T=223985 | Temp=240/37 H=1 C=0 | Water=10 | Alarm=0 | Lock=1[11] | Humid=49 HF=0 DF=0
T=224005 | Temp=11/90 H=0 C=1 | Water=8 | Alarm=0 | Lock=1[11] | Humid=90 HF=0 DF=0
T=224025 | Temp=164/80 H=1 C=0 | Water=8 | Alarm=0 | Lock=1[11] | Humid=139 HF=0 DF=1
T=224045 | Temp=219/185 H=0 C=1 | Water=4 | Alarm=0 | Lock=1[11] | Humid=54 HF=0 DF=1
T=224065 | Temp=61/72 H=0 C=1 | Water=11 | Alarm=0 | Lock=1[11] | Humid=164 HF=0 DF=0
T=224085 | Temp=19/190 H=1 C=0 | Water=11 | Alarm=0 | Lock=1[11] | Humid=129 HF=0 DF=1
T=224105 | Temp=129/61 H=1 C=0 | Water=0 | Alarm=0 | Lock=1[11] | Humid=187 HF=0 DF=1
T=224125 | Temp=218/110 H=0 C=1 | Water=6 | Alarm=0 | Lock=1[11] | Humid=224 HF=0 DF=1
T=224145 | Temp=98/234 H=0 C=1 | Water=5 | Alarm=0 | Lock=1[11] | Humid=189 HF=0 DF=1
T=224165 | Temp=178/157 H=1 C=0 | Water=14 | Alarm=0 | Lock=1[11] | Humid=90 HF=0 DF=1
T=224185 | Temp=168/149 H=0 C=1 | Water=6 | Alarm=0 | Lock=1[11] | Humid=145 HF=0 DF=1
T=224205 | Temp=8/96 H=0 C=1 | Water=6 | Alarm=0 | Lock=1[11] | Humid=106 HF=0 DF=1
T=224225 | Temp=209/137 H=1 C=0 | Water=3 | Alarm=0 | Lock=1[11] | Humid=93 HF=0 DF=1
T=224245 | Temp=13/135 H=0 C=1 | Water=7 | Alarm=0 | Lock=1[11] | Humid=173 HF=0 DF=1
T=224265 | Temp=159/185 H=1 C=0 | Water=2 | Alarm=0 | Lock=1[11] | Humid=206 HF=0 DF=1
T=224285 | Temp=174/65 H=1 C=0 | Water=12 | Alarm=0 | Lock=1[11] | Humid=8 HF=0 DF=1
T=224305 | Temp=85/4 H=0 C=1 | Water=7 | Alarm=0 | Lock=1[11] | Humid=70 HF=1 DF=0
T=224325 | Temp=167/74 H=0 C=1 | Water=5 | Alarm=0 | Lock=1[11] | Humid=255 HF=0 DF=1
T=224345 | Temp=169/217 H=0 C=1 | Water=11 | Alarm=0 | Lock=1[11] | Humid=195 HF=0 DF=1
T=224365 | Temp=61/228 H=1 C=0 | Water=15 | Alarm=0 | Lock=1[11] | Humid=39 HF=0 DF=1
T=224385 | Temp=223/163 H=1 C=0 | Water=14 | Alarm=0 | Lock=1[11] | Humid=228 HF=1 DF=0
T=224405 | Temp=255/6 H=0 C=1 | Water=8 | Alarm=0 | Lock=1[11] | Humid=242 HF=0 DF=1
T=224425 | Temp=36/20 H=0 C=1 | Water=6 | Alarm=0 | Lock=1[11] | Humid=178 HF=0 DF=1
T=224445 | Temp=147/202 H=0 C=1 | Water=3 | Alarm=0 | Lock=1[11] | Humid=60 HF=0 DF=1
T=224465 | Temp=30/115 H=1 C=0 | Water=12 | Alarm=0 | Lock=1[11] | Humid=159 HF=0 DF=0
T=224485 | Temp=151/150 H=1 C=0 | Water=3 | Alarm=0 | Lock=1[11] | Humid=8 HF=0 DF=1
T=224505 | Temp=117/207 H=1 C=0 | Water=12 | Alarm=0 | Lock=1[11] | Humid=86 HF=1 DF=0
T=224525 | Temp=1/80 H=1 C=0 | Water=9 | Alarm=0 | Lock=1[11] | Humid=183 HF=0 DF=1
T=224545 | Temp=206/159 H=1 C=0 | Water=13 | Alarm=0 | Lock=1[11] | Humid=89 HF=0 DF=1
T=224565 | Temp=231/80 H=0 C=1 | Water=2 | Alarm=0 | Lock=1[11] | Humid=36 HF=0 DF=1
T=224585 | Temp=56/209 H=0 C=1 | Water=13 | Alarm=0 | Lock=1[11] | Humid=7 HF=1 DF=0
T=224605 | Temp=82/45 H=1 C=0 | Water=7 | Alarm=0 | Lock=1[01] | Humid=29 HF=1 DF=0
T=224615 | Temp=82/45 H=1 C=0 | Water=7 | Alarm=0 | Lock=1[11] | Humid=29 HF=1 DF=0
T=224625 | Temp=44/35 H=0 C=1 | Water=10 | Alarm=0 | Lock=1[11] | Humid=67 HF=1 DF=0
T=224645 | Temp=71/103 H=0 C=1 | Water=12 | Alarm=0 | Lock=1[11] | Humid=127 HF=0 DF=1
T=224665 | Temp=211/27 H=1 C=0 | Water=0 | Alarm=0 | Lock=1[11] | Humid=73 HF=0 DF=1
T=224685 | Temp=157/96 H=0 C=1 | Water=10 | Alarm=0 | Lock=1[11] | Humid=208 HF=0 DF=1
T=224705 | Temp=118/157 H=0 C=1 | Water=1 | Alarm=0 | Lock=1[11] | Humid=174 HF=0 DF=1
T=224725 | Temp=95/248 H=1 C=0 | Water=5 | Alarm=0 | Lock=1[11] | Humid=100 HF=0 DF=1
T=224745 | Temp=23/30 H=1 C=0 | Water=15 | Alarm=0 | Lock=1[11] | Humid=68 HF=0 DF=1
T=224765 | Temp=43/68 H=1 C=0 | Water=9 | Alarm=0 | Lock=1[11] | Humid=143 HF=0 DF=1
T=224785 | Temp=214/121 H=1 C=0 | Water=13 | Alarm=0 | Lock=1[11] | Humid=4 HF=0 DF=1
T=224805 | Temp=23/6 H=0 C=1 | Water=3 | Alarm=0 | Lock=1[11] | Humid=122 HF=1 DF=0
T=224825 | Temp=19/59 H=0 C=1 | Water=1 | Alarm=0 | Lock=1[11] | Humid=9 HF=0 DF=1
T=224845 | Temp=58/228 H=1 C=0 | Water=13 | Alarm=0 | Lock=1[11] | Humid=51 HF=1 DF=0
T=224865 | Temp=172/82 H=1 C=0 | Water=1 | Alarm=0 | Lock=1[11] | Humid=136 HF=0 DF=0
T=224885 | Temp=152/115 H=0 C=1 | Water=12 | Alarm=0 | Lock=1[11] | Humid=215 HF=0 DF=1
T=224905 | Temp=206/44 H=0 C=1 | Water=1 | Alarm=0 | Lock=1[11] | Humid=2 HF=0 DF=1
T=224925 | Temp=227/59 H=0 C=1 | Water=11 | Alarm=0 | Lock=1[11] | Humid=188 HF=1 DF=0
T=224945 | Temp=150/194 H=0 C=1 | Water=5 | Alarm=0 | Lock=1[11] | Humid=23 HF=0 DF=1
T=224965 | Temp=107/54 H=1 C=0 | Water=11 | Alarm=0 | Lock=1[11] | Humid=189 HF=1 DF=0
T=224985 | Temp=249/79 H=0 C=1 | Water=7 | Alarm=0 | Lock=1[11] | Humid=126 HF=0 DF=1
T=225005 | Temp=230/146 H=0 C=1 | Water=15 | Alarm=0 | Lock=1[11] | Humid=33 HF=0 DF=1
T=225025 | Temp=35/109 H=0 C=1 | Water=14 | Alarm=0 | Lock=1[11] | Humid=121 HF=1 DF=0
T=225045 | Temp=45/222 H=1 C=0 | Water=14 | Alarm=0 | Lock=1[11] | Humid=49 HF=0 DF=1
T=225065 | Temp=90/100 H=1 C=0 | Water=6 | Alarm=0 | Lock=1[11] | Humid=187 HF=0 DF=0
T=225085 | Temp=182/143 H=1 C=0 | Water=4 | Alarm=0 | Lock=1[11] | Humid=2 HF=0 DF=1
T=225105 | Temp=153/141 H=0 C=1 | Water=3 | Alarm=0 | Lock=1[11] | Humid=131 HF=1 DF=0
T=225125 | Temp=246/167 H=0 C=1 | Water=8 | Alarm=0 | Lock=1[11] | Humid=61 HF=0 DF=1
T=225145 | Temp=9/194 H=0 C=1 | Water=2 | Alarm=0 | Lock=1[11] | Humid=101 HF=0 DF=1
T=225165 | Temp=112/53 H=1 C=0 | Water=4 | Alarm=0 | Lock=1[11] | Humid=181 HF=0 DF=1
T=225185 | Temp=176/211 H=0 C=1 | Water=9 | Alarm=0 | Lock=1[11] | Humid=158 HF=0 DF=1
T=225205 | Temp=228/35 H=1 C=0 | Water=2 | Alarm=0 | Lock=1[11] | Humid=45 HF=0 DF=1
T=225225 | Temp=36/134 H=0 C=1 | Water=9 | Alarm=0 | Lock=1[11] | Humid=214 HF=0 DF=0
T=225245 | Temp=40/105 H=1 C=0 | Water=0 | Alarm=0 | Lock=1[11] | Humid=185 HF=0 DF=1
T=225265 | Temp=182/210 H=1 C=0 | Water=7 | Alarm=0 | Lock=1[11] | Humid=234 HF=0 DF=1
T=225285 | Temp=229/205 H=1 C=0 | Water=3 | Alarm=0 | Lock=1[11] | Humid=125 HF=0 DF=1
T=225305 | Temp=54/211 H=0 C=1 | Water=1 | Alarm=0 | Lock=1[11] | Humid=30 HF=0 DF=1
T=225325 | Temp=46/52 H=1 C=0 | Water=2 | Alarm=0 | Lock=1[11] | Humid=28 HF=1 DF=0
T=225345 | Temp=242/198 H=1 C=0 | Water=5 | Alarm=0 | Lock=1[11] | Humid=154 HF=1 DF=0
T=225365 | Temp=64/124 H=0 C=1 | Water=10 | Alarm=0 | Lock=1[11] | Humid=214 HF=0 DF=1
T=225385 | Temp=221/156 H=1 C=0 | Water=14 | Alarm=0 | Lock=1[11] | Humid=35 HF=0 DF=1
T=225405 | Temp=184/91 H=0 C=1 | Water=3 | Alarm=0 | Lock=1[11] | Humid=217 HF=1 DF=0
T=225425 | Temp=196/8 H=0 C=1 | Water=9 | Alarm=0 | Lock=1[11] | Humid=185 HF=0 DF=1
T=225445 | Temp=227/19 H=0 C=1 | Water=4 | Alarm=0 | Lock=1[11] | Humid=207 HF=0 DF=1
T=225465 | Temp=240/1 H=0 C=1 | Water=15 | Alarm=0 | Lock=1[11] | Humid=206 HF=0 DF=1
T=225485 | Temp=154/132 H=1 C=0 | Water=8 | Alarm=0 | Lock=1[11] | Humid=176 HF=0 DF=1
T=225505 | Temp=86/223 H=0 C=1 | Water=2 | Alarm=0 | Lock=1[11] | Humid=248 HF=0 DF=1
T=225525 | Temp=255/92 H=1 C=0 | Water=12 | Alarm=0 | Lock=1[11] | Humid=192 HF=0 DF=1
T=225545 | Temp=188/216 H=0 C=1 | Water=10 | Alarm=0 | Lock=1[11] | Humid=171 HF=0 DF=1
T=225565 | Temp=109/128 H=1 C=0 | Water=2 | Alarm=0 | Lock=1[11] | Humid=140 HF=0 DF=1
T=225585 | Temp=79/21 H=1 C=0 | Water=11 | Alarm=0 | Lock=1[11] | Humid=182 HF=0 DF=1
T=225605 | Temp=4/115 H=0 C=1 | Water=10 | Alarm=0 | Lock=1[11] | Humid=121 HF=0 DF=1
T=225625 | Temp=141/79 H=1 C=0 | Water=1 | Alarm=0 | Lock=1[11] | Humid=224 HF=0 DF=1
T=225645 | Temp=215/244 H=0 C=1 | Water=11 | Alarm=0 | Lock=1[11] | Humid=241 HF=0 DF=1
T=225665 | Temp=121/247 H=1 C=0 | Water=10 | Alarm=0 | Lock=1[11] | Humid=227 HF=0 DF=1
T=225685 | Temp=112/175 H=1 C=0 | Water=13 | Alarm=0 | Lock=1[11] | Humid=19 HF=0 DF=1
T=225705 | Temp=27/75 H=1 C=0 | Water=4 | Alarm=0 | Lock=1[11] | Humid=232 HF=1 DF=0
T=225725 | Temp=76/245 H=1 C=0 | Water=1 | Alarm=0 | Lock=1[11] | Humid=140 HF=0 DF=1
T=225745 | Temp=170/34 H=1 C=0 | Water=4 | Alarm=0 | Lock=1[11] | Humid=233 HF=0 DF=1
T=225765 | Temp=144/103 H=0 C=1 | Water=8 | Alarm=0 | Lock=1[11] | Humid=180 HF=0 DF=1
T=225785 | Temp=25/113 H=0 C=1 | Water=7 | Alarm=0 | Lock=1[11] | Humid=242 HF=0 DF=1
T=225805 | Temp=12/215 H=1 C=0 | Water=10 | Alarm=0 | Lock=1[11] | Humid=90 HF=0 DF=1
T=225825 | Temp=243/222 H=1 C=0 | Water=0 | Alarm=0 | Lock=1[11] | Humid=68 HF=0 DF=1
T=225845 | Temp=172/132 H=0 C=1 | Water=1 | Alarm=0 | Lock=1[11] | Humid=127 HF=0 DF=1
T=225865 | Temp=116/125 H=0 C=1 | Water=0 | Alarm=0 | Lock=1[11] | Humid=90 HF=0 DF=1
T=225885 | Temp=162/186 H=1 C=0 | Water=7 | Alarm=0 | Lock=1[11] | Humid=118 HF=0 DF=1
T=225905 | Temp=103/69 H=1 C=0 | Water=13 | Alarm=0 | Lock=1[11] | Humid=237 HF=0 DF=1
T=225925 | Temp=170/66 H=0 C=1 | Water=8 | Alarm=0 | Lock=1[11] | Humid=139 HF=0 DF=1
T=225945 | Temp=130/210 H=0 C=1 | Water=14 | Alarm=0 | Lock=1[11] | Humid=19 HF=0 DF=1
T=225965 | Temp=172/23 H=1 C=0 | Water=12 | Alarm=0 | Lock=1[11] | Humid=31 HF=1 DF=0
T=225985 | Temp=118/8 H=0 C=1 | Water=9 | Alarm=0 | Lock=1[11] | Humid=66 HF=1 DF=0
T=226005 | Temp=178/14 H=0 C=1 | Water=4 | Alarm=0 | Lock=1[11] | Humid=13 HF=0 DF=1
T=226025 | Temp=189/231 H=0 C=1 | Water=14 | Alarm=0 | Lock=1[11] | Humid=121 HF=1 DF=0
T=226045 | Temp=61/233 H=1 C=0 | Water=10 | Alarm=0 | Lock=1[11] | Humid=236 HF=0 DF=1
T=226065 | Temp=44/26 H=1 C=0 | Water=11 | Alarm=0 | Lock=1[11] | Humid=154 HF=0 DF=1
T=226085 | Temp=217/225 H=0 C=1 | Water=11 | Alarm=0 | Lock=1[11] | Humid=158 HF=0 DF=1
T=226105 | Temp=40/127 H=1 C=0 | Water=12 | Alarm=0 | Lock=1[11] | Humid=106 HF=0 DF=1
T=226125 | Temp=148/154 H=1 C=0 | Water=4 | Alarm=0 | Lock=1[11] | Humid=197 HF=0 DF=1
T=226145 | Temp=87/4 H=1 C=0 | Water=12 | Alarm=0 | Lock=1[11] | Humid=28 HF=0 DF=1
T=226165 | Temp=93/10 H=0 C=1 | Water=1 | Alarm=0 | Lock=1[11] | Humid=205 HF=1 DF=0
T=226185 | Temp=39/77 H=0 C=1 | Water=3 | Alarm=0 | Lock=1[11] | Humid=15 HF=0 DF=1
T=226205 | Temp=121/91 H=1 C=0 | Water=8 | Alarm=0 | Lock=1[11] | Humid=161 HF=1 DF=0
T=226225 | Temp=229/45 H=0 C=1 | Water=2 | Alarm=0 | Lock=1[11] | Humid=21 HF=0 DF=1
T=226245 | Temp=115/196 H=0 C=1 | Water=10 | Alarm=0 | Lock=1[11] | Humid=198 HF=1 DF=0
T=226265 | Temp=196/241 H=1 C=0 | Water=13 | Alarm=0 | Lock=1[11] | Humid=62 HF=0 DF=1
T=226285 | Temp=8/23 H=1 C=0 | Water=13 | Alarm=0 | Lock=1[11] | Humid=151 HF=0 DF=1
T=226305 | Temp=113/224 H=1 C=0 | Water=0 | Alarm=0 | Lock=1[11] | Humid=102 HF=0 DF=1
T=226325 | Temp=61/136 H=1 C=0 | Water=10 | Alarm=0 | Lock=1[11] | Humid=107 HF=0 DF=1
T=226345 | Temp=57/245 H=1 C=0 | Water=12 | Alarm=0 | Lock=1[11] | Humid=230 HF=0 DF=1
T=226365 | Temp=46/159 H=1 C=0 | Water=11 | Alarm=0 | Lock=1[11] | Humid=65 HF=0 DF=1
T=226385 | Temp=94/81 H=1 C=0 | Water=15 | Alarm=0 | Lock=1[11] | Humid=58 HF=0 DF=1
T=226405 | Temp=226/128 H=0 C=1 | Water=7 | Alarm=0 | Lock=1[11] | Humid=141 HF=0 DF=0
T=226425 | Temp=186/178 H=0 C=1 | Water=0 | Alarm=0 | Lock=1[11] | Humid=87 HF=0 DF=1
T=226445 | Temp=156/61 H=0 C=1 | Water=5 | Alarm=0 | Lock=1[11] | Humid=5 HF=0 DF=1
T=226465 | Temp=108/110 H=0 C=1 | Water=5 | Alarm=0 | Lock=1[11] | Humid=168 HF=1 DF=0
T=226485 | Temp=84/8 H=0 C=1 | Water=6 | Alarm=0 | Lock=1[11] | Humid=157 HF=0 DF=1
T=226505 | Temp=79/193 H=0 C=1 | Water=3 | Alarm=0 | Lock=1[11] | Humid=230 HF=0 DF=1
T=226525 | Temp=135/88 H=1 C=0 | Water=12 | Alarm=0 | Lock=1[11] | Humid=60 HF=0 DF=1
T=226545 | Temp=50/204 H=0 C=1 | Water=2 | Alarm=0 | Lock=1[11] | Humid=107 HF=0 DF=0
T=226565 | Temp=210/150 H=1 C=0 | Water=15 | Alarm=0 | Lock=1[11] | Humid=153 HF=0 DF=1
T=226585 | Temp=196/234 H=0 C=1 | Water=6 | Alarm=0 | Lock=1[11] | Humid=197 HF=0 DF=1
T=226605 | Temp=238/68 H=1 C=0 | Water=1 | Alarm=0 | Lock=1[11] | Humid=215 HF=0 DF=1
T=226625 | Temp=93/96 H=0 C=1 | Water=5 | Alarm=0 | Lock=1[01] | Humid=88 HF=0 DF=1
T=226645 | Temp=168/7 H=1 C=0 | Water=4 | Alarm=0 | Lock=1[01] | Humid=120 HF=0 DF=1
T=226655 | Temp=168/7 H=1 C=0 | Water=4 | Alarm=0 | Lock=1[11] | Humid=120 HF=0 DF=1
T=226665 | Temp=117/41 H=0 C=1 | Water=6 | Alarm=0 | Lock=1[11] | Humid=129 HF=0 DF=1
T=226685 | Temp=177/252 H=0 C=1 | Water=15 | Alarm=0 | Lock=1[11] | Humid=108 HF=0 DF=1
T=226705 | Temp=36/107 H=1 C=0 | Water=0 | Alarm=0 | Lock=1[11] | Humid=187 HF=0 DF=1
T=226725 | Temp=53/166 H=1 C=0 | Water=9 | Alarm=0 | Lock=1[11] | Humid=232 HF=0 DF=1
T=226745 | Temp=0/198 H=1 C=0 | Water=10 | Alarm=0 | Lock=1[11] | Humid=4 HF=0 DF=1
T=226765 | Temp=74/215 H=1 C=0 | Water=7 | Alarm=0 | Lock=1[11] | Humid=76 HF=1 DF=0
T=226785 | Temp=211/73 H=1 C=0 | Water=14 | Alarm=0 | Lock=1[11] | Humid=60 HF=0 DF=1
T=226805 | Temp=194/223 H=0 C=1 | Water=9 | Alarm=0 | Lock=1[11] | Humid=154 HF=0 DF=0
T=226825 | Temp=163/17 H=1 C=0 | Water=11 | Alarm=0 | Lock=1[11] | Humid=141 HF=0 DF=1
T=226845 | Temp=104/240 H=0 C=1 | Water=10 | Alarm=0 | Lock=1[11] | Humid=159 HF=0 DF=1
T=226865 | Temp=214/115 H=1 C=0 | Water=13 | Alarm=0 | Lock=1[11] | Humid=127 HF=0 DF=1
T=226885 | Temp=48/5 H=0 C=1 | Water=10 | Alarm=0 | Lock=1[11] | Humid=240 HF=0 DF=1
T=226905 | Temp=90/194 H=0 C=1 | Water=3 | Alarm=0 | Lock=1[11] | Humid=130 HF=0 DF=1
T=226925 | Temp=45/99 H=1 C=0 | Water=13 | Alarm=0 | Lock=1[11] | Humid=14 HF=0 DF=1
T=226945 | Temp=52/130 H=1 C=0 | Water=3 | Alarm=0 | Lock=1[11] | Humid=33 HF=1 DF=0
T=226965 | Temp=6/14 H=1 C=0 | Water=4 | Alarm=0 | Lock=1[11] | Humid=67 HF=1 DF=0
T=226985 | Temp=97/135 H=1 C=0 | Water=1 | Alarm=0 | Lock=1[11] | Humid=123 HF=0 DF=1
T=227005 | Temp=109/5 H=1 C=0 | Water=1 | Alarm=0 | Lock=1[11] | Humid=3 HF=0 DF=1
T=227025 | Temp=215/113 H=0 C=1 | Water=11 | Alarm=0 | Lock=1[11] | Humid=55 HF=1 DF=0
T=227045 | Temp=228/179 H=0 C=1 | Water=2 | Alarm=0 | Lock=1[11] | Humid=163 HF=0 DF=0
T=227065 | Temp=94/209 H=0 C=1 | Water=14 | Alarm=0 | Lock=1[11] | Humid=132 HF=0 DF=1
T=227085 | Temp=160/195 H=1 C=0 | Water=9 | Alarm=0 | Lock=1[11] | Humid=13 HF=0 DF=1
T=227105 | Temp=137/233 H=1 C=0 | Water=2 | Alarm=0 | Lock=1[11] | Humid=252 HF=1 DF=0
T=227125 | Temp=233/219 H=1 C=0 | Water=12 | Alarm=0 | Lock=1[11] | Humid=64 HF=0 DF=1
T=227145 | Temp=185/86 H=0 C=1 | Water=13 | Alarm=0 | Lock=1[11] | Humid=229 HF=0 DF=1
T=227165 | Temp=215/83 H=0 C=1 | Water=8 | Alarm=0 | Lock=1[11] | Humid=105 HF=0 DF=1
T=227185 | Temp=30/233 H=0 C=1 | Water=4 | Alarm=0 | Lock=1[11] | Humid=218 HF=0 DF=1
T=227205 | Temp=17/176 H=1 C=0 | Water=2 | Alarm=0 | Lock=1[11] | Humid=80 HF=0 DF=1
T=227225 | Temp=97/102 H=1 C=0 | Water=14 | Alarm=0 | Lock=1[11] | Humid=106 HF=0 DF=1
T=227245 | Temp=128/78 H=1 C=0 | Water=1 | Alarm=0 | Lock=1[11] | Humid=57 HF=0 DF=1
T=227265 | Temp=156/128 H=0 C=1 | Water=10 | Alarm=0 | Lock=1[11] | Humid=102 HF=0 DF=0
T=227285 | Temp=13/90 H=0 C=1 | Water=5 | Alarm=0 | Lock=1[11] | Humid=190 HF=0 DF=1
T=227305 | Temp=157/131 H=1 C=0 | Water=8 | Alarm=0 | Lock=1[11] | Humid=138 HF=0 DF=1
T=227325 | Temp=63/122 H=0 C=1 | Water=10 | Alarm=0 | Lock=1[11] | Humid=117 HF=0 DF=1
T=227345 | Temp=221/238 H=1 C=0 | Water=11 | Alarm=0 | Lock=1[11] | Humid=138 HF=0 DF=1
T=227365 | Temp=168/174 H=1 C=0 | Water=7 | Alarm=0 | Lock=1[11] | Humid=96 HF=0 DF=1
T=227385 | Temp=16/94 H=1 C=0 | Water=5 | Alarm=0 | Lock=1[11] | Humid=86 HF=0 DF=1
T=227405 | Temp=154/67 H=1 C=0 | Water=2 | Alarm=0 | Lock=1[11] | Humid=25 HF=0 DF=1
T=227425 | Temp=132/241 H=0 C=1 | Water=0 | Alarm=0 | Lock=1[11] | Humid=120 HF=1 DF=0
T=227445 | Temp=57/209 H=1 C=0 | Water=13 | Alarm=0 | Lock=1[11] | Humid=254 HF=0 DF=1
T=227465 | Temp=160/166 H=1 C=0 | Water=8 | Alarm=0 | Lock=1[11] | Humid=158 HF=0 DF=1
T=227485 | Temp=213/59 H=1 C=0 | Water=13 | Alarm=0 | Lock=1[11] | Humid=161 HF=0 DF=1
T=227505 | Temp=182/136 H=0 C=1 | Water=5 | Alarm=0 | Lock=1[11] | Humid=152 HF=0 DF=1
T=227525 | Temp=45/40 H=0 C=1 | Water=1 | Alarm=0 | Lock=1[11] | Humid=252 HF=0 DF=1
T=227545 | Temp=93/201 H=0 C=1 | Water=4 | Alarm=0 | Lock=1[11] | Humid=45 HF=0 DF=1
T=227565 | Temp=174/151 H=1 C=0 | Water=5 | Alarm=0 | Lock=1[11] | Humid=71 HF=0 DF=0
T=227585 | Temp=131/236 H=0 C=1 | Water=0 | Alarm=0 | Lock=1[11] | Humid=10 HF=0 DF=1
T=227605 | Temp=49/128 H=1 C=0 | Water=0 | Alarm=0 | Lock=1[11] | Humid=224 HF=1 DF=0
T=227625 | Temp=22/32 H=1 C=0 | Water=1 | Alarm=0 | Lock=1[11] | Humid=131 HF=0 DF=1
T=227645 | Temp=83/121 H=1 C=0 | Water=4 | Alarm=0 | Lock=1[11] | Humid=41 HF=0 DF=1
T=227665 | Temp=81/17 H=1 C=0 | Water=8 | Alarm=0 | Lock=1[11] | Humid=248 HF=0 DF=0
T=227685 | Temp=3/218 H=0 C=1 | Water=15 | Alarm=0 | Lock=1[11] | Humid=137 HF=0 DF=1
T=227705 | Temp=201/146 H=1 C=0 | Water=7 | Alarm=0 | Lock=1[11] | Humid=1 HF=0 DF=1
T=227725 | Temp=81/30 H=0 C=1 | Water=15 | Alarm=0 | Lock=1[11] | Humid=195 HF=1 DF=0
T=227745 | Temp=81/109 H=0 C=1 | Water=11 | Alarm=0 | Lock=1[11] | Humid=77 HF=0 DF=1
T=227765 | Temp=113/193 H=1 C=0 | Water=7 | Alarm=0 | Lock=1[11] | Humid=88 HF=0 DF=1
T=227785 | Temp=138/56 H=1 C=0 | Water=0 | Alarm=0 | Lock=1[11] | Humid=219 HF=0 DF=1
T=227805 | Temp=200/146 H=0 C=1 | Water=14 | Alarm=0 | Lock=1[11] | Humid=212 HF=0 DF=1
T=227825 | Temp=78/92 H=0 C=1 | Water=10 | Alarm=0 | Lock=1[11] | Humid=10 HF=0 DF=1
T=227845 | Temp=149/144 H=1 C=0 | Water=4 | Alarm=0 | Lock=1[11] | Humid=16 HF=1 DF=0
T=227865 | Temp=21/8 H=0 C=1 | Water=3 | Alarm=0 | Lock=1[11] | Humid=210 HF=1 DF=0
T=227885 | Temp=170/33 H=0 C=1 | Water=6 | Alarm=0 | Lock=1[11] | Humid=51 HF=0 DF=1
T=227905 | Temp=192/214 H=0 C=1 | Water=1 | Alarm=0 | Lock=1[11] | Humid=205 HF=0 DF=0
T=227925 | Temp=198/145 H=1 C=0 | Water=9 | Alarm=0 | Lock=1[11] | Humid=192 HF=0 DF=1
T=227945 | Temp=165/16 H=0 C=1 | Water=11 | Alarm=0 | Lock=1[11] | Humid=254 HF=0 DF=1
T=227965 | Temp=76/31 H=0 C=1 | Water=8 | Alarm=0 | Lock=1[11] | Humid=156 HF=0 DF=1
T=227985 | Temp=157/205 H=0 C=1 | Water=8 | Alarm=0 | Lock=1[11] | Humid=202 HF=0 DF=1
T=228005 | Temp=93/95 H=1 C=0 | Water=6 | Alarm=0 | Lock=1[11] | Humid=118 HF=0 DF=1
T=228025 | Temp=77/72 H=1 C=0 | Water=0 | Alarm=0 | Lock=1[11] | Humid=181 HF=0 DF=1
T=228045 | Temp=23/64 H=0 C=1 | Water=9 | Alarm=0 | Lock=1[11] | Humid=249 HF=0 DF=1
T=228065 | Temp=187/246 H=1 C=0 | Water=15 | Alarm=0 | Lock=1[11] | Humid=199 HF=0 DF=1
T=228085 | Temp=194/114 H=1 C=0 | Water=14 | Alarm=0 | Lock=1[11] | Humid=5 HF=0 DF=1
T=228105 | Temp=99/130 H=0 C=1 | Water=8 | Alarm=0 | Lock=1[11] | Humid=208 HF=1 DF=0
T=228125 | Temp=149/16 H=1 C=0 | Water=0 | Alarm=0 | Lock=1[11] | Humid=56 HF=0 DF=1
T=228145 | Temp=52/69 H=0 C=1 | Water=11 | Alarm=0 | Lock=1[11] | Humid=89 HF=0 DF=0
T=228165 | Temp=209/58 H=1 C=0 | Water=13 | Alarm=0 | Lock=1[11] | Humid=165 HF=0 DF=1
T=228185 | Temp=55/133 H=0 C=1 | Water=11 | Alarm=0 | Lock=1[11] | Humid=90 HF=0 DF=1
T=228205 | Temp=175/200 H=1 C=0 | Water=11 | Alarm=0 | Lock=1[11] | Humid=43 HF=0 DF=1
T=228225 | Temp=180/231 H=1 C=0 | Water=13 | Alarm=0 | Lock=1[11] | Humid=238 HF=0 DF=0
T=228245 | Temp=30/181 H=1 C=0 | Water=14 | Alarm=0 | Lock=1[11] | Humid=187 HF=0 DF=1
T=228265 | Temp=179/213 H=1 C=0 | Water=0 | Alarm=0 | Lock=1[11] | Humid=244 HF=0 DF=1
T=228285 | Temp=96/38 H=1 C=0 | Water=0 | Alarm=0 | Lock=1[11] | Humid=132 HF=0 DF=1
T=228305 | Temp=31/248 H=0 C=1 | Water=15 | Alarm=0 | Lock=1[11] | Humid=238 HF=0 DF=1
T=228325 | Temp=39/229 H=1 C=0 | Water=10 | Alarm=0 | Lock=1[11] | Humid=136 HF=0 DF=1
T=228345 | Temp=26/51 H=1 C=0 | Water=11 | Alarm=0 | Lock=1[11] | Humid=238 HF=0 DF=1
T=228365 | Temp=158/91 H=1 C=0 | Water=11 | Alarm=0 | Lock=1[11] | Humid=109 HF=0 DF=1
T=228385 | Temp=99/208 H=0 C=1 | Water=11 | Alarm=0 | Lock=1[11] | Humid=127 HF=0 DF=1
T=228405 | Temp=234/23 H=1 C=0 | Water=3 | Alarm=0 | Lock=1[11] | Humid=14 HF=0 DF=1
T=228425 | Temp=118/90 H=0 C=1 | Water=7 | Alarm=0 | Lock=1[11] | Humid=99 HF=1 DF=0
T=228445 | Temp=201/215 H=0 C=1 | Water=8 | Alarm=0 | Lock=1[11] | Humid=202 HF=0 DF=1
T=228465 | Temp=250/24 H=1 C=0 | Water=0 | Alarm=0 | Lock=1[11] | Humid=33 HF=0 DF=1
T=228485 | Temp=1/76 H=0 C=1 | Water=1 | Alarm=0 | Lock=1[11] | Humid=240 HF=1 DF=0
T=228505 | Temp=245/11 H=1 C=0 | Water=11 | Alarm=0 | Lock=1[11] | Humid=97 HF=0 DF=1
T=228525 | Temp=104/254 H=0 C=1 | Water=0 | Alarm=0 | Lock=1[11] | Humid=170 HF=0 DF=1
T=228545 | Temp=236/133 H=1 C=0 | Water=11 | Alarm=0 | Lock=1[11] | Humid=199 HF=0 DF=1
T=228565 | Temp=173/206 H=0 C=1 | Water=9 | Alarm=0 | Lock=1[11] | Humid=146 HF=0 DF=1
T=228585 | Temp=214/225 H=1 C=0 | Water=0 | Alarm=0 | Lock=1[11] | Humid=96 HF=0 DF=1
T=228605 | Temp=119/132 H=1 C=0 | Water=4 | Alarm=0 | Lock=1[11] | Humid=237 HF=0 DF=1
T=228625 | Temp=196/108 H=1 C=0 | Water=12 | Alarm=0 | Lock=1[11] | Humid=152 HF=0 DF=1
T=228645 | Temp=247/55 H=0 C=1 | Water=15 | Alarm=0 | Lock=1[11] | Humid=79 HF=0 DF=1
T=228665 | Temp=1/252 H=0 C=1 | Water=7 | Alarm=0 | Lock=1[01] | Humid=14 HF=0 DF=1
T=228675 | Temp=1/252 H=0 C=1 | Water=7 | Alarm=0 | Lock=1[11] | Humid=14 HF=0 DF=1
T=228685 | Temp=14/134 H=1 C=0 | Water=12 | Alarm=0 | Lock=1[11] | Humid=174 HF=1 DF=0
T=228705 | Temp=100/10 H=1 C=0 | Water=3 | Alarm=0 | Lock=1[11] | Humid=250 HF=0 DF=1
T=228725 | Temp=88/234 H=0 C=1 | Water=2 | Alarm=0 | Lock=1[11] | Humid=243 HF=0 DF=1
T=228745 | Temp=10/21 H=1 C=0 | Water=2 | Alarm=0 | Lock=1[11] | Humid=203 HF=0 DF=1
T=228765 | Temp=177/26 H=1 C=0 | Water=8 | Alarm=0 | Lock=1[11] | Humid=111 HF=0 DF=1
T=228785 | Temp=19/188 H=0 C=1 | Water=11 | Alarm=0 | Lock=1[11] | Humid=21 HF=0 DF=1
T=228805 | Temp=253/93 H=1 C=0 | Water=7 | Alarm=0 | Lock=1[11] | Humid=96 HF=1 DF=0
T=228825 | Temp=168/236 H=0 C=1 | Water=7 | Alarm=0 | Lock=1[11] | Humid=187 HF=0 DF=1
T=228845 | Temp=9/103 H=1 C=0 | Water=10 | Alarm=0 | Lock=1[11] | Humid=156 HF=0 DF=1
T=228865 | Temp=186/242 H=1 C=0 | Water=6 | Alarm=0 | Lock=1[11] | Humid=115 HF=0 DF=1
T=228885 | Temp=37/26 H=1 C=0 | Water=2 | Alarm=0 | Lock=1[11] | Humid=137 HF=0 DF=1
T=228905 | Temp=110/180 H=0 C=1 | Water=9 | Alarm=0 | Lock=1[11] | Humid=220 HF=0 DF=1
T=228925 | Temp=78/13 H=1 C=0 | Water=10 | Alarm=0 | Lock=1[11] | Humid=93 HF=0 DF=1
T=228945 | Temp=172/38 H=0 C=1 | Water=14 | Alarm=0 | Lock=1[11] | Humid=226 HF=0 DF=1
T=228965 | Temp=173/223 H=0 C=1 | Water=9 | Alarm=0 | Lock=1[11] | Humid=163 HF=0 DF=1
T=228985 | Temp=202/103 H=1 C=0 | Water=2 | Alarm=0 | Lock=1[11] | Humid=3 HF=0 DF=1
T=229005 | Temp=47/223 H=0 C=1 | Water=7 | Alarm=0 | Lock=1[11] | Humid=76 HF=1 DF=0
T=229025 | Temp=244/160 H=1 C=0 | Water=3 | Alarm=0 | Lock=1[11] | Humid=77 HF=0 DF=1
T=229045 | Temp=74/209 H=0 C=1 | Water=4 | Alarm=0 | Lock=1[11] | Humid=197 HF=0 DF=1
T=229065 | Temp=5/168 H=1 C=0 | Water=4 | Alarm=0 | Lock=1[11] | Humid=49 HF=0 DF=1
T=229085 | Temp=129/183 H=1 C=0 | Water=6 | Alarm=0 | Lock=1[11] | Humid=20 HF=0 DF=0
T=229105 | Temp=116/75 H=1 C=0 | Water=13 | Alarm=0 | Lock=1[11] | Humid=158 HF=1 DF=0
T=229125 | Temp=115/21 H=0 C=1 | Water=12 | Alarm=0 | Lock=1[11] | Humid=193 HF=0 DF=1
T=229145 | Temp=110/34 H=0 C=1 | Water=2 | Alarm=0 | Lock=1[11] | Humid=23 HF=0 DF=1
T=229165 | Temp=114/128 H=0 C=1 | Water=6 | Alarm=0 | Lock=1[11] | Humid=124 HF=1 DF=0
T=229185 | Temp=220/105 H=1 C=0 | Water=0 | Alarm=0 | Lock=1[11] | Humid=102 HF=0 DF=1
T=229205 | Temp=151/205 H=0 C=1 | Water=9 | Alarm=0 | Lock=1[11] | Humid=134 HF=0 DF=1
T=229225 | Temp=78/255 H=1 C=0 | Water=0 | Alarm=0 | Lock=1[11] | Humid=71 HF=0 DF=1
T=229245 | Temp=148/20 H=1 C=0 | Water=10 | Alarm=0 | Lock=1[11] | Humid=238 HF=0 DF=1
T=229265 | Temp=201/102 H=0 C=1 | Water=1 | Alarm=0 | Lock=1[11] | Humid=106 HF=0 DF=1
T=229285 | Temp=144/202 H=0 C=1 | Water=3 | Alarm=0 | Lock=1[11] | Humid=202 HF=0 DF=1
T=229305 | Temp=208/107 H=1 C=0 | Water=13 | Alarm=0 | Lock=1[11] | Humid=229 HF=0 DF=1
T=229325 | Temp=130/38 H=0 C=1 | Water=1 | Alarm=0 | Lock=1[11] | Humid=244 HF=0 DF=1
T=229345 | Temp=1/151 H=0 C=1 | Water=11 | Alarm=0 | Lock=1[11] | Humid=184 HF=0 DF=1
T=229365 | Temp=236/249 H=1 C=0 | Water=11 | Alarm=0 | Lock=1[11] | Humid=71 HF=0 DF=1
T=229385 | Temp=137/198 H=1 C=0 | Water=4 | Alarm=0 | Lock=1[11] | Humid=78 HF=0 DF=1
T=229405 | Temp=110/221 H=1 C=0 | Water=3 | Alarm=0 | Lock=1[11] | Humid=202 HF=0 DF=1
T=229425 | Temp=51/53 H=1 C=0 | Water=5 | Alarm=0 | Lock=1[11] | Humid=120 HF=0 DF=1
T=229445 | Temp=10/206 H=1 C=0 | Water=13 | Alarm=0 | Lock=1[11] | Humid=89 HF=0 DF=1
T=229465 | Temp=202/110 H=1 C=0 | Water=3 | Alarm=0 | Lock=1[11] | Humid=155 HF=0 DF=1
T=229485 | Temp=79/58 H=0 C=1 | Water=8 | Alarm=0 | Lock=1[11] | Humid=117 HF=0 DF=1
T=229505 | Temp=27/69 H=0 C=1 | Water=0 | Alarm=0 | Lock=1[11] | Humid=22 HF=0 DF=1
T=229525 | Temp=149/182 H=1 C=0 | Water=11 | Alarm=0 | Lock=1[11] | Humid=52 HF=1 DF=0
T=229545 | Temp=82/194 H=1 C=0 | Water=2 | Alarm=0 | Lock=1[11] | Humid=95 HF=0 DF=0
T=229565 | Temp=13/8 H=1 C=0 | Water=12 | Alarm=0 | Lock=1[11] | Humid=116 HF=0 DF=1
T=229585 | Temp=124/208 H=0 C=1 | Water=14 | Alarm=0 | Lock=1[11] | Humid=245 HF=0 DF=1
T=229605 | Temp=110/232 H=1 C=0 | Water=9 | Alarm=0 | Lock=1[11] | Humid=147 HF=0 DF=1
T=229625 | Temp=165/91 H=1 C=0 | Water=10 | Alarm=0 | Lock=1[11] | Humid=146 HF=0 DF=1
T=229645 | Temp=101/101 H=0 C=1 | Water=5 | Alarm=0 | Lock=1[11] | Humid=150 HF=0 DF=1
T=229665 | Temp=211/35 H=0 C=0 | Water=15 | Alarm=0 | Lock=1[11] | Humid=75 HF=0 DF=1
T=229685 | Temp=125/123 H=0 C=1 | Water=6 | Alarm=0 | Lock=1[11] | Humid=20 HF=0 DF=1
T=229705 | Temp=153/5 H=0 C=1 | Water=0 | Alarm=0 | Lock=1[11] | Humid=15 HF=1 DF=0
T=229725 | Temp=209/164 H=0 C=1 | Water=2 | Alarm=0 | Lock=1[11] | Humid=238 HF=1 DF=0
T=229745 | Temp=38/90 H=0 C=1 | Water=14 | Alarm=0 | Lock=1[11] | Humid=88 HF=0 DF=1
T=229765 | Temp=127/49 H=1 C=0 | Water=15 | Alarm=0 | Lock=1[11] | Humid=10 HF=0 DF=1
T=229785 | Temp=69/119 H=0 C=1 | Water=15 | Alarm=0 | Lock=1[11] | Humid=138 HF=1 DF=0
T=229805 | Temp=53/155 H=1 C=0 | Water=11 | Alarm=0 | Lock=1[11] | Humid=127 HF=0 DF=1
T=229825 | Temp=230/23 H=1 C=0 | Water=2 | Alarm=0 | Lock=1[11] | Humid=148 HF=0 DF=1
T=229845 | Temp=79/222 H=0 C=1 | Water=2 | Alarm=0 | Lock=1[11] | Humid=33 HF=0 DF=1
T=229865 | Temp=6/108 H=1 C=0 | Water=9 | Alarm=0 | Lock=1[11] | Humid=101 HF=1 DF=0
T=229885 | Temp=175/22 H=1 C=0 | Water=5 | Alarm=0 | Lock=1[11] | Humid=154 HF=0 DF=1
T=229905 | Temp=59/141 H=0 C=1 | Water=12 | Alarm=0 | Lock=1[11] | Humid=13 HF=0 DF=1
T=229925 | Temp=187/199 H=1 C=0 | Water=11 | Alarm=0 | Lock=1[11] | Humid=124 HF=1 DF=0
T=229945 | Temp=178/254 H=1 C=0 | Water=13 | Alarm=0 | Lock=1[11] | Humid=85 HF=0 DF=1
T=229965 | Temp=48/137 H=1 C=0 | Water=6 | Alarm=0 | Lock=1[11] | Humid=127 HF=0 DF=1
T=229985 | Temp=172/191 H=1 C=0 | Water=12 | Alarm=0 | Lock=1[11] | Humid=129 HF=0 DF=1
T=230005 | Temp=104/247 H=1 C=0 | Water=0 | Alarm=0 | Lock=1[11] | Humid=181 HF=0 DF=1
T=230025 | Temp=177/246 H=1 C=0 | Water=4 | Alarm=0 | Lock=1[11] | Humid=48 HF=0 DF=1
T=230045 | Temp=70/181 H=1 C=0 | Water=5 | Alarm=0 | Lock=1[11] | Humid=66 HF=0 DF=0
T=230065 | Temp=135/49 H=1 C=0 | Water=3 | Alarm=0 | Lock=1[11] | Humid=132 HF=0 DF=1
T=230085 | Temp=200/222 H=0 C=1 | Water=7 | Alarm=0 | Lock=1[11] | Humid=115 HF=0 DF=1
T=230105 | Temp=13/239 H=1 C=0 | Water=15 | Alarm=0 | Lock=1[11] | Humid=220 HF=0 DF=1
T=230125 | Temp=201/96 H=1 C=0 | Water=2 | Alarm=0 | Lock=1[11] | Humid=133 HF=0 DF=1
T=230145 | Temp=249/208 H=0 C=1 | Water=8 | Alarm=0 | Lock=1[11] | Humid=47 HF=0 DF=1
T=230165 | Temp=181/39 H=0 C=1 | Water=0 | Alarm=0 | Lock=1[11] | Humid=223 HF=0 DF=0
T=230185 | Temp=66/252 H=0 C=1 | Water=7 | Alarm=0 | Lock=1[11] | Humid=187 HF=0 DF=1
T=230205 | Temp=198/201 H=1 C=0 | Water=10 | Alarm=0 | Lock=1[11] | Humid=2 HF=0 DF=1
T=230225 | Temp=43/104 H=1 C=0 | Water=15 | Alarm=0 | Lock=1[11] | Humid=160 HF=1 DF=0
T=230245 | Temp=182/57 H=1 C=0 | Water=14 | Alarm=0 | Lock=1[11] | Humid=203 HF=0 DF=1
T=230265 | Temp=212/180 H=0 C=1 | Water=10 | Alarm=0 | Lock=1[11] | Humid=130 HF=0 DF=1
T=230285 | Temp=88/4 H=0 C=1 | Water=0 | Alarm=0 | Lock=1[11] | Humid=124 HF=0 DF=1
T=230305 | Temp=102/87 H=0 C=1 | Water=2 | Alarm=0 | Lock=1[11] | Humid=229 HF=0 DF=1
T=230325 | Temp=106/57 H=0 C=1 | Water=14 | Alarm=0 | Lock=1[11] | Humid=204 HF=0 DF=1
T=230345 | Temp=108/76 H=0 C=1 | Water=0 | Alarm=0 | Lock=1[11] | Humid=225 HF=0 DF=1
T=230365 | Temp=205/229 H=0 C=1 | Water=14 | Alarm=0 | Lock=1[11] | Humid=16 HF=0 DF=1
T=230385 | Temp=144/226 H=1 C=0 | Water=10 | Alarm=0 | Lock=1[11] | Humid=125 HF=1 DF=0
T=230405 | Temp=49/0 H=1 C=0 | Water=14 | Alarm=0 | Lock=1[11] | Humid=13 HF=0 DF=1
T=230425 | Temp=150/173 H=1 C=0 | Water=14 | Alarm=0 | Lock=1[11] | Humid=232 HF=1 DF=0
T=230445 | Temp=216/153 H=1 C=0 | Water=6 | Alarm=0 | Lock=1[11] | Humid=128 HF=0 DF=1
T=230465 | Temp=246/218 H=0 C=1 | Water=9 | Alarm=0 | Lock=1[11] | Humid=19 HF=0 DF=1
T=230485 | Temp=152/237 H=0 C=1 | Water=5 | Alarm=0 | Lock=1[11] | Humid=34 HF=1 DF=0
T=230505 | Temp=205/33 H=1 C=0 | Water=6 | Alarm=0 | Lock=1[11] | Humid=132 HF=1 DF=0
T=230525 | Temp=15/168 H=0 C=1 | Water=2 | Alarm=0 | Lock=1[11] | Humid=102 HF=0 DF=1
T=230545 | Temp=194/238 H=1 C=0 | Water=8 | Alarm=0 | Lock=1[11] | Humid=164 HF=0 DF=1
T=230565 | Temp=131/242 H=1 C=0 | Water=9 | Alarm=0 | Lock=1[11] | Humid=179 HF=0 DF=1
T=230585 | Temp=253/149 H=1 C=0 | Water=10 | Alarm=0 | Lock=1[11] | Humid=20 HF=0 DF=1
T=230605 | Temp=140/111 H=0 C=1 | Water=3 | Alarm=0 | Lock=1[11] | Humid=250 HF=1 DF=0
T=230625 | Temp=23/93 H=0 C=1 | Water=7 | Alarm=0 | Lock=1[11] | Humid=173 HF=0 DF=1
T=230645 | Temp=173/213 H=1 C=0 | Water=1 | Alarm=0 | Lock=1[11] | Humid=43 HF=0 DF=1
T=230665 | Temp=37/251 H=1 C=0 | Water=0 | Alarm=0 | Lock=1[11] | Humid=97 HF=0 DF=0
T=230685 | Temp=235/214 H=1 C=0 | Water=13 | Alarm=0 | Lock=1[01] | Humid=74 HF=0 DF=1
T=230705 | Temp=30/105 H=0 C=1 | Water=7 | Alarm=0 | Lock=1[01] | Humid=149 HF=0 DF=1
T=230725 | Temp=127/249 H=1 C=0 | Water=2 | Alarm=0 | Lock=1[01] | Humid=75 HF=0 DF=1
T=230735 | Temp=127/249 H=1 C=0 | Water=2 | Alarm=0 | Lock=1[11] | Humid=75 HF=0 DF=1
T=230745 | Temp=58/208 H=1 C=0 | Water=6 | Alarm=0 | Lock=1[11] | Humid=249 HF=0 DF=1
T=230765 | Temp=123/79 H=1 C=0 | Water=11 | Alarm=0 | Lock=1[11] | Humid=151 HF=0 DF=1
T=230785 | Temp=11/60 H=0 C=1 | Water=2 | Alarm=0 | Lock=1[11] | Humid=234 HF=0 DF=1
T=230805 | Temp=198/164 H=1 C=0 | Water=13 | Alarm=0 | Lock=1[11] | Humid=229 HF=0 DF=1
T=230825 | Temp=250/89 H=0 C=1 | Water=11 | Alarm=0 | Lock=1[11] | Humid=69 HF=0 DF=1
T=230845 | Temp=220/217 H=0 C=1 | Water=0 | Alarm=0 | Lock=1[11] | Humid=184 HF=0 DF=1
T=230865 | Temp=106/146 H=0 C=1 | Water=8 | Alarm=0 | Lock=1[11] | Humid=179 HF=0 DF=1
T=230885 | Temp=77/37 H=1 C=0 | Water=6 | Alarm=0 | Lock=1[11] | Humid=116 HF=0 DF=1
T=230905 | Temp=213/143 H=0 C=1 | Water=3 | Alarm=0 | Lock=1[11] | Humid=83 HF=0 DF=1
T=230925 | Temp=215/40 H=0 C=1 | Water=11 | Alarm=0 | Lock=1[11] | Humid=37 HF=0 DF=1
T=230945 | Temp=172/242 H=0 C=1 | Water=7 | Alarm=0 | Lock=1[11] | Humid=95 HF=1 DF=0
T=230965 | Temp=237/201 H=1 C=0 | Water=7 | Alarm=0 | Lock=1[11] | Humid=248 HF=0 DF=1
T=230985 | Temp=145/82 H=0 C=1 | Water=12 | Alarm=0 | Lock=1[11] | Humid=163 HF=0 DF=1
T=231005 | Temp=199/154 H=0 C=1 | Water=3 | Alarm=0 | Lock=1[11] | Humid=169 HF=0 DF=1
T=231025 | Temp=77/183 H=0 C=1 | Water=14 | Alarm=0 | Lock=1[11] | Humid=149 HF=0 DF=1
T=231045 | Temp=14/250 H=1 C=0 | Water=4 | Alarm=0 | Lock=1[11] | Humid=192 HF=0 DF=1
T=231065 | Temp=215/222 H=1 C=0 | Water=4 | Alarm=0 | Lock=1[11] | Humid=247 HF=0 DF=1
T=231085 | Temp=56/30 H=1 C=0 | Water=8 | Alarm=0 | Lock=1[11] | Humid=68 HF=0 DF=1
T=231105 | Temp=143/183 H=0 C=1 | Water=6 | Alarm=0 | Lock=1[11] | Humid=124 HF=0 DF=1
T=231125 | Temp=46/123 H=1 C=0 | Water=14 | Alarm=0 | Lock=1[11] | Humid=130 HF=0 DF=1
T=231145 | Temp=75/16 H=1 C=0 | Water=5 | Alarm=0 | Lock=1[11] | Humid=133 HF=0 DF=1
T=231165 | Temp=48/191 H=0 C=1 | Water=9 | Alarm=0 | Lock=1[11] | Humid=64 HF=0 DF=1
T=231185 | Temp=29/202 H=1 C=0 | Water=10 | Alarm=0 | Lock=1[11] | Humid=173 HF=0 DF=1
T=231205 | Temp=105/40 H=1 C=0 | Water=4 | Alarm=0 | Lock=1[11] | Humid=119 HF=0 DF=1
T=231225 | Temp=90/137 H=0 C=1 | Water=0 | Alarm=0 | Lock=1[11] | Humid=110 HF=0 DF=1
T=231245 | Temp=193/242 H=1 C=0 | Water=6 | Alarm=0 | Lock=1[11] | Humid=8 HF=0 DF=1
T=231265 | Temp=140/2 H=1 C=0 | Water=2 | Alarm=0 | Lock=1[11] | Humid=108 HF=1 DF=0
T=231285 | Temp=148/27 H=0 C=1 | Water=7 | Alarm=0 | Lock=1[11] | Humid=205 HF=0 DF=1
T=231305 | Temp=100/37 H=0 C=1 | Water=0 | Alarm=0 | Lock=1[11] | Humid=232 HF=0 DF=1
T=231325 | Temp=74/76 H=0 C=1 | Water=0 | Alarm=0 | Lock=1[11] | Humid=205 HF=0 DF=1
T=231345 | Temp=28/207 H=0 C=1 | Water=12 | Alarm=0 | Lock=1[11] | Humid=92 HF=0 DF=1
T=231365 | Temp=241/164 H=1 C=0 | Water=7 | Alarm=0 | Lock=1[11] | Humid=54 HF=0 DF=1
T=231385 | Temp=114/230 H=0 C=1 | Water=8 | Alarm=0 | Lock=1[11] | Humid=2 HF=0 DF=0
T=231405 | Temp=31/215 H=1 C=0 | Water=0 | Alarm=0 | Lock=1[11] | Humid=109 HF=1 DF=0
T=231425 | Temp=162/233 H=1 C=0 | Water=12 | Alarm=0 | Lock=1[11] | Humid=78 HF=0 DF=1
T=231445 | Temp=255/250 H=1 C=0 | Water=10 | Alarm=0 | Lock=1[11] | Humid=218 HF=0 DF=1
T=231465 | Temp=15/197 H=0 C=1 | Water=12 | Alarm=0 | Lock=1[11] | Humid=107 HF=0 DF=1
T=231485 | Temp=229/155 H=1 C=0 | Water=1 | Alarm=0 | Lock=1[11] | Humid=190 HF=0 DF=1
T=231505 | Temp=7/47 H=0 C=1 | Water=9 | Alarm=0 | Lock=1[11] | Humid=88 HF=0 DF=1
T=231525 | Temp=114/20 H=1 C=0 | Water=6 | Alarm=0 | Lock=1[11] | Humid=113 HF=0 DF=1
T=231545 | Temp=127/128 H=0 C=1 | Water=12 | Alarm=0 | Lock=1[11] | Humid=31 HF=0 DF=1
T=231565 | Temp=107/150 H=0 C=1 | Water=15 | Alarm=0 | Lock=1[11] | Humid=176 HF=1 DF=0
T=231585 | Temp=58/99 H=1 C=0 | Water=0 | Alarm=0 | Lock=1[11] | Humid=212 HF=0 DF=1
T=231605 | Temp=221/125 H=1 C=0 | Water=5 | Alarm=0 | Lock=1[11] | Humid=215 HF=0 DF=1
T=231625 | Temp=241/226 H=0 C=1 | Water=7 | Alarm=0 | Lock=1[11] | Humid=103 HF=0 DF=1
T=231645 | Temp=68/186 H=0 C=1 | Water=3 | Alarm=0 | Lock=1[11] | Humid=95 HF=0 DF=1
T=231665 | Temp=12/232 H=1 C=0 | Water=15 | Alarm=0 | Lock=1[11] | Humid=126 HF=0 DF=1
T=231685 | Temp=19/172 H=1 C=0 | Water=4 | Alarm=0 | Lock=1[11] | Humid=212 HF=0 DF=1
T=231705 | Temp=213/157 H=1 C=0 | Water=0 | Alarm=0 | Lock=1[11] | Humid=22 HF=0 DF=1
T=231725 | Temp=236/34 H=0 C=1 | Water=10 | Alarm=0 | Lock=1[11] | Humid=138 HF=1 DF=0
T=231745 | Temp=206/106 H=0 C=1 | Water=2 | Alarm=0 | Lock=1[11] | Humid=66 HF=0 DF=1
T=231765 | Temp=197/163 H=0 C=1 | Water=14 | Alarm=0 | Lock=1[11] | Humid=111 HF=0 DF=1
T=231785 | Temp=1/35 H=0 C=1 | Water=0 | Alarm=0 | Lock=1[11] | Humid=97 HF=0 DF=1
T=231805 | Temp=199/42 H=1 C=0 | Water=11 | Alarm=0 | Lock=1[11] | Humid=138 HF=0 DF=1
T=231825 | Temp=36/158 H=0 C=1 | Water=13 | Alarm=0 | Lock=1[11] | Humid=253 HF=0 DF=1
T=231845 | Temp=105/96 H=1 C=0 | Water=0 | Alarm=0 | Lock=1[11] | Humid=132 HF=0 DF=1
T=231865 | Temp=204/169 H=0 C=1 | Water=3 | Alarm=0 | Lock=1[11] | Humid=71 HF=0 DF=1
T=231885 | Temp=180/130 H=0 C=1 | Water=6 | Alarm=0 | Lock=1[11] | Humid=70 HF=0 DF=1
T=231905 | Temp=239/248 H=0 C=1 | Water=12 | Alarm=0 | Lock=1[11] | Humid=197 HF=0 DF=1
T=231925 | Temp=240/234 H=1 C=0 | Water=1 | Alarm=0 | Lock=1[11] | Humid=248 HF=0 DF=1
T=231945 | Temp=197/188 H=0 C=1 | Water=1 | Alarm=0 | Lock=1[11] | Humid=228 HF=0 DF=1
T=231965 | Temp=133/251 H=0 C=1 | Water=11 | Alarm=0 | Lock=1[11] | Humid=45 HF=0 DF=1
T=231985 | Temp=191/140 H=1 C=0 | Water=2 | Alarm=0 | Lock=1[11] | Humid=229 HF=0 DF=0
T=232005 | Temp=86/120 H=0 C=1 | Water=4 | Alarm=0 | Lock=1[11] | Humid=62 HF=0 DF=1
T=232025 | Temp=46/128 H=1 C=0 | Water=15 | Alarm=0 | Lock=1[11] | Humid=164 HF=0 DF=1
T=232045 | Temp=38/30 H=1 C=0 | Water=6 | Alarm=0 | Lock=1[11] | Humid=192 HF=0 DF=1
T=232065 | Temp=167/238 H=0 C=1 | Water=10 | Alarm=0 | Lock=1[11] | Humid=56 HF=0 DF=1
T=232085 | Temp=143/145 H=1 C=0 | Water=3 | Alarm=0 | Lock=1[11] | Humid=136 HF=0 DF=0
T=232105 | Temp=235/39 H=1 C=0 | Water=13 | Alarm=0 | Lock=1[11] | Humid=178 HF=0 DF=1
T=232125 | Temp=181/72 H=0 C=1 | Water=9 | Alarm=0 | Lock=1[11] | Humid=180 HF=0 DF=1
T=232145 | Temp=227/86 H=0 C=1 | Water=10 | Alarm=0 | Lock=1[11] | Humid=14 HF=0 DF=1
T=232165 | Temp=218/135 H=0 C=1 | Water=11 | Alarm=0 | Lock=1[11] | Humid=92 HF=1 DF=0
T=232185 | Temp=0/147 H=0 C=1 | Water=3 | Alarm=0 | Lock=1[11] | Humid=148 HF=0 DF=1
T=232205 | Temp=84/107 H=1 C=0 | Water=1 | Alarm=0 | Lock=1[11] | Humid=54 HF=0 DF=1
T=232225 | Temp=63/207 H=1 C=0 | Water=8 | Alarm=0 | Lock=1[11] | Humid=57 HF=0 DF=0
T=232245 | Temp=7/67 H=1 C=0 | Water=5 | Alarm=0 | Lock=1[11] | Humid=227 HF=0 DF=0
T=232265 | Temp=77/192 H=1 C=0 | Water=11 | Alarm=0 | Lock=1[11] | Humid=89 HF=0 DF=1
T=232285 | Temp=3/22 H=1 C=0 | Water=8 | Alarm=0 | Lock=1[11] | Humid=80 HF=0 DF=1
T=232305 | Temp=152/185 H=1 C=0 | Water=12 | Alarm=0 | Lock=1[11] | Humid=111 HF=0 DF=1
T=232325 | Temp=180/191 H=1 C=0 | Water=8 | Alarm=0 | Lock=1[11] | Humid=177 HF=0 DF=1
T=232345 | Temp=179/244 H=1 C=0 | Water=6 | Alarm=0 | Lock=1[11] | Humid=59 HF=0 DF=1
T=232365 | Temp=65/251 H=1 C=0 | Water=11 | Alarm=0 | Lock=1[11] | Humid=6 HF=0 DF=0
T=232385 | Temp=104/102 H=1 C=0 | Water=13 | Alarm=0 | Lock=1[11] | Humid=173 HF=1 DF=0
T=232405 | Temp=9/24 H=1 C=0 | Water=15 | Alarm=0 | Lock=1[11] | Humid=79 HF=0 DF=1
T=232425 | Temp=69/59 H=1 C=0 | Water=7 | Alarm=0 | Lock=1[11] | Humid=42 HF=0 DF=1
T=232445 | Temp=194/142 H=0 C=1 | Water=14 | Alarm=0 | Lock=1[11] | Humid=34 HF=0 DF=0
T=232465 | Temp=197/28 H=0 C=1 | Water=5 | Alarm=0 | Lock=1[11] | Humid=193 HF=1 DF=0
T=232485 | Temp=245/166 H=0 C=1 | Water=3 | Alarm=0 | Lock=1[11] | Humid=81 HF=0 DF=1
T=232505 | Temp=174/64 H=0 C=1 | Water=12 | Alarm=0 | Lock=1[11] | Humid=27 HF=0 DF=1
T=232525 | Temp=1/232 H=0 C=1 | Water=0 | Alarm=0 | Lock=1[11] | Humid=71 HF=1 DF=0
T=232545 | Temp=185/66 H=1 C=0 | Water=11 | Alarm=0 | Lock=1[11] | Humid=153 HF=0 DF=1
T=232565 | Temp=138/249 H=0 C=1 | Water=7 | Alarm=0 | Lock=1[11] | Humid=65 HF=0 DF=1
T=232585 | Temp=115/255 H=1 C=0 | Water=9 | Alarm=0 | Lock=1[11] | Humid=141 HF=0 DF=1
T=232605 | Temp=247/158 H=1 C=0 | Water=5 | Alarm=0 | Lock=1[11] | Humid=69 HF=0 DF=1
T=232625 | Temp=93/0 H=0 C=1 | Water=4 | Alarm=0 | Lock=1[11] | Humid=146 HF=0 DF=1
T=232645 | Temp=95/42 H=1 C=0 | Water=1 | Alarm=0 | Lock=1[11] | Humid=40 HF=0 DF=1
T=232665 | Temp=62/101 H=0 C=1 | Water=11 | Alarm=0 | Lock=1[11] | Humid=32 HF=0 DF=0
T=232685 | Temp=187/162 H=1 C=0 | Water=9 | Alarm=0 | Lock=1[11] | Humid=65 HF=1 DF=0
T=232705 | Temp=153/28 H=0 C=1 | Water=9 | Alarm=0 | Lock=1[11] | Humid=94 HF=0 DF=1
T=232725 | Temp=158/102 H=0 C=1 | Water=0 | Alarm=0 | Lock=1[11] | Humid=242 HF=0 DF=1
T=232745 | Temp=212/92 H=0 C=1 | Water=11 | Alarm=0 | Lock=1[01] | Humid=183 HF=0 DF=1
T=232755 | Temp=212/92 H=0 C=1 | Water=11 | Alarm=0 | Lock=1[11] | Humid=183 HF=0 DF=1
T=232765 | Temp=84/242 H=0 C=1 | Water=12 | Alarm=0 | Lock=1[11] | Humid=179 HF=0 DF=1
T=232785 | Temp=251/86 H=1 C=0 | Water=11 | Alarm=0 | Lock=1[11] | Humid=176 HF=0 DF=1
T=232805 | Temp=180/25 H=0 C=1 | Water=9 | Alarm=0 | Lock=1[11] | Humid=134 HF=0 DF=1
T=232825 | Temp=224/77 H=0 C=1 | Water=0 | Alarm=0 | Lock=1[11] | Humid=252 HF=0 DF=1
T=232845 | Temp=138/26 H=0 C=1 | Water=10 | Alarm=0 | Lock=1[11] | Humid=197 HF=0 DF=1
T=232865 | Temp=130/21 H=0 C=1 | Water=2 | Alarm=0 | Lock=1[11] | Humid=89 HF=0 DF=1
T=232885 | Temp=49/159 H=0 C=1 | Water=10 | Alarm=0 | Lock=1[11] | Humid=205 HF=0 DF=1
T=232905 | Temp=63/167 H=1 C=0 | Water=11 | Alarm=0 | Lock=1[11] | Humid=188 HF=0 DF=1
T=232925 | Temp=253/84 H=1 C=0 | Water=2 | Alarm=0 | Lock=1[11] | Humid=19 HF=0 DF=1
T=232945 | Temp=210/167 H=0 C=1 | Water=11 | Alarm=0 | Lock=1[11] | Humid=247 HF=1 DF=0
T=232965 | Temp=222/242 H=0 C=1 | Water=5 | Alarm=0 | Lock=1[11] | Humid=120 HF=0 DF=1
T=232985 | Temp=239/102 H=1 C=0 | Water=4 | Alarm=0 | Lock=1[11] | Humid=244 HF=0 DF=1
T=233005 | Temp=62/82 H=0 C=1 | Water=6 | Alarm=0 | Lock=1[11] | Humid=102 HF=0 DF=1
T=233025 | Temp=169/216 H=1 C=0 | Water=1 | Alarm=0 | Lock=1[11] | Humid=225 HF=0 DF=1
T=233045 | Temp=156/35 H=1 C=0 | Water=3 | Alarm=0 | Lock=1[11] | Humid=194 HF=0 DF=1
T=233065 | Temp=72/50 H=0 C=1 | Water=2 | Alarm=0 | Lock=1[11] | Humid=8 HF=0 DF=1
T=233085 | Temp=68/105 H=0 C=1 | Water=3 | Alarm=0 | Lock=1[11] | Humid=93 HF=1 DF=0
T=233105 | Temp=8/47 H=1 C=0 | Water=13 | Alarm=0 | Lock=1[11] | Humid=125 HF=0 DF=1
T=233125 | Temp=248/31 H=1 C=0 | Water=0 | Alarm=0 | Lock=1[11] | Humid=11 HF=0 DF=1
T=233145 | Temp=179/13 H=0 C=1 | Water=1 | Alarm=0 | Lock=1[11] | Humid=255 HF=1 DF=0
T=233165 | Temp=252/69 H=0 C=1 | Water=12 | Alarm=0 | Lock=1[11] | Humid=151 HF=0 DF=1
T=233185 | Temp=252/153 H=0 C=1 | Water=14 | Alarm=0 | Lock=1[11] | Humid=158 HF=0 DF=1
T=233205 | Temp=35/152 H=0 C=1 | Water=10 | Alarm=0 | Lock=1[11] | Humid=118 HF=0 DF=1
T=233225 | Temp=118/38 H=1 C=0 | Water=8 | Alarm=0 | Lock=1[11] | Humid=50 HF=0 DF=1
T=233245 | Temp=52/201 H=0 C=1 | Water=11 | Alarm=0 | Lock=1[11] | Humid=103 HF=0 DF=0
T=233265 | Temp=98/197 H=1 C=0 | Water=3 | Alarm=0 | Lock=1[11] | Humid=30 HF=0 DF=1
T=233285 | Temp=51/132 H=1 C=0 | Water=12 | Alarm=0 | Lock=1[11] | Humid=113 HF=1 DF=0
T=233305 | Temp=204/211 H=1 C=0 | Water=7 | Alarm=0 | Lock=1[11] | Humid=80 HF=0 DF=1
T=233325 | Temp=192/60 H=1 C=0 | Water=15 | Alarm=0 | Lock=1[11] | Humid=154 HF=0 DF=1
T=233345 | Temp=145/251 H=0 C=1 | Water=13 | Alarm=0 | Lock=1[11] | Humid=77 HF=0 DF=1
T=233365 | Temp=76/16 H=1 C=0 | Water=15 | Alarm=0 | Lock=1[11] | Humid=84 HF=0 DF=1
T=233385 | Temp=227/57 H=0 C=1 | Water=11 | Alarm=0 | Lock=1[11] | Humid=47 HF=0 DF=1
T=233405 | Temp=2/131 H=0 C=1 | Water=4 | Alarm=0 | Lock=1[11] | Humid=77 HF=0 DF=0
T=233425 | Temp=97/181 H=1 C=0 | Water=4 | Alarm=0 | Lock=1[11] | Humid=109 HF=0 DF=1
T=233445 | Temp=168/121 H=1 C=0 | Water=15 | Alarm=0 | Lock=1[11] | Humid=250 HF=0 DF=1
T=233465 | Temp=253/171 H=0 C=1 | Water=3 | Alarm=0 | Lock=1[11] | Humid=55 HF=0 DF=1
T=233485 | Temp=189/115 H=0 C=1 | Water=12 | Alarm=0 | Lock=1[11] | Humid=101 HF=0 DF=0
T=233505 | Temp=97/202 H=0 C=1 | Water=8 | Alarm=0 | Lock=1[11] | Humid=216 HF=0 DF=1
T=233525 | Temp=23/173 H=1 C=0 | Water=1 | Alarm=0 | Lock=1[11] | Humid=127 HF=0 DF=1
T=233545 | Temp=58/74 H=1 C=0 | Water=1 | Alarm=0 | Lock=1[11] | Humid=236 HF=0 DF=1
T=233565 | Temp=96/246 H=1 C=0 | Water=12 | Alarm=0 | Lock=1[11] | Humid=183 HF=0 DF=1
T=233585 | Temp=180/103 H=1 C=0 | Water=9 | Alarm=0 | Lock=1[11] | Humid=253 HF=0 DF=1
T=233605 | Temp=246/29 H=0 C=1 | Water=4 | Alarm=0 | Lock=1[11] | Humid=255 HF=0 DF=1
T=233625 | Temp=94/238 H=0 C=1 | Water=15 | Alarm=0 | Lock=1[11] | Humid=104 HF=0 DF=1
T=233645 | Temp=161/42 H=1 C=0 | Water=9 | Alarm=0 | Lock=1[11] | Humid=81 HF=0 DF=1
T=233665 | Temp=116/163 H=0 C=1 | Water=13 | Alarm=0 | Lock=1[11] | Humid=214 HF=0 DF=1
T=233685 | Temp=26/168 H=1 C=0 | Water=5 | Alarm=0 | Lock=1[11] | Humid=160 HF=0 DF=1
T=233705 | Temp=18/217 H=1 C=0 | Water=1 | Alarm=0 | Lock=1[11] | Humid=62 HF=0 DF=1
T=233725 | Temp=173/16 H=1 C=0 | Water=0 | Alarm=0 | Lock=1[11] | Humid=7 HF=0 DF=1
T=233745 | Temp=12/250 H=0 C=1 | Water=10 | Alarm=0 | Lock=1[11] | Humid=14 HF=1 DF=0
T=233765 | Temp=211/9 H=1 C=0 | Water=0 | Alarm=0 | Lock=1[11] | Humid=154 HF=1 DF=0
T=233785 | Temp=230/73 H=0 C=1 | Water=11 | Alarm=0 | Lock=1[11] | Humid=159 HF=0 DF=1
T=233805 | Temp=177/18 H=0 C=1 | Water=8 | Alarm=0 | Lock=1[11] | Humid=184 HF=0 DF=1
T=233825 | Temp=100/112 H=0 C=1 | Water=13 | Alarm=0 | Lock=1[11] | Humid=102 HF=0 DF=1
T=233845 | Temp=117/178 H=1 C=0 | Water=2 | Alarm=0 | Lock=1[11] | Humid=156 HF=0 DF=1
T=233865 | Temp=171/96 H=1 C=0 | Water=2 | Alarm=0 | Lock=1[11] | Humid=57 HF=0 DF=1
T=233885 | Temp=6/231 H=0 C=1 | Water=2 | Alarm=0 | Lock=1[11] | Humid=94 HF=0 DF=0
T=233905 | Temp=83/172 H=1 C=0 | Water=9 | Alarm=0 | Lock=1[11] | Humid=157 HF=0 DF=1
T=233925 | Temp=116/107 H=1 C=0 | Water=13 | Alarm=0 | Lock=1[11] | Humid=75 HF=0 DF=1
T=233945 | Temp=87/129 H=0 C=1 | Water=4 | Alarm=0 | Lock=1[11] | Humid=167 HF=0 DF=1
T=233965 | Temp=206/25 H=1 C=0 | Water=2 | Alarm=0 | Lock=1[11] | Humid=109 HF=0 DF=1
T=233985 | Temp=63/202 H=0 C=1 | Water=5 | Alarm=0 | Lock=1[11] | Humid=109 HF=0 DF=1
T=234005 | Temp=176/189 H=1 C=0 | Water=4 | Alarm=0 | Lock=1[11] | Humid=33 HF=0 DF=1
T=234025 | Temp=15/140 H=1 C=0 | Water=7 | Alarm=0 | Lock=1[11] | Humid=232 HF=1 DF=0
T=234045 | Temp=57/188 H=1 C=0 | Water=6 | Alarm=0 | Lock=1[11] | Humid=136 HF=0 DF=1
T=234065 | Temp=65/51 H=1 C=0 | Water=4 | Alarm=0 | Lock=1[11] | Humid=207 HF=0 DF=1
T=234085 | Temp=210/115 H=0 C=1 | Water=1 | Alarm=0 | Lock=1[11] | Humid=123 HF=0 DF=1
T=234105 | Temp=142/33 H=0 C=1 | Water=2 | Alarm=0 | Lock=1[11] | Humid=189 HF=0 DF=1
T=234125 | Temp=85/152 H=0 C=1 | Water=3 | Alarm=0 | Lock=1[11] | Humid=22 HF=0 DF=1
T=234145 | Temp=210/61 H=1 C=0 | Water=15 | Alarm=0 | Lock=1[11] | Humid=50 HF=1 DF=0
T=234165 | Temp=113/34 H=0 C=1 | Water=14 | Alarm=0 | Lock=1[11] | Humid=24 HF=0 DF=0
T=234185 | Temp=135/85 H=0 C=1 | Water=15 | Alarm=0 | Lock=1[11] | Humid=91 HF=1 DF=0
T=234205 | Temp=146/83 H=0 C=1 | Water=8 | Alarm=0 | Lock=1[11] | Humid=194 HF=0 DF=1
T=234225 | Temp=77/231 H=0 C=1 | Water=12 | Alarm=0 | Lock=1[11] | Humid=191 HF=0 DF=1
T=234245 | Temp=215/46 H=1 C=0 | Water=10 | Alarm=0 | Lock=1[11] | Humid=216 HF=0 DF=1
T=234265 | Temp=45/254 H=0 C=1 | Water=4 | Alarm=0 | Lock=1[11] | Humid=85 HF=0 DF=1
T=234285 | Temp=223/222 H=1 C=0 | Water=15 | Alarm=0 | Lock=1[11] | Humid=99 HF=0 DF=1
T=234305 | Temp=71/101 H=1 C=0 | Water=12 | Alarm=0 | Lock=1[11] | Humid=95 HF=0 DF=1
T=234325 | Temp=23/31 H=1 C=0 | Water=6 | Alarm=0 | Lock=1[11] | Humid=247 HF=0 DF=1
T=234345 | Temp=130/250 H=1 C=0 | Water=12 | Alarm=0 | Lock=1[11] | Humid=36 HF=0 DF=1
T=234365 | Temp=143/178 H=1 C=0 | Water=5 | Alarm=0 | Lock=1[11] | Humid=100 HF=1 DF=0
T=234385 | Temp=9/216 H=1 C=0 | Water=7 | Alarm=0 | Lock=1[11] | Humid=169 HF=0 DF=1
T=234405 | Temp=99/186 H=1 C=0 | Water=3 | Alarm=0 | Lock=1[11] | Humid=154 HF=0 DF=1
T=234425 | Temp=169/164 H=1 C=0 | Water=15 | Alarm=0 | Lock=1[11] | Humid=63 HF=0 DF=1
T=234445 | Temp=227/31 H=0 C=1 | Water=11 | Alarm=0 | Lock=1[11] | Humid=39 HF=0 DF=1
T=234465 | Temp=49/240 H=0 C=1 | Water=6 | Alarm=0 | Lock=1[11] | Humid=87 HF=1 DF=0
T=234485 | Temp=49/196 H=1 C=0 | Water=15 | Alarm=0 | Lock=1[11] | Humid=240 HF=0 DF=1
T=234505 | Temp=201/214 H=1 C=0 | Water=7 | Alarm=0 | Lock=1[11] | Humid=36 HF=0 DF=1
T=234525 | Temp=113/62 H=1 C=0 | Water=8 | Alarm=0 | Lock=1[11] | Humid=109 HF=1 DF=0
T=234545 | Temp=207/190 H=0 C=1 | Water=9 | Alarm=0 | Lock=1[11] | Humid=120 HF=0 DF=1
T=234565 | Temp=59/217 H=0 C=1 | Water=3 | Alarm=0 | Lock=1[11] | Humid=164 HF=0 DF=1
T=234585 | Temp=186/157 H=1 C=0 | Water=11 | Alarm=0 | Lock=1[11] | Humid=48 HF=0 DF=1
T=234605 | Temp=56/193 H=0 C=1 | Water=9 | Alarm=0 | Lock=1[11] | Humid=83 HF=0 DF=0
T=234625 | Temp=236/131 H=1 C=0 | Water=4 | Alarm=0 | Lock=1[11] | Humid=249 HF=0 DF=1
T=234645 | Temp=217/52 H=0 C=1 | Water=0 | Alarm=0 | Lock=1[11] | Humid=3 HF=0 DF=1
T=234665 | Temp=33/27 H=0 C=1 | Water=6 | Alarm=0 | Lock=1[11] | Humid=199 HF=1 DF=0
T=234685 | Temp=170/56 H=0 C=1 | Water=13 | Alarm=0 | Lock=1[11] | Humid=230 HF=0 DF=1
T=234705 | Temp=222/198 H=0 C=1 | Water=3 | Alarm=0 | Lock=1[11] | Humid=182 HF=0 DF=1
T=234725 | Temp=203/230 H=0 C=1 | Water=12 | Alarm=0 | Lock=1[11] | Humid=129 HF=0 DF=1
T=234745 | Temp=34/155 H=1 C=0 | Water=13 | Alarm=0 | Lock=1[11] | Humid=159 HF=0 DF=1
T=234765 | Temp=114/7 H=1 C=0 | Water=1 | Alarm=0 | Lock=1[01] | Humid=208 HF=0 DF=1
T=234775 | Temp=114/7 H=1 C=0 | Water=1 | Alarm=0 | Lock=1[11] | Humid=208 HF=0 DF=1
T=234785 | Temp=98/115 H=0 C=1 | Water=15 | Alarm=0 | Lock=1[11] | Humid=187 HF=0 DF=1
T=234805 | Temp=235/73 H=1 C=0 | Water=12 | Alarm=0 | Lock=1[11] | Humid=243 HF=0 DF=1
T=234825 | Temp=72/109 H=0 C=1 | Water=0 | Alarm=0 | Lock=1[11] | Humid=150 HF=0 DF=1
T=234845 | Temp=52/155 H=1 C=0 | Water=14 | Alarm=0 | Lock=1[11] | Humid=50 HF=0 DF=1
T=234865 | Temp=201/74 H=1 C=0 | Water=3 | Alarm=0 | Lock=1[11] | Humid=212 HF=0 DF=0
T=234885 | Temp=214/45 H=0 C=1 | Water=1 | Alarm=0 | Lock=1[11] | Humid=74 HF=0 DF=1
T=234905 | Temp=223/128 H=0 C=1 | Water=8 | Alarm=0 | Lock=1[11] | Humid=17 HF=0 DF=1
T=234925 | Temp=39/33 H=0 C=1 | Water=6 | Alarm=0 | Lock=1[11] | Humid=50 HF=1 DF=0
T=234945 | Temp=54/112 H=0 C=1 | Water=14 | Alarm=0 | Lock=1[11] | Humid=37 HF=0 DF=0
T=234965 | Temp=31/156 H=1 C=0 | Water=1 | Alarm=0 | Lock=1[11] | Humid=14 HF=1 DF=0
T=234985 | Temp=80/86 H=1 C=0 | Water=5 | Alarm=0 | Lock=1[11] | Humid=43 HF=1 DF=0
T=235005 | Temp=185/85 H=1 C=0 | Water=11 | Alarm=0 | Lock=1[11] | Humid=50 HF=0 DF=0
T=235025 | Temp=78/93 H=0 C=1 | Water=8 | Alarm=0 | Lock=1[11] | Humid=218 HF=0 DF=0
T=235045 | Temp=249/158 H=1 C=0 | Water=3 | Alarm=0 | Lock=1[11] | Humid=99 HF=0 DF=1
T=235065 | Temp=183/71 H=0 C=1 | Water=8 | Alarm=0 | Lock=1[11] | Humid=188 HF=0 DF=1
T=235085 | Temp=16/149 H=0 C=1 | Water=2 | Alarm=0 | Lock=1[11] | Humid=87 HF=0 DF=1
T=235105 | Temp=63/252 H=1 C=0 | Water=15 | Alarm=0 | Lock=1[11] | Humid=178 HF=0 DF=1
T=235125 | Temp=2/233 H=1 C=0 | Water=8 | Alarm=0 | Lock=1[11] | Humid=230 HF=0 DF=1
T=235145 | Temp=92/166 H=1 C=0 | Water=13 | Alarm=0 | Lock=1[11] | Humid=136 HF=0 DF=1
T=235165 | Temp=175/232 H=1 C=0 | Water=3 | Alarm=0 | Lock=1[11] | Humid=77 HF=0 DF=1
T=235185 | Temp=139/59 H=1 C=0 | Water=11 | Alarm=0 | Lock=1[11] | Humid=116 HF=0 DF=1
T=235205 | Temp=23/225 H=0 C=1 | Water=4 | Alarm=0 | Lock=1[11] | Humid=31 HF=0 DF=1
T=235225 | Temp=36/206 H=1 C=0 | Water=13 | Alarm=0 | Lock=1[11] | Humid=139 HF=1 DF=0
T=235245 | Temp=8/18 H=1 C=0 | Water=0 | Alarm=0 | Lock=1[11] | Humid=222 HF=0 DF=1
T=235265 | Temp=119/212 H=1 C=0 | Water=7 | Alarm=0 | Lock=1[11] | Humid=9 HF=0 DF=1
T=235285 | Temp=208/210 H=1 C=0 | Water=6 | Alarm=0 | Lock=1[11] | Humid=223 HF=1 DF=0
T=235305 | Temp=191/163 H=1 C=0 | Water=2 | Alarm=0 | Lock=1[11] | Humid=202 HF=0 DF=1
T=235325 | Temp=63/105 H=0 C=1 | Water=13 | Alarm=0 | Lock=1[11] | Humid=96 HF=0 DF=1
T=235345 | Temp=148/159 H=1 C=0 | Water=2 | Alarm=0 | Lock=1[11] | Humid=92 HF=0 DF=1
T=235365 | Temp=161/204 H=1 C=0 | Water=5 | Alarm=0 | Lock=1[11] | Humid=63 HF=0 DF=1
T=235385 | Temp=159/127 H=1 C=0 | Water=12 | Alarm=0 | Lock=1[11] | Humid=132 HF=0 DF=1
T=235405 | Temp=236/149 H=0 C=1 | Water=1 | Alarm=0 | Lock=1[11] | Humid=129 HF=0 DF=1
T=235425 | Temp=58/43 H=0 C=1 | Water=13 | Alarm=0 | Lock=1[11] | Humid=158 HF=0 DF=1
T=235445 | Temp=42/7 H=0 C=1 | Water=0 | Alarm=0 | Lock=1[11] | Humid=160 HF=0 DF=1
T=235465 | Temp=119/43 H=0 C=1 | Water=6 | Alarm=0 | Lock=1[11] | Humid=64 HF=0 DF=1
T=235485 | Temp=27/213 H=0 C=1 | Water=0 | Alarm=0 | Lock=1[11] | Humid=127 HF=0 DF=1
T=235505 | Temp=104/240 H=1 C=0 | Water=1 | Alarm=0 | Lock=1[11] | Humid=44 HF=0 DF=1
T=235525 | Temp=193/58 H=1 C=0 | Water=12 | Alarm=0 | Lock=1[11] | Humid=85 HF=0 DF=0
T=235545 | Temp=83/216 H=0 C=1 | Water=10 | Alarm=0 | Lock=1[11] | Humid=139 HF=0 DF=1
T=235565 | Temp=95/253 H=1 C=0 | Water=9 | Alarm=0 | Lock=1[11] | Humid=75 HF=0 DF=1
T=235585 | Temp=236/209 H=1 C=0 | Water=12 | Alarm=0 | Lock=1[11] | Humid=170 HF=0 DF=1
T=235605 | Temp=180/201 H=0 C=1 | Water=7 | Alarm=0 | Lock=1[11] | Humid=100 HF=0 DF=1
T=235625 | Temp=12/168 H=1 C=0 | Water=3 | Alarm=0 | Lock=1[11] | Humid=222 HF=0 DF=1
T=235645 | Temp=48/213 H=1 C=0 | Water=15 | Alarm=0 | Lock=1[11] | Humid=164 HF=0 DF=1
T=235665 | Temp=66/83 H=1 C=0 | Water=10 | Alarm=0 | Lock=1[11] | Humid=136 HF=0 DF=1
T=235685 | Temp=96/59 H=1 C=0 | Water=1 | Alarm=0 | Lock=1[11] | Humid=1 HF=0 DF=1
T=235705 | Temp=36/211 H=0 C=1 | Water=9 | Alarm=0 | Lock=1[11] | Humid=138 HF=1 DF=0
T=235725 | Temp=107/246 H=1 C=0 | Water=6 | Alarm=0 | Lock=1[11] | Humid=180 HF=0 DF=1
T=235745 | Temp=0/46 H=1 C=0 | Water=8 | Alarm=0 | Lock=1[11] | Humid=142 HF=0 DF=1
T=235765 | Temp=136/208 H=1 C=0 | Water=14 | Alarm=0 | Lock=1[11] | Humid=43 HF=0 DF=1
T=235785 | Temp=202/232 H=1 C=0 | Water=1 | Alarm=0 | Lock=1[11] | Humid=21 HF=0 DF=0
T=235805 | Temp=52/218 H=1 C=0 | Water=15 | Alarm=0 | Lock=1[11] | Humid=50 HF=1 DF=0
T=235825 | Temp=83/157 H=1 C=0 | Water=2 | Alarm=0 | Lock=1[11] | Humid=169 HF=0 DF=0
T=235845 | Temp=17/175 H=1 C=0 | Water=0 | Alarm=0 | Lock=1[11] | Humid=24 HF=0 DF=1
T=235865 | Temp=31/51 H=1 C=0 | Water=3 | Alarm=0 | Lock=1[11] | Humid=245 HF=1 DF=0
T=235885 | Temp=255/67 H=1 C=0 | Water=11 | Alarm=0 | Lock=1[11] | Humid=152 HF=0 DF=1
T=235905 | Temp=90/38 H=0 C=1 | Water=3 | Alarm=0 | Lock=1[11] | Humid=138 HF=0 DF=1
T=235925 | Temp=147/142 H=0 C=1 | Water=7 | Alarm=0 | Lock=1[11] | Humid=205 HF=0 DF=1
T=235945 | Temp=99/218 H=0 C=1 | Water=2 | Alarm=0 | Lock=1[11] | Humid=5 HF=0 DF=1
T=235965 | Temp=23/151 H=1 C=0 | Water=0 | Alarm=0 | Lock=1[11] | Humid=102 HF=1 DF=0
T=235985 | Temp=214/35 H=1 C=0 | Water=7 | Alarm=0 | Lock=1[11] | Humid=80 HF=0 DF=1
T=236005 | Temp=218/55 H=0 C=1 | Water=10 | Alarm=0 | Lock=1[11] | Humid=160 HF=0 DF=1
T=236025 | Temp=69/169 H=0 C=1 | Water=14 | Alarm=0 | Lock=1[11] | Humid=173 HF=0 DF=1
T=236045 | Temp=83/110 H=1 C=0 | Water=4 | Alarm=0 | Lock=1[11] | Humid=18 HF=0 DF=1
T=236065 | Temp=23/219 H=1 C=0 | Water=3 | Alarm=0 | Lock=1[11] | Humid=223 HF=1 DF=0
T=236085 | Temp=206/217 H=1 C=0 | Water=6 | Alarm=0 | Lock=1[11] | Humid=232 HF=0 DF=1
T=236105 | Temp=229/37 H=1 C=0 | Water=11 | Alarm=0 | Lock=1[11] | Humid=19 HF=0 DF=1
T=236125 | Temp=88/225 H=0 C=1 | Water=8 | Alarm=0 | Lock=1[11] | Humid=151 HF=1 DF=0
T=236145 | Temp=131/107 H=1 C=0 | Water=7 | Alarm=0 | Lock=1[11] | Humid=13 HF=0 DF=1
T=236165 | Temp=219/139 H=0 C=1 | Water=7 | Alarm=0 | Lock=1[11] | Humid=178 HF=1 DF=0
T=236185 | Temp=189/223 H=0 C=1 | Water=13 | Alarm=0 | Lock=1[11] | Humid=73 HF=0 DF=1
T=236205 | Temp=37/214 H=1 C=0 | Water=7 | Alarm=0 | Lock=1[11] | Humid=52 HF=0 DF=1
T=236225 | Temp=175/77 H=1 C=0 | Water=6 | Alarm=0 | Lock=1[11] | Humid=73 HF=0 DF=0
T=236245 | Temp=83/232 H=0 C=1 | Water=3 | Alarm=0 | Lock=1[11] | Humid=176 HF=0 DF=1
T=236265 | Temp=29/159 H=1 C=0 | Water=6 | Alarm=0 | Lock=1[11] | Humid=221 HF=0 DF=1
T=236285 | Temp=49/234 H=1 C=0 | Water=11 | Alarm=0 | Lock=1[11] | Humid=103 HF=0 DF=1
T=236305 | Temp=100/190 H=1 C=0 | Water=15 | Alarm=0 | Lock=1[11] | Humid=237 HF=0 DF=1
T=236325 | Temp=218/46 H=1 C=0 | Water=5 | Alarm=0 | Lock=1[11] | Humid=60 HF=0 DF=1
T=236345 | Temp=89/96 H=0 C=1 | Water=13 | Alarm=0 | Lock=1[11] | Humid=181 HF=0 DF=0
T=236365 | Temp=225/25 H=1 C=0 | Water=4 | Alarm=0 | Lock=1[11] | Humid=161 HF=0 DF=1
T=236385 | Temp=126/215 H=0 C=1 | Water=8 | Alarm=0 | Lock=1[11] | Humid=219 HF=0 DF=1
T=236405 | Temp=93/193 H=1 C=0 | Water=9 | Alarm=0 | Lock=1[11] | Humid=166 HF=0 DF=1
T=236425 | Temp=83/171 H=1 C=0 | Water=12 | Alarm=0 | Lock=1[11] | Humid=147 HF=0 DF=1
T=236445 | Temp=170/223 H=1 C=0 | Water=3 | Alarm=0 | Lock=1[11] | Humid=198 HF=0 DF=1
T=236465 | Temp=13/149 H=1 C=0 | Water=7 | Alarm=0 | Lock=1[11] | Humid=140 HF=0 DF=1
T=236485 | Temp=170/135 H=1 C=0 | Water=13 | Alarm=0 | Lock=1[11] | Humid=164 HF=0 DF=1
T=236505 | Temp=139/98 H=0 C=1 | Water=15 | Alarm=0 | Lock=1[11] | Humid=62 HF=0 DF=1
T=236525 | Temp=153/226 H=0 C=1 | Water=6 | Alarm=0 | Lock=1[11] | Humid=1 HF=0 DF=1
T=236545 | Temp=164/154 H=1 C=0 | Water=5 | Alarm=0 | Lock=1[11] | Humid=66 HF=1 DF=0
T=236565 | Temp=27/247 H=0 C=1 | Water=7 | Alarm=0 | Lock=1[11] | Humid=35 HF=0 DF=1
T=236585 | Temp=98/109 H=1 C=0 | Water=15 | Alarm=0 | Lock=1[11] | Humid=167 HF=1 DF=0
T=236605 | Temp=141/230 H=1 C=0 | Water=12 | Alarm=0 | Lock=1[11] | Humid=224 HF=0 DF=1
T=236625 | Temp=47/243 H=1 C=0 | Water=3 | Alarm=0 | Lock=1[11] | Humid=124 HF=0 DF=1
T=236645 | Temp=116/80 H=1 C=0 | Water=14 | Alarm=0 | Lock=1[11] | Humid=68 HF=0 DF=1
T=236665 | Temp=171/109 H=0 C=1 | Water=9 | Alarm=0 | Lock=1[11] | Humid=243 HF=0 DF=1
T=236685 | Temp=239/24 H=0 C=1 | Water=6 | Alarm=0 | Lock=1[11] | Humid=98 HF=0 DF=1
T=236705 | Temp=79/177 H=0 C=1 | Water=4 | Alarm=0 | Lock=1[11] | Humid=91 HF=0 DF=1
T=236725 | Temp=106/210 H=1 C=0 | Water=2 | Alarm=0 | Lock=1[11] | Humid=204 HF=0 DF=1
T=236745 | Temp=61/229 H=1 C=0 | Water=2 | Alarm=0 | Lock=1[11] | Humid=227 HF=0 DF=1
T=236765 | Temp=49/119 H=1 C=0 | Water=8 | Alarm=0 | Lock=1[11] | Humid=224 HF=0 DF=1
T=236785 | Temp=140/139 H=1 C=0 | Water=9 | Alarm=0 | Lock=1[01] | Humid=21 HF=0 DF=1
T=236805 | Temp=225/112 H=1 C=0 | Water=3 | Alarm=0 | Lock=1[01] | Humid=208 HF=1 DF=0
T=236825 | Temp=170/233 H=0 C=1 | Water=1 | Alarm=0 | Lock=1[01] | Humid=104 HF=0 DF=1
T=236845 | Temp=207/103 H=1 C=0 | Water=9 | Alarm=0 | Lock=1[01] | Humid=108 HF=0 DF=1
T=236865 | Temp=91/94 H=0 C=1 | Water=5 | Alarm=0 | Lock=1[01] | Humid=50 HF=0 DF=1
T=236875 | Temp=91/94 H=0 C=1 | Water=5 | Alarm=0 | Lock=1[11] | Humid=50 HF=0 DF=1
T=236885 | Temp=112/212 H=1 C=0 | Water=7 | Alarm=0 | Lock=1[11] | Humid=226 HF=0 DF=0
T=236905 | Temp=197/231 H=1 C=0 | Water=7 | Alarm=0 | Lock=1[11] | Humid=226 HF=0 DF=1
T=236925 | Temp=48/32 H=1 C=0 | Water=13 | Alarm=0 | Lock=1[11] | Humid=160 HF=0 DF=1
T=236945 | Temp=76/216 H=0 C=1 | Water=3 | Alarm=0 | Lock=1[11] | Humid=160 HF=0 DF=1
T=236965 | Temp=34/45 H=1 C=0 | Water=2 | Alarm=0 | Lock=1[11] | Humid=145 HF=0 DF=1
T=236985 | Temp=26/127 H=1 C=0 | Water=7 | Alarm=0 | Lock=1[11] | Humid=226 HF=0 DF=1
T=237005 | Temp=20/48 H=1 C=0 | Water=3 | Alarm=0 | Lock=1[11] | Humid=121 HF=0 DF=1
T=237025 | Temp=91/3 H=1 C=0 | Water=13 | Alarm=0 | Lock=1[11] | Humid=98 HF=0 DF=1
T=237045 | Temp=20/157 H=0 C=1 | Water=9 | Alarm=0 | Lock=1[11] | Humid=115 HF=0 DF=1
T=237065 | Temp=10/248 H=1 C=0 | Water=9 | Alarm=0 | Lock=1[11] | Humid=225 HF=0 DF=1
T=237085 | Temp=245/155 H=1 C=0 | Water=13 | Alarm=0 | Lock=1[11] | Humid=44 HF=0 DF=1
T=237105 | Temp=183/13 H=0 C=1 | Water=13 | Alarm=0 | Lock=1[11] | Humid=232 HF=0 DF=0
T=237125 | Temp=218/195 H=0 C=1 | Water=12 | Alarm=0 | Lock=1[11] | Humid=142 HF=0 DF=1
T=237145 | Temp=161/105 H=0 C=1 | Water=11 | Alarm=0 | Lock=1[11] | Humid=210 HF=0 DF=1
T=237165 | Temp=7/216 H=0 C=1 | Water=7 | Alarm=0 | Lock=1[11] | Humid=147 HF=0 DF=1
T=237185 | Temp=254/6 H=1 C=0 | Water=2 | Alarm=0 | Lock=1[11] | Humid=207 HF=0 DF=1
T=237205 | Temp=87/50 H=0 C=1 | Water=4 | Alarm=0 | Lock=1[11] | Humid=107 HF=0 DF=1
T=237225 | Temp=231/2 H=0 C=1 | Water=0 | Alarm=0 | Lock=1[11] | Humid=243 HF=0 DF=1
T=237245 | Temp=49/78 H=0 C=1 | Water=11 | Alarm=0 | Lock=1[11] | Humid=47 HF=0 DF=1
T=237265 | Temp=67/228 H=1 C=0 | Water=13 | Alarm=0 | Lock=1[11] | Humid=33 HF=0 DF=0
T=237285 | Temp=231/88 H=1 C=0 | Water=1 | Alarm=0 | Lock=1[11] | Humid=135 HF=1 DF=0
T=237305 | Temp=190/153 H=0 C=1 | Water=13 | Alarm=0 | Lock=1[11] | Humid=197 HF=0 DF=1
T=237325 | Temp=193/111 H=0 C=1 | Water=10 | Alarm=0 | Lock=1[11] | Humid=73 HF=0 DF=1
T=237345 | Temp=208/147 H=0 C=1 | Water=11 | Alarm=0 | Lock=1[11] | Humid=196 HF=0 DF=1
T=237365 | Temp=140/159 H=0 C=1 | Water=0 | Alarm=0 | Lock=1[11] | Humid=134 HF=0 DF=1
T=237385 | Temp=255/238 H=1 C=0 | Water=5 | Alarm=0 | Lock=1[11] | Humid=156 HF=0 DF=1
T=237405 | Temp=37/40 H=0 C=1 | Water=8 | Alarm=0 | Lock=1[11] | Humid=58 HF=0 DF=1
T=237425 | Temp=12/82 H=1 C=0 | Water=5 | Alarm=0 | Lock=1[11] | Humid=60 HF=0 DF=0
T=237445 | Temp=8/80 H=1 C=0 | Water=14 | Alarm=0 | Lock=1[11] | Humid=215 HF=0 DF=0
T=237465 | Temp=254/191 H=1 C=0 | Water=9 | Alarm=0 | Lock=1[11] | Humid=161 HF=0 DF=1
T=237485 | Temp=107/193 H=0 C=1 | Water=15 | Alarm=0 | Lock=1[11] | Humid=102 HF=0 DF=1
T=237505 | Temp=99/58 H=1 C=0 | Water=10 | Alarm=0 | Lock=1[11] | Humid=111 HF=0 DF=1
T=237525 | Temp=117/254 H=0 C=1 | Water=12 | Alarm=0 | Lock=1[11] | Humid=32 HF=0 DF=1
T=237545 | Temp=25/33 H=1 C=0 | Water=7 | Alarm=0 | Lock=1[11] | Humid=190 HF=1 DF=0
T=237565 | Temp=219/222 H=1 C=0 | Water=14 | Alarm=0 | Lock=1[11] | Humid=236 HF=0 DF=1
T=237585 | Temp=170/21 H=1 C=0 | Water=11 | Alarm=0 | Lock=1[11] | Humid=141 HF=0 DF=1
T=237605 | Temp=107/4 H=0 C=1 | Water=15 | Alarm=0 | Lock=1[11] | Humid=54 HF=0 DF=1
T=237625 | Temp=130/56 H=0 C=1 | Water=4 | Alarm=0 | Lock=1[11] | Humid=76 HF=0 DF=0
T=237645 | Temp=98/196 H=0 C=1 | Water=2 | Alarm=0 | Lock=1[11] | Humid=146 HF=0 DF=1
T=237665 | Temp=210/114 H=1 C=0 | Water=13 | Alarm=0 | Lock=1[11] | Humid=193 HF=0 DF=1
T=237685 | Temp=52/221 H=0 C=1 | Water=5 | Alarm=0 | Lock=1[11] | Humid=230 HF=0 DF=1
T=237705 | Temp=222/206 H=1 C=0 | Water=1 | Alarm=0 | Lock=1[11] | Humid=245 HF=0 DF=1
T=237725 | Temp=48/138 H=0 C=1 | Water=1 | Alarm=0 | Lock=1[11] | Humid=255 HF=0 DF=1
T=237745 | Temp=102/36 H=1 C=0 | Water=13 | Alarm=0 | Lock=1[11] | Humid=222 HF=0 DF=1
T=237765 | Temp=19/215 H=0 C=1 | Water=2 | Alarm=0 | Lock=1[11] | Humid=91 HF=0 DF=1
T=237785 | Temp=242/208 H=1 C=0 | Water=7 | Alarm=0 | Lock=1[11] | Humid=179 HF=0 DF=1
T=237805 | Temp=51/98 H=0 C=1 | Water=9 | Alarm=0 | Lock=1[11] | Humid=193 HF=0 DF=1
T=237825 | Temp=168/252 H=1 C=0 | Water=6 | Alarm=0 | Lock=1[11] | Humid=166 HF=0 DF=1
T=237845 | Temp=46/255 H=1 C=0 | Water=6 | Alarm=0 | Lock=1[11] | Humid=104 HF=0 DF=1
T=237865 | Temp=247/54 H=1 C=0 | Water=0 | Alarm=0 | Lock=1[11] | Humid=73 HF=0 DF=1
T=237885 | Temp=204/161 H=0 C=1 | Water=0 | Alarm=0 | Lock=1[11] | Humid=44 HF=0 DF=1
T=237905 | Temp=204/7 H=0 C=1 | Water=6 | Alarm=0 | Lock=1[11] | Humid=215 HF=0 DF=0
T=237925 | Temp=32/168 H=0 C=1 | Water=5 | Alarm=0 | Lock=1[11] | Humid=122 HF=0 DF=1
T=237945 | Temp=199/112 H=1 C=0 | Water=3 | Alarm=0 | Lock=1[11] | Humid=45 HF=0 DF=1
T=237965 | Temp=128/167 H=0 C=1 | Water=9 | Alarm=0 | Lock=1[11] | Humid=149 HF=0 DF=0
T=237985 | Temp=33/30 H=1 C=0 | Water=10 | Alarm=0 | Lock=1[11] | Humid=167 HF=0 DF=1
T=238005 | Temp=187/133 H=0 C=1 | Water=4 | Alarm=0 | Lock=1[11] | Humid=135 HF=0 DF=1
T=238025 | Temp=135/190 H=0 C=1 | Water=6 | Alarm=0 | Lock=1[11] | Humid=64 HF=0 DF=1
T=238045 | Temp=235/90 H=1 C=0 | Water=12 | Alarm=0 | Lock=1[11] | Humid=249 HF=0 DF=1
T=238065 | Temp=164/0 H=0 C=1 | Water=1 | Alarm=0 | Lock=1[11] | Humid=208 HF=0 DF=1
T=238085 | Temp=252/170 H=1 C=0 | Water=8 | Alarm=0 | Lock=1[11] | Humid=168 HF=0 DF=1
T=238105 | Temp=246/165 H=0 C=1 | Water=3 | Alarm=0 | Lock=1[11] | Humid=64 HF=0 DF=1
T=238125 | Temp=192/80 H=0 C=1 | Water=3 | Alarm=0 | Lock=1[11] | Humid=145 HF=0 DF=1
T=238145 | Temp=213/203 H=0 C=1 | Water=15 | Alarm=0 | Lock=1[11] | Humid=227 HF=0 DF=1
T=238165 | Temp=198/114 H=0 C=1 | Water=5 | Alarm=0 | Lock=1[11] | Humid=202 HF=0 DF=1
T=238185 | Temp=11/229 H=0 C=1 | Water=13 | Alarm=0 | Lock=1[11] | Humid=90 HF=0 DF=1
T=238205 | Temp=22/98 H=1 C=0 | Water=12 | Alarm=0 | Lock=1[11] | Humid=94 HF=0 DF=1
T=238225 | Temp=68/31 H=1 C=0 | Water=3 | Alarm=0 | Lock=1[11] | Humid=249 HF=0 DF=1
T=238245 | Temp=95/154 H=0 C=1 | Water=15 | Alarm=0 | Lock=1[11] | Humid=26 HF=0 DF=1
T=238265 | Temp=3/12 H=1 C=0 | Water=5 | Alarm=0 | Lock=1[11] | Humid=201 HF=1 DF=0
T=238285 | Temp=222/181 H=1 C=0 | Water=6 | Alarm=0 | Lock=1[11] | Humid=53 HF=0 DF=1
T=238305 | Temp=182/159 H=0 C=1 | Water=9 | Alarm=0 | Lock=1[11] | Humid=113 HF=0 DF=0
T=238325 | Temp=65/144 H=0 C=1 | Water=15 | Alarm=0 | Lock=1[11] | Humid=142 HF=0 DF=1
T=238345 | Temp=150/36 H=1 C=0 | Water=2 | Alarm=0 | Lock=1[11] | Humid=224 HF=0 DF=1
T=238365 | Temp=174/255 H=0 C=1 | Water=13 | Alarm=0 | Lock=1[11] | Humid=80 HF=0 DF=1
T=238385 | Temp=70/53 H=1 C=0 | Water=9 | Alarm=0 | Lock=1[11] | Humid=234 HF=0 DF=1
T=238405 | Temp=60/78 H=0 C=1 | Water=0 | Alarm=0 | Lock=1[11] | Humid=71 HF=0 DF=1
T=238425 | Temp=103/148 H=1 C=0 | Water=13 | Alarm=0 | Lock=1[11] | Humid=122 HF=0 DF=1
T=238445 | Temp=191/23 H=1 C=0 | Water=3 | Alarm=0 | Lock=1[11] | Humid=243 HF=0 DF=1
T=238465 | Temp=122/195 H=0 C=1 | Water=6 | Alarm=0 | Lock=1[11] | Humid=21 HF=0 DF=1
T=238485 | Temp=128/178 H=1 C=0 | Water=9 | Alarm=0 | Lock=1[11] | Humid=20 HF=1 DF=0
T=238505 | Temp=109/160 H=1 C=0 | Water=4 | Alarm=0 | Lock=1[11] | Humid=28 HF=1 DF=0
T=238525 | Temp=95/138 H=1 C=0 | Water=9 | Alarm=0 | Lock=1[11] | Humid=39 HF=1 DF=0
T=238545 | Temp=158/162 H=1 C=0 | Water=5 | Alarm=0 | Lock=1[11] | Humid=144 HF=1 DF=0
T=238565 | Temp=135/178 H=1 C=0 | Water=10 | Alarm=0 | Lock=1[11] | Humid=232 HF=0 DF=1
T=238585 | Temp=99/175 H=1 C=0 | Water=8 | Alarm=0 | Lock=1[11] | Humid=202 HF=0 DF=1
T=238605 | Temp=157/79 H=1 C=0 | Water=6 | Alarm=0 | Lock=1[11] | Humid=16 HF=0 DF=1
T=238625 | Temp=97/170 H=0 C=1 | Water=12 | Alarm=0 | Lock=1[11] | Humid=103 HF=1 DF=0
T=238645 | Temp=116/95 H=1 C=0 | Water=10 | Alarm=0 | Lock=1[11] | Humid=119 HF=0 DF=1
T=238665 | Temp=5/198 H=0 C=1 | Water=15 | Alarm=0 | Lock=1[11] | Humid=236 HF=0 DF=1
T=238685 | Temp=115/77 H=1 C=0 | Water=11 | Alarm=0 | Lock=1[11] | Humid=238 HF=0 DF=1
T=238705 | Temp=14/8 H=0 C=1 | Water=11 | Alarm=0 | Lock=1[11] | Humid=120 HF=0 DF=1
T=238725 | Temp=226/23 H=0 C=1 | Water=14 | Alarm=0 | Lock=1[11] | Humid=219 HF=0 DF=1
T=238745 | Temp=40/85 H=0 C=1 | Water=5 | Alarm=0 | Lock=1[11] | Humid=45 HF=0 DF=1
T=238765 | Temp=74/215 H=1 C=0 | Water=5 | Alarm=0 | Lock=1[11] | Humid=83 HF=0 DF=0
T=238785 | Temp=84/183 H=1 C=0 | Water=3 | Alarm=0 | Lock=1[11] | Humid=72 HF=0 DF=1
T=238805 | Temp=191/209 H=1 C=0 | Water=12 | Alarm=0 | Lock=1[11] | Humid=118 HF=0 DF=1
T=238825 | Temp=98/199 H=1 C=0 | Water=10 | Alarm=0 | Lock=1[11] | Humid=184 HF=0 DF=1
T=238845 | Temp=0/193 H=1 C=0 | Water=15 | Alarm=0 | Lock=1[11] | Humid=132 HF=0 DF=1
T=238865 | Temp=250/218 H=1 C=0 | Water=13 | Alarm=0 | Lock=1[11] | Humid=128 HF=0 DF=1
T=238885 | Temp=33/235 H=0 C=1 | Water=9 | Alarm=0 | Lock=1[01] | Humid=226 HF=0 DF=1
T=238895 | Temp=33/235 H=0 C=1 | Water=9 | Alarm=0 | Lock=1[11] | Humid=226 HF=0 DF=1
T=238905 | Temp=104/243 H=1 C=0 | Water=8 | Alarm=0 | Lock=1[11] | Humid=196 HF=0 DF=1
T=238925 | Temp=85/60 H=1 C=0 | Water=15 | Alarm=0 | Lock=1[11] | Humid=166 HF=0 DF=1
T=238945 | Temp=111/189 H=0 C=1 | Water=7 | Alarm=0 | Lock=1[11] | Humid=193 HF=0 DF=1
T=238965 | Temp=179/94 H=1 C=0 | Water=14 | Alarm=0 | Lock=1[11] | Humid=47 HF=0 DF=1
T=238985 | Temp=206/234 H=0 C=1 | Water=1 | Alarm=0 | Lock=1[11] | Humid=201 HF=0 DF=0
T=239005 | Temp=250/39 H=1 C=0 | Water=8 | Alarm=0 | Lock=1[11] | Humid=170 HF=0 DF=1
T=239025 | Temp=158/208 H=0 C=1 | Water=10 | Alarm=0 | Lock=1[11] | Humid=222 HF=0 DF=1
T=239045 | Temp=182/204 H=1 C=0 | Water=12 | Alarm=0 | Lock=1[11] | Humid=69 HF=0 DF=1
T=239065 | Temp=65/44 H=1 C=0 | Water=14 | Alarm=0 | Lock=1[11] | Humid=91 HF=0 DF=1
T=239085 | Temp=6/231 H=0 C=1 | Water=15 | Alarm=0 | Lock=1[11] | Humid=140 HF=0 DF=1
T=239105 | Temp=229/91 H=1 C=0 | Water=0 | Alarm=0 | Lock=1[11] | Humid=67 HF=0 DF=1
T=239125 | Temp=37/59 H=0 C=1 | Water=4 | Alarm=0 | Lock=1[11] | Humid=164 HF=0 DF=1
T=239145 | Temp=252/204 H=1 C=0 | Water=8 | Alarm=0 | Lock=1[11] | Humid=251 HF=0 DF=1
T=239165 | Temp=36/138 H=0 C=1 | Water=7 | Alarm=0 | Lock=1[11] | Humid=233 HF=0 DF=1
T=239185 | Temp=165/52 H=1 C=0 | Water=10 | Alarm=0 | Lock=1[11] | Humid=147 HF=0 DF=1
T=239205 | Temp=250/255 H=0 C=1 | Water=2 | Alarm=0 | Lock=1[11] | Humid=82 HF=0 DF=1
T=239225 | Temp=138/138 H=1 C=0 | Water=4 | Alarm=0 | Lock=1[11] | Humid=212 HF=0 DF=1
T=239245 | Temp=63/74 H=0 C=0 | Water=13 | Alarm=0 | Lock=1[11] | Humid=119 HF=0 DF=1
T=239265 | Temp=69/67 H=1 C=0 | Water=4 | Alarm=0 | Lock=1[11] | Humid=65 HF=0 DF=1
T=239285 | Temp=43/162 H=1 C=0 | Water=6 | Alarm=0 | Lock=1[11] | Humid=55 HF=0 DF=1
T=239305 | Temp=132/116 H=1 C=0 | Water=3 | Alarm=0 | Lock=1[11] | Humid=210 HF=0 DF=0
T=239325 | Temp=228/26 H=0 C=1 | Water=7 | Alarm=0 | Lock=1[11] | Humid=95 HF=0 DF=1
T=239345 | Temp=27/24 H=0 C=1 | Water=8 | Alarm=0 | Lock=1[11] | Humid=52 HF=0 DF=1
T=239365 | Temp=86/69 H=0 C=1 | Water=3 | Alarm=0 | Lock=1[11] | Humid=191 HF=0 DF=0
T=239385 | Temp=128/2 H=0 C=1 | Water=11 | Alarm=0 | Lock=1[11] | Humid=229 HF=0 DF=1
T=239405 | Temp=65/113 H=0 C=1 | Water=13 | Alarm=0 | Lock=1[11] | Humid=9 HF=0 DF=1
T=239425 | Temp=29/90 H=1 C=0 | Water=15 | Alarm=0 | Lock=1[11] | Humid=46 HF=1 DF=0
T=239445 | Temp=179/86 H=1 C=0 | Water=3 | Alarm=0 | Lock=1[11] | Humid=244 HF=0 DF=0
T=239465 | Temp=189/79 H=0 C=1 | Water=6 | Alarm=0 | Lock=1[11] | Humid=241 HF=0 DF=1
T=239485 | Temp=237/233 H=0 C=1 | Water=7 | Alarm=0 | Lock=1[11] | Humid=98 HF=0 DF=1
T=239505 | Temp=194/97 H=0 C=1 | Water=6 | Alarm=0 | Lock=1[11] | Humid=24 HF=0 DF=1
T=239525 | Temp=75/12 H=0 C=1 | Water=15 | Alarm=0 | Lock=1[11] | Humid=236 HF=1 DF=0
T=239545 | Temp=212/94 H=0 C=1 | Water=14 | Alarm=0 | Lock=1[11] | Humid=65 HF=0 DF=1
T=239565 | Temp=75/234 H=0 C=1 | Water=3 | Alarm=0 | Lock=1[11] | Humid=34 HF=0 DF=1
T=239585 | Temp=1/180 H=1 C=0 | Water=4 | Alarm=0 | Lock=1[11] | Humid=217 HF=1 DF=0
T=239605 | Temp=252/137 H=1 C=0 | Water=3 | Alarm=0 | Lock=1[11] | Humid=197 HF=0 DF=1
T=239625 | Temp=252/8 H=0 C=1 | Water=12 | Alarm=0 | Lock=1[11] | Humid=239 HF=0 DF=1
T=239645 | Temp=215/5 H=0 C=1 | Water=13 | Alarm=0 | Lock=1[11] | Humid=16 HF=0 DF=1
T=239665 | Temp=203/190 H=0 C=1 | Water=3 | Alarm=0 | Lock=1[11] | Humid=230 HF=1 DF=0
T=239685 | Temp=90/11 H=0 C=1 | Water=4 | Alarm=0 | Lock=1[11] | Humid=1 HF=0 DF=1
T=239705 | Temp=24/136 H=0 C=1 | Water=3 | Alarm=0 | Lock=1[11] | Humid=32 HF=1 DF=0
T=239725 | Temp=24/23 H=1 C=0 | Water=2 | Alarm=0 | Lock=1[11] | Humid=228 HF=1 DF=0
T=239745 | Temp=242/125 H=1 C=0 | Water=8 | Alarm=0 | Lock=1[11] | Humid=45 HF=0 DF=1
T=239765 | Temp=236/32 H=0 C=1 | Water=5 | Alarm=0 | Lock=1[11] | Humid=130 HF=0 DF=0
T=239785 | Temp=50/64 H=0 C=1 | Water=0 | Alarm=0 | Lock=1[11] | Humid=138 HF=0 DF=1
T=239805 | Temp=140/251 H=1 C=0 | Water=6 | Alarm=0 | Lock=1[11] | Humid=179 HF=0 DF=1
T=239825 | Temp=228/117 H=1 C=0 | Water=12 | Alarm=0 | Lock=1[11] | Humid=131 HF=0 DF=1
T=239845 | Temp=208/49 H=0 C=1 | Water=13 | Alarm=0 | Lock=1[11] | Humid=242 HF=0 DF=1
T=239865 | Temp=138/175 H=0 C=1 | Water=7 | Alarm=0 | Lock=1[11] | Humid=28 HF=0 DF=1
T=239885 | Temp=70/213 H=1 C=0 | Water=15 | Alarm=0 | Lock=1[11] | Humid=132 HF=1 DF=0
T=239905 | Temp=28/177 H=1 C=0 | Water=13 | Alarm=0 | Lock=1[11] | Humid=72 HF=0 DF=1
T=239925 | Temp=80/90 H=1 C=0 | Water=4 | Alarm=0 | Lock=1[11] | Humid=226 HF=0 DF=1
T=239945 | Temp=230/41 H=1 C=0 | Water=12 | Alarm=0 | Lock=1[11] | Humid=61 HF=0 DF=1
T=239965 | Temp=156/177 H=0 C=1 | Water=11 | Alarm=0 | Lock=1[11] | Humid=10 HF=0 DF=1
T=239985 | Temp=180/21 H=1 C=0 | Water=7 | Alarm=0 | Lock=1[11] | Humid=89 HF=1 DF=0
T=240005 | Temp=110/251 H=0 C=1 | Water=2 | Alarm=0 | Lock=1[11] | Humid=93 HF=0 DF=1
T=240025 | Temp=67/86 H=1 C=0 | Water=12 | Alarm=0 | Lock=1[11] | Humid=126 HF=0 DF=1
T=240045 | Temp=146/144 H=1 C=0 | Water=11 | Alarm=0 | Lock=1[11] | Humid=8 HF=0 DF=1
T=240065 | Temp=4/199 H=1 C=0 | Water=5 | Alarm=0 | Lock=1[11] | Humid=0 HF=1 DF=0
T=240085 | Temp=239/211 H=1 C=0 | Water=4 | Alarm=0 | Lock=1[11] | Humid=75 HF=1 DF=0
T=240105 | Temp=149/255 H=0 C=1 | Water=1 | Alarm=0 | Lock=1[11] | Humid=54 HF=0 DF=1
T=240125 | Temp=105/159 H=1 C=0 | Water=11 | Alarm=0 | Lock=1[11] | Humid=117 HF=0 DF=0
T=240145 | Temp=174/7 H=1 C=0 | Water=2 | Alarm=0 | Lock=1[11] | Humid=13 HF=0 DF=1
T=240165 | Temp=240/44 H=0 C=1 | Water=11 | Alarm=0 | Lock=1[11] | Humid=79 HF=1 DF=0
T=240185 | Temp=194/54 H=0 C=1 | Water=3 | Alarm=0 | Lock=1[11] | Humid=222 HF=0 DF=1
T=240205 | Temp=251/168 H=0 C=1 | Water=1 | Alarm=0 | Lock=1[11] | Humid=219 HF=0 DF=1
T=240225 | Temp=7/40 H=0 C=1 | Water=10 | Alarm=0 | Lock=1[11] | Humid=186 HF=0 DF=1
T=240245 | Temp=133/232 H=1 C=0 | Water=4 | Alarm=0 | Lock=1[11] | Humid=136 HF=0 DF=1
T=240265 | Temp=111/92 H=1 C=0 | Water=12 | Alarm=0 | Lock=1[11] | Humid=169 HF=0 DF=1
T=240285 | Temp=63/117 H=0 C=1 | Water=4 | Alarm=0 | Lock=1[11] | Humid=253 HF=0 DF=1
T=240305 | Temp=65/1 H=1 C=0 | Water=14 | Alarm=0 | Lock=1[11] | Humid=133 HF=0 DF=1
T=240325 | Temp=120/224 H=1 C=0 | Water=1 | Alarm=0 | Lock=1[11] | Humid=225 HF=0 DF=1
T=240345 | Temp=222/12 H=1 C=0 | Water=14 | Alarm=0 | Lock=1[11] | Humid=42 HF=0 DF=1
T=240365 | Temp=193/71 H=0 C=1 | Water=10 | Alarm=0 | Lock=1[11] | Humid=77 HF=0 DF=0
T=240385 | Temp=63/152 H=0 C=1 | Water=10 | Alarm=0 | Lock=1[11] | Humid=168 HF=0 DF=1
T=240405 | Temp=157/127 H=1 C=0 | Water=2 | Alarm=0 | Lock=1[11] | Humid=81 HF=0 DF=1
T=240425 | Temp=113/122 H=0 C=1 | Water=9 | Alarm=0 | Lock=1[11] | Humid=135 HF=0 DF=1
T=240445 | Temp=63/15 H=1 C=0 | Water=11 | Alarm=0 | Lock=1[11] | Humid=60 HF=0 DF=1
T=240465 | Temp=118/83 H=0 C=1 | Water=12 | Alarm=0 | Lock=1[11] | Humid=87 HF=0 DF=0
T=240485 | Temp=215/0 H=0 C=1 | Water=14 | Alarm=0 | Lock=1[11] | Humid=187 HF=0 DF=1
T=240505 | Temp=10/66 H=1 C=0 | Water=7 | Alarm=0 | Lock=1[11] | Humid=11 HF=0 DF=1
T=240525 | Temp=76/134 H=1 C=0 | Water=6 | Alarm=0 | Lock=1[11] | Humid=229 HF=1 DF=0
T=240545 | Temp=204/113 H=1 C=0 | Water=10 | Alarm=0 | Lock=1[11] | Humid=104 HF=0 DF=1
T=240565 | Temp=71/44 H=0 C=1 | Water=9 | Alarm=0 | Lock=1[11] | Humid=199 HF=0 DF=1
T=240585 | Temp=228/67 H=0 C=1 | Water=13 | Alarm=0 | Lock=1[11] | Humid=146 HF=0 DF=1
T=240605 | Temp=50/216 H=0 C=1 | Water=8 | Alarm=0 | Lock=1[11] | Humid=37 HF=0 DF=1
T=240625 | Temp=219/27 H=1 C=0 | Water=13 | Alarm=0 | Lock=1[11] | Humid=151 HF=1 DF=0
T=240645 | Temp=180/25 H=0 C=1 | Water=13 | Alarm=0 | Lock=1[11] | Humid=117 HF=0 DF=1
T=240665 | Temp=13/115 H=0 C=1 | Water=4 | Alarm=0 | Lock=1[11] | Humid=168 HF=0 DF=1
T=240685 | Temp=228/255 H=1 C=0 | Water=9 | Alarm=0 | Lock=1[11] | Humid=158 HF=0 DF=1
T=240705 | Temp=118/202 H=1 C=0 | Water=13 | Alarm=0 | Lock=1[11] | Humid=0 HF=0 DF=1
T=240725 | Temp=181/178 H=1 C=0 | Water=1 | Alarm=0 | Lock=1[11] | Humid=186 HF=1 DF=0
T=240745 | Temp=58/80 H=0 C=1 | Water=4 | Alarm=0 | Lock=1[11] | Humid=209 HF=0 DF=1
T=240765 | Temp=59/131 H=1 C=0 | Water=12 | Alarm=0 | Lock=1[11] | Humid=177 HF=0 DF=1
T=240785 | Temp=227/87 H=1 C=0 | Water=12 | Alarm=0 | Lock=1[11] | Humid=4 HF=0 DF=1
T=240805 | Temp=154/143 H=0 C=1 | Water=13 | Alarm=0 | Lock=1[11] | Humid=217 HF=1 DF=0
T=240825 | Temp=5/219 H=0 C=1 | Water=11 | Alarm=0 | Lock=1[11] | Humid=207 HF=0 DF=1
T=240845 | Temp=89/183 H=1 C=0 | Water=0 | Alarm=0 | Lock=1[11] | Humid=254 HF=0 DF=1
T=240865 | Temp=177/114 H=1 C=0 | Water=5 | Alarm=0 | Lock=1[11] | Humid=58 HF=0 DF=1
T=240885 | Temp=177/236 H=0 C=1 | Water=3 | Alarm=0 | Lock=1[11] | Humid=226 HF=0 DF=0
T=240905 | Temp=76/191 H=1 C=0 | Water=12 | Alarm=0 | Lock=1[01] | Humid=103 HF=0 DF=1
T=240925 | Temp=103/43 H=1 C=0 | Water=9 | Alarm=0 | Lock=1[01] | Humid=99 HF=0 DF=1
T=240935 | Temp=103/43 H=1 C=0 | Water=9 | Alarm=0 | Lock=1[11] | Humid=99 HF=0 DF=1
T=240945 | Temp=143/209 H=0 C=1 | Water=11 | Alarm=0 | Lock=1[11] | Humid=148 HF=0 DF=1
T=240965 | Temp=216/53 H=1 C=0 | Water=2 | Alarm=0 | Lock=1[11] | Humid=255 HF=0 DF=1
T=240985 | Temp=218/153 H=0 C=1 | Water=9 | Alarm=0 | Lock=1[11] | Humid=117 HF=0 DF=1
T=241005 | Temp=131/110 H=0 C=1 | Water=11 | Alarm=0 | Lock=1[11] | Humid=17 HF=0 DF=1
T=241025 | Temp=6/212 H=0 C=1 | Water=12 | Alarm=0 | Lock=1[11] | Humid=99 HF=1 DF=0
T=241045 | Temp=247/15 H=1 C=0 | Water=10 | Alarm=0 | Lock=1[11] | Humid=237 HF=0 DF=1
T=241065 | Temp=245/239 H=0 C=1 | Water=7 | Alarm=0 | Lock=1[11] | Humid=199 HF=0 DF=1
T=241085 | Temp=31/208 H=0 C=1 | Water=1 | Alarm=0 | Lock=1[11] | Humid=182 HF=0 DF=1
T=241105 | Temp=142/245 H=1 C=0 | Water=1 | Alarm=0 | Lock=1[11] | Humid=96 HF=0 DF=1
T=241125 | Temp=85/62 H=1 C=0 | Water=3 | Alarm=0 | Lock=1[11] | Humid=87 HF=0 DF=1
T=241145 | Temp=10/223 H=0 C=1 | Water=5 | Alarm=0 | Lock=1[11] | Humid=160 HF=0 DF=1
T=241165 | Temp=158/73 H=1 C=0 | Water=7 | Alarm=0 | Lock=1[11] | Humid=66 HF=0 DF=1
T=241185 | Temp=212/186 H=0 C=1 | Water=6 | Alarm=0 | Lock=1[11] | Humid=101 HF=0 DF=1
T=241205 | Temp=110/84 H=0 C=1 | Water=0 | Alarm=0 | Lock=1[11] | Humid=111 HF=0 DF=1
T=241225 | Temp=15/19 H=0 C=1 | Water=15 | Alarm=0 | Lock=1[11] | Humid=74 HF=0 DF=1
T=241245 | Temp=118/48 H=1 C=0 | Water=7 | Alarm=0 | Lock=1[11] | Humid=96 HF=0 DF=1
T=241265 | Temp=169/129 H=0 C=1 | Water=9 | Alarm=0 | Lock=1[11] | Humid=244 HF=0 DF=1
T=241285 | Temp=47/150 H=0 C=1 | Water=0 | Alarm=0 | Lock=1[11] | Humid=127 HF=0 DF=1
T=241305 | Temp=212/245 H=1 C=0 | Water=9 | Alarm=0 | Lock=1[11] | Humid=168 HF=0 DF=1
T=241325 | Temp=148/225 H=1 C=0 | Water=7 | Alarm=0 | Lock=1[11] | Humid=16 HF=0 DF=1
T=241345 | Temp=118/232 H=1 C=0 | Water=9 | Alarm=0 | Lock=1[11] | Humid=71 HF=1 DF=0
T=241365 | Temp=65/246 H=1 C=0 | Water=4 | Alarm=0 | Lock=1[11] | Humid=183 HF=0 DF=1
T=241385 | Temp=211/180 H=1 C=0 | Water=0 | Alarm=0 | Lock=1[11] | Humid=34 HF=0 DF=1
T=241405 | Temp=95/9 H=0 C=1 | Water=15 | Alarm=0 | Lock=1[11] | Humid=131 HF=1 DF=0
T=241425 | Temp=161/19 H=0 C=1 | Water=9 | Alarm=0 | Lock=1[11] | Humid=250 HF=0 DF=1
T=241445 | Temp=76/147 H=0 C=1 | Water=14 | Alarm=0 | Lock=1[11] | Humid=15 HF=0 DF=1
T=241465 | Temp=199/37 H=1 C=0 | Water=0 | Alarm=0 | Lock=1[11] | Humid=223 HF=1 DF=0
T=241485 | Temp=18/175 H=0 C=1 | Water=13 | Alarm=0 | Lock=1[11] | Humid=173 HF=0 DF=1
T=241505 | Temp=203/164 H=1 C=0 | Water=13 | Alarm=0 | Lock=1[11] | Humid=10 HF=0 DF=1
T=241525 | Temp=216/156 H=0 C=1 | Water=7 | Alarm=0 | Lock=1[11] | Humid=122 HF=1 DF=0
T=241545 | Temp=145/0 H=0 C=1 | Water=5 | Alarm=0 | Lock=1[11] | Humid=176 HF=0 DF=1
T=241565 | Temp=185/179 H=1 C=0 | Water=3 | Alarm=0 | Lock=1[11] | Humid=173 HF=0 DF=1
T=241585 | Temp=89/159 H=0 C=1 | Water=6 | Alarm=0 | Lock=1[11] | Humid=71 HF=0 DF=1
T=241605 | Temp=188/14 H=1 C=0 | Water=12 | Alarm=0 | Lock=1[11] | Humid=49 HF=0 DF=1
T=241625 | Temp=174/133 H=0 C=1 | Water=3 | Alarm=0 | Lock=1[11] | Humid=146 HF=0 DF=0
T=241645 | Temp=151/218 H=0 C=1 | Water=0 | Alarm=0 | Lock=1[11] | Humid=114 HF=0 DF=1
T=241665 | Temp=23/18 H=1 C=0 | Water=11 | Alarm=0 | Lock=1[11] | Humid=227 HF=0 DF=1
T=241685 | Temp=177/30 H=0 C=1 | Water=1 | Alarm=0 | Lock=1[11] | Humid=104 HF=0 DF=1
T=241705 | Temp=210/12 H=0 C=1 | Water=6 | Alarm=0 | Lock=1[11] | Humid=56 HF=0 DF=1
T=241725 | Temp=68/30 H=0 C=1 | Water=11 | Alarm=0 | Lock=1[11] | Humid=200 HF=0 DF=0
T=241745 | Temp=119/187 H=0 C=1 | Water=12 | Alarm=0 | Lock=1[11] | Humid=72 HF=0 DF=1
T=241765 | Temp=10/213 H=1 C=0 | Water=1 | Alarm=0 | Lock=1[11] | Humid=39 HF=0 DF=1
T=241785 | Temp=223/155 H=1 C=0 | Water=8 | Alarm=0 | Lock=1[11] | Humid=116 HF=1 DF=0
T=241805 | Temp=71/98 H=0 C=1 | Water=10 | Alarm=0 | Lock=1[11] | Humid=58 HF=0 DF=1
T=241825 | Temp=73/120 H=1 C=0 | Water=2 | Alarm=0 | Lock=1[11] | Humid=218 HF=0 DF=0
T=241845 | Temp=26/166 H=1 C=0 | Water=13 | Alarm=0 | Lock=1[11] | Humid=157 HF=0 DF=1
T=241865 | Temp=211/231 H=1 C=0 | Water=6 | Alarm=0 | Lock=1[11] | Humid=251 HF=0 DF=1
T=241885 | Temp=111/48 H=1 C=0 | Water=10 | Alarm=0 | Lock=1[11] | Humid=225 HF=0 DF=1
T=241905 | Temp=80/211 H=0 C=1 | Water=15 | Alarm=0 | Lock=1[11] | Humid=208 HF=0 DF=1
T=241925 | Temp=91/129 H=1 C=0 | Water=14 | Alarm=0 | Lock=1[11] | Humid=171 HF=0 DF=1
T=241945 | Temp=228/238 H=1 C=0 | Water=8 | Alarm=0 | Lock=1[11] | Humid=93 HF=0 DF=1
T=241965 | Temp=184/177 H=1 C=0 | Water=14 | Alarm=0 | Lock=1[11] | Humid=157 HF=0 DF=1
T=241985 | Temp=162/92 H=0 C=1 | Water=15 | Alarm=0 | Lock=1[11] | Humid=200 HF=0 DF=1
T=242005 | Temp=198/57 H=0 C=1 | Water=15 | Alarm=0 | Lock=1[11] | Humid=242 HF=0 DF=1
T=242025 | Temp=96/149 H=0 C=1 | Water=11 | Alarm=0 | Lock=1[11] | Humid=164 HF=0 DF=1
T=242045 | Temp=10/127 H=1 C=0 | Water=6 | Alarm=0 | Lock=1[11] | Humid=206 HF=0 DF=1
T=242065 | Temp=63/56 H=1 C=0 | Water=3 | Alarm=0 | Lock=1[11] | Humid=68 HF=0 DF=1
T=242085 | Temp=129/172 H=0 C=1 | Water=0 | Alarm=0 | Lock=1[11] | Humid=48 HF=0 DF=1
T=242105 | Temp=139/102 H=1 C=0 | Water=7 | Alarm=0 | Lock=1[11] | Humid=115 HF=0 DF=0
T=242125 | Temp=139/129 H=0 C=1 | Water=15 | Alarm=0 | Lock=1[11] | Humid=5 HF=0 DF=1
T=242145 | Temp=184/137 H=0 C=1 | Water=1 | Alarm=0 | Lock=1[11] | Humid=178 HF=1 DF=0
T=242165 | Temp=77/154 H=0 C=1 | Water=1 | Alarm=0 | Lock=1[11] | Humid=44 HF=0 DF=1
T=242185 | Temp=20/231 H=1 C=0 | Water=4 | Alarm=0 | Lock=1[11] | Humid=35 HF=0 DF=0
T=242205 | Temp=216/112 H=1 C=0 | Water=14 | Alarm=0 | Lock=1[11] | Humid=188 HF=1 DF=0
T=242225 | Temp=94/21 H=0 C=1 | Water=15 | Alarm=0 | Lock=1[11] | Humid=41 HF=0 DF=1
T=242245 | Temp=220/133 H=0 C=1 | Water=0 | Alarm=0 | Lock=1[11] | Humid=1 HF=0 DF=0
T=242265 | Temp=83/157 H=0 C=1 | Water=8 | Alarm=0 | Lock=1[11] | Humid=173 HF=1 DF=0
T=242285 | Temp=239/50 H=1 C=0 | Water=0 | Alarm=0 | Lock=1[11] | Humid=169 HF=0 DF=1
T=242305 | Temp=218/234 H=0 C=1 | Water=10 | Alarm=0 | Lock=1[11] | Humid=134 HF=0 DF=1
T=242325 | Temp=125/146 H=1 C=0 | Water=6 | Alarm=0 | Lock=1[11] | Humid=13 HF=0 DF=1
T=242345 | Temp=245/57 H=1 C=0 | Water=10 | Alarm=0 | Lock=1[11] | Humid=223 HF=1 DF=0
T=242365 | Temp=0/182 H=0 C=1 | Water=4 | Alarm=0 | Lock=1[11] | Humid=149 HF=0 DF=1
T=242385 | Temp=150/59 H=1 C=0 | Water=4 | Alarm=0 | Lock=1[11] | Humid=15 HF=0 DF=1
T=242405 | Temp=43/197 H=0 C=1 | Water=4 | Alarm=0 | Lock=1[11] | Humid=70 HF=1 DF=0
T=242425 | Temp=57/3 H=1 C=0 | Water=14 | Alarm=0 | Lock=1[11] | Humid=184 HF=0 DF=1
T=242445 | Temp=6/112 H=0 C=1 | Water=4 | Alarm=0 | Lock=1[11] | Humid=102 HF=0 DF=1
T=242465 | Temp=219/83 H=1 C=0 | Water=11 | Alarm=0 | Lock=1[11] | Humid=60 HF=0 DF=1
T=242485 | Temp=153/142 H=0 C=1 | Water=13 | Alarm=0 | Lock=1[11] | Humid=73 HF=0 DF=0
T=242505 | Temp=112/1 H=0 C=1 | Water=11 | Alarm=0 | Lock=1[11] | Humid=78 HF=0 DF=1
T=242525 | Temp=91/41 H=1 C=0 | Water=11 | Alarm=0 | Lock=1[11] | Humid=70 HF=0 DF=1
T=242545 | Temp=23/213 H=0 C=1 | Water=14 | Alarm=0 | Lock=1[11] | Humid=224 HF=0 DF=1
T=242565 | Temp=43/2 H=1 C=0 | Water=2 | Alarm=0 | Lock=1[11] | Humid=225 HF=0 DF=1
T=242585 | Temp=226/232 H=0 C=1 | Water=6 | Alarm=0 | Lock=1[11] | Humid=61 HF=0 DF=1
T=242605 | Temp=31/65 H=1 C=0 | Water=13 | Alarm=0 | Lock=1[11] | Humid=122 HF=0 DF=1
T=242625 | Temp=45/28 H=1 C=0 | Water=3 | Alarm=0 | Lock=1[11] | Humid=76 HF=0 DF=1
T=242645 | Temp=113/173 H=0 C=1 | Water=12 | Alarm=0 | Lock=1[11] | Humid=82 HF=0 DF=1
T=242665 | Temp=184/84 H=1 C=0 | Water=8 | Alarm=0 | Lock=1[11] | Humid=231 HF=0 DF=1
T=242685 | Temp=169/11 H=0 C=1 | Water=8 | Alarm=0 | Lock=1[11] | Humid=241 HF=0 DF=1
T=242705 | Temp=45/248 H=0 C=1 | Water=0 | Alarm=0 | Lock=1[11] | Humid=142 HF=0 DF=1
T=242725 | Temp=42/105 H=1 C=0 | Water=11 | Alarm=0 | Lock=1[11] | Humid=49 HF=0 DF=1
T=242745 | Temp=44/102 H=1 C=0 | Water=10 | Alarm=0 | Lock=1[11] | Humid=136 HF=0 DF=0
T=242765 | Temp=221/119 H=1 C=0 | Water=6 | Alarm=0 | Lock=1[11] | Humid=24 HF=0 DF=1
T=242785 | Temp=112/162 H=0 C=1 | Water=8 | Alarm=0 | Lock=1[11] | Humid=144 HF=1 DF=0
T=242805 | Temp=88/30 H=1 C=0 | Water=8 | Alarm=0 | Lock=1[11] | Humid=13 HF=0 DF=1
T=242825 | Temp=130/52 H=0 C=1 | Water=15 | Alarm=0 | Lock=1[11] | Humid=119 HF=1 DF=0
T=242845 | Temp=160/159 H=0 C=1 | Water=0 | Alarm=0 | Lock=1[11] | Humid=237 HF=0 DF=1
T=242865 | Temp=113/20 H=0 C=1 | Water=1 | Alarm=0 | Lock=1[11] | Humid=28 HF=0 DF=1
T=242885 | Temp=105/208 H=0 C=1 | Water=4 | Alarm=0 | Lock=1[11] | Humid=180 HF=1 DF=0
T=242905 | Temp=25/41 H=1 C=0 | Water=7 | Alarm=0 | Lock=1[11] | Humid=134 HF=0 DF=1
T=242925 | Temp=54/117 H=1 C=0 | Water=6 | Alarm=0 | Lock=1[11] | Humid=231 HF=0 DF=1
T=242945 | Temp=80/172 H=1 C=0 | Water=8 | Alarm=0 | Lock=1[01] | Humid=131 HF=0 DF=1
T=242955 | Temp=80/172 H=1 C=0 | Water=8 | Alarm=0 | Lock=1[11] | Humid=131 HF=0 DF=1
T=242965 | Temp=0/233 H=1 C=0 | Water=0 | Alarm=0 | Lock=1[11] | Humid=96 HF=0 DF=1
T=242985 | Temp=32/209 H=1 C=0 | Water=1 | Alarm=0 | Lock=1[11] | Humid=217 HF=0 DF=1
T=243005 | Temp=220/39 H=1 C=0 | Water=1 | Alarm=0 | Lock=1[11] | Humid=179 HF=0 DF=1
T=243025 | Temp=101/69 H=0 C=1 | Water=8 | Alarm=0 | Lock=1[11] | Humid=14 HF=0 DF=1
T=243045 | Temp=104/40 H=0 C=1 | Water=3 | Alarm=0 | Lock=1[11] | Humid=134 HF=1 DF=0
T=243065 | Temp=30/26 H=0 C=1 | Water=15 | Alarm=0 | Lock=1[11] | Humid=50 HF=0 DF=1
T=243085 | Temp=82/101 H=0 C=1 | Water=13 | Alarm=0 | Lock=1[11] | Humid=84 HF=0 DF=0
T=243105 | Temp=206/169 H=1 C=0 | Water=3 | Alarm=0 | Lock=1[11] | Humid=214 HF=0 DF=1
T=243125 | Temp=49/17 H=0 C=1 | Water=3 | Alarm=0 | Lock=1[11] | Humid=164 HF=0 DF=1
T=243145 | Temp=1/158 H=0 C=1 | Water=0 | Alarm=0 | Lock=1[11] | Humid=8 HF=0 DF=1
T=243165 | Temp=179/66 H=1 C=0 | Water=10 | Alarm=0 | Lock=1[11] | Humid=167 HF=1 DF=0
T=243185 | Temp=98/134 H=0 C=1 | Water=11 | Alarm=0 | Lock=1[11] | Humid=53 HF=0 DF=1
T=243205 | Temp=14/88 H=1 C=0 | Water=14 | Alarm=0 | Lock=1[11] | Humid=193 HF=0 DF=0
T=243225 | Temp=203/229 H=1 C=0 | Water=1 | Alarm=0 | Lock=1[11] | Humid=87 HF=0 DF=1
T=243245 | Temp=79/189 H=1 C=0 | Water=15 | Alarm=0 | Lock=1[11] | Humid=212 HF=0 DF=1
T=243265 | Temp=228/209 H=1 C=0 | Water=12 | Alarm=0 | Lock=1[11] | Humid=116 HF=0 DF=1
T=243285 | Temp=101/29 H=0 C=1 | Water=14 | Alarm=0 | Lock=1[11] | Humid=246 HF=0 DF=1
T=243305 | Temp=141/74 H=0 C=1 | Water=13 | Alarm=0 | Lock=1[11] | Humid=149 HF=0 DF=1
T=243325 | Temp=226/172 H=0 C=1 | Water=3 | Alarm=0 | Lock=1[11] | Humid=191 HF=0 DF=1
T=243345 | Temp=242/190 H=0 C=1 | Water=10 | Alarm=0 | Lock=1[11] | Humid=222 HF=0 DF=1
T=243365 | Temp=180/111 H=0 C=1 | Water=0 | Alarm=0 | Lock=1[11] | Humid=194 HF=0 DF=1
T=243385 | Temp=221/100 H=0 C=1 | Water=13 | Alarm=0 | Lock=1[11] | Humid=177 HF=0 DF=1
T=243405 | Temp=223/48 H=0 C=1 | Water=7 | Alarm=0 | Lock=1[11] | Humid=243 HF=0 DF=1
T=243425 | Temp=135/41 H=0 C=1 | Water=0 | Alarm=0 | Lock=1[11] | Humid=222 HF=0 DF=1
T=243445 | Temp=60/248 H=0 C=1 | Water=13 | Alarm=0 | Lock=1[11] | Humid=107 HF=0 DF=1
T=243465 | Temp=98/157 H=1 C=0 | Water=6 | Alarm=0 | Lock=1[11] | Humid=125 HF=0 DF=1
T=243485 | Temp=35/83 H=1 C=0 | Water=7 | Alarm=0 | Lock=1[11] | Humid=17 HF=0 DF=1
T=243505 | Temp=129/180 H=1 C=0 | Water=13 | Alarm=0 | Lock=1[11] | Humid=91 HF=1 DF=0
T=243525 | Temp=10/55 H=1 C=0 | Water=8 | Alarm=0 | Lock=1[11] | Humid=71 HF=0 DF=1
T=243545 | Temp=170/231 H=1 C=0 | Water=11 | Alarm=0 | Lock=1[11] | Humid=121 HF=0 DF=1
T=243565 | Temp=206/250 H=1 C=0 | Water=7 | Alarm=0 | Lock=1[11] | Humid=86 HF=0 DF=1
T=243585 | Temp=17/95 H=1 C=0 | Water=8 | Alarm=0 | Lock=1[11] | Humid=230 HF=0 DF=1
T=243605 | Temp=219/58 H=1 C=0 | Water=12 | Alarm=0 | Lock=1[11] | Humid=27 HF=0 DF=1
T=243625 | Temp=240/42 H=0 C=1 | Water=13 | Alarm=0 | Lock=1[11] | Humid=92 HF=1 DF=0
T=243645 | Temp=153/220 H=0 C=1 | Water=13 | Alarm=0 | Lock=1[11] | Humid=52 HF=0 DF=1
T=243665 | Temp=120/224 H=1 C=0 | Water=1 | Alarm=0 | Lock=1[11] | Humid=245 HF=0 DF=0
T=243685 | Temp=230/47 H=1 C=0 | Water=10 | Alarm=0 | Lock=1[11] | Humid=112 HF=0 DF=1
T=243705 | Temp=237/95 H=0 C=1 | Water=10 | Alarm=0 | Lock=1[11] | Humid=69 HF=0 DF=1
T=243725 | Temp=92/144 H=0 C=1 | Water=10 | Alarm=0 | Lock=1[11] | Humid=141 HF=0 DF=1
T=243745 | Temp=3/143 H=1 C=0 | Water=5 | Alarm=0 | Lock=1[11] | Humid=204 HF=0 DF=1
T=243765 | Temp=31/204 H=1 C=0 | Water=12 | Alarm=0 | Lock=1[11] | Humid=22 HF=0 DF=1
T=243785 | Temp=119/239 H=1 C=0 | Water=1 | Alarm=0 | Lock=1[11] | Humid=3 HF=1 DF=0
T=243805 | Temp=36/124 H=1 C=0 | Water=2 | Alarm=0 | Lock=1[11] | Humid=145 HF=1 DF=0
T=243825 | Temp=169/26 H=1 C=0 | Water=5 | Alarm=0 | Lock=1[11] | Humid=52 HF=0 DF=1
T=243845 | Temp=231/219 H=0 C=1 | Water=15 | Alarm=0 | Lock=1[11] | Humid=163 HF=0 DF=0
T=243865 | Temp=243/98 H=0 C=1 | Water=14 | Alarm=0 | Lock=1[11] | Humid=80 HF=0 DF=1
T=243885 | Temp=133/167 H=0 C=1 | Water=2 | Alarm=0 | Lock=1[11] | Humid=209 HF=0 DF=1
T=243905 | Temp=43/226 H=1 C=0 | Water=11 | Alarm=0 | Lock=1[11] | Humid=188 HF=0 DF=1
T=243925 | Temp=189/235 H=1 C=0 | Water=14 | Alarm=0 | Lock=1[11] | Humid=54 HF=0 DF=1
T=243945 | Temp=101/202 H=1 C=0 | Water=12 | Alarm=0 | Lock=1[11] | Humid=111 HF=0 DF=0
T=243965 | Temp=145/54 H=1 C=0 | Water=0 | Alarm=0 | Lock=1[11] | Humid=134 HF=0 DF=1
T=243985 | Temp=45/45 H=0 C=1 | Water=6 | Alarm=0 | Lock=1[11] | Humid=143 HF=0 DF=1
T=244005 | Temp=255/122 H=0 C=0 | Water=10 | Alarm=0 | Lock=1[11] | Humid=71 HF=0 DF=1
T=244025 | Temp=40/27 H=0 C=1 | Water=11 | Alarm=0 | Lock=1[11] | Humid=27 HF=0 DF=1
T=244045 | Temp=28/166 H=0 C=1 | Water=1 | Alarm=0 | Lock=1[11] | Humid=153 HF=1 DF=0
T=244065 | Temp=39/17 H=1 C=0 | Water=0 | Alarm=0 | Lock=1[11] | Humid=171 HF=0 DF=1
T=244085 | Temp=50/144 H=0 C=1 | Water=7 | Alarm=0 | Lock=1[11] | Humid=203 HF=0 DF=1
T=244105 | Temp=16/210 H=1 C=0 | Water=13 | Alarm=0 | Lock=1[11] | Humid=26 HF=0 DF=1
T=244125 | Temp=172/119 H=1 C=0 | Water=8 | Alarm=0 | Lock=1[11] | Humid=115 HF=1 DF=0
T=244145 | Temp=147/71 H=0 C=1 | Water=13 | Alarm=0 | Lock=1[11] | Humid=122 HF=0 DF=1
T=244165 | Temp=225/32 H=0 C=1 | Water=3 | Alarm=0 | Lock=1[11] | Humid=108 HF=0 DF=1
T=244185 | Temp=6/15 H=0 C=1 | Water=4 | Alarm=0 | Lock=1[11] | Humid=120 HF=0 DF=1
T=244205 | Temp=209/112 H=1 C=0 | Water=15 | Alarm=0 | Lock=1[11] | Humid=24 HF=0 DF=1
T=244225 | Temp=77/196 H=0 C=1 | Water=8 | Alarm=0 | Lock=1[11] | Humid=150 HF=1 DF=0
T=244245 | Temp=165/51 H=1 C=0 | Water=1 | Alarm=0 | Lock=1[11] | Humid=50 HF=0 DF=1
T=244265 | Temp=216/147 H=0 C=1 | Water=12 | Alarm=0 | Lock=1[11] | Humid=180 HF=0 DF=0
T=244285 | Temp=47/22 H=0 C=1 | Water=12 | Alarm=0 | Lock=1[11] | Humid=161 HF=0 DF=1
T=244305 | Temp=121/75 H=0 C=1 | Water=14 | Alarm=0 | Lock=1[11] | Humid=206 HF=0 DF=1
T=244325 | Temp=69/36 H=0 C=1 | Water=14 | Alarm=0 | Lock=1[11] | Humid=72 HF=0 DF=1
T=244345 | Temp=94/196 H=0 C=1 | Water=7 | Alarm=0 | Lock=1[11] | Humid=232 HF=0 DF=1
T=244365 | Temp=13/149 H=1 C=0 | Water=3 | Alarm=0 | Lock=1[11] | Humid=143 HF=0 DF=1
T=244385 | Temp=239/211 H=1 C=0 | Water=3 | Alarm=0 | Lock=1[11] | Humid=25 HF=0 DF=1
T=244405 | Temp=153/241 H=0 C=1 | Water=12 | Alarm=0 | Lock=1[11] | Humid=66 HF=1 DF=0
T=244425 | Temp=156/35 H=1 C=0 | Water=15 | Alarm=0 | Lock=1[11] | Humid=51 HF=0 DF=1
T=244445 | Temp=150/173 H=0 C=1 | Water=5 | Alarm=0 | Lock=1[11] | Humid=11 HF=0 DF=0
T=244465 | Temp=125/255 H=1 C=0 | Water=0 | Alarm=0 | Lock=1[11] | Humid=157 HF=1 DF=0
T=244485 | Temp=18/249 H=1 C=0 | Water=7 | Alarm=0 | Lock=1[11] | Humid=151 HF=0 DF=1
T=244505 | Temp=8/79 H=1 C=0 | Water=10 | Alarm=0 | Lock=1[11] | Humid=103 HF=0 DF=1
T=244525 | Temp=184/218 H=1 C=0 | Water=1 | Alarm=0 | Lock=1[11] | Humid=142 HF=0 DF=1
T=244545 | Temp=254/106 H=1 C=0 | Water=9 | Alarm=0 | Lock=1[11] | Humid=115 HF=0 DF=1
T=244565 | Temp=140/17 H=0 C=1 | Water=15 | Alarm=0 | Lock=1[11] | Humid=159 HF=0 DF=1
T=244585 | Temp=160/29 H=0 C=1 | Water=12 | Alarm=0 | Lock=1[11] | Humid=79 HF=0 DF=1
T=244605 | Temp=204/87 H=0 C=1 | Water=15 | Alarm=0 | Lock=1[11] | Humid=9 HF=0 DF=1
T=244625 | Temp=150/33 H=0 C=1 | Water=15 | Alarm=0 | Lock=1[11] | Humid=88 HF=1 DF=0
T=244645 | Temp=103/97 H=0 C=1 | Water=7 | Alarm=0 | Lock=1[11] | Humid=224 HF=0 DF=1
T=244665 | Temp=242/186 H=0 C=1 | Water=8 | Alarm=0 | Lock=1[11] | Humid=139 HF=0 DF=1
T=244685 | Temp=216/41 H=0 C=1 | Water=11 | Alarm=0 | Lock=1[11] | Humid=6 HF=0 DF=1
T=244705 | Temp=18/4 H=0 C=1 | Water=7 | Alarm=0 | Lock=1[11] | Humid=223 HF=1 DF=0
T=244725 | Temp=107/230 H=0 C=1 | Water=7 | Alarm=0 | Lock=1[11] | Humid=233 HF=0 DF=1
T=244745 | Temp=196/124 H=1 C=0 | Water=4 | Alarm=0 | Lock=1[11] | Humid=80 HF=0 DF=1
T=244765 | Temp=191/209 H=0 C=1 | Water=2 | Alarm=0 | Lock=1[11] | Humid=213 HF=0 DF=1
T=244785 | Temp=196/86 H=1 C=0 | Water=4 | Alarm=0 | Lock=1[11] | Humid=98 HF=0 DF=1
T=244805 | Temp=135/5 H=0 C=1 | Water=3 | Alarm=0 | Lock=1[11] | Humid=145 HF=0 DF=1
T=244825 | Temp=134/77 H=0 C=1 | Water=12 | Alarm=0 | Lock=1[11] | Humid=12 HF=0 DF=1
T=244845 | Temp=16/221 H=0 C=1 | Water=3 | Alarm=0 | Lock=1[11] | Humid=70 HF=1 DF=0
T=244865 | Temp=204/83 H=1 C=0 | Water=13 | Alarm=0 | Lock=1[11] | Humid=80 HF=0 DF=1
T=244885 | Temp=237/27 H=0 C=1 | Water=12 | Alarm=0 | Lock=1[11] | Humid=207 HF=0 DF=1
T=244905 | Temp=36/80 H=0 C=1 | Water=2 | Alarm=0 | Lock=1[11] | Humid=71 HF=0 DF=1
T=244925 | Temp=209/240 H=1 C=0 | Water=8 | Alarm=0 | Lock=1[11] | Humid=249 HF=0 DF=1
T=244945 | Temp=45/252 H=1 C=0 | Water=8 | Alarm=0 | Lock=1[11] | Humid=250 HF=0 DF=1
T=244965 | Temp=156/104 H=1 C=0 | Water=12 | Alarm=0 | Lock=1[01] | Humid=6 HF=0 DF=1
T=244985 | Temp=126/183 H=0 C=1 | Water=6 | Alarm=0 | Lock=1[01] | Humid=171 HF=1 DF=0
T=244995 | Temp=126/183 H=0 C=1 | Water=6 | Alarm=0 | Lock=1[11] | Humid=171 HF=1 DF=0
T=245005 | Temp=3/113 H=1 C=0 | Water=13 | Alarm=0 | Lock=1[11] | Humid=211 HF=0 DF=1
T=245025 | Temp=160/253 H=1 C=0 | Water=9 | Alarm=0 | Lock=1[11] | Humid=147 HF=0 DF=1
T=245045 | Temp=205/79 H=1 C=0 | Water=14 | Alarm=0 | Lock=1[11] | Humid=0 HF=0 DF=1
T=245065 | Temp=18/90 H=0 C=1 | Water=4 | Alarm=0 | Lock=1[11] | Humid=164 HF=1 DF=0
T=245085 | Temp=40/134 H=1 C=0 | Water=11 | Alarm=0 | Lock=1[11] | Humid=148 HF=0 DF=1
T=245105 | Temp=136/216 H=1 C=0 | Water=12 | Alarm=0 | Lock=1[11] | Humid=134 HF=0 DF=1
T=245125 | Temp=101/58 H=1 C=0 | Water=1 | Alarm=0 | Lock=1[11] | Humid=101 HF=0 DF=1
T=245145 | Temp=15/24 H=0 C=1 | Water=10 | Alarm=0 | Lock=1[11] | Humid=114 HF=0 DF=1
T=245165 | Temp=150/137 H=1 C=0 | Water=10 | Alarm=0 | Lock=1[11] | Humid=33 HF=0 DF=1
T=245185 | Temp=242/60 H=0 C=1 | Water=7 | Alarm=0 | Lock=1[11] | Humid=198 HF=1 DF=0
T=245205 | Temp=224/33 H=0 C=1 | Water=10 | Alarm=0 | Lock=1[11] | Humid=250 HF=0 DF=1
T=245225 | Temp=118/132 H=0 C=1 | Water=15 | Alarm=0 | Lock=1[11] | Humid=37 HF=0 DF=1
T=245245 | Temp=223/150 H=1 C=0 | Water=6 | Alarm=0 | Lock=1[11] | Humid=132 HF=1 DF=0
T=245265 | Temp=251/172 H=0 C=1 | Water=9 | Alarm=0 | Lock=1[11] | Humid=69 HF=0 DF=1
T=245285 | Temp=191/16 H=0 C=1 | Water=3 | Alarm=0 | Lock=1[11] | Humid=97 HF=0 DF=1
T=245305 | Temp=115/235 H=0 C=1 | Water=14 | Alarm=0 | Lock=1[11] | Humid=92 HF=0 DF=1
T=245325 | Temp=15/98 H=1 C=0 | Water=3 | Alarm=0 | Lock=1[11] | Humid=44 HF=0 DF=1
T=245345 | Temp=162/99 H=1 C=0 | Water=12 | Alarm=0 | Lock=1[11] | Humid=57 HF=0 DF=0
T=245365 | Temp=18/148 H=0 C=1 | Water=5 | Alarm=0 | Lock=1[11] | Humid=187 HF=0 DF=0
T=245385 | Temp=139/57 H=1 C=0 | Water=1 | Alarm=0 | Lock=1[11] | Humid=52 HF=0 DF=1
T=245405 | Temp=22/251 H=0 C=1 | Water=9 | Alarm=0 | Lock=1[11] | Humid=114 HF=0 DF=0
T=245425 | Temp=74/162 H=1 C=0 | Water=10 | Alarm=0 | Lock=1[11] | Humid=87 HF=0 DF=1
T=245445 | Temp=11/122 H=1 C=0 | Water=0 | Alarm=0 | Lock=1[11] | Humid=217 HF=0 DF=1
T=245465 | Temp=218/202 H=1 C=0 | Water=5 | Alarm=0 | Lock=1[11] | Humid=90 HF=0 DF=1
T=245485 | Temp=22/161 H=0 C=1 | Water=0 | Alarm=0 | Lock=1[11] | Humid=241 HF=0 DF=1
T=245505 | Temp=240/60 H=1 C=0 | Water=3 | Alarm=0 | Lock=1[11] | Humid=171 HF=0 DF=1
T=245525 | Temp=60/207 H=0 C=1 | Water=3 | Alarm=0 | Lock=1[11] | Humid=87 HF=0 DF=1
T=245545 | Temp=248/160 H=1 C=0 | Water=11 | Alarm=0 | Lock=1[11] | Humid=147 HF=0 DF=1
T=245565 | Temp=231/92 H=0 C=1 | Water=7 | Alarm=0 | Lock=1[11] | Humid=182 HF=0 DF=1
T=245585 | Temp=110/163 H=0 C=1 | Water=14 | Alarm=0 | Lock=1[11] | Humid=48 HF=0 DF=1
T=245605 | Temp=119/116 H=1 C=0 | Water=9 | Alarm=0 | Lock=1[11] | Humid=94 HF=0 DF=0
T=245625 | Temp=181/29 H=0 C=1 | Water=12 | Alarm=0 | Lock=1[11] | Humid=183 HF=0 DF=1
T=245645 | Temp=152/120 H=0 C=1 | Water=1 | Alarm=0 | Lock=1[11] | Humid=199 HF=0 DF=1
T=245665 | Temp=188/72 H=0 C=1 | Water=9 | Alarm=0 | Lock=1[11] | Humid=227 HF=0 DF=1
T=245685 | Temp=223/72 H=0 C=1 | Water=8 | Alarm=0 | Lock=1[11] | Humid=97 HF=0 DF=1
T=245705 | Temp=83/179 H=0 C=1 | Water=4 | Alarm=0 | Lock=1[11] | Humid=119 HF=0 DF=1
T=245725 | Temp=49/142 H=1 C=0 | Water=6 | Alarm=0 | Lock=1[11] | Humid=34 HF=0 DF=1
T=245745 | Temp=140/133 H=1 C=0 | Water=14 | Alarm=0 | Lock=1[11] | Humid=94 HF=1 DF=0
T=245765 | Temp=44/61 H=0 C=1 | Water=0 | Alarm=0 | Lock=1[11] | Humid=142 HF=0 DF=1
T=245785 | Temp=99/160 H=1 C=0 | Water=13 | Alarm=0 | Lock=1[11] | Humid=224 HF=0 DF=1
T=245805 | Temp=133/62 H=1 C=0 | Water=8 | Alarm=0 | Lock=1[11] | Humid=152 HF=0 DF=1
T=245825 | Temp=51/229 H=0 C=1 | Water=14 | Alarm=0 | Lock=1[11] | Humid=180 HF=0 DF=1
T=245845 | Temp=186/71 H=1 C=0 | Water=1 | Alarm=0 | Lock=1[11] | Humid=68 HF=0 DF=1
T=245865 | Temp=248/57 H=0 C=1 | Water=11 | Alarm=0 | Lock=1[11] | Humid=252 HF=0 DF=1
T=245885 | Temp=79/81 H=0 C=1 | Water=6 | Alarm=0 | Lock=1[11] | Humid=174 HF=0 DF=1
T=245905 | Temp=69/25 H=0 C=1 | Water=0 | Alarm=0 | Lock=1[11] | Humid=186 HF=0 DF=1
T=245925 | Temp=81/141 H=0 C=1 | Water=13 | Alarm=0 | Lock=1[11] | Humid=89 HF=0 DF=1
T=245945 | Temp=63/204 H=1 C=0 | Water=1 | Alarm=0 | Lock=1[11] | Humid=131 HF=0 DF=1
T=245965 | Temp=117/83 H=1 C=0 | Water=0 | Alarm=0 | Lock=1[11] | Humid=249 HF=0 DF=1
T=245985 | Temp=203/73 H=0 C=1 | Water=14 | Alarm=0 | Lock=1[11] | Humid=81 HF=0 DF=1
T=246005 | Temp=71/200 H=0 C=1 | Water=0 | Alarm=0 | Lock=1[11] | Humid=110 HF=0 DF=1
T=246025 | Temp=74/161 H=1 C=0 | Water=2 | Alarm=0 | Lock=1[11] | Humid=246 HF=0 DF=1
T=246045 | Temp=165/105 H=1 C=0 | Water=11 | Alarm=0 | Lock=1[11] | Humid=253 HF=0 DF=1
T=246065 | Temp=113/36 H=0 C=1 | Water=2 | Alarm=0 | Lock=1[11] | Humid=244 HF=0 DF=1
T=246085 | Temp=246/42 H=0 C=1 | Water=8 | Alarm=0 | Lock=1[11] | Humid=33 HF=0 DF=1
T=246105 | Temp=12/34 H=0 C=1 | Water=7 | Alarm=0 | Lock=1[11] | Humid=26 HF=1 DF=0
T=246125 | Temp=37/113 H=1 C=0 | Water=11 | Alarm=0 | Lock=1[11] | Humid=37 HF=1 DF=0
T=246145 | Temp=175/103 H=1 C=0 | Water=14 | Alarm=0 | Lock=1[11] | Humid=19 HF=1 DF=0
T=246165 | Temp=17/198 H=0 C=1 | Water=6 | Alarm=0 | Lock=1[11] | Humid=99 HF=1 DF=0
T=246185 | Temp=80/183 H=1 C=0 | Water=12 | Alarm=0 | Lock=1[11] | Humid=44 HF=0 DF=1
T=246205 | Temp=18/34 H=1 C=0 | Water=2 | Alarm=0 | Lock=1[11] | Humid=199 HF=0 DF=0
T=246225 | Temp=49/40 H=1 C=0 | Water=7 | Alarm=0 | Lock=1[11] | Humid=131 HF=0 DF=1
T=246245 | Temp=223/217 H=0 C=1 | Water=2 | Alarm=0 | Lock=1[11] | Humid=185 HF=0 DF=1
T=246265 | Temp=194/81 H=0 C=1 | Water=11 | Alarm=0 | Lock=1[11] | Humid=204 HF=0 DF=1
T=246285 | Temp=218/88 H=0 C=1 | Water=2 | Alarm=0 | Lock=1[11] | Humid=212 HF=0 DF=1
T=246305 | Temp=131/173 H=0 C=1 | Water=14 | Alarm=0 | Lock=1[11] | Humid=144 HF=0 DF=1
T=246325 | Temp=237/218 H=1 C=0 | Water=4 | Alarm=0 | Lock=1[11] | Humid=175 HF=0 DF=1
T=246345 | Temp=176/63 H=0 C=1 | Water=7 | Alarm=0 | Lock=1[11] | Humid=234 HF=0 DF=1
T=246365 | Temp=65/38 H=0 C=1 | Water=0 | Alarm=0 | Lock=1[11] | Humid=36 HF=0 DF=1
T=246385 | Temp=97/24 H=0 C=1 | Water=3 | Alarm=0 | Lock=1[11] | Humid=236 HF=1 DF=0
T=246405 | Temp=44/186 H=0 C=1 | Water=0 | Alarm=0 | Lock=1[11] | Humid=73 HF=0 DF=1
T=246425 | Temp=187/64 H=1 C=0 | Water=7 | Alarm=0 | Lock=1[11] | Humid=182 HF=0 DF=1
T=246445 | Temp=163/221 H=0 C=1 | Water=10 | Alarm=0 | Lock=1[11] | Humid=248 HF=0 DF=1
T=246465 | Temp=133/170 H=1 C=0 | Water=14 | Alarm=0 | Lock=1[11] | Humid=24 HF=0 DF=1
T=246485 | Temp=23/67 H=1 C=0 | Water=15 | Alarm=0 | Lock=1[11] | Humid=182 HF=1 DF=0
T=246505 | Temp=12/110 H=1 C=0 | Water=2 | Alarm=0 | Lock=1[11] | Humid=244 HF=0 DF=1
T=246525 | Temp=219/188 H=1 C=0 | Water=6 | Alarm=0 | Lock=1[11] | Humid=178 HF=0 DF=1
T=246545 | Temp=115/236 H=0 C=1 | Water=8 | Alarm=0 | Lock=1[11] | Humid=116 HF=0 DF=1
T=246565 | Temp=223/246 H=1 C=0 | Water=15 | Alarm=0 | Lock=1[11] | Humid=15 HF=0 DF=1
T=246585 | Temp=66/249 H=1 C=0 | Water=12 | Alarm=0 | Lock=1[11] | Humid=140 HF=1 DF=0
T=246605 | Temp=118/84 H=1 C=0 | Water=1 | Alarm=0 | Lock=1[11] | Humid=78 HF=0 DF=1
T=246625 | Temp=21/136 H=0 C=1 | Water=3 | Alarm=0 | Lock=1[11] | Humid=152 HF=0 DF=1
T=246645 | Temp=36/77 H=1 C=0 | Water=2 | Alarm=0 | Lock=1[11] | Humid=103 HF=0 DF=1
T=246665 | Temp=192/68 H=1 C=0 | Water=13 | Alarm=0 | Lock=1[11] | Humid=222 HF=0 DF=1
T=246685 | Temp=151/104 H=0 C=1 | Water=13 | Alarm=0 | Lock=1[11] | Humid=160 HF=0 DF=1
T=246705 | Temp=160/13 H=0 C=1 | Water=6 | Alarm=0 | Lock=1[11] | Humid=43 HF=0 DF=1
T=246725 | Temp=73/216 H=0 C=1 | Water=4 | Alarm=0 | Lock=1[11] | Humid=252 HF=0 DF=0
T=246745 | Temp=124/110 H=1 C=0 | Water=4 | Alarm=0 | Lock=1[11] | Humid=159 HF=0 DF=1
T=246765 | Temp=55/93 H=0 C=1 | Water=14 | Alarm=0 | Lock=1[11] | Humid=225 HF=0 DF=1
T=246785 | Temp=155/116 H=1 C=0 | Water=13 | Alarm=0 | Lock=1[11] | Humid=208 HF=0 DF=1
T=246805 | Temp=226/15 H=0 C=1 | Water=8 | Alarm=0 | Lock=1[11] | Humid=199 HF=0 DF=1
T=246825 | Temp=0/195 H=0 C=1 | Water=0 | Alarm=0 | Lock=1[11] | Humid=193 HF=0 DF=1
T=246845 | Temp=43/230 H=1 C=0 | Water=14 | Alarm=0 | Lock=1[11] | Humid=150 HF=0 DF=1
T=246865 | Temp=127/168 H=1 C=0 | Water=4 | Alarm=0 | Lock=1[11] | Humid=90 HF=0 DF=1
T=246885 | Temp=82/66 H=1 C=0 | Water=13 | Alarm=0 | Lock=1[11] | Humid=57 HF=0 DF=1
T=246905 | Temp=187/41 H=0 C=1 | Water=8 | Alarm=0 | Lock=1[11] | Humid=67 HF=0 DF=0
T=246925 | Temp=147/22 H=0 C=1 | Water=11 | Alarm=0 | Lock=1[11] | Humid=89 HF=0 DF=1
T=246945 | Temp=202/217 H=0 C=1 | Water=11 | Alarm=0 | Lock=1[11] | Humid=243 HF=0 DF=1
T=246965 | Temp=14/153 H=1 C=0 | Water=6 | Alarm=0 | Lock=1[11] | Humid=106 HF=0 DF=1
T=246985 | Temp=84/10 H=1 C=0 | Water=2 | Alarm=0 | Lock=1[11] | Humid=78 HF=0 DF=1
T=247005 | Temp=29/132 H=0 C=1 | Water=10 | Alarm=0 | Lock=1[01] | Humid=129 HF=0 DF=1
T=247015 | Temp=29/132 H=0 C=1 | Water=10 | Alarm=0 | Lock=1[11] | Humid=129 HF=0 DF=1
T=247025 | Temp=248/224 H=1 C=0 | Water=1 | Alarm=0 | Lock=1[11] | Humid=79 HF=0 DF=1
T=247045 | Temp=160/128 H=0 C=1 | Water=3 | Alarm=0 | Lock=1[11] | Humid=135 HF=0 DF=1
T=247065 | Temp=34/203 H=0 C=1 | Water=5 | Alarm=0 | Lock=1[11] | Humid=148 HF=0 DF=1
T=247085 | Temp=198/161 H=1 C=0 | Water=9 | Alarm=0 | Lock=1[11] | Humid=62 HF=0 DF=1
T=247105 | Temp=68/133 H=0 C=1 | Water=1 | Alarm=0 | Lock=1[11] | Humid=164 HF=0 DF=1
T=247125 | Temp=234/114 H=1 C=0 | Water=6 | Alarm=0 | Lock=1[11] | Humid=191 HF=0 DF=1
T=247145 | Temp=114/76 H=0 C=1 | Water=12 | Alarm=0 | Lock=1[11] | Humid=70 HF=0 DF=1
T=247165 | Temp=118/230 H=0 C=1 | Water=5 | Alarm=0 | Lock=1[11] | Humid=53 HF=0 DF=1
T=247185 | Temp=155/223 H=1 C=0 | Water=12 | Alarm=0 | Lock=1[11] | Humid=137 HF=0 DF=0
T=247205 | Temp=164/127 H=1 C=0 | Water=10 | Alarm=0 | Lock=1[11] | Humid=128 HF=0 DF=1
T=247225 | Temp=189/127 H=0 C=1 | Water=3 | Alarm=0 | Lock=1[11] | Humid=156 HF=0 DF=1
T=247245 | Temp=55/21 H=0 C=1 | Water=11 | Alarm=0 | Lock=1[11] | Humid=9 HF=0 DF=1
T=247265 | Temp=164/170 H=0 C=1 | Water=10 | Alarm=0 | Lock=1[11] | Humid=85 HF=1 DF=0
T=247285 | Temp=187/128 H=1 C=0 | Water=9 | Alarm=0 | Lock=1[11] | Humid=66 HF=0 DF=1
T=247305 | Temp=130/169 H=0 C=1 | Water=1 | Alarm=0 | Lock=1[11] | Humid=74 HF=0 DF=1
T=247325 | Temp=78/27 H=1 C=0 | Water=14 | Alarm=0 | Lock=1[11] | Humid=254 HF=0 DF=1
T=247345 | Temp=83/197 H=0 C=1 | Water=7 | Alarm=0 | Lock=1[11] | Humid=71 HF=0 DF=1
T=247365 | Temp=124/95 H=1 C=0 | Water=1 | Alarm=0 | Lock=1[11] | Humid=182 HF=0 DF=1
T=247385 | Temp=228/60 H=0 C=1 | Water=5 | Alarm=0 | Lock=1[11] | Humid=211 HF=0 DF=1
T=247405 | Temp=254/204 H=0 C=1 | Water=1 | Alarm=0 | Lock=1[11] | Humid=31 HF=0 DF=1
T=247425 | Temp=220/187 H=0 C=1 | Water=4 | Alarm=0 | Lock=1[11] | Humid=254 HF=1 DF=0
T=247445 | Temp=33/79 H=0 C=1 | Water=10 | Alarm=0 | Lock=1[11] | Humid=142 HF=0 DF=1
T=247465 | Temp=179/235 H=1 C=0 | Water=12 | Alarm=0 | Lock=1[11] | Humid=22 HF=0 DF=1
T=247485 | Temp=67/32 H=1 C=0 | Water=7 | Alarm=0 | Lock=1[11] | Humid=4 HF=1 DF=0
T=247505 | Temp=125/123 H=0 C=1 | Water=13 | Alarm=0 | Lock=1[11] | Humid=119 HF=1 DF=0
T=247525 | Temp=198/110 H=0 C=1 | Water=6 | Alarm=0 | Lock=1[11] | Humid=184 HF=0 DF=1
T=247545 | Temp=15/241 H=0 C=1 | Water=3 | Alarm=0 | Lock=1[11] | Humid=11 HF=0 DF=1
T=247565 | Temp=67/13 H=1 C=0 | Water=15 | Alarm=0 | Lock=1[11] | Humid=174 HF=1 DF=0
T=247585 | Temp=255/49 H=0 C=1 | Water=10 | Alarm=0 | Lock=1[11] | Humid=65 HF=0 DF=1
T=247605 | Temp=78/176 H=0 C=1 | Water=12 | Alarm=0 | Lock=1[11] | Humid=75 HF=0 DF=1
T=247625 | Temp=63/25 H=1 C=0 | Water=13 | Alarm=0 | Lock=1[11] | Humid=17 HF=0 DF=1
T=247645 | Temp=198/186 H=0 C=1 | Water=15 | Alarm=0 | Lock=1[11] | Humid=150 HF=1 DF=0
T=247665 | Temp=92/98 H=0 C=1 | Water=7 | Alarm=0 | Lock=1[11] | Humid=253 HF=0 DF=1
T=247685 | Temp=63/118 H=1 C=0 | Water=4 | Alarm=0 | Lock=1[11] | Humid=239 HF=0 DF=1
T=247705 | Temp=254/141 H=1 C=0 | Water=14 | Alarm=0 | Lock=1[11] | Humid=176 HF=0 DF=1
T=247725 | Temp=124/27 H=0 C=1 | Water=5 | Alarm=0 | Lock=1[11] | Humid=97 HF=0 DF=1
T=247745 | Temp=102/44 H=0 C=1 | Water=6 | Alarm=0 | Lock=1[11] | Humid=226 HF=0 DF=1
T=247765 | Temp=30/196 H=0 C=1 | Water=0 | Alarm=0 | Lock=1[11] | Humid=5 HF=0 DF=1
T=247785 | Temp=195/244 H=1 C=0 | Water=10 | Alarm=0 | Lock=1[11] | Humid=69 HF=1 DF=0
T=247805 | Temp=78/181 H=1 C=0 | Water=12 | Alarm=0 | Lock=1[11] | Humid=83 HF=0 DF=1
T=247825 | Temp=237/230 H=1 C=0 | Water=1 | Alarm=0 | Lock=1[11] | Humid=100 HF=0 DF=1
T=247845 | Temp=82/117 H=0 C=1 | Water=6 | Alarm=0 | Lock=1[11] | Humid=98 HF=0 DF=1
T=247865 | Temp=75/233 H=1 C=0 | Water=1 | Alarm=0 | Lock=1[11] | Humid=110 HF=0 DF=1
T=247885 | Temp=147/160 H=1 C=0 | Water=14 | Alarm=0 | Lock=1[11] | Humid=251 HF=0 DF=1
T=247905 | Temp=50/240 H=1 C=0 | Water=10 | Alarm=0 | Lock=1[11] | Humid=167 HF=0 DF=1
T=247925 | Temp=22/93 H=1 C=0 | Water=14 | Alarm=0 | Lock=1[11] | Humid=214 HF=0 DF=1
T=247945 | Temp=254/80 H=1 C=0 | Water=4 | Alarm=0 | Lock=1[11] | Humid=179 HF=0 DF=1
T=247965 | Temp=102/125 H=0 C=1 | Water=2 | Alarm=0 | Lock=1[11] | Humid=48 HF=0 DF=1
T=247985 | Temp=31/239 H=1 C=0 | Water=15 | Alarm=0 | Lock=1[11] | Humid=236 HF=0 DF=0
T=248005 | Temp=129/180 H=1 C=0 | Water=7 | Alarm=0 | Lock=1[11] | Humid=84 HF=0 DF=1
T=248025 | Temp=83/146 H=1 C=0 | Water=12 | Alarm=0 | Lock=1[11] | Humid=57 HF=0 DF=1
T=248045 | Temp=229/125 H=1 C=0 | Water=14 | Alarm=0 | Lock=1[11] | Humid=210 HF=0 DF=0
T=248065 | Temp=50/76 H=0 C=1 | Water=15 | Alarm=0 | Lock=1[11] | Humid=148 HF=0 DF=1
T=248085 | Temp=53/197 H=1 C=0 | Water=0 | Alarm=0 | Lock=1[11] | Humid=251 HF=0 DF=1
T=248105 | Temp=238/75 H=1 C=0 | Water=12 | Alarm=0 | Lock=1[11] | Humid=8 HF=0 DF=1
T=248125 | Temp=164/35 H=0 C=1 | Water=15 | Alarm=0 | Lock=1[11] | Humid=104 HF=1 DF=0
T=248145 | Temp=102/48 H=0 C=1 | Water=1 | Alarm=0 | Lock=1[11] | Humid=243 HF=0 DF=1
T=248165 | Temp=170/56 H=0 C=1 | Water=3 | Alarm=0 | Lock=1[11] | Humid=200 HF=0 DF=1
T=248185 | Temp=133/109 H=0 C=1 | Water=4 | Alarm=0 | Lock=1[11] | Humid=173 HF=0 DF=1
T=248205 | Temp=32/244 H=0 C=1 | Water=6 | Alarm=0 | Lock=1[11] | Humid=34 HF=0 DF=1
T=248225 | Temp=42/212 H=1 C=0 | Water=15 | Alarm=0 | Lock=1[11] | Humid=134 HF=1 DF=0
T=248245 | Temp=179/229 H=1 C=0 | Water=9 | Alarm=0 | Lock=1[11] | Humid=68 HF=0 DF=1
T=248265 | Temp=77/102 H=1 C=0 | Water=11 | Alarm=0 | Lock=1[11] | Humid=179 HF=0 DF=1
T=248285 | Temp=114/174 H=1 C=0 | Water=15 | Alarm=0 | Lock=1[11] | Humid=59 HF=0 DF=1
T=248305 | Temp=173/90 H=1 C=0 | Water=9 | Alarm=0 | Lock=1[11] | Humid=198 HF=0 DF=0
T=248325 | Temp=51/155 H=0 C=1 | Water=7 | Alarm=0 | Lock=1[11] | Humid=226 HF=0 DF=1
T=248345 | Temp=11/70 H=1 C=0 | Water=13 | Alarm=0 | Lock=1[11] | Humid=215 HF=0 DF=1
T=248365 | Temp=11/55 H=1 C=0 | Water=8 | Alarm=0 | Lock=1[11] | Humid=78 HF=0 DF=1
T=248385 | Temp=118/10 H=1 C=0 | Water=8 | Alarm=0 | Lock=1[11] | Humid=51 HF=0 DF=1
T=248405 | Temp=152/196 H=0 C=1 | Water=14 | Alarm=0 | Lock=1[11] | Humid=103 HF=0 DF=0
T=248425 | Temp=110/129 H=1 C=0 | Water=3 | Alarm=0 | Lock=1[11] | Humid=88 HF=0 DF=1
T=248445 | Temp=199/230 H=1 C=0 | Water=9 | Alarm=0 | Lock=1[11] | Humid=161 HF=0 DF=1
T=248465 | Temp=177/44 H=1 C=0 | Water=2 | Alarm=0 | Lock=1[11] | Humid=204 HF=0 DF=1
T=248485 | Temp=21/63 H=0 C=1 | Water=6 | Alarm=0 | Lock=1[11] | Humid=35 HF=0 DF=1
T=248505 | Temp=224/55 H=1 C=0 | Water=9 | Alarm=0 | Lock=1[11] | Humid=88 HF=1 DF=0
T=248525 | Temp=30/85 H=0 C=1 | Water=15 | Alarm=0 | Lock=1[11] | Humid=242 HF=0 DF=1
T=248545 | Temp=16/86 H=1 C=0 | Water=2 | Alarm=0 | Lock=1[11] | Humid=135 HF=0 DF=1
T=248565 | Temp=53/113 H=1 C=0 | Water=2 | Alarm=0 | Lock=1[11] | Humid=46 HF=0 DF=1
T=248585 | Temp=122/176 H=1 C=0 | Water=4 | Alarm=0 | Lock=1[11] | Humid=167 HF=0 DF=0
T=248605 | Temp=178/100 H=1 C=0 | Water=8 | Alarm=0 | Lock=1[11] | Humid=203 HF=0 DF=1
T=248625 | Temp=179/99 H=0 C=1 | Water=15 | Alarm=0 | Lock=1[11] | Humid=19 HF=0 DF=1
T=248645 | Temp=191/224 H=0 C=1 | Water=5 | Alarm=0 | Lock=1[11] | Humid=145 HF=1 DF=0
T=248665 | Temp=52/238 H=1 C=0 | Water=1 | Alarm=0 | Lock=1[11] | Humid=235 HF=0 DF=1
T=248685 | Temp=12/133 H=1 C=0 | Water=10 | Alarm=0 | Lock=1[11] | Humid=226 HF=0 DF=1
T=248705 | Temp=245/239 H=1 C=0 | Water=3 | Alarm=0 | Lock=1[11] | Humid=95 HF=0 DF=1
T=248725 | Temp=124/72 H=0 C=1 | Water=9 | Alarm=0 | Lock=1[11] | Humid=136 HF=0 DF=1
T=248745 | Temp=12/248 H=0 C=1 | Water=5 | Alarm=0 | Lock=1[11] | Humid=142 HF=0 DF=1
T=248765 | Temp=206/24 H=1 C=0 | Water=3 | Alarm=0 | Lock=1[11] | Humid=147 HF=0 DF=1
T=248785 | Temp=140/143 H=0 C=1 | Water=8 | Alarm=0 | Lock=1[11] | Humid=61 HF=0 DF=1
T=248805 | Temp=228/145 H=1 C=0 | Water=0 | Alarm=0 | Lock=1[11] | Humid=180 HF=0 DF=1
T=248825 | Temp=59/218 H=0 C=1 | Water=10 | Alarm=0 | Lock=1[11] | Humid=74 HF=0 DF=1
T=248845 | Temp=28/214 H=1 C=0 | Water=6 | Alarm=0 | Lock=1[11] | Humid=252 HF=0 DF=1
T=248865 | Temp=231/153 H=1 C=0 | Water=4 | Alarm=0 | Lock=1[11] | Humid=165 HF=0 DF=1
T=248885 | Temp=59/147 H=0 C=1 | Water=9 | Alarm=0 | Lock=1[11] | Humid=126 HF=0 DF=1
T=248905 | Temp=47/229 H=1 C=0 | Water=7 | Alarm=0 | Lock=1[11] | Humid=210 HF=0 DF=1
T=248925 | Temp=145/33 H=1 C=0 | Water=4 | Alarm=0 | Lock=1[11] | Humid=190 HF=0 DF=1
T=248945 | Temp=36/190 H=0 C=1 | Water=7 | Alarm=0 | Lock=1[11] | Humid=208 HF=0 DF=1
T=248965 | Temp=35/8 H=1 C=0 | Water=7 | Alarm=0 | Lock=1[11] | Humid=119 HF=0 DF=1
T=248985 | Temp=95/51 H=0 C=1 | Water=9 | Alarm=0 | Lock=1[11] | Humid=113 HF=0 DF=1
T=249005 | Temp=113/56 H=0 C=1 | Water=2 | Alarm=0 | Lock=1[11] | Humid=234 HF=0 DF=1
T=249025 | Temp=153/67 H=0 C=1 | Water=6 | Alarm=0 | Lock=1[01] | Humid=210 HF=0 DF=1
T=249045 | Temp=51/148 H=0 C=1 | Water=11 | Alarm=0 | Lock=1[01] | Humid=254 HF=0 DF=1
T=249065 | Temp=187/3 H=1 C=0 | Water=7 | Alarm=0 | Lock=1[01] | Humid=3 HF=0 DF=1
T=249085 | Temp=128/15 H=0 C=1 | Water=4 | Alarm=0 | Lock=1[01] | Humid=43 HF=1 DF=0
T=249095 | Temp=128/15 H=0 C=1 | Water=4 | Alarm=0 | Lock=1[11] | Humid=43 HF=1 DF=0
T=249105 | Temp=70/19 H=0 C=1 | Water=4 | Alarm=0 | Lock=1[11] | Humid=220 HF=0 DF=0
T=249125 | Temp=142/89 H=0 C=1 | Water=2 | Alarm=0 | Lock=1[11] | Humid=234 HF=0 DF=1
T=249145 | Temp=199/225 H=0 C=1 | Water=7 | Alarm=0 | Lock=1[11] | Humid=70 HF=0 DF=1
T=249165 | Temp=37/238 H=1 C=0 | Water=15 | Alarm=0 | Lock=1[11] | Humid=176 HF=0 DF=1
T=249185 | Temp=42/141 H=1 C=0 | Water=9 | Alarm=0 | Lock=1[11] | Humid=197 HF=0 DF=1
T=249205 | Temp=19/231 H=1 C=0 | Water=12 | Alarm=0 | Lock=1[11] | Humid=145 HF=0 DF=1
T=249225 | Temp=19/57 H=1 C=0 | Water=8 | Alarm=0 | Lock=1[11] | Humid=205 HF=0 DF=1
T=249245 | Temp=61/121 H=1 C=0 | Water=5 | Alarm=0 | Lock=1[11] | Humid=216 HF=0 DF=1
T=249265 | Temp=211/51 H=1 C=0 | Water=3 | Alarm=0 | Lock=1[11] | Humid=15 HF=0 DF=1
T=249285 | Temp=23/8 H=0 C=1 | Water=3 | Alarm=0 | Lock=1[11] | Humid=226 HF=1 DF=0
T=249305 | Temp=70/72 H=0 C=1 | Water=7 | Alarm=0 | Lock=1[11] | Humid=156 HF=0 DF=1
T=249325 | Temp=79/85 H=0 C=1 | Water=3 | Alarm=0 | Lock=1[11] | Humid=49 HF=0 DF=1
T=249345 | Temp=22/37 H=1 C=0 | Water=13 | Alarm=0 | Lock=1[11] | Humid=5 HF=0 DF=0
T=249365 | Temp=79/69 H=1 C=0 | Water=11 | Alarm=0 | Lock=1[11] | Humid=234 HF=1 DF=0
T=249385 | Temp=64/2 H=0 C=1 | Water=4 | Alarm=0 | Lock=1[11] | Humid=180 HF=0 DF=1
T=249405 | Temp=122/1 H=0 C=1 | Water=5 | Alarm=0 | Lock=1[11] | Humid=206 HF=0 DF=1
T=249425 | Temp=93/150 H=1 C=0 | Water=2 | Alarm=0 | Lock=1[11] | Humid=32 HF=0 DF=1
T=249445 | Temp=211/130 H=1 C=0 | Water=3 | Alarm=0 | Lock=1[11] | Humid=125 HF=1 DF=0
T=249465 | Temp=169/238 H=0 C=1 | Water=13 | Alarm=0 | Lock=1[11] | Humid=153 HF=0 DF=1
T=249485 | Temp=223/25 H=1 C=0 | Water=7 | Alarm=0 | Lock=1[11] | Humid=125 HF=0 DF=1
T=249505 | Temp=110/12 H=0 C=1 | Water=12 | Alarm=0 | Lock=1[11] | Humid=91 HF=0 DF=1
T=249525 | Temp=219/176 H=0 C=1 | Water=0 | Alarm=0 | Lock=1[11] | Humid=89 HF=0 DF=1
T=249545 | Temp=110/130 H=0 C=1 | Water=3 | Alarm=0 | Lock=1[11] | Humid=33 HF=0 DF=1
T=249565 | Temp=201/171 H=1 C=0 | Water=15 | Alarm=0 | Lock=1[11] | Humid=230 HF=1 DF=0
T=249585 | Temp=20/187 H=0 C=1 | Water=5 | Alarm=0 | Lock=1[11] | Humid=153 HF=0 DF=1
T=249605 | Temp=42/234 H=1 C=0 | Water=6 | Alarm=0 | Lock=1[11] | Humid=127 HF=0 DF=1
T=249625 | Temp=101/6 H=1 C=0 | Water=15 | Alarm=0 | Lock=1[11] | Humid=123 HF=0 DF=1
T=249645 | Temp=101/185 H=0 C=1 | Water=11 | Alarm=0 | Lock=1[11] | Humid=19 HF=0 DF=1
T=249665 | Temp=138/179 H=1 C=0 | Water=10 | Alarm=0 | Lock=1[11] | Humid=207 HF=1 DF=0
T=249685 | Temp=194/240 H=1 C=0 | Water=10 | Alarm=0 | Lock=1[11] | Humid=22 HF=0 DF=1
T=249705 | Temp=202/133 H=1 C=0 | Water=0 | Alarm=0 | Lock=1[11] | Humid=221 HF=1 DF=0
T=249725 | Temp=76/159 H=0 C=1 | Water=13 | Alarm=0 | Lock=1[11] | Humid=119 HF=0 DF=1
T=249745 | Temp=34/55 H=1 C=0 | Water=1 | Alarm=0 | Lock=1[11] | Humid=9 HF=0 DF=1
T=249765 | Temp=217/89 H=1 C=0 | Water=11 | Alarm=0 | Lock=1[11] | Humid=148 HF=1 DF=0
T=249785 | Temp=161/217 H=0 C=1 | Water=13 | Alarm=0 | Lock=1[11] | Humid=187 HF=0 DF=1
T=249805 | Temp=172/122 H=1 C=0 | Water=2 | Alarm=0 | Lock=1[11] | Humid=242 HF=0 DF=1
T=249825 | Temp=2/254 H=0 C=1 | Water=14 | Alarm=0 | Lock=1[11] | Humid=8 HF=0 DF=1
T=249845 | Temp=160/125 H=1 C=0 | Water=11 | Alarm=0 | Lock=1[11] | Humid=123 HF=1 DF=0
T=249865 | Temp=193/83 H=0 C=1 | Water=14 | Alarm=0 | Lock=1[11] | Humid=230 HF=0 DF=1
T=249885 | Temp=74/66 H=0 C=1 | Water=6 | Alarm=0 | Lock=1[11] | Humid=218 HF=0 DF=1
T=249905 | Temp=93/166 H=0 C=1 | Water=11 | Alarm=0 | Lock=1[11] | Humid=140 HF=0 DF=1
T=249925 | Temp=226/103 H=1 C=0 | Water=14 | Alarm=0 | Lock=1[11] | Humid=115 HF=0 DF=1
T=249945 | Temp=162/14 H=0 C=1 | Water=6 | Alarm=0 | Lock=1[11] | Humid=149 HF=0 DF=1
T=249965 | Temp=63/179 H=0 C=1 | Water=12 | Alarm=0 | Lock=1[11] | Humid=153 HF=0 DF=1
T=249985 | Temp=28/37 H=1 C=0 | Water=3 | Alarm=0 | Lock=1[11] | Humid=4 HF=0 DF=1
T=250005 | Temp=253/195 H=1 C=0 | Water=4 | Alarm=0 | Lock=1[11] | Humid=12 HF=1 DF=0
T=250025 | Temp=151/108 H=0 C=1 | Water=11 | Alarm=0 | Lock=1[11] | Humid=159 HF=1 DF=0
T=250045 | Temp=154/184 H=0 C=1 | Water=3 | Alarm=0 | Lock=1[11] | Humid=217 HF=0 DF=1
T=250065 | Temp=90/124 H=1 C=0 | Water=7 | Alarm=0 | Lock=1[11] | Humid=187 HF=0 DF=1
T=250085 | Temp=78/44 H=1 C=0 | Water=8 | Alarm=0 | Lock=1[11] | Humid=222 HF=0 DF=1
T=250105 | Temp=158/211 H=0 C=1 | Water=10 | Alarm=0 | Lock=1[11] | Humid=235 HF=0 DF=1
T=250125 | Temp=200/121 H=1 C=0 | Water=12 | Alarm=0 | Lock=1[11] | Humid=220 HF=0 DF=1
T=250145 | Temp=141/117 H=0 C=1 | Water=3 | Alarm=0 | Lock=1[11] | Humid=59 HF=0 DF=1
T=250165 | Temp=129/198 H=0 C=1 | Water=11 | Alarm=0 | Lock=1[11] | Humid=110 HF=0 DF=0
T=250185 | Temp=108/32 H=1 C=0 | Water=8 | Alarm=0 | Lock=1[11] | Humid=106 HF=0 DF=1
T=250205 | Temp=249/186 H=0 C=1 | Water=11 | Alarm=0 | Lock=1[11] | Humid=241 HF=0 DF=1
T=250225 | Temp=229/182 H=0 C=1 | Water=1 | Alarm=0 | Lock=1[11] | Humid=250 HF=0 DF=1
T=250245 | Temp=221/138 H=0 C=1 | Water=15 | Alarm=0 | Lock=1[11] | Humid=130 HF=0 DF=1
T=250265 | Temp=228/232 H=0 C=1 | Water=3 | Alarm=0 | Lock=1[11] | Humid=139 HF=0 DF=1
T=250285 | Temp=84/172 H=1 C=0 | Water=3 | Alarm=0 | Lock=1[11] | Humid=158 HF=0 DF=1
T=250305 | Temp=158/239 H=1 C=0 | Water=4 | Alarm=0 | Lock=1[11] | Humid=21 HF=0 DF=1
T=250325 | Temp=17/40 H=1 C=0 | Water=3 | Alarm=0 | Lock=1[11] | Humid=57 HF=1 DF=0
T=250345 | Temp=147/7 H=1 C=0 | Water=13 | Alarm=0 | Lock=1[11] | Humid=153 HF=0 DF=0
T=250365 | Temp=58/218 H=0 C=1 | Water=12 | Alarm=0 | Lock=1[11] | Humid=128 HF=0 DF=1
T=250385 | Temp=215/108 H=1 C=0 | Water=13 | Alarm=0 | Lock=1[11] | Humid=33 HF=0 DF=1
T=250405 | Temp=136/235 H=0 C=1 | Water=10 | Alarm=0 | Lock=1[11] | Humid=184 HF=1 DF=0
T=250425 | Temp=105/133 H=1 C=0 | Water=8 | Alarm=0 | Lock=1[11] | Humid=212 HF=0 DF=1
T=250445 | Temp=110/99 H=1 C=0 | Water=8 | Alarm=0 | Lock=1[11] | Humid=106 HF=0 DF=1
T=250465 | Temp=178/205 H=0 C=1 | Water=6 | Alarm=0 | Lock=1[11] | Humid=207 HF=0 DF=1
T=250485 | Temp=200/141 H=1 C=0 | Water=9 | Alarm=0 | Lock=1[11] | Humid=160 HF=0 DF=1
T=250505 | Temp=79/92 H=0 C=1 | Water=12 | Alarm=0 | Lock=1[11] | Humid=200 HF=0 DF=1
T=250525 | Temp=84/26 H=1 C=0 | Water=1 | Alarm=0 | Lock=1[11] | Humid=204 HF=0 DF=1
T=250545 | Temp=70/63 H=0 C=1 | Water=2 | Alarm=0 | Lock=1[11] | Humid=140 HF=0 DF=1
T=250565 | Temp=240/80 H=0 C=1 | Water=15 | Alarm=0 | Lock=1[11] | Humid=40 HF=0 DF=1
T=250585 | Temp=185/38 H=0 C=1 | Water=0 | Alarm=0 | Lock=1[11] | Humid=185 HF=0 DF=0
T=250605 | Temp=38/190 H=0 C=1 | Water=2 | Alarm=0 | Lock=1[11] | Humid=235 HF=0 DF=1
T=250625 | Temp=42/224 H=1 C=0 | Water=0 | Alarm=0 | Lock=1[11] | Humid=178 HF=0 DF=1
T=250645 | Temp=206/96 H=1 C=0 | Water=10 | Alarm=0 | Lock=1[11] | Humid=15 HF=0 DF=1
T=250665 | Temp=245/53 H=0 C=1 | Water=8 | Alarm=0 | Lock=1[11] | Humid=141 HF=1 DF=0
T=250685 | Temp=86/239 H=0 C=1 | Water=14 | Alarm=0 | Lock=1[11] | Humid=237 HF=0 DF=1
T=250705 | Temp=31/177 H=1 C=0 | Water=7 | Alarm=0 | Lock=1[11] | Humid=137 HF=0 DF=1
T=250725 | Temp=163/201 H=1 C=0 | Water=5 | Alarm=0 | Lock=1[11] | Humid=72 HF=0 DF=1
T=250745 | Temp=64/47 H=1 C=0 | Water=11 | Alarm=0 | Lock=1[11] | Humid=41 HF=0 DF=1
T=250765 | Temp=240/11 H=0 C=1 | Water=1 | Alarm=0 | Lock=1[11] | Humid=72 HF=0 DF=0
T=250785 | Temp=171/209 H=0 C=1 | Water=10 | Alarm=0 | Lock=1[11] | Humid=176 HF=0 DF=1
T=250805 | Temp=18/251 H=1 C=0 | Water=13 | Alarm=0 | Lock=1[11] | Humid=144 HF=0 DF=1
T=250825 | Temp=100/155 H=1 C=0 | Water=11 | Alarm=0 | Lock=1[11] | Humid=145 HF=0 DF=1
T=250845 | Temp=57/152 H=1 C=0 | Water=9 | Alarm=0 | Lock=1[11] | Humid=150 HF=0 DF=1
T=250865 | Temp=25/76 H=1 C=0 | Water=2 | Alarm=0 | Lock=1[11] | Humid=32 HF=0 DF=1
T=250885 | Temp=72/71 H=1 C=0 | Water=7 | Alarm=0 | Lock=1[11] | Humid=191 HF=1 DF=0
T=250905 | Temp=247/125 H=1 C=0 | Water=5 | Alarm=0 | Lock=1[11] | Humid=209 HF=0 DF=1
T=250925 | Temp=100/92 H=0 C=1 | Water=4 | Alarm=0 | Lock=1[11] | Humid=89 HF=0 DF=1
T=250945 | Temp=194/67 H=0 C=1 | Water=13 | Alarm=0 | Lock=1[11] | Humid=102 HF=0 DF=1
T=250965 | Temp=227/40 H=0 C=1 | Water=9 | Alarm=0 | Lock=1[11] | Humid=36 HF=0 DF=1
T=250985 | Temp=229/132 H=0 C=1 | Water=7 | Alarm=0 | Lock=1[11] | Humid=255 HF=1 DF=0
T=251005 | Temp=142/223 H=0 C=1 | Water=15 | Alarm=0 | Lock=1[11] | Humid=187 HF=0 DF=1
T=251025 | Temp=9/186 H=1 C=0 | Water=5 | Alarm=0 | Lock=1[11] | Humid=72 HF=0 DF=1
T=251045 | Temp=165/215 H=1 C=0 | Water=0 | Alarm=0 | Lock=1[11] | Humid=163 HF=0 DF=1
T=251065 | Temp=116/200 H=1 C=0 | Water=10 | Alarm=0 | Lock=1[11] | Humid=70 HF=0 DF=1
T=251085 | Temp=223/106 H=1 C=0 | Water=8 | Alarm=0 | Lock=1[11] | Humid=196 HF=0 DF=1
T=251105 | Temp=236/212 H=0 C=1 | Water=2 | Alarm=0 | Lock=1[01] | Humid=116 HF=0 DF=1
T=251115 | Temp=236/212 H=0 C=1 | Water=2 | Alarm=0 | Lock=1[11] | Humid=116 HF=0 DF=1
T=251125 | Temp=106/6 H=0 C=1 | Water=6 | Alarm=0 | Lock=1[11] | Humid=240 HF=0 DF=1
T=251145 | Temp=101/174 H=0 C=1 | Water=1 | Alarm=0 | Lock=1[11] | Humid=99 HF=0 DF=1
T=251165 | Temp=14/53 H=1 C=0 | Water=4 | Alarm=0 | Lock=1[11] | Humid=32 HF=0 DF=1
T=251185 | Temp=155/183 H=1 C=0 | Water=8 | Alarm=0 | Lock=1[11] | Humid=106 HF=1 DF=0
T=251205 | Temp=137/47 H=1 C=0 | Water=4 | Alarm=0 | Lock=1[11] | Humid=156 HF=0 DF=1
T=251225 | Temp=85/239 H=0 C=1 | Water=14 | Alarm=0 | Lock=1[11] | Humid=130 HF=0 DF=1
T=251245 | Temp=7/236 H=1 C=0 | Water=10 | Alarm=0 | Lock=1[11] | Humid=241 HF=0 DF=1
T=251265 | Temp=246/253 H=1 C=0 | Water=10 | Alarm=0 | Lock=1[11] | Humid=60 HF=0 DF=1
T=251285 | Temp=1/83 H=1 C=0 | Water=11 | Alarm=0 | Lock=1[11] | Humid=80 HF=0 DF=0
T=251305 | Temp=21/83 H=1 C=0 | Water=15 | Alarm=0 | Lock=1[11] | Humid=212 HF=0 DF=1
T=251325 | Temp=17/47 H=1 C=0 | Water=3 | Alarm=0 | Lock=1[11] | Humid=187 HF=0 DF=1
T=251345 | Temp=95/219 H=1 C=0 | Water=8 | Alarm=0 | Lock=1[11] | Humid=88 HF=0 DF=1
T=251365 | Temp=153/170 H=1 C=0 | Water=7 | Alarm=0 | Lock=1[11] | Humid=230 HF=0 DF=1
T=251385 | Temp=14/31 H=1 C=0 | Water=14 | Alarm=0 | Lock=1[11] | Humid=209 HF=0 DF=1
T=251405 | Temp=39/61 H=1 C=0 | Water=7 | Alarm=0 | Lock=1[11] | Humid=233 HF=0 DF=1
T=251425 | Temp=196/214 H=1 C=0 | Water=12 | Alarm=0 | Lock=1[11] | Humid=0 HF=0 DF=1
T=251445 | Temp=108/11 H=1 C=0 | Water=2 | Alarm=0 | Lock=1[11] | Humid=198 HF=1 DF=0
T=251465 | Temp=103/198 H=0 C=1 | Water=4 | Alarm=0 | Lock=1[11] | Humid=145 HF=0 DF=1
T=251485 | Temp=216/99 H=1 C=0 | Water=2 | Alarm=0 | Lock=1[11] | Humid=3 HF=0 DF=1
T=251505 | Temp=72/81 H=0 C=1 | Water=5 | Alarm=0 | Lock=1[11] | Humid=147 HF=1 DF=0
T=251525 | Temp=240/152 H=1 C=0 | Water=7 | Alarm=0 | Lock=1[11] | Humid=48 HF=0 DF=1
T=251545 | Temp=19/224 H=0 C=1 | Water=8 | Alarm=0 | Lock=1[11] | Humid=18 HF=0 DF=0
T=251565 | Temp=116/108 H=1 C=0 | Water=14 | Alarm=0 | Lock=1[11] | Humid=10 HF=1 DF=0
T=251585 | Temp=122/178 H=0 C=1 | Water=7 | Alarm=0 | Lock=1[11] | Humid=92 HF=1 DF=0
T=251605 | Temp=245/113 H=1 C=0 | Water=6 | Alarm=0 | Lock=1[11] | Humid=207 HF=0 DF=1
T=251625 | Temp=104/237 H=0 C=1 | Water=14 | Alarm=0 | Lock=1[11] | Humid=242 HF=0 DF=1
T=251645 | Temp=196/163 H=1 C=0 | Water=15 | Alarm=0 | Lock=1[11] | Humid=21 HF=0 DF=1
T=251665 | Temp=122/103 H=0 C=1 | Water=13 | Alarm=0 | Lock=1[11] | Humid=250 HF=1 DF=0
T=251685 | Temp=178/247 H=0 C=1 | Water=7 | Alarm=0 | Lock=1[11] | Humid=92 HF=0 DF=1
T=251705 | Temp=107/250 H=1 C=0 | Water=15 | Alarm=0 | Lock=1[11] | Humid=92 HF=0 DF=1
T=251725 | Temp=45/167 H=1 C=0 | Water=15 | Alarm=0 | Lock=1[11] | Humid=164 HF=0 DF=1
T=251745 | Temp=251/163 H=1 C=0 | Water=8 | Alarm=0 | Lock=1[11] | Humid=38 HF=0 DF=1
T=251765 | Temp=98/114 H=0 C=1 | Water=8 | Alarm=0 | Lock=1[11] | Humid=141 HF=1 DF=0
T=251785 | Temp=127/150 H=1 C=0 | Water=2 | Alarm=0 | Lock=1[11] | Humid=189 HF=0 DF=1
T=251805 | Temp=99/159 H=1 C=0 | Water=3 | Alarm=0 | Lock=1[11] | Humid=192 HF=0 DF=1
T=251825 | Temp=129/254 H=1 C=0 | Water=9 | Alarm=0 | Lock=1[11] | Humid=217 HF=0 DF=1
T=251845 | Temp=111/134 H=1 C=0 | Water=4 | Alarm=0 | Lock=1[11] | Humid=37 HF=0 DF=1
T=251865 | Temp=150/63 H=1 C=0 | Water=1 | Alarm=0 | Lock=1[11] | Humid=3 HF=1 DF=0
T=251885 | Temp=155/12 H=0 C=1 | Water=1 | Alarm=0 | Lock=1[11] | Humid=109 HF=1 DF=0
T=251905 | Temp=208/221 H=0 C=1 | Water=13 | Alarm=0 | Lock=1[11] | Humid=169 HF=0 DF=1
T=251925 | Temp=206/106 H=1 C=0 | Water=13 | Alarm=0 | Lock=1[11] | Humid=97 HF=0 DF=1
T=251945 | Temp=139/178 H=0 C=1 | Water=12 | Alarm=0 | Lock=1[11] | Humid=224 HF=0 DF=1
T=251965 | Temp=97/219 H=1 C=0 | Water=6 | Alarm=0 | Lock=1[11] | Humid=107 HF=0 DF=1
T=251985 | Temp=230/217 H=1 C=0 | Water=12 | Alarm=0 | Lock=1[11] | Humid=83 HF=0 DF=1
T=252005 | Temp=109/56 H=0 C=1 | Water=3 | Alarm=0 | Lock=1[11] | Humid=154 HF=0 DF=1
T=252025 | Temp=222/54 H=0 C=1 | Water=10 | Alarm=0 | Lock=1[11] | Humid=254 HF=0 DF=1
T=252045 | Temp=244/210 H=0 C=1 | Water=9 | Alarm=0 | Lock=1[11] | Humid=223 HF=0 DF=1
T=252065 | Temp=113/242 H=0 C=1 | Water=13 | Alarm=0 | Lock=1[11] | Humid=69 HF=0 DF=1
T=252085 | Temp=101/74 H=1 C=0 | Water=14 | Alarm=0 | Lock=1[11] | Humid=82 HF=0 DF=1
T=252105 | Temp=95/110 H=0 C=1 | Water=6 | Alarm=0 | Lock=1[11] | Humid=126 HF=0 DF=1
T=252125 | Temp=93/20 H=1 C=0 | Water=8 | Alarm=0 | Lock=1[11] | Humid=223 HF=0 DF=1
T=252145 | Temp=37/212 H=0 C=1 | Water=0 | Alarm=0 | Lock=1[11] | Humid=49 HF=0 DF=1
T=252165 | Temp=210/12 H=1 C=0 | Water=3 | Alarm=0 | Lock=1[11] | Humid=131 HF=0 DF=0
T=252185 | Temp=6/162 H=0 C=1 | Water=10 | Alarm=0 | Lock=1[11] | Humid=173 HF=0 DF=1
T=252205 | Temp=25/214 H=1 C=0 | Water=10 | Alarm=0 | Lock=1[11] | Humid=111 HF=0 DF=1
T=252225 | Temp=226/248 H=1 C=0 | Water=9 | Alarm=0 | Lock=1[11] | Humid=103 HF=0 DF=1
T=252245 | Temp=249/31 H=1 C=0 | Water=13 | Alarm=0 | Lock=1[11] | Humid=105 HF=0 DF=1
T=252265 | Temp=156/44 H=0 C=1 | Water=11 | Alarm=0 | Lock=1[11] | Humid=105 HF=0 DF=1
T=252285 | Temp=147/245 H=0 C=1 | Water=11 | Alarm=0 | Lock=1[11] | Humid=243 HF=0 DF=1
T=252305 | Temp=0/237 H=1 C=0 | Water=15 | Alarm=0 | Lock=1[11] | Humid=14 HF=0 DF=1
T=252325 | Temp=172/67 H=1 C=0 | Water=15 | Alarm=0 | Lock=1[11] | Humid=161 HF=1 DF=0
T=252345 | Temp=81/234 H=0 C=1 | Water=10 | Alarm=0 | Lock=1[11] | Humid=251 HF=0 DF=1
T=252365 | Temp=58/140 H=1 C=0 | Water=5 | Alarm=0 | Lock=1[11] | Humid=165 HF=0 DF=1
T=252385 | Temp=192/134 H=1 C=0 | Water=6 | Alarm=0 | Lock=1[11] | Humid=235 HF=0 DF=1
T=252405 | Temp=127/240 H=0 C=1 | Water=2 | Alarm=0 | Lock=1[11] | Humid=214 HF=0 DF=1
T=252425 | Temp=244/93 H=1 C=0 | Water=15 | Alarm=0 | Lock=1[11] | Humid=247 HF=0 DF=1
T=252445 | Temp=118/59 H=0 C=1 | Water=14 | Alarm=0 | Lock=1[11] | Humid=16 HF=0 DF=1
T=252465 | Temp=55/61 H=0 C=1 | Water=5 | Alarm=0 | Lock=1[11] | Humid=228 HF=1 DF=0
T=252485 | Temp=218/241 H=1 C=0 | Water=15 | Alarm=0 | Lock=1[11] | Humid=205 HF=0 DF=1
T=252505 | Temp=244/102 H=1 C=0 | Water=3 | Alarm=0 | Lock=1[11] | Humid=230 HF=0 DF=1
T=252525 | Temp=85/70 H=0 C=1 | Water=10 | Alarm=0 | Lock=1[11] | Humid=23 HF=0 DF=1
T=252545 | Temp=162/151 H=0 C=1 | Water=14 | Alarm=0 | Lock=1[11] | Humid=214 HF=1 DF=0
T=252565 | Temp=100/11 H=0 C=1 | Water=14 | Alarm=0 | Lock=1[11] | Humid=13 HF=0 DF=1
T=252585 | Temp=195/56 H=0 C=1 | Water=4 | Alarm=0 | Lock=1[11] | Humid=55 HF=1 DF=0
T=252605 | Temp=26/45 H=0 C=1 | Water=1 | Alarm=0 | Lock=1[11] | Humid=157 HF=0 DF=0
T=252625 | Temp=151/195 H=1 C=0 | Water=10 | Alarm=0 | Lock=1[11] | Humid=250 HF=0 DF=1
T=252645 | Temp=216/244 H=1 C=0 | Water=5 | Alarm=0 | Lock=1[11] | Humid=253 HF=0 DF=1
T=252665 | Temp=224/131 H=1 C=0 | Water=15 | Alarm=0 | Lock=1[11] | Humid=95 HF=0 DF=1
T=252685 | Temp=152/232 H=0 C=1 | Water=10 | Alarm=0 | Lock=1[11] | Humid=65 HF=0 DF=1
T=252705 | Temp=222/76 H=1 C=0 | Water=7 | Alarm=0 | Lock=1[11] | Humid=115 HF=0 DF=1
T=252725 | Temp=202/165 H=0 C=1 | Water=14 | Alarm=0 | Lock=1[11] | Humid=174 HF=0 DF=1
T=252745 | Temp=13/84 H=0 C=1 | Water=11 | Alarm=0 | Lock=1[11] | Humid=130 HF=0 DF=1
T=252765 | Temp=134/122 H=1 C=0 | Water=4 | Alarm=0 | Lock=1[11] | Humid=73 HF=0 DF=1
T=252785 | Temp=121/24 H=0 C=1 | Water=0 | Alarm=0 | Lock=1[11] | Humid=49 HF=0 DF=1
T=252805 | Temp=98/75 H=0 C=1 | Water=6 | Alarm=0 | Lock=1[11] | Humid=33 HF=0 DF=0
T=252825 | Temp=244/207 H=0 C=1 | Water=0 | Alarm=0 | Lock=1[11] | Humid=152 HF=1 DF=0
T=252845 | Temp=162/239 H=0 C=1 | Water=7 | Alarm=0 | Lock=1[11] | Humid=60 HF=0 DF=1
T=252865 | Temp=174/138 H=1 C=0 | Water=4 | Alarm=0 | Lock=1[11] | Humid=211 HF=0 DF=0
T=252885 | Temp=156/226 H=0 C=1 | Water=6 | Alarm=0 | Lock=1[11] | Humid=88 HF=0 DF=1
T=252905 | Temp=217/34 H=1 C=0 | Water=13 | Alarm=0 | Lock=1[11] | Humid=119 HF=0 DF=1
T=252925 | Temp=232/122 H=0 C=1 | Water=11 | Alarm=0 | Lock=1[11] | Humid=48 HF=0 DF=1
T=252945 | Temp=139/255 H=0 C=1 | Water=0 | Alarm=0 | Lock=1[11] | Humid=175 HF=0 DF=0
T=252965 | Temp=3/199 H=1 C=0 | Water=2 | Alarm=0 | Lock=1[11] | Humid=231 HF=0 DF=1
T=252985 | Temp=129/227 H=1 C=0 | Water=7 | Alarm=0 | Lock=1[11] | Humid=160 HF=0 DF=1
T=253005 | Temp=163/224 H=1 C=0 | Water=8 | Alarm=0 | Lock=1[11] | Humid=91 HF=0 DF=1
T=253025 | Temp=183/126 H=1 C=0 | Water=4 | Alarm=0 | Lock=1[11] | Humid=166 HF=0 DF=1
T=253045 | Temp=141/56 H=0 C=1 | Water=9 | Alarm=0 | Lock=1[11] | Humid=96 HF=0 DF=1
T=253065 | Temp=242/67 H=0 C=1 | Water=14 | Alarm=0 | Lock=1[11] | Humid=72 HF=0 DF=1
T=253085 | Temp=163/197 H=0 C=1 | Water=8 | Alarm=0 | Lock=1[11] | Humid=233 HF=0 DF=1
T=253105 | Temp=16/214 H=1 C=0 | Water=7 | Alarm=0 | Lock=1[11] | Humid=237 HF=0 DF=1
T=253125 | Temp=123/36 H=1 C=0 | Water=11 | Alarm=0 | Lock=1[01] | Humid=89 HF=0 DF=1
T=253135 | Temp=123/36 H=1 C=0 | Water=11 | Alarm=0 | Lock=1[11] | Humid=89 HF=0 DF=1
T=253145 | Temp=64/41 H=0 C=1 | Water=5 | Alarm=0 | Lock=1[11] | Humid=108 HF=0 DF=1
T=253165 | Temp=94/24 H=0 C=1 | Water=2 | Alarm=0 | Lock=1[11] | Humid=162 HF=0 DF=1
T=253185 | Temp=236/252 H=0 C=1 | Water=10 | Alarm=0 | Lock=1[11] | Humid=121 HF=0 DF=1
T=253205 | Temp=236/52 H=1 C=0 | Water=5 | Alarm=0 | Lock=1[11] | Humid=88 HF=0 DF=1
T=253225 | Temp=1/196 H=0 C=1 | Water=3 | Alarm=0 | Lock=1[11] | Humid=118 HF=0 DF=1
T=253245 | Temp=67/53 H=1 C=0 | Water=9 | Alarm=0 | Lock=1[11] | Humid=106 HF=0 DF=1
T=253265 | Temp=110/232 H=0 C=1 | Water=2 | Alarm=0 | Lock=1[11] | Humid=38 HF=0 DF=1
T=253285 | Temp=7/121 H=1 C=0 | Water=4 | Alarm=0 | Lock=1[11] | Humid=98 HF=1 DF=0
T=253305 | Temp=155/136 H=1 C=0 | Water=4 | Alarm=0 | Lock=1[11] | Humid=61 HF=0 DF=1
T=253325 | Temp=11/243 H=0 C=1 | Water=5 | Alarm=0 | Lock=1[11] | Humid=30 HF=0 DF=1
T=253345 | Temp=211/193 H=1 C=0 | Water=13 | Alarm=0 | Lock=1[11] | Humid=87 HF=1 DF=0
T=253365 | Temp=96/160 H=0 C=1 | Water=5 | Alarm=0 | Lock=1[11] | Humid=137 HF=0 DF=1
T=253385 | Temp=12/54 H=1 C=0 | Water=6 | Alarm=0 | Lock=1[11] | Humid=226 HF=0 DF=1
T=253405 | Temp=75/62 H=1 C=0 | Water=8 | Alarm=0 | Lock=1[11] | Humid=214 HF=0 DF=1
T=253425 | Temp=36/156 H=0 C=1 | Water=12 | Alarm=0 | Lock=1[11] | Humid=34 HF=0 DF=1
T=253445 | Temp=141/20 H=1 C=0 | Water=3 | Alarm=0 | Lock=1[11] | Humid=43 HF=1 DF=0
T=253465 | Temp=89/233 H=0 C=1 | Water=8 | Alarm=0 | Lock=1[11] | Humid=98 HF=0 DF=0
T=253485 | Temp=20/95 H=1 C=0 | Water=0 | Alarm=0 | Lock=1[11] | Humid=31 HF=0 DF=1
T=253505 | Temp=43/148 H=1 C=0 | Water=3 | Alarm=0 | Lock=1[11] | Humid=193 HF=1 DF=0
T=253525 | Temp=128/7 H=1 C=0 | Water=5 | Alarm=0 | Lock=1[11] | Humid=61 HF=0 DF=1
T=253545 | Temp=79/168 H=0 C=1 | Water=13 | Alarm=0 | Lock=1[11] | Humid=68 HF=0 DF=1
T=253565 | Temp=230/176 H=1 C=0 | Water=13 | Alarm=0 | Lock=1[11] | Humid=34 HF=0 DF=1
T=253585 | Temp=34/137 H=0 C=1 | Water=12 | Alarm=0 | Lock=1[11] | Humid=98 HF=1 DF=0
T=253605 | Temp=163/169 H=1 C=0 | Water=0 | Alarm=0 | Lock=1[11] | Humid=93 HF=0 DF=1
T=253625 | Temp=174/164 H=1 C=0 | Water=8 | Alarm=0 | Lock=1[11] | Humid=95 HF=0 DF=1
T=253645 | Temp=188/198 H=0 C=1 | Water=14 | Alarm=0 | Lock=1[11] | Humid=82 HF=0 DF=1
T=253665 | Temp=242/70 H=1 C=0 | Water=1 | Alarm=0 | Lock=1[11] | Humid=12 HF=0 DF=1
T=253685 | Temp=75/156 H=0 C=1 | Water=0 | Alarm=0 | Lock=1[11] | Humid=247 HF=1 DF=0
T=253705 | Temp=126/126 H=1 C=0 | Water=12 | Alarm=0 | Lock=1[11] | Humid=254 HF=0 DF=1
T=253725 | Temp=124/210 H=0 C=0 | Water=1 | Alarm=0 | Lock=1[11] | Humid=158 HF=0 DF=1
T=253745 | Temp=124/98 H=1 C=0 | Water=0 | Alarm=0 | Lock=1[11] | Humid=176 HF=0 DF=1
T=253765 | Temp=121/233 H=0 C=1 | Water=7 | Alarm=0 | Lock=1[11] | Humid=70 HF=0 DF=1
T=253785 | Temp=164/200 H=1 C=0 | Water=0 | Alarm=0 | Lock=1[11] | Humid=114 HF=0 DF=1
T=253805 | Temp=153/88 H=1 C=0 | Water=14 | Alarm=0 | Lock=1[11] | Humid=183 HF=0 DF=1
T=253825 | Temp=198/148 H=0 C=1 | Water=6 | Alarm=0 | Lock=1[11] | Humid=32 HF=0 DF=1
T=253845 | Temp=132/124 H=0 C=1 | Water=15 | Alarm=0 | Lock=1[11] | Humid=125 HF=1 DF=0
T=253865 | Temp=97/42 H=0 C=1 | Water=13 | Alarm=0 | Lock=1[11] | Humid=83 HF=0 DF=1
T=253885 | Temp=30/222 H=0 C=1 | Water=8 | Alarm=0 | Lock=1[11] | Humid=100 HF=0 DF=1
T=253905 | Temp=125/207 H=1 C=0 | Water=11 | Alarm=0 | Lock=1[11] | Humid=8 HF=0 DF=1
T=253925 | Temp=161/119 H=1 C=0 | Water=12 | Alarm=0 | Lock=1[11] | Humid=211 HF=1 DF=0
T=253945 | Temp=237/66 H=0 C=1 | Water=8 | Alarm=0 | Lock=1[11] | Humid=120 HF=0 DF=1
T=253965 | Temp=253/193 H=0 C=1 | Water=11 | Alarm=0 | Lock=1[11] | Humid=127 HF=0 DF=1
T=253985 | Temp=174/232 H=0 C=1 | Water=9 | Alarm=0 | Lock=1[11] | Humid=148 HF=0 DF=1
T=254005 | Temp=229/86 H=1 C=0 | Water=0 | Alarm=0 | Lock=1[11] | Humid=205 HF=0 DF=1
T=254025 | Temp=205/199 H=0 C=1 | Water=1 | Alarm=0 | Lock=1[11] | Humid=249 HF=0 DF=1
T=254045 | Temp=219/222 H=0 C=1 | Water=14 | Alarm=0 | Lock=1[11] | Humid=151 HF=0 DF=1
  [PASS] 3000 random state vectors tested

[TEST 14] Corner Cases and Edge Conditions
T=254065 | Temp=255/255 H=1 C=0 | Water=15 | Alarm=0 | Lock=1[11] | Humid=255 HF=0 DF=1
T=254085 | Temp=255/255 H=0 C=1 | Water=15 | Alarm=0 | Lock=1[11] | Humid=255 HF=0 DF=1
  [PASS] Maximum values
T=254215 | Temp=0/0 H=0 C=1 | Water=0 | Alarm=0 | Lock=1[11] | Humid=0 HF=0 DF=1
T=254235 | Temp=0/0 H=1 C=0 | Water=0 | Alarm=0 | Lock=1[11] | Humid=0 HF=1 DF=0
  [PASS] Minimum values

=================================================================
*** 100% COVERAGE ACHIEVED ***
=================================================================
Coverage Metrics:
  - Line Coverage:       100%
  - Branch Coverage:     100%
  - Toggle Coverage:     100%
  - FSM State Coverage:  100%
  - FSM Transition Coverage: 100%
  - Condition Coverage:  100%
=================================================================
Modules Verified:
  1. Temperature Controller
  2. Water Level Controller
  3. Luminosity Controller
  4. Burglar Alarm
  5. Visitor Counter
  6. Window Treatment
  7. Entertainment System
  8. Appliances Controller
  9. Door Lock Controller (FSM)
  10. Humidity Controller
=================================================================

Simulation complete via $finish(1) at time 254865 NS + 0
./best_Top_tb.v:667         $finish;
ncsim> coverage -analyze

coverage setup:
  workdir  :  ./cov_work
  dutinst  :  tb_home_automation(tb_home_automation)
  scope    :  scope
  testname :  test

coverage files:
  model(design data) :  ./cov_work/scope/icc_44130c36_00000000.ucm
  data               :  ./cov_work/scope/test/icc_44130c36_00000000.ucd

Launching IMC...

ncsim> ^C
ncsim> exit
...Regained control from SimVision
-------------------------------------

coverage setup:
  workdir  :  ./cov_work
  dutinst  :  tb_home_automation(tb_home_automation)
  scope    :  scope
  testname :  test

coverage files:
  model(design data) :  ./cov_work/scope/icc_44130c36_00000000.ucm
  data               :  ./cov_work/scope/test/icc_44130c36_00000000.ucd
TOOL:	ncverilog	15.20-s084: Exiting on Jun 06, 2026 at 14:12:14 IST  (total: 01:35:04)
