###############################################################
#  Generated by:      Cadence Innovus 20.10-p004_1
#  OS:                Linux x86_64(Host ID edatools-server2.iiitd.edu.in)
#  Generated on:      Fri May 29 17:21:27 2026
#  Design:            HA
#  Command:           report_timing -retime path_slew_propagation -max_path 50 -nworst 50 -path_type full_clock > $report_dir/pba.rpt
###############################################################
Path 1: MET Setup Check with Pin u_visitor/count_reg[3]/CK 
Endpoint:   u_visitor/count_reg[3]/D (^) checked with  leading edge of 'clk'
Beginpoint: u_visitor/count_reg[3]/Q (^) triggered by  leading edge of 'clk'
Path Groups: {clk}
Analysis View: view1
Retime Analysis { Data Path-Slew }
Other End Arrival Time          0.000
- Setup                         0.280
+ Phase Shift                   1.800
= Required Time                 1.520
- Arrival Time                  1.362
= Slack Time                    0.158
= Slack Time(original)          0.129
     Clock Rise Edge                      0.000
     = Beginpoint Arrival Time            0.000
     Timing Path:
     +--------------------------------------------------------------------------------+ 
     |        Instance        |     Arc     |   Cell    | Retime | Arrival | Required | 
     |                        |             |           |  Delay |  Time   |   Time   | 
     |------------------------+-------------+-----------+--------+---------+----------| 
     |                        | clk ^       |           |        |   0.000 |    0.158 | 
     | u_visitor/count_reg[3] |             | SDFFRHQX2 |  0.000 |   0.000 |    0.158 | 
     | u_visitor/count_reg[3] | CK ^ -> Q ^ | SDFFRHQX2 |  0.405 |   0.405 |    0.562 | 
     | u_visitor/g1098        |             | NAND2XL   |  0.000 |   0.405 |    0.562 | 
     | u_visitor/g1098        | A ^ -> Y v  | NAND2XL   |  0.093 |   0.498 |    0.656 | 
     | u_visitor/g1085        |             | NOR3X1    |  0.000 |   0.498 |    0.656 | 
     | u_visitor/g1085        | A v -> Y ^  | NOR3X1    |  0.113 |   0.611 |    0.769 | 
     | u_visitor/g1082        |             | NAND2XL   |  0.000 |   0.611 |    0.769 | 
     | u_visitor/g1082        | B ^ -> Y v  | NAND2XL   |  0.094 |   0.706 |    0.863 | 
     | u_visitor/g1080        |             | NAND3BX1  |  0.000 |   0.706 |    0.863 | 
     | u_visitor/g1080        | C v -> Y ^  | NAND3BX1  |  0.141 |   0.846 |    1.004 | 
     | u_visitor/g1078        |             | CLKINVX1  |  0.000 |   0.846 |    1.004 | 
     | u_visitor/g1078        | A ^ -> Y v  | CLKINVX1  |  0.089 |   0.936 |    1.093 | 
     | u_visitor/g1075        |             | NOR2X1    |  0.000 |   0.936 |    1.093 | 
     | u_visitor/g1075        | B v -> Y ^  | NOR2X1    |  0.165 |   1.101 |    1.258 | 
     | u_visitor/g1073        |             | CLKINVX1  |  0.000 |   1.101 |    1.258 | 
     | u_visitor/g1073        | A ^ -> Y v  | CLKINVX1  |  0.097 |   1.198 |    1.356 | 
     | u_visitor/g1062        |             | OAI222XL  |  0.000 |   1.198 |    1.356 | 
     | u_visitor/g1062        | B1 v -> Y ^ | OAI222XL  |  0.164 |   1.362 |    1.520 | 
     | u_visitor/count_reg[3] |             | SDFFRHQX2 |  0.000 |   1.362 |    1.520 | 
     +--------------------------------------------------------------------------------+ 
     Clock Rise Edge                      0.000
     = Beginpoint Arrival Time            0.000
     Other End Path:
     +--------------------------------------------------------------------------+ 
     |        Instance        |  Arc  |   Cell    | Retime | Arrival | Required | 
     |                        |       |           |  Delay |  Time   |   Time   | 
     |------------------------+-------+-----------+--------+---------+----------| 
     |                        | clk ^ |           |        |   0.000 |   -0.158 | 
     | u_visitor/count_reg[3] |       | SDFFRHQX2 |  0.000 |   0.000 |   -0.158 | 
     +--------------------------------------------------------------------------+ 
Path 2: MET Setup Check with Pin u_visitor/count_reg[2]/CK 
Endpoint:   u_visitor/count_reg[2]/D (^) checked with  leading edge of 'clk'
Beginpoint: u_visitor/count_reg[3]/Q (^) triggered by  leading edge of 'clk'
Path Groups: {clk}
Analysis View: view1
Retime Analysis { Data Path-Slew }
Other End Arrival Time          0.000
- Setup                         0.280
+ Phase Shift                   1.800
= Required Time                 1.520
- Arrival Time                  1.362
= Slack Time                    0.158
= Slack Time(original)          0.129
     Clock Rise Edge                      0.000
     = Beginpoint Arrival Time            0.000
     Timing Path:
     +--------------------------------------------------------------------------------+ 
     |        Instance        |     Arc     |   Cell    | Retime | Arrival | Required | 
     |                        |             |           |  Delay |  Time   |   Time   | 
     |------------------------+-------------+-----------+--------+---------+----------| 
     |                        | clk ^       |           |        |   0.000 |    0.158 | 
     | u_visitor/count_reg[3] |             | SDFFRHQX2 |  0.000 |   0.000 |    0.158 | 
     | u_visitor/count_reg[3] | CK ^ -> Q ^ | SDFFRHQX2 |  0.405 |   0.405 |    0.562 | 
     | u_visitor/g1098        |             | NAND2XL   |  0.000 |   0.405 |    0.562 | 
     | u_visitor/g1098        | A ^ -> Y v  | NAND2XL   |  0.093 |   0.498 |    0.656 | 
     | u_visitor/g1085        |             | NOR3X1    |  0.000 |   0.498 |    0.656 | 
     | u_visitor/g1085        | A v -> Y ^  | NOR3X1    |  0.113 |   0.611 |    0.769 | 
     | u_visitor/g1082        |             | NAND2XL   |  0.000 |   0.611 |    0.769 | 
     | u_visitor/g1082        | B ^ -> Y v  | NAND2XL   |  0.094 |   0.706 |    0.863 | 
     | u_visitor/g1080        |             | NAND3BX1  |  0.000 |   0.706 |    0.863 | 
     | u_visitor/g1080        | C v -> Y ^  | NAND3BX1  |  0.141 |   0.846 |    1.004 | 
     | u_visitor/g1078        |             | CLKINVX1  |  0.000 |   0.846 |    1.004 | 
     | u_visitor/g1078        | A ^ -> Y v  | CLKINVX1  |  0.089 |   0.936 |    1.093 | 
     | u_visitor/g1075        |             | NOR2X1    |  0.000 |   0.936 |    1.093 | 
     | u_visitor/g1075        | B v -> Y ^  | NOR2X1    |  0.165 |   1.101 |    1.258 | 
     | u_visitor/g1073        |             | CLKINVX1  |  0.000 |   1.101 |    1.258 | 
     | u_visitor/g1073        | A ^ -> Y v  | CLKINVX1  |  0.097 |   1.198 |    1.356 | 
     | u_visitor/g1063        |             | OAI222XL  |  0.000 |   1.198 |    1.356 | 
     | u_visitor/g1063        | B1 v -> Y ^ | OAI222XL  |  0.164 |   1.362 |    1.520 | 
     | u_visitor/count_reg[2] |             | SDFFRHQX2 |  0.000 |   1.362 |    1.520 | 
     +--------------------------------------------------------------------------------+ 
     Clock Rise Edge                      0.000
     = Beginpoint Arrival Time            0.000
     Other End Path:
     +--------------------------------------------------------------------------+ 
     |        Instance        |  Arc  |   Cell    | Retime | Arrival | Required | 
     |                        |       |           |  Delay |  Time   |   Time   | 
     |------------------------+-------+-----------+--------+---------+----------| 
     |                        | clk ^ |           |        |   0.000 |   -0.158 | 
     | u_visitor/count_reg[2] |       | SDFFRHQX2 |  0.000 |   0.000 |   -0.158 | 
     +--------------------------------------------------------------------------+ 
Path 3: MET Setup Check with Pin u_visitor/count_reg[4]/CK 
Endpoint:   u_visitor/count_reg[4]/D (^) checked with  leading edge of 'clk'
Beginpoint: u_visitor/count_reg[3]/Q (^) triggered by  leading edge of 'clk'
Path Groups: {clk}
Analysis View: view1
Retime Analysis { Data Path-Slew }
Other End Arrival Time          0.000
- Setup                         0.280
+ Phase Shift                   1.800
= Required Time                 1.520
- Arrival Time                  1.362
= Slack Time                    0.158
= Slack Time(original)          0.129
     Clock Rise Edge                      0.000
     = Beginpoint Arrival Time            0.000
     Timing Path:
     +--------------------------------------------------------------------------------+ 
     |        Instance        |     Arc     |   Cell    | Retime | Arrival | Required | 
     |                        |             |           |  Delay |  Time   |   Time   | 
     |------------------------+-------------+-----------+--------+---------+----------| 
     |                        | clk ^       |           |        |   0.000 |    0.158 | 
     | u_visitor/count_reg[3] |             | SDFFRHQX2 |  0.000 |   0.000 |    0.158 | 
     | u_visitor/count_reg[3] | CK ^ -> Q ^ | SDFFRHQX2 |  0.405 |   0.405 |    0.562 | 
     | u_visitor/g1098        |             | NAND2XL   |  0.000 |   0.405 |    0.562 | 
     | u_visitor/g1098        | A ^ -> Y v  | NAND2XL   |  0.093 |   0.498 |    0.656 | 
     | u_visitor/g1085        |             | NOR3X1    |  0.000 |   0.498 |    0.656 | 
     | u_visitor/g1085        | A v -> Y ^  | NOR3X1    |  0.113 |   0.611 |    0.769 | 
     | u_visitor/g1082        |             | NAND2XL   |  0.000 |   0.611 |    0.769 | 
     | u_visitor/g1082        | B ^ -> Y v  | NAND2XL   |  0.094 |   0.706 |    0.863 | 
     | u_visitor/g1080        |             | NAND3BX1  |  0.000 |   0.706 |    0.863 | 
     | u_visitor/g1080        | C v -> Y ^  | NAND3BX1  |  0.141 |   0.846 |    1.004 | 
     | u_visitor/g1078        |             | CLKINVX1  |  0.000 |   0.846 |    1.004 | 
     | u_visitor/g1078        | A ^ -> Y v  | CLKINVX1  |  0.089 |   0.936 |    1.093 | 
     | u_visitor/g1075        |             | NOR2X1    |  0.000 |   0.936 |    1.093 | 
     | u_visitor/g1075        | B v -> Y ^  | NOR2X1    |  0.165 |   1.101 |    1.258 | 
     | u_visitor/g1073        |             | CLKINVX1  |  0.000 |   1.101 |    1.258 | 
     | u_visitor/g1073        | A ^ -> Y v  | CLKINVX1  |  0.097 |   1.198 |    1.356 | 
     | u_visitor/g1054        |             | OAI222XL  |  0.000 |   1.198 |    1.356 | 
     | u_visitor/g1054        | B1 v -> Y ^ | OAI222XL  |  0.164 |   1.362 |    1.520 | 
     | u_visitor/count_reg[4] |             | SDFFRHQX2 |  0.000 |   1.362 |    1.520 | 
     +--------------------------------------------------------------------------------+ 
     Clock Rise Edge                      0.000
     = Beginpoint Arrival Time            0.000
     Other End Path:
     +--------------------------------------------------------------------------+ 
     |        Instance        |  Arc  |   Cell    | Retime | Arrival | Required | 
     |                        |       |           |  Delay |  Time   |   Time   | 
     |------------------------+-------+-----------+--------+---------+----------| 
     |                        | clk ^ |           |        |   0.000 |   -0.158 | 
     | u_visitor/count_reg[4] |       | SDFFRHQX2 |  0.000 |   0.000 |   -0.158 | 
     +--------------------------------------------------------------------------+ 
Path 4: MET Setup Check with Pin u_visitor/count_reg[3]/CK 
Endpoint:   u_visitor/count_reg[3]/D (^) checked with  leading edge of 'clk'
Beginpoint: u_visitor/count_reg[3]/Q (^) triggered by  leading edge of 'clk'
Path Groups: {clk}
Analysis View: view1
Retime Analysis { Data Path-Slew }
Other End Arrival Time          0.000
- Setup                         0.262
+ Phase Shift                   1.800
= Required Time                 1.538
- Arrival Time                  1.350
= Slack Time                    0.189
= Slack Time(original)          0.130
     Clock Rise Edge                      0.000
     = Beginpoint Arrival Time            0.000
     Timing Path:
     +--------------------------------------------------------------------------------+ 
     |        Instance        |     Arc     |   Cell    | Retime | Arrival | Required | 
     |                        |             |           |  Delay |  Time   |   Time   | 
     |------------------------+-------------+-----------+--------+---------+----------| 
     |                        | clk ^       |           |        |   0.000 |    0.189 | 
     | u_visitor/count_reg[3] |             | SDFFRHQX2 |  0.000 |   0.000 |    0.189 | 
     | u_visitor/count_reg[3] | CK ^ -> Q ^ | SDFFRHQX2 |  0.405 |   0.405 |    0.593 | 
     | u_visitor/g1098        |             | NAND2XL   |  0.000 |   0.405 |    0.593 | 
     | u_visitor/g1098        | A ^ -> Y v  | NAND2XL   |  0.093 |   0.498 |    0.687 | 
     | u_visitor/g1085        |             | NOR3X1    |  0.000 |   0.498 |    0.687 | 
     | u_visitor/g1085        | A v -> Y ^  | NOR3X1    |  0.113 |   0.611 |    0.800 | 
     | u_visitor/g1082        |             | NAND2XL   |  0.000 |   0.611 |    0.800 | 
     | u_visitor/g1082        | B ^ -> Y v  | NAND2XL   |  0.094 |   0.706 |    0.894 | 
     | u_visitor/g1080        |             | NAND3BX1  |  0.000 |   0.706 |    0.894 | 
     | u_visitor/g1080        | C v -> Y ^  | NAND3BX1  |  0.141 |   0.846 |    1.035 | 
     | u_visitor/g1078        |             | CLKINVX1  |  0.000 |   0.846 |    1.035 | 
     | u_visitor/g1078        | A ^ -> Y v  | CLKINVX1  |  0.089 |   0.936 |    1.124 | 
     | u_visitor/g1075        |             | NOR2X1    |  0.000 |   0.936 |    1.124 | 
     | u_visitor/g1075        | B v -> Y ^  | NOR2X1    |  0.165 |   1.101 |    1.289 | 
     | u_visitor/g1073        |             | CLKINVX1  |  0.000 |   1.101 |    1.289 | 
     | u_visitor/g1073        | A ^ -> Y v  | CLKINVX1  |  0.097 |   1.198 |    1.387 | 
     | u_visitor/g1062        |             | OAI222XL  |  0.000 |   1.198 |    1.387 | 
     | u_visitor/g1062        | B1 v -> Y ^ | OAI222XL  |  0.152 |   1.350 |    1.538 | 
     | u_visitor/count_reg[3] |             | SDFFRHQX2 |  0.000 |   1.350 |    1.538 | 
     +--------------------------------------------------------------------------------+ 
     Clock Rise Edge                      0.000
     = Beginpoint Arrival Time            0.000
     Other End Path:
     +--------------------------------------------------------------------------+ 
     |        Instance        |  Arc  |   Cell    | Retime | Arrival | Required | 
     |                        |       |           |  Delay |  Time   |   Time   | 
     |------------------------+-------+-----------+--------+---------+----------| 
     |                        | clk ^ |           |        |   0.000 |   -0.189 | 
     | u_visitor/count_reg[3] |       | SDFFRHQX2 |  0.000 |   0.000 |   -0.189 | 
     +--------------------------------------------------------------------------+ 
Path 5: MET Setup Check with Pin u_visitor/count_reg[2]/CK 
Endpoint:   u_visitor/count_reg[2]/D (^) checked with  leading edge of 'clk'
Beginpoint: u_visitor/count_reg[3]/Q (^) triggered by  leading edge of 'clk'
Path Groups: {clk}
Analysis View: view1
Retime Analysis { Data Path-Slew }
Other End Arrival Time          0.000
- Setup                         0.262
+ Phase Shift                   1.800
= Required Time                 1.538
- Arrival Time                  1.350
= Slack Time                    0.189
= Slack Time(original)          0.130
     Clock Rise Edge                      0.000
     = Beginpoint Arrival Time            0.000
     Timing Path:
     +--------------------------------------------------------------------------------+ 
     |        Instance        |     Arc     |   Cell    | Retime | Arrival | Required | 
     |                        |             |           |  Delay |  Time   |   Time   | 
     |------------------------+-------------+-----------+--------+---------+----------| 
     |                        | clk ^       |           |        |   0.000 |    0.189 | 
     | u_visitor/count_reg[3] |             | SDFFRHQX2 |  0.000 |   0.000 |    0.189 | 
     | u_visitor/count_reg[3] | CK ^ -> Q ^ | SDFFRHQX2 |  0.405 |   0.405 |    0.593 | 
     | u_visitor/g1098        |             | NAND2XL   |  0.000 |   0.405 |    0.593 | 
     | u_visitor/g1098        | A ^ -> Y v  | NAND2XL   |  0.093 |   0.498 |    0.687 | 
     | u_visitor/g1085        |             | NOR3X1    |  0.000 |   0.498 |    0.687 | 
     | u_visitor/g1085        | A v -> Y ^  | NOR3X1    |  0.113 |   0.611 |    0.800 | 
     | u_visitor/g1082        |             | NAND2XL   |  0.000 |   0.611 |    0.800 | 
     | u_visitor/g1082        | B ^ -> Y v  | NAND2XL   |  0.094 |   0.706 |    0.894 | 
     | u_visitor/g1080        |             | NAND3BX1  |  0.000 |   0.706 |    0.894 | 
     | u_visitor/g1080        | C v -> Y ^  | NAND3BX1  |  0.141 |   0.846 |    1.035 | 
     | u_visitor/g1078        |             | CLKINVX1  |  0.000 |   0.846 |    1.035 | 
     | u_visitor/g1078        | A ^ -> Y v  | CLKINVX1  |  0.089 |   0.936 |    1.124 | 
     | u_visitor/g1075        |             | NOR2X1    |  0.000 |   0.936 |    1.124 | 
     | u_visitor/g1075        | B v -> Y ^  | NOR2X1    |  0.165 |   1.101 |    1.289 | 
     | u_visitor/g1073        |             | CLKINVX1  |  0.000 |   1.101 |    1.289 | 
     | u_visitor/g1073        | A ^ -> Y v  | CLKINVX1  |  0.097 |   1.198 |    1.387 | 
     | u_visitor/g1063        |             | OAI222XL  |  0.000 |   1.198 |    1.387 | 
     | u_visitor/g1063        | B1 v -> Y ^ | OAI222XL  |  0.152 |   1.350 |    1.538 | 
     | u_visitor/count_reg[2] |             | SDFFRHQX2 |  0.000 |   1.350 |    1.538 | 
     +--------------------------------------------------------------------------------+ 
     Clock Rise Edge                      0.000
     = Beginpoint Arrival Time            0.000
     Other End Path:
     +--------------------------------------------------------------------------+ 
     |        Instance        |  Arc  |   Cell    | Retime | Arrival | Required | 
     |                        |       |           |  Delay |  Time   |   Time   | 
     |------------------------+-------+-----------+--------+---------+----------| 
     |                        | clk ^ |           |        |   0.000 |   -0.189 | 
     | u_visitor/count_reg[2] |       | SDFFRHQX2 |  0.000 |   0.000 |   -0.189 | 
     +--------------------------------------------------------------------------+ 
Path 6: MET Setup Check with Pin u_visitor/count_reg[4]/CK 
Endpoint:   u_visitor/count_reg[4]/D (^) checked with  leading edge of 'clk'
Beginpoint: u_visitor/count_reg[3]/Q (^) triggered by  leading edge of 'clk'
Path Groups: {clk}
Analysis View: view1
Retime Analysis { Data Path-Slew }
Other End Arrival Time          0.000
- Setup                         0.262
+ Phase Shift                   1.800
= Required Time                 1.538
- Arrival Time                  1.350
= Slack Time                    0.189
= Slack Time(original)          0.130
     Clock Rise Edge                      0.000
     = Beginpoint Arrival Time            0.000
     Timing Path:
     +--------------------------------------------------------------------------------+ 
     |        Instance        |     Arc     |   Cell    | Retime | Arrival | Required | 
     |                        |             |           |  Delay |  Time   |   Time   | 
     |------------------------+-------------+-----------+--------+---------+----------| 
     |                        | clk ^       |           |        |   0.000 |    0.189 | 
     | u_visitor/count_reg[3] |             | SDFFRHQX2 |  0.000 |   0.000 |    0.189 | 
     | u_visitor/count_reg[3] | CK ^ -> Q ^ | SDFFRHQX2 |  0.405 |   0.405 |    0.593 | 
     | u_visitor/g1098        |             | NAND2XL   |  0.000 |   0.405 |    0.593 | 
     | u_visitor/g1098        | A ^ -> Y v  | NAND2XL   |  0.093 |   0.498 |    0.687 | 
     | u_visitor/g1085        |             | NOR3X1    |  0.000 |   0.498 |    0.687 | 
     | u_visitor/g1085        | A v -> Y ^  | NOR3X1    |  0.113 |   0.611 |    0.800 | 
     | u_visitor/g1082        |             | NAND2XL   |  0.000 |   0.611 |    0.800 | 
     | u_visitor/g1082        | B ^ -> Y v  | NAND2XL   |  0.094 |   0.706 |    0.894 | 
     | u_visitor/g1080        |             | NAND3BX1  |  0.000 |   0.706 |    0.894 | 
     | u_visitor/g1080        | C v -> Y ^  | NAND3BX1  |  0.141 |   0.846 |    1.035 | 
     | u_visitor/g1078        |             | CLKINVX1  |  0.000 |   0.846 |    1.035 | 
     | u_visitor/g1078        | A ^ -> Y v  | CLKINVX1  |  0.089 |   0.936 |    1.124 | 
     | u_visitor/g1075        |             | NOR2X1    |  0.000 |   0.936 |    1.124 | 
     | u_visitor/g1075        | B v -> Y ^  | NOR2X1    |  0.165 |   1.101 |    1.289 | 
     | u_visitor/g1073        |             | CLKINVX1  |  0.000 |   1.101 |    1.289 | 
     | u_visitor/g1073        | A ^ -> Y v  | CLKINVX1  |  0.097 |   1.198 |    1.387 | 
     | u_visitor/g1054        |             | OAI222XL  |  0.000 |   1.198 |    1.387 | 
     | u_visitor/g1054        | B1 v -> Y ^ | OAI222XL  |  0.152 |   1.350 |    1.538 | 
     | u_visitor/count_reg[4] |             | SDFFRHQX2 |  0.000 |   1.350 |    1.538 | 
     +--------------------------------------------------------------------------------+ 
     Clock Rise Edge                      0.000
     = Beginpoint Arrival Time            0.000
     Other End Path:
     +--------------------------------------------------------------------------+ 
     |        Instance        |  Arc  |   Cell    | Retime | Arrival | Required | 
     |                        |       |           |  Delay |  Time   |   Time   | 
     |------------------------+-------+-----------+--------+---------+----------| 
     |                        | clk ^ |           |        |   0.000 |   -0.189 | 
     | u_visitor/count_reg[4] |       | SDFFRHQX2 |  0.000 |   0.000 |   -0.189 | 
     +--------------------------------------------------------------------------+ 
Path 7: MET Setup Check with Pin u_visitor/count_reg[3]/CK 
Endpoint:   u_visitor/count_reg[3]/D (^) checked with  leading edge of 'clk'
Beginpoint: u_visitor/count_reg[5]/Q (^) triggered by  leading edge of 'clk'
Path Groups: {clk}
Analysis View: view1
Retime Analysis { Data Path-Slew }
Other End Arrival Time          0.000
- Setup                         0.280
+ Phase Shift                   1.800
= Required Time                 1.520
- Arrival Time                  1.361
= Slack Time                    0.159
= Slack Time(original)          0.133
     Clock Rise Edge                      0.000
     = Beginpoint Arrival Time            0.000
     Timing Path:
     +--------------------------------------------------------------------------------+ 
     |        Instance        |     Arc     |   Cell    | Retime | Arrival | Required | 
     |                        |             |           |  Delay |  Time   |   Time   | 
     |------------------------+-------------+-----------+--------+---------+----------| 
     |                        | clk ^       |           |        |   0.000 |    0.159 | 
     | u_visitor/count_reg[5] |             | SDFFRHQX2 |  0.000 |   0.000 |    0.159 | 
     | u_visitor/count_reg[5] | CK ^ -> Q ^ | SDFFRHQX2 |  0.414 |   0.414 |    0.572 | 
     | u_visitor/g1096        |             | NAND2XL   |  0.000 |   0.414 |    0.572 | 
     | u_visitor/g1096        | B ^ -> Y v  | NAND2XL   |  0.101 |   0.514 |    0.673 | 
     | u_visitor/g1085        |             | NOR3X1    |  0.000 |   0.514 |    0.673 | 
     | u_visitor/g1085        | C v -> Y ^  | NOR3X1    |  0.094 |   0.609 |    0.768 | 
     | u_visitor/g1082        |             | NAND2XL   |  0.000 |   0.609 |    0.768 | 
     | u_visitor/g1082        | B ^ -> Y v  | NAND2XL   |  0.095 |   0.704 |    0.863 | 
     | u_visitor/g1080        |             | NAND3BX1  |  0.000 |   0.704 |    0.863 | 
     | u_visitor/g1080        | C v -> Y ^  | NAND3BX1  |  0.141 |   0.845 |    1.004 | 
     | u_visitor/g1078        |             | CLKINVX1  |  0.000 |   0.845 |    1.004 | 
     | u_visitor/g1078        | A ^ -> Y v  | CLKINVX1  |  0.089 |   0.935 |    1.093 | 
     | u_visitor/g1075        |             | NOR2X1    |  0.000 |   0.935 |    1.093 | 
     | u_visitor/g1075        | B v -> Y ^  | NOR2X1    |  0.165 |   1.100 |    1.258 | 
     | u_visitor/g1073        |             | CLKINVX1  |  0.000 |   1.100 |    1.258 | 
     | u_visitor/g1073        | A ^ -> Y v  | CLKINVX1  |  0.097 |   1.197 |    1.356 | 
     | u_visitor/g1062        |             | OAI222XL  |  0.000 |   1.197 |    1.356 | 
     | u_visitor/g1062        | B1 v -> Y ^ | OAI222XL  |  0.164 |   1.361 |    1.520 | 
     | u_visitor/count_reg[3] |             | SDFFRHQX2 |  0.000 |   1.361 |    1.520 | 
     +--------------------------------------------------------------------------------+ 
     Clock Rise Edge                      0.000
     = Beginpoint Arrival Time            0.000
     Other End Path:
     +--------------------------------------------------------------------------+ 
     |        Instance        |  Arc  |   Cell    | Retime | Arrival | Required | 
     |                        |       |           |  Delay |  Time   |   Time   | 
     |------------------------+-------+-----------+--------+---------+----------| 
     |                        | clk ^ |           |        |   0.000 |   -0.159 | 
     | u_visitor/count_reg[3] |       | SDFFRHQX2 |  0.000 |   0.000 |   -0.159 | 
     +--------------------------------------------------------------------------+ 
Path 8: MET Setup Check with Pin u_visitor/count_reg[2]/CK 
Endpoint:   u_visitor/count_reg[2]/D (^) checked with  leading edge of 'clk'
Beginpoint: u_visitor/count_reg[5]/Q (^) triggered by  leading edge of 'clk'
Path Groups: {clk}
Analysis View: view1
Retime Analysis { Data Path-Slew }
Other End Arrival Time          0.000
- Setup                         0.280
+ Phase Shift                   1.800
= Required Time                 1.520
- Arrival Time                  1.361
= Slack Time                    0.159
= Slack Time(original)          0.133
     Clock Rise Edge                      0.000
     = Beginpoint Arrival Time            0.000
     Timing Path:
     +--------------------------------------------------------------------------------+ 
     |        Instance        |     Arc     |   Cell    | Retime | Arrival | Required | 
     |                        |             |           |  Delay |  Time   |   Time   | 
     |------------------------+-------------+-----------+--------+---------+----------| 
     |                        | clk ^       |           |        |   0.000 |    0.159 | 
     | u_visitor/count_reg[5] |             | SDFFRHQX2 |  0.000 |   0.000 |    0.159 | 
     | u_visitor/count_reg[5] | CK ^ -> Q ^ | SDFFRHQX2 |  0.414 |   0.414 |    0.572 | 
     | u_visitor/g1096        |             | NAND2XL   |  0.000 |   0.414 |    0.572 | 
     | u_visitor/g1096        | B ^ -> Y v  | NAND2XL   |  0.101 |   0.514 |    0.673 | 
     | u_visitor/g1085        |             | NOR3X1    |  0.000 |   0.514 |    0.673 | 
     | u_visitor/g1085        | C v -> Y ^  | NOR3X1    |  0.094 |   0.609 |    0.768 | 
     | u_visitor/g1082        |             | NAND2XL   |  0.000 |   0.609 |    0.768 | 
     | u_visitor/g1082        | B ^ -> Y v  | NAND2XL   |  0.095 |   0.704 |    0.863 | 
     | u_visitor/g1080        |             | NAND3BX1  |  0.000 |   0.704 |    0.863 | 
     | u_visitor/g1080        | C v -> Y ^  | NAND3BX1  |  0.141 |   0.845 |    1.004 | 
     | u_visitor/g1078        |             | CLKINVX1  |  0.000 |   0.845 |    1.004 | 
     | u_visitor/g1078        | A ^ -> Y v  | CLKINVX1  |  0.089 |   0.935 |    1.093 | 
     | u_visitor/g1075        |             | NOR2X1    |  0.000 |   0.935 |    1.093 | 
     | u_visitor/g1075        | B v -> Y ^  | NOR2X1    |  0.165 |   1.100 |    1.258 | 
     | u_visitor/g1073        |             | CLKINVX1  |  0.000 |   1.100 |    1.258 | 
     | u_visitor/g1073        | A ^ -> Y v  | CLKINVX1  |  0.097 |   1.197 |    1.356 | 
     | u_visitor/g1063        |             | OAI222XL  |  0.000 |   1.197 |    1.356 | 
     | u_visitor/g1063        | B1 v -> Y ^ | OAI222XL  |  0.164 |   1.361 |    1.520 | 
     | u_visitor/count_reg[2] |             | SDFFRHQX2 |  0.000 |   1.361 |    1.520 | 
     +--------------------------------------------------------------------------------+ 
     Clock Rise Edge                      0.000
     = Beginpoint Arrival Time            0.000
     Other End Path:
     +--------------------------------------------------------------------------+ 
     |        Instance        |  Arc  |   Cell    | Retime | Arrival | Required | 
     |                        |       |           |  Delay |  Time   |   Time   | 
     |------------------------+-------+-----------+--------+---------+----------| 
     |                        | clk ^ |           |        |   0.000 |   -0.159 | 
     | u_visitor/count_reg[2] |       | SDFFRHQX2 |  0.000 |   0.000 |   -0.159 | 
     +--------------------------------------------------------------------------+ 
Path 9: MET Setup Check with Pin u_visitor/count_reg[4]/CK 
Endpoint:   u_visitor/count_reg[4]/D (^) checked with  leading edge of 'clk'
Beginpoint: u_visitor/count_reg[5]/Q (^) triggered by  leading edge of 'clk'
Path Groups: {clk}
Analysis View: view1
Retime Analysis { Data Path-Slew }
Other End Arrival Time          0.000
- Setup                         0.280
+ Phase Shift                   1.800
= Required Time                 1.520
- Arrival Time                  1.361
= Slack Time                    0.159
= Slack Time(original)          0.133
     Clock Rise Edge                      0.000
     = Beginpoint Arrival Time            0.000
     Timing Path:
     +--------------------------------------------------------------------------------+ 
     |        Instance        |     Arc     |   Cell    | Retime | Arrival | Required | 
     |                        |             |           |  Delay |  Time   |   Time   | 
     |------------------------+-------------+-----------+--------+---------+----------| 
     |                        | clk ^       |           |        |   0.000 |    0.159 | 
     | u_visitor/count_reg[5] |             | SDFFRHQX2 |  0.000 |   0.000 |    0.159 | 
     | u_visitor/count_reg[5] | CK ^ -> Q ^ | SDFFRHQX2 |  0.414 |   0.414 |    0.572 | 
     | u_visitor/g1096        |             | NAND2XL   |  0.000 |   0.414 |    0.572 | 
     | u_visitor/g1096        | B ^ -> Y v  | NAND2XL   |  0.101 |   0.514 |    0.673 | 
     | u_visitor/g1085        |             | NOR3X1    |  0.000 |   0.514 |    0.673 | 
     | u_visitor/g1085        | C v -> Y ^  | NOR3X1    |  0.094 |   0.609 |    0.768 | 
     | u_visitor/g1082        |             | NAND2XL   |  0.000 |   0.609 |    0.768 | 
     | u_visitor/g1082        | B ^ -> Y v  | NAND2XL   |  0.095 |   0.704 |    0.863 | 
     | u_visitor/g1080        |             | NAND3BX1  |  0.000 |   0.704 |    0.863 | 
     | u_visitor/g1080        | C v -> Y ^  | NAND3BX1  |  0.141 |   0.845 |    1.004 | 
     | u_visitor/g1078        |             | CLKINVX1  |  0.000 |   0.845 |    1.004 | 
     | u_visitor/g1078        | A ^ -> Y v  | CLKINVX1  |  0.089 |   0.935 |    1.093 | 
     | u_visitor/g1075        |             | NOR2X1    |  0.000 |   0.935 |    1.093 | 
     | u_visitor/g1075        | B v -> Y ^  | NOR2X1    |  0.165 |   1.100 |    1.258 | 
     | u_visitor/g1073        |             | CLKINVX1  |  0.000 |   1.100 |    1.258 | 
     | u_visitor/g1073        | A ^ -> Y v  | CLKINVX1  |  0.097 |   1.197 |    1.356 | 
     | u_visitor/g1054        |             | OAI222XL  |  0.000 |   1.197 |    1.356 | 
     | u_visitor/g1054        | B1 v -> Y ^ | OAI222XL  |  0.164 |   1.361 |    1.520 | 
     | u_visitor/count_reg[4] |             | SDFFRHQX2 |  0.000 |   1.361 |    1.520 | 
     +--------------------------------------------------------------------------------+ 
     Clock Rise Edge                      0.000
     = Beginpoint Arrival Time            0.000
     Other End Path:
     +--------------------------------------------------------------------------+ 
     |        Instance        |  Arc  |   Cell    | Retime | Arrival | Required | 
     |                        |       |           |  Delay |  Time   |   Time   | 
     |------------------------+-------+-----------+--------+---------+----------| 
     |                        | clk ^ |           |        |   0.000 |   -0.159 | 
     | u_visitor/count_reg[4] |       | SDFFRHQX2 |  0.000 |   0.000 |   -0.159 | 
     +--------------------------------------------------------------------------+ 
Path 10: MET Setup Check with Pin u_visitor/count_reg[3]/CK 
Endpoint:   u_visitor/count_reg[3]/D (^) checked with  leading edge of 'clk'
Beginpoint: u_visitor/count_reg[5]/Q (^) triggered by  leading edge of 'clk'
Path Groups: {clk}
Analysis View: view1
Retime Analysis { Data Path-Slew }
Other End Arrival Time          0.000
- Setup                         0.262
+ Phase Shift                   1.800
= Required Time                 1.538
- Arrival Time                  1.349
= Slack Time                    0.190
= Slack Time(original)          0.134
     Clock Rise Edge                      0.000
     = Beginpoint Arrival Time            0.000
     Timing Path:
     +--------------------------------------------------------------------------------+ 
     |        Instance        |     Arc     |   Cell    | Retime | Arrival | Required | 
     |                        |             |           |  Delay |  Time   |   Time   | 
     |------------------------+-------------+-----------+--------+---------+----------| 
     |                        | clk ^       |           |        |   0.000 |    0.190 | 
     | u_visitor/count_reg[5] |             | SDFFRHQX2 |  0.000 |   0.000 |    0.190 | 
     | u_visitor/count_reg[5] | CK ^ -> Q ^ | SDFFRHQX2 |  0.414 |   0.414 |    0.603 | 
     | u_visitor/g1096        |             | NAND2XL   |  0.000 |   0.414 |    0.603 | 
     | u_visitor/g1096        | B ^ -> Y v  | NAND2XL   |  0.101 |   0.514 |    0.704 | 
     | u_visitor/g1085        |             | NOR3X1    |  0.000 |   0.514 |    0.704 | 
     | u_visitor/g1085        | C v -> Y ^  | NOR3X1    |  0.094 |   0.609 |    0.798 | 
     | u_visitor/g1082        |             | NAND2XL   |  0.000 |   0.609 |    0.798 | 
     | u_visitor/g1082        | B ^ -> Y v  | NAND2XL   |  0.095 |   0.704 |    0.894 | 
     | u_visitor/g1080        |             | NAND3BX1  |  0.000 |   0.704 |    0.894 | 
     | u_visitor/g1080        | C v -> Y ^  | NAND3BX1  |  0.141 |   0.845 |    1.035 | 
     | u_visitor/g1078        |             | CLKINVX1  |  0.000 |   0.845 |    1.035 | 
     | u_visitor/g1078        | A ^ -> Y v  | CLKINVX1  |  0.089 |   0.935 |    1.124 | 
     | u_visitor/g1075        |             | NOR2X1    |  0.000 |   0.935 |    1.124 | 
     | u_visitor/g1075        | B v -> Y ^  | NOR2X1    |  0.165 |   1.100 |    1.289 | 
     | u_visitor/g1073        |             | CLKINVX1  |  0.000 |   1.100 |    1.289 | 
     | u_visitor/g1073        | A ^ -> Y v  | CLKINVX1  |  0.097 |   1.197 |    1.387 | 
     | u_visitor/g1062        |             | OAI222XL  |  0.000 |   1.197 |    1.387 | 
     | u_visitor/g1062        | B1 v -> Y ^ | OAI222XL  |  0.152 |   1.349 |    1.538 | 
     | u_visitor/count_reg[3] |             | SDFFRHQX2 |  0.000 |   1.349 |    1.538 | 
     +--------------------------------------------------------------------------------+ 
     Clock Rise Edge                      0.000
     = Beginpoint Arrival Time            0.000
     Other End Path:
     +--------------------------------------------------------------------------+ 
     |        Instance        |  Arc  |   Cell    | Retime | Arrival | Required | 
     |                        |       |           |  Delay |  Time   |   Time   | 
     |------------------------+-------+-----------+--------+---------+----------| 
     |                        | clk ^ |           |        |   0.000 |   -0.190 | 
     | u_visitor/count_reg[3] |       | SDFFRHQX2 |  0.000 |   0.000 |   -0.190 | 
     +--------------------------------------------------------------------------+ 
Path 11: MET Setup Check with Pin u_visitor/count_reg[2]/CK 
Endpoint:   u_visitor/count_reg[2]/D (^) checked with  leading edge of 'clk'
Beginpoint: u_visitor/count_reg[5]/Q (^) triggered by  leading edge of 'clk'
Path Groups: {clk}
Analysis View: view1
Retime Analysis { Data Path-Slew }
Other End Arrival Time          0.000
- Setup                         0.262
+ Phase Shift                   1.800
= Required Time                 1.538
- Arrival Time                  1.349
= Slack Time                    0.190
= Slack Time(original)          0.134
     Clock Rise Edge                      0.000
     = Beginpoint Arrival Time            0.000
     Timing Path:
     +--------------------------------------------------------------------------------+ 
     |        Instance        |     Arc     |   Cell    | Retime | Arrival | Required | 
     |                        |             |           |  Delay |  Time   |   Time   | 
     |------------------------+-------------+-----------+--------+---------+----------| 
     |                        | clk ^       |           |        |   0.000 |    0.190 | 
     | u_visitor/count_reg[5] |             | SDFFRHQX2 |  0.000 |   0.000 |    0.190 | 
     | u_visitor/count_reg[5] | CK ^ -> Q ^ | SDFFRHQX2 |  0.414 |   0.414 |    0.603 | 
     | u_visitor/g1096        |             | NAND2XL   |  0.000 |   0.414 |    0.603 | 
     | u_visitor/g1096        | B ^ -> Y v  | NAND2XL   |  0.101 |   0.514 |    0.704 | 
     | u_visitor/g1085        |             | NOR3X1    |  0.000 |   0.514 |    0.704 | 
     | u_visitor/g1085        | C v -> Y ^  | NOR3X1    |  0.094 |   0.609 |    0.798 | 
     | u_visitor/g1082        |             | NAND2XL   |  0.000 |   0.609 |    0.798 | 
     | u_visitor/g1082        | B ^ -> Y v  | NAND2XL   |  0.095 |   0.704 |    0.894 | 
     | u_visitor/g1080        |             | NAND3BX1  |  0.000 |   0.704 |    0.894 | 
     | u_visitor/g1080        | C v -> Y ^  | NAND3BX1  |  0.141 |   0.845 |    1.035 | 
     | u_visitor/g1078        |             | CLKINVX1  |  0.000 |   0.845 |    1.035 | 
     | u_visitor/g1078        | A ^ -> Y v  | CLKINVX1  |  0.089 |   0.935 |    1.124 | 
     | u_visitor/g1075        |             | NOR2X1    |  0.000 |   0.935 |    1.124 | 
     | u_visitor/g1075        | B v -> Y ^  | NOR2X1    |  0.165 |   1.100 |    1.289 | 
     | u_visitor/g1073        |             | CLKINVX1  |  0.000 |   1.100 |    1.289 | 
     | u_visitor/g1073        | A ^ -> Y v  | CLKINVX1  |  0.097 |   1.197 |    1.387 | 
     | u_visitor/g1063        |             | OAI222XL  |  0.000 |   1.197 |    1.387 | 
     | u_visitor/g1063        | B1 v -> Y ^ | OAI222XL  |  0.152 |   1.349 |    1.538 | 
     | u_visitor/count_reg[2] |             | SDFFRHQX2 |  0.000 |   1.349 |    1.538 | 
     +--------------------------------------------------------------------------------+ 
     Clock Rise Edge                      0.000
     = Beginpoint Arrival Time            0.000
     Other End Path:
     +--------------------------------------------------------------------------+ 
     |        Instance        |  Arc  |   Cell    | Retime | Arrival | Required | 
     |                        |       |           |  Delay |  Time   |   Time   | 
     |------------------------+-------+-----------+--------+---------+----------| 
     |                        | clk ^ |           |        |   0.000 |   -0.190 | 
     | u_visitor/count_reg[2] |       | SDFFRHQX2 |  0.000 |   0.000 |   -0.190 | 
     +--------------------------------------------------------------------------+ 
Path 12: MET Setup Check with Pin u_visitor/count_reg[4]/CK 
Endpoint:   u_visitor/count_reg[4]/D (^) checked with  leading edge of 'clk'
Beginpoint: u_visitor/count_reg[5]/Q (^) triggered by  leading edge of 'clk'
Path Groups: {clk}
Analysis View: view1
Retime Analysis { Data Path-Slew }
Other End Arrival Time          0.000
- Setup                         0.262
+ Phase Shift                   1.800
= Required Time                 1.538
- Arrival Time                  1.349
= Slack Time                    0.190
= Slack Time(original)          0.134
     Clock Rise Edge                      0.000
     = Beginpoint Arrival Time            0.000
     Timing Path:
     +--------------------------------------------------------------------------------+ 
     |        Instance        |     Arc     |   Cell    | Retime | Arrival | Required | 
     |                        |             |           |  Delay |  Time   |   Time   | 
     |------------------------+-------------+-----------+--------+---------+----------| 
     |                        | clk ^       |           |        |   0.000 |    0.190 | 
     | u_visitor/count_reg[5] |             | SDFFRHQX2 |  0.000 |   0.000 |    0.190 | 
     | u_visitor/count_reg[5] | CK ^ -> Q ^ | SDFFRHQX2 |  0.414 |   0.414 |    0.603 | 
     | u_visitor/g1096        |             | NAND2XL   |  0.000 |   0.414 |    0.603 | 
     | u_visitor/g1096        | B ^ -> Y v  | NAND2XL   |  0.101 |   0.514 |    0.704 | 
     | u_visitor/g1085        |             | NOR3X1    |  0.000 |   0.514 |    0.704 | 
     | u_visitor/g1085        | C v -> Y ^  | NOR3X1    |  0.094 |   0.609 |    0.798 | 
     | u_visitor/g1082        |             | NAND2XL   |  0.000 |   0.609 |    0.798 | 
     | u_visitor/g1082        | B ^ -> Y v  | NAND2XL   |  0.095 |   0.704 |    0.894 | 
     | u_visitor/g1080        |             | NAND3BX1  |  0.000 |   0.704 |    0.894 | 
     | u_visitor/g1080        | C v -> Y ^  | NAND3BX1  |  0.141 |   0.845 |    1.035 | 
     | u_visitor/g1078        |             | CLKINVX1  |  0.000 |   0.845 |    1.035 | 
     | u_visitor/g1078        | A ^ -> Y v  | CLKINVX1  |  0.089 |   0.935 |    1.124 | 
     | u_visitor/g1075        |             | NOR2X1    |  0.000 |   0.935 |    1.124 | 
     | u_visitor/g1075        | B v -> Y ^  | NOR2X1    |  0.165 |   1.100 |    1.289 | 
     | u_visitor/g1073        |             | CLKINVX1  |  0.000 |   1.100 |    1.289 | 
     | u_visitor/g1073        | A ^ -> Y v  | CLKINVX1  |  0.097 |   1.197 |    1.387 | 
     | u_visitor/g1054        |             | OAI222XL  |  0.000 |   1.197 |    1.387 | 
     | u_visitor/g1054        | B1 v -> Y ^ | OAI222XL  |  0.152 |   1.349 |    1.538 | 
     | u_visitor/count_reg[4] |             | SDFFRHQX2 |  0.000 |   1.349 |    1.538 | 
     +--------------------------------------------------------------------------------+ 
     Clock Rise Edge                      0.000
     = Beginpoint Arrival Time            0.000
     Other End Path:
     +--------------------------------------------------------------------------+ 
     |        Instance        |  Arc  |   Cell    | Retime | Arrival | Required | 
     |                        |       |           |  Delay |  Time   |   Time   | 
     |------------------------+-------+-----------+--------+---------+----------| 
     |                        | clk ^ |           |        |   0.000 |   -0.190 | 
     | u_visitor/count_reg[4] |       | SDFFRHQX2 |  0.000 |   0.000 |   -0.190 | 
     +--------------------------------------------------------------------------+ 
Path 13: MET Setup Check with Pin u_visitor/count_reg[3]/CK 
Endpoint:   u_visitor/count_reg[3]/D (^) checked with  leading edge of 'clk'
Beginpoint: u_visitor/count_reg[7]/Q (^) triggered by  leading edge of 'clk'
Path Groups: {clk}
Analysis View: view1
Retime Analysis { Data Path-Slew }
Other End Arrival Time          0.000
- Setup                         0.280
+ Phase Shift                   1.800
= Required Time                 1.520
- Arrival Time                  1.358
= Slack Time                    0.162
= Slack Time(original)          0.135
     Clock Rise Edge                      0.000
     = Beginpoint Arrival Time            0.000
     Timing Path:
     +--------------------------------------------------------------------------------+ 
     |        Instance        |     Arc     |   Cell    | Retime | Arrival | Required | 
     |                        |             |           |  Delay |  Time   |   Time   | 
     |------------------------+-------------+-----------+--------+---------+----------| 
     |                        | clk ^       |           |        |   0.000 |    0.162 | 
     | u_visitor/count_reg[7] |             | SDFFRHQX1 |  0.000 |   0.000 |    0.162 | 
     | u_visitor/count_reg[7] | CK ^ -> Q ^ | SDFFRHQX1 |  0.393 |   0.393 |    0.555 | 
     | u_visitor/g1098        |             | NAND2XL   |  0.000 |   0.393 |    0.555 | 
     | u_visitor/g1098        | B ^ -> Y v  | NAND2XL   |  0.099 |   0.492 |    0.654 | 
     | u_visitor/g1085        |             | NOR3X1    |  0.000 |   0.492 |    0.654 | 
     | u_visitor/g1085        | A v -> Y ^  | NOR3X1    |  0.115 |   0.607 |    0.769 | 
     | u_visitor/g1082        |             | NAND2XL   |  0.000 |   0.607 |    0.769 | 
     | u_visitor/g1082        | B ^ -> Y v  | NAND2XL   |  0.094 |   0.702 |    0.863 | 
     | u_visitor/g1080        |             | NAND3BX1  |  0.000 |   0.702 |    0.863 | 
     | u_visitor/g1080        | C v -> Y ^  | NAND3BX1  |  0.141 |   0.842 |    1.004 | 
     | u_visitor/g1078        |             | CLKINVX1  |  0.000 |   0.842 |    1.004 | 
     | u_visitor/g1078        | A ^ -> Y v  | CLKINVX1  |  0.089 |   0.932 |    1.093 | 
     | u_visitor/g1075        |             | NOR2X1    |  0.000 |   0.932 |    1.093 | 
     | u_visitor/g1075        | B v -> Y ^  | NOR2X1    |  0.165 |   1.097 |    1.258 | 
     | u_visitor/g1073        |             | CLKINVX1  |  0.000 |   1.097 |    1.258 | 
     | u_visitor/g1073        | A ^ -> Y v  | CLKINVX1  |  0.097 |   1.194 |    1.356 | 
     | u_visitor/g1062        |             | OAI222XL  |  0.000 |   1.194 |    1.356 | 
     | u_visitor/g1062        | B1 v -> Y ^ | OAI222XL  |  0.164 |   1.358 |    1.520 | 
     | u_visitor/count_reg[3] |             | SDFFRHQX2 |  0.000 |   1.358 |    1.520 | 
     +--------------------------------------------------------------------------------+ 
     Clock Rise Edge                      0.000
     = Beginpoint Arrival Time            0.000
     Other End Path:
     +--------------------------------------------------------------------------+ 
     |        Instance        |  Arc  |   Cell    | Retime | Arrival | Required | 
     |                        |       |           |  Delay |  Time   |   Time   | 
     |------------------------+-------+-----------+--------+---------+----------| 
     |                        | clk ^ |           |        |   0.000 |   -0.162 | 
     | u_visitor/count_reg[3] |       | SDFFRHQX2 |  0.000 |   0.000 |   -0.162 | 
     +--------------------------------------------------------------------------+ 
Path 14: MET Setup Check with Pin u_visitor/count_reg[2]/CK 
Endpoint:   u_visitor/count_reg[2]/D (^) checked with  leading edge of 'clk'
Beginpoint: u_visitor/count_reg[7]/Q (^) triggered by  leading edge of 'clk'
Path Groups: {clk}
Analysis View: view1
Retime Analysis { Data Path-Slew }
Other End Arrival Time          0.000
- Setup                         0.280
+ Phase Shift                   1.800
= Required Time                 1.520
- Arrival Time                  1.358
= Slack Time                    0.162
= Slack Time(original)          0.135
     Clock Rise Edge                      0.000
     = Beginpoint Arrival Time            0.000
     Timing Path:
     +--------------------------------------------------------------------------------+ 
     |        Instance        |     Arc     |   Cell    | Retime | Arrival | Required | 
     |                        |             |           |  Delay |  Time   |   Time   | 
     |------------------------+-------------+-----------+--------+---------+----------| 
     |                        | clk ^       |           |        |   0.000 |    0.162 | 
     | u_visitor/count_reg[7] |             | SDFFRHQX1 |  0.000 |   0.000 |    0.162 | 
     | u_visitor/count_reg[7] | CK ^ -> Q ^ | SDFFRHQX1 |  0.393 |   0.393 |    0.555 | 
     | u_visitor/g1098        |             | NAND2XL   |  0.000 |   0.393 |    0.555 | 
     | u_visitor/g1098        | B ^ -> Y v  | NAND2XL   |  0.099 |   0.492 |    0.654 | 
     | u_visitor/g1085        |             | NOR3X1    |  0.000 |   0.492 |    0.654 | 
     | u_visitor/g1085        | A v -> Y ^  | NOR3X1    |  0.115 |   0.607 |    0.769 | 
     | u_visitor/g1082        |             | NAND2XL   |  0.000 |   0.607 |    0.769 | 
     | u_visitor/g1082        | B ^ -> Y v  | NAND2XL   |  0.094 |   0.702 |    0.863 | 
     | u_visitor/g1080        |             | NAND3BX1  |  0.000 |   0.702 |    0.863 | 
     | u_visitor/g1080        | C v -> Y ^  | NAND3BX1  |  0.141 |   0.842 |    1.004 | 
     | u_visitor/g1078        |             | CLKINVX1  |  0.000 |   0.842 |    1.004 | 
     | u_visitor/g1078        | A ^ -> Y v  | CLKINVX1  |  0.089 |   0.932 |    1.093 | 
     | u_visitor/g1075        |             | NOR2X1    |  0.000 |   0.932 |    1.093 | 
     | u_visitor/g1075        | B v -> Y ^  | NOR2X1    |  0.165 |   1.097 |    1.258 | 
     | u_visitor/g1073        |             | CLKINVX1  |  0.000 |   1.097 |    1.258 | 
     | u_visitor/g1073        | A ^ -> Y v  | CLKINVX1  |  0.097 |   1.194 |    1.356 | 
     | u_visitor/g1063        |             | OAI222XL  |  0.000 |   1.194 |    1.356 | 
     | u_visitor/g1063        | B1 v -> Y ^ | OAI222XL  |  0.164 |   1.358 |    1.520 | 
     | u_visitor/count_reg[2] |             | SDFFRHQX2 |  0.000 |   1.358 |    1.520 | 
     +--------------------------------------------------------------------------------+ 
     Clock Rise Edge                      0.000
     = Beginpoint Arrival Time            0.000
     Other End Path:
     +--------------------------------------------------------------------------+ 
     |        Instance        |  Arc  |   Cell    | Retime | Arrival | Required | 
     |                        |       |           |  Delay |  Time   |   Time   | 
     |------------------------+-------+-----------+--------+---------+----------| 
     |                        | clk ^ |           |        |   0.000 |   -0.162 | 
     | u_visitor/count_reg[2] |       | SDFFRHQX2 |  0.000 |   0.000 |   -0.162 | 
     +--------------------------------------------------------------------------+ 
Path 15: MET Setup Check with Pin u_visitor/count_reg[4]/CK 
Endpoint:   u_visitor/count_reg[4]/D (^) checked with  leading edge of 'clk'
Beginpoint: u_visitor/count_reg[7]/Q (^) triggered by  leading edge of 'clk'
Path Groups: {clk}
Analysis View: view1
Retime Analysis { Data Path-Slew }
Other End Arrival Time          0.000
- Setup                         0.280
+ Phase Shift                   1.800
= Required Time                 1.520
- Arrival Time                  1.358
= Slack Time                    0.162
= Slack Time(original)          0.135
     Clock Rise Edge                      0.000
     = Beginpoint Arrival Time            0.000
     Timing Path:
     +--------------------------------------------------------------------------------+ 
     |        Instance        |     Arc     |   Cell    | Retime | Arrival | Required | 
     |                        |             |           |  Delay |  Time   |   Time   | 
     |------------------------+-------------+-----------+--------+---------+----------| 
     |                        | clk ^       |           |        |   0.000 |    0.162 | 
     | u_visitor/count_reg[7] |             | SDFFRHQX1 |  0.000 |   0.000 |    0.162 | 
     | u_visitor/count_reg[7] | CK ^ -> Q ^ | SDFFRHQX1 |  0.393 |   0.393 |    0.555 | 
     | u_visitor/g1098        |             | NAND2XL   |  0.000 |   0.393 |    0.555 | 
     | u_visitor/g1098        | B ^ -> Y v  | NAND2XL   |  0.099 |   0.492 |    0.654 | 
     | u_visitor/g1085        |             | NOR3X1    |  0.000 |   0.492 |    0.654 | 
     | u_visitor/g1085        | A v -> Y ^  | NOR3X1    |  0.115 |   0.607 |    0.769 | 
     | u_visitor/g1082        |             | NAND2XL   |  0.000 |   0.607 |    0.769 | 
     | u_visitor/g1082        | B ^ -> Y v  | NAND2XL   |  0.094 |   0.702 |    0.863 | 
     | u_visitor/g1080        |             | NAND3BX1  |  0.000 |   0.702 |    0.863 | 
     | u_visitor/g1080        | C v -> Y ^  | NAND3BX1  |  0.141 |   0.842 |    1.004 | 
     | u_visitor/g1078        |             | CLKINVX1  |  0.000 |   0.842 |    1.004 | 
     | u_visitor/g1078        | A ^ -> Y v  | CLKINVX1  |  0.089 |   0.932 |    1.093 | 
     | u_visitor/g1075        |             | NOR2X1    |  0.000 |   0.932 |    1.093 | 
     | u_visitor/g1075        | B v -> Y ^  | NOR2X1    |  0.165 |   1.097 |    1.258 | 
     | u_visitor/g1073        |             | CLKINVX1  |  0.000 |   1.097 |    1.258 | 
     | u_visitor/g1073        | A ^ -> Y v  | CLKINVX1  |  0.097 |   1.194 |    1.356 | 
     | u_visitor/g1054        |             | OAI222XL  |  0.000 |   1.194 |    1.356 | 
     | u_visitor/g1054        | B1 v -> Y ^ | OAI222XL  |  0.164 |   1.358 |    1.520 | 
     | u_visitor/count_reg[4] |             | SDFFRHQX2 |  0.000 |   1.358 |    1.520 | 
     +--------------------------------------------------------------------------------+ 
     Clock Rise Edge                      0.000
     = Beginpoint Arrival Time            0.000
     Other End Path:
     +--------------------------------------------------------------------------+ 
     |        Instance        |  Arc  |   Cell    | Retime | Arrival | Required | 
     |                        |       |           |  Delay |  Time   |   Time   | 
     |------------------------+-------+-----------+--------+---------+----------| 
     |                        | clk ^ |           |        |   0.000 |   -0.162 | 
     | u_visitor/count_reg[4] |       | SDFFRHQX2 |  0.000 |   0.000 |   -0.162 | 
     +--------------------------------------------------------------------------+ 
Path 16: MET Setup Check with Pin u_visitor/count_reg[3]/CK 
Endpoint:   u_visitor/count_reg[3]/D (^) checked with  leading edge of 'clk'
Beginpoint: u_visitor/count_reg[7]/Q (^) triggered by  leading edge of 'clk'
Path Groups: {clk}
Analysis View: view1
Retime Analysis { Data Path-Slew }
Other End Arrival Time          0.000
- Setup                         0.262
+ Phase Shift                   1.800
= Required Time                 1.538
- Arrival Time                  1.346
= Slack Time                    0.193
= Slack Time(original)          0.135
     Clock Rise Edge                      0.000
     = Beginpoint Arrival Time            0.000
     Timing Path:
     +--------------------------------------------------------------------------------+ 
     |        Instance        |     Arc     |   Cell    | Retime | Arrival | Required | 
     |                        |             |           |  Delay |  Time   |   Time   | 
     |------------------------+-------------+-----------+--------+---------+----------| 
     |                        | clk ^       |           |        |   0.000 |    0.193 | 
     | u_visitor/count_reg[7] |             | SDFFRHQX1 |  0.000 |   0.000 |    0.193 | 
     | u_visitor/count_reg[7] | CK ^ -> Q ^ | SDFFRHQX1 |  0.393 |   0.393 |    0.586 | 
     | u_visitor/g1098        |             | NAND2XL   |  0.000 |   0.393 |    0.586 | 
     | u_visitor/g1098        | B ^ -> Y v  | NAND2XL   |  0.099 |   0.492 |    0.685 | 
     | u_visitor/g1085        |             | NOR3X1    |  0.000 |   0.492 |    0.685 | 
     | u_visitor/g1085        | A v -> Y ^  | NOR3X1    |  0.115 |   0.607 |    0.800 | 
     | u_visitor/g1082        |             | NAND2XL   |  0.000 |   0.607 |    0.800 | 
     | u_visitor/g1082        | B ^ -> Y v  | NAND2XL   |  0.094 |   0.702 |    0.894 | 
     | u_visitor/g1080        |             | NAND3BX1  |  0.000 |   0.702 |    0.894 | 
     | u_visitor/g1080        | C v -> Y ^  | NAND3BX1  |  0.141 |   0.842 |    1.035 | 
     | u_visitor/g1078        |             | CLKINVX1  |  0.000 |   0.842 |    1.035 | 
     | u_visitor/g1078        | A ^ -> Y v  | CLKINVX1  |  0.089 |   0.932 |    1.124 | 
     | u_visitor/g1075        |             | NOR2X1    |  0.000 |   0.932 |    1.124 | 
     | u_visitor/g1075        | B v -> Y ^  | NOR2X1    |  0.165 |   1.097 |    1.289 | 
     | u_visitor/g1073        |             | CLKINVX1  |  0.000 |   1.097 |    1.289 | 
     | u_visitor/g1073        | A ^ -> Y v  | CLKINVX1  |  0.097 |   1.194 |    1.387 | 
     | u_visitor/g1062        |             | OAI222XL  |  0.000 |   1.194 |    1.387 | 
     | u_visitor/g1062        | B1 v -> Y ^ | OAI222XL  |  0.152 |   1.346 |    1.538 | 
     | u_visitor/count_reg[3] |             | SDFFRHQX2 |  0.000 |   1.346 |    1.538 | 
     +--------------------------------------------------------------------------------+ 
     Clock Rise Edge                      0.000
     = Beginpoint Arrival Time            0.000
     Other End Path:
     +--------------------------------------------------------------------------+ 
     |        Instance        |  Arc  |   Cell    | Retime | Arrival | Required | 
     |                        |       |           |  Delay |  Time   |   Time   | 
     |------------------------+-------+-----------+--------+---------+----------| 
     |                        | clk ^ |           |        |   0.000 |   -0.193 | 
     | u_visitor/count_reg[3] |       | SDFFRHQX2 |  0.000 |   0.000 |   -0.193 | 
     +--------------------------------------------------------------------------+ 
Path 17: MET Setup Check with Pin u_visitor/count_reg[2]/CK 
Endpoint:   u_visitor/count_reg[2]/D (^) checked with  leading edge of 'clk'
Beginpoint: u_visitor/count_reg[7]/Q (^) triggered by  leading edge of 'clk'
Path Groups: {clk}
Analysis View: view1
Retime Analysis { Data Path-Slew }
Other End Arrival Time          0.000
- Setup                         0.262
+ Phase Shift                   1.800
= Required Time                 1.538
- Arrival Time                  1.346
= Slack Time                    0.193
= Slack Time(original)          0.135
     Clock Rise Edge                      0.000
     = Beginpoint Arrival Time            0.000
     Timing Path:
     +--------------------------------------------------------------------------------+ 
     |        Instance        |     Arc     |   Cell    | Retime | Arrival | Required | 
     |                        |             |           |  Delay |  Time   |   Time   | 
     |------------------------+-------------+-----------+--------+---------+----------| 
     |                        | clk ^       |           |        |   0.000 |    0.193 | 
     | u_visitor/count_reg[7] |             | SDFFRHQX1 |  0.000 |   0.000 |    0.193 | 
     | u_visitor/count_reg[7] | CK ^ -> Q ^ | SDFFRHQX1 |  0.393 |   0.393 |    0.586 | 
     | u_visitor/g1098        |             | NAND2XL   |  0.000 |   0.393 |    0.586 | 
     | u_visitor/g1098        | B ^ -> Y v  | NAND2XL   |  0.099 |   0.492 |    0.685 | 
     | u_visitor/g1085        |             | NOR3X1    |  0.000 |   0.492 |    0.685 | 
     | u_visitor/g1085        | A v -> Y ^  | NOR3X1    |  0.115 |   0.607 |    0.800 | 
     | u_visitor/g1082        |             | NAND2XL   |  0.000 |   0.607 |    0.800 | 
     | u_visitor/g1082        | B ^ -> Y v  | NAND2XL   |  0.094 |   0.702 |    0.894 | 
     | u_visitor/g1080        |             | NAND3BX1  |  0.000 |   0.702 |    0.894 | 
     | u_visitor/g1080        | C v -> Y ^  | NAND3BX1  |  0.141 |   0.842 |    1.035 | 
     | u_visitor/g1078        |             | CLKINVX1  |  0.000 |   0.842 |    1.035 | 
     | u_visitor/g1078        | A ^ -> Y v  | CLKINVX1  |  0.089 |   0.932 |    1.124 | 
     | u_visitor/g1075        |             | NOR2X1    |  0.000 |   0.932 |    1.124 | 
     | u_visitor/g1075        | B v -> Y ^  | NOR2X1    |  0.165 |   1.097 |    1.289 | 
     | u_visitor/g1073        |             | CLKINVX1  |  0.000 |   1.097 |    1.289 | 
     | u_visitor/g1073        | A ^ -> Y v  | CLKINVX1  |  0.097 |   1.194 |    1.387 | 
     | u_visitor/g1063        |             | OAI222XL  |  0.000 |   1.194 |    1.387 | 
     | u_visitor/g1063        | B1 v -> Y ^ | OAI222XL  |  0.152 |   1.346 |    1.538 | 
     | u_visitor/count_reg[2] |             | SDFFRHQX2 |  0.000 |   1.346 |    1.538 | 
     +--------------------------------------------------------------------------------+ 
     Clock Rise Edge                      0.000
     = Beginpoint Arrival Time            0.000
     Other End Path:
     +--------------------------------------------------------------------------+ 
     |        Instance        |  Arc  |   Cell    | Retime | Arrival | Required | 
     |                        |       |           |  Delay |  Time   |   Time   | 
     |------------------------+-------+-----------+--------+---------+----------| 
     |                        | clk ^ |           |        |   0.000 |   -0.193 | 
     | u_visitor/count_reg[2] |       | SDFFRHQX2 |  0.000 |   0.000 |   -0.193 | 
     +--------------------------------------------------------------------------+ 
Path 18: MET Setup Check with Pin u_visitor/count_reg[4]/CK 
Endpoint:   u_visitor/count_reg[4]/D (^) checked with  leading edge of 'clk'
Beginpoint: u_visitor/count_reg[7]/Q (^) triggered by  leading edge of 'clk'
Path Groups: {clk}
Analysis View: view1
Retime Analysis { Data Path-Slew }
Other End Arrival Time          0.000
- Setup                         0.262
+ Phase Shift                   1.800
= Required Time                 1.538
- Arrival Time                  1.346
= Slack Time                    0.193
= Slack Time(original)          0.135
     Clock Rise Edge                      0.000
     = Beginpoint Arrival Time            0.000
     Timing Path:
     +--------------------------------------------------------------------------------+ 
     |        Instance        |     Arc     |   Cell    | Retime | Arrival | Required | 
     |                        |             |           |  Delay |  Time   |   Time   | 
     |------------------------+-------------+-----------+--------+---------+----------| 
     |                        | clk ^       |           |        |   0.000 |    0.193 | 
     | u_visitor/count_reg[7] |             | SDFFRHQX1 |  0.000 |   0.000 |    0.193 | 
     | u_visitor/count_reg[7] | CK ^ -> Q ^ | SDFFRHQX1 |  0.393 |   0.393 |    0.586 | 
     | u_visitor/g1098        |             | NAND2XL   |  0.000 |   0.393 |    0.586 | 
     | u_visitor/g1098        | B ^ -> Y v  | NAND2XL   |  0.099 |   0.492 |    0.685 | 
     | u_visitor/g1085        |             | NOR3X1    |  0.000 |   0.492 |    0.685 | 
     | u_visitor/g1085        | A v -> Y ^  | NOR3X1    |  0.115 |   0.607 |    0.800 | 
     | u_visitor/g1082        |             | NAND2XL   |  0.000 |   0.607 |    0.800 | 
     | u_visitor/g1082        | B ^ -> Y v  | NAND2XL   |  0.094 |   0.702 |    0.894 | 
     | u_visitor/g1080        |             | NAND3BX1  |  0.000 |   0.702 |    0.894 | 
     | u_visitor/g1080        | C v -> Y ^  | NAND3BX1  |  0.141 |   0.842 |    1.035 | 
     | u_visitor/g1078        |             | CLKINVX1  |  0.000 |   0.842 |    1.035 | 
     | u_visitor/g1078        | A ^ -> Y v  | CLKINVX1  |  0.089 |   0.932 |    1.124 | 
     | u_visitor/g1075        |             | NOR2X1    |  0.000 |   0.932 |    1.124 | 
     | u_visitor/g1075        | B v -> Y ^  | NOR2X1    |  0.165 |   1.097 |    1.289 | 
     | u_visitor/g1073        |             | CLKINVX1  |  0.000 |   1.097 |    1.289 | 
     | u_visitor/g1073        | A ^ -> Y v  | CLKINVX1  |  0.097 |   1.194 |    1.387 | 
     | u_visitor/g1054        |             | OAI222XL  |  0.000 |   1.194 |    1.387 | 
     | u_visitor/g1054        | B1 v -> Y ^ | OAI222XL  |  0.152 |   1.346 |    1.538 | 
     | u_visitor/count_reg[4] |             | SDFFRHQX2 |  0.000 |   1.346 |    1.538 | 
     +--------------------------------------------------------------------------------+ 
     Clock Rise Edge                      0.000
     = Beginpoint Arrival Time            0.000
     Other End Path:
     +--------------------------------------------------------------------------+ 
     |        Instance        |  Arc  |   Cell    | Retime | Arrival | Required | 
     |                        |       |           |  Delay |  Time   |   Time   | 
     |------------------------+-------+-----------+--------+---------+----------| 
     |                        | clk ^ |           |        |   0.000 |   -0.193 | 
     | u_visitor/count_reg[4] |       | SDFFRHQX2 |  0.000 |   0.000 |   -0.193 | 
     +--------------------------------------------------------------------------+ 
Path 19: MET Setup Check with Pin u_temp_ctrl/cooler_on_reg/CK 
Endpoint:   u_temp_ctrl/cooler_on_reg/D (v) checked with  leading edge of 'clk'
Beginpoint: temp_setpoint_r_reg[3]/Q    (v) triggered by  leading edge of 'clk'
Path Groups: {clk}
Analysis View: view1
Retime Analysis { Data Path-Slew }
Other End Arrival Time          0.000
- Setup                         0.209
+ Phase Shift                   1.800
= Required Time                 1.591
- Arrival Time                  1.436
= Slack Time                    0.155
= Slack Time(original)          0.138
     Clock Rise Edge                      0.000
     = Beginpoint Arrival Time            0.000
     Timing Path:
     +-----------------------------------------------------------------------------------+ 
     |         Instance          |     Arc     |   Cell    | Retime | Arrival | Required | 
     |                           |             |           |  Delay |  Time   |   Time   | 
     |---------------------------+-------------+-----------+--------+---------+----------| 
     |                           | clk ^       |           |        |   0.000 |    0.155 | 
     | temp_setpoint_r_reg[3]    |             | SDFFRHQX4 |  0.000 |   0.000 |    0.155 | 
     | temp_setpoint_r_reg[3]    | CK ^ -> Q v | SDFFRHQX4 |  0.390 |   0.390 |    0.546 | 
     | u_temp_ctrl/g1710         |             | NOR2X2    |  0.000 |   0.390 |    0.546 | 
     | u_temp_ctrl/g1710         | A v -> Y ^  | NOR2X2    |  0.070 |   0.461 |    0.616 | 
     | u_temp_ctrl/g1707         |             | CLKAND2X3 |  0.000 |   0.461 |    0.616 | 
     | u_temp_ctrl/g1707         | B ^ -> Y ^  | CLKAND2X3 |  0.119 |   0.580 |    0.735 | 
     | u_temp_ctrl/g1703         |             | CLKINVX2  |  0.000 |   0.580 |    0.735 | 
     | u_temp_ctrl/g1703         | A ^ -> Y v  | CLKINVX2  |  0.043 |   0.623 |    0.778 | 
     | u_temp_ctrl/g1669         |             | NOR3X1    |  0.000 |   0.623 |    0.778 | 
     | u_temp_ctrl/g1669         | C v -> Y ^  | NOR3X1    |  0.143 |   0.766 |    0.921 | 
     | u_temp_ctrl/g1663         |             | AOI21X1   |  0.000 |   0.766 |    0.921 | 
     | u_temp_ctrl/g1663         | B0 ^ -> Y v | AOI21X1   |  0.074 |   0.839 |    0.995 | 
     | u_temp_ctrl/g1651         |             | NOR2XL    |  0.000 |   0.839 |    0.995 | 
     | u_temp_ctrl/g1651         | B v -> Y ^  | NOR2XL    |  0.108 |   0.948 |    1.103 | 
     | u_temp_ctrl/g1643         |             | AOI211X1  |  0.000 |   0.948 |    1.103 | 
     | u_temp_ctrl/g1643         | C0 ^ -> Y v | AOI211X1  |  0.047 |   0.995 |    1.150 | 
     | u_temp_ctrl/g1637         |             | NAND2XL   |  0.000 |   0.995 |    1.150 | 
     | u_temp_ctrl/g1637         | A v -> Y ^  | NAND2XL   |  0.067 |   1.062 |    1.217 | 
     | u_temp_ctrl/g1634         |             | NAND3X1   |  0.000 |   1.062 |    1.217 | 
     | u_temp_ctrl/g1634         | C ^ -> Y v  | NAND3X1   |  0.189 |   1.250 |    1.405 | 
     | u_temp_ctrl/g1632         |             | NAND2XL   |  0.000 |   1.250 |    1.405 | 
     | u_temp_ctrl/g1632         | B v -> Y ^  | NAND2XL   |  0.110 |   1.360 |    1.515 | 
     | u_temp_ctrl/g1631         |             | OAI21X1   |  0.000 |   1.360 |    1.515 | 
     | u_temp_ctrl/g1631         | B0 ^ -> Y v | OAI21X1   |  0.075 |   1.436 |    1.591 | 
     | u_temp_ctrl/cooler_on_reg |             | SDFFRXL   |  0.000 |   1.436 |    1.591 | 
     +-----------------------------------------------------------------------------------+ 
     Clock Rise Edge                      0.000
     = Beginpoint Arrival Time            0.000
     Other End Path:
     +---------------------------------------------------------------------------+ 
     |         Instance          |  Arc  |  Cell   | Retime | Arrival | Required | 
     |                           |       |         |  Delay |  Time   |   Time   | 
     |---------------------------+-------+---------+--------+---------+----------| 
     |                           | clk ^ |         |        |   0.000 |   -0.155 | 
     | u_temp_ctrl/cooler_on_reg |       | SDFFRXL |  0.000 |   0.000 |   -0.155 | 
     +---------------------------------------------------------------------------+ 
Path 20: MET Setup Check with Pin u_temp_ctrl/cooler_on_reg/CK 
Endpoint:   u_temp_ctrl/cooler_on_reg/D (v) checked with  leading edge of 'clk'
Beginpoint: temp_setpoint_r_reg[3]/Q    (v) triggered by  leading edge of 'clk'
Path Groups: {clk}
Analysis View: view1
Retime Analysis { Data Path-Slew }
Other End Arrival Time          0.000
- Setup                         0.209
+ Phase Shift                   1.800
= Required Time                 1.591
- Arrival Time                  1.431
= Slack Time                    0.160
= Slack Time(original)          0.138
     Clock Rise Edge                      0.000
     = Beginpoint Arrival Time            0.000
     Timing Path:
     +-----------------------------------------------------------------------------------+ 
     |         Instance          |     Arc     |   Cell    | Retime | Arrival | Required | 
     |                           |             |           |  Delay |  Time   |   Time   | 
     |---------------------------+-------------+-----------+--------+---------+----------| 
     |                           | clk ^       |           |        |   0.000 |    0.160 | 
     | temp_setpoint_r_reg[3]    |             | SDFFRHQX4 |  0.000 |   0.000 |    0.160 | 
     | temp_setpoint_r_reg[3]    | CK ^ -> Q v | SDFFRHQX4 |  0.390 |   0.390 |    0.550 | 
     | u_temp_ctrl/g1710         |             | NOR2X2    |  0.000 |   0.390 |    0.550 | 
     | u_temp_ctrl/g1710         | A v -> Y ^  | NOR2X2    |  0.070 |   0.461 |    0.621 | 
     | u_temp_ctrl/g1707         |             | CLKAND2X3 |  0.000 |   0.461 |    0.621 | 
     | u_temp_ctrl/g1707         | B ^ -> Y ^  | CLKAND2X3 |  0.119 |   0.580 |    0.740 | 
     | u_temp_ctrl/g1703         |             | CLKINVX2  |  0.000 |   0.580 |    0.740 | 
     | u_temp_ctrl/g1703         | A ^ -> Y v  | CLKINVX2  |  0.043 |   0.623 |    0.783 | 
     | u_temp_ctrl/g1669         |             | NOR3X1    |  0.000 |   0.623 |    0.783 | 
     | u_temp_ctrl/g1669         | C v -> Y ^  | NOR3X1    |  0.143 |   0.766 |    0.926 | 
     | u_temp_ctrl/g1663         |             | AOI21X1   |  0.000 |   0.766 |    0.926 | 
     | u_temp_ctrl/g1663         | B0 ^ -> Y v | AOI21X1   |  0.071 |   0.837 |    0.997 | 
     | u_temp_ctrl/g1651         |             | NOR2XL    |  0.000 |   0.837 |    0.997 | 
     | u_temp_ctrl/g1651         | B v -> Y ^  | NOR2XL    |  0.106 |   0.943 |    1.103 | 
     | u_temp_ctrl/g1643         |             | AOI211X1  |  0.000 |   0.943 |    1.103 | 
     | u_temp_ctrl/g1643         | C0 ^ -> Y v | AOI211X1  |  0.047 |   0.990 |    1.150 | 
     | u_temp_ctrl/g1637         |             | NAND2XL   |  0.000 |   0.990 |    1.150 | 
     | u_temp_ctrl/g1637         | A v -> Y ^  | NAND2XL   |  0.067 |   1.057 |    1.217 | 
     | u_temp_ctrl/g1634         |             | NAND3X1   |  0.000 |   1.057 |    1.217 | 
     | u_temp_ctrl/g1634         | C ^ -> Y v  | NAND3X1   |  0.189 |   1.245 |    1.405 | 
     | u_temp_ctrl/g1632         |             | NAND2XL   |  0.000 |   1.245 |    1.405 | 
     | u_temp_ctrl/g1632         | B v -> Y ^  | NAND2XL   |  0.110 |   1.355 |    1.515 | 
     | u_temp_ctrl/g1631         |             | OAI21X1   |  0.000 |   1.355 |    1.515 | 
     | u_temp_ctrl/g1631         | B0 ^ -> Y v | OAI21X1   |  0.075 |   1.431 |    1.591 | 
     | u_temp_ctrl/cooler_on_reg |             | SDFFRXL   |  0.000 |   1.431 |    1.591 | 
     +-----------------------------------------------------------------------------------+ 
     Clock Rise Edge                      0.000
     = Beginpoint Arrival Time            0.000
     Other End Path:
     +---------------------------------------------------------------------------+ 
     |         Instance          |  Arc  |  Cell   | Retime | Arrival | Required | 
     |                           |       |         |  Delay |  Time   |   Time   | 
     |---------------------------+-------+---------+--------+---------+----------| 
     |                           | clk ^ |         |        |   0.000 |   -0.160 | 
     | u_temp_ctrl/cooler_on_reg |       | SDFFRXL |  0.000 |   0.000 |   -0.160 | 
     +---------------------------------------------------------------------------+ 
Path 21: MET Setup Check with Pin u_temp_ctrl/cooler_on_reg/CK 
Endpoint:   u_temp_ctrl/cooler_on_reg/D (v) checked with  leading edge of 'clk'
Beginpoint: temp_setpoint_r_reg[3]/Q    (v) triggered by  leading edge of 'clk'
Path Groups: {clk}
Analysis View: view1
Retime Analysis { Data Path-Slew }
Other End Arrival Time          0.000
- Setup                         0.209
+ Phase Shift                   1.800
= Required Time                 1.591
- Arrival Time                  1.431
= Slack Time                    0.160
= Slack Time(original)          0.138
     Clock Rise Edge                      0.000
     = Beginpoint Arrival Time            0.000
     Timing Path:
     +-----------------------------------------------------------------------------------+ 
     |         Instance          |     Arc     |   Cell    | Retime | Arrival | Required | 
     |                           |             |           |  Delay |  Time   |   Time   | 
     |---------------------------+-------------+-----------+--------+---------+----------| 
     |                           | clk ^       |           |        |   0.000 |    0.160 | 
     | temp_setpoint_r_reg[3]    |             | SDFFRHQX4 |  0.000 |   0.000 |    0.160 | 
     | temp_setpoint_r_reg[3]    | CK ^ -> Q v | SDFFRHQX4 |  0.390 |   0.390 |    0.551 | 
     | u_temp_ctrl/g1710         |             | NOR2X2    |  0.000 |   0.390 |    0.551 | 
     | u_temp_ctrl/g1710         | A v -> Y ^  | NOR2X2    |  0.070 |   0.461 |    0.621 | 
     | u_temp_ctrl/g1707         |             | CLKAND2X3 |  0.000 |   0.461 |    0.621 | 
     | u_temp_ctrl/g1707         | B ^ -> Y ^  | CLKAND2X3 |  0.119 |   0.580 |    0.740 | 
     | u_temp_ctrl/g1703         |             | CLKINVX2  |  0.000 |   0.580 |    0.740 | 
     | u_temp_ctrl/g1703         | A ^ -> Y v  | CLKINVX2  |  0.043 |   0.623 |    0.783 | 
     | u_temp_ctrl/g1669         |             | NOR3X1    |  0.000 |   0.623 |    0.783 | 
     | u_temp_ctrl/g1669         | C v -> Y ^  | NOR3X1    |  0.143 |   0.766 |    0.926 | 
     | u_temp_ctrl/g1663         |             | AOI21X1   |  0.000 |   0.766 |    0.926 | 
     | u_temp_ctrl/g1663         | B0 ^ -> Y v | AOI21X1   |  0.074 |   0.839 |    1.000 | 
     | u_temp_ctrl/g1651         |             | NOR2XL    |  0.000 |   0.839 |    1.000 | 
     | u_temp_ctrl/g1651         | B v -> Y ^  | NOR2XL    |  0.108 |   0.948 |    1.108 | 
     | u_temp_ctrl/g1643         |             | AOI211X1  |  0.000 |   0.948 |    1.108 | 
     | u_temp_ctrl/g1643         | C0 ^ -> Y v | AOI211X1  |  0.045 |   0.993 |    1.153 | 
     | u_temp_ctrl/g1637         |             | NAND2XL   |  0.000 |   0.993 |    1.153 | 
     | u_temp_ctrl/g1637         | A v -> Y ^  | NAND2XL   |  0.064 |   1.057 |    1.217 | 
     | u_temp_ctrl/g1634         |             | NAND3X1   |  0.000 |   1.057 |    1.217 | 
     | u_temp_ctrl/g1634         | C ^ -> Y v  | NAND3X1   |  0.188 |   1.245 |    1.405 | 
     | u_temp_ctrl/g1632         |             | NAND2XL   |  0.000 |   1.245 |    1.405 | 
     | u_temp_ctrl/g1632         | B v -> Y ^  | NAND2XL   |  0.110 |   1.355 |    1.515 | 
     | u_temp_ctrl/g1631         |             | OAI21X1   |  0.000 |   1.355 |    1.515 | 
     | u_temp_ctrl/g1631         | B0 ^ -> Y v | OAI21X1   |  0.075 |   1.431 |    1.591 | 
     | u_temp_ctrl/cooler_on_reg |             | SDFFRXL   |  0.000 |   1.431 |    1.591 | 
     +-----------------------------------------------------------------------------------+ 
     Clock Rise Edge                      0.000
     = Beginpoint Arrival Time            0.000
     Other End Path:
     +---------------------------------------------------------------------------+ 
     |         Instance          |  Arc  |  Cell   | Retime | Arrival | Required | 
     |                           |       |         |  Delay |  Time   |   Time   | 
     |---------------------------+-------+---------+--------+---------+----------| 
     |                           | clk ^ |         |        |   0.000 |   -0.160 | 
     | u_temp_ctrl/cooler_on_reg |       | SDFFRXL |  0.000 |   0.000 |   -0.160 | 
     +---------------------------------------------------------------------------+ 
Path 22: MET Setup Check with Pin u_temp_ctrl/cooler_on_reg/CK 
Endpoint:   u_temp_ctrl/cooler_on_reg/D (v) checked with  leading edge of 'clk'
Beginpoint: temp_setpoint_r_reg[3]/Q    (v) triggered by  leading edge of 'clk'
Path Groups: {clk}
Analysis View: view1
Retime Analysis { Data Path-Slew }
Other End Arrival Time          0.000
- Setup                         0.179
+ Phase Shift                   1.800
= Required Time                 1.621
- Arrival Time                  1.413
= Slack Time                    0.208
= Slack Time(original)          0.138
     Clock Rise Edge                      0.000
     = Beginpoint Arrival Time            0.000
     Timing Path:
     +-----------------------------------------------------------------------------------+ 
     |         Instance          |     Arc     |   Cell    | Retime | Arrival | Required | 
     |                           |             |           |  Delay |  Time   |   Time   | 
     |---------------------------+-------------+-----------+--------+---------+----------| 
     |                           | clk ^       |           |        |   0.000 |    0.208 | 
     | temp_setpoint_r_reg[3]    |             | SDFFRHQX4 |  0.000 |   0.000 |    0.208 | 
     | temp_setpoint_r_reg[3]    | CK ^ -> Q v | SDFFRHQX4 |  0.390 |   0.390 |    0.598 | 
     | u_temp_ctrl/g1710         |             | NOR2X2    |  0.000 |   0.390 |    0.598 | 
     | u_temp_ctrl/g1710         | A v -> Y ^  | NOR2X2    |  0.070 |   0.461 |    0.669 | 
     | u_temp_ctrl/g1707         |             | CLKAND2X3 |  0.000 |   0.461 |    0.669 | 
     | u_temp_ctrl/g1707         | B ^ -> Y ^  | CLKAND2X3 |  0.119 |   0.580 |    0.788 | 
     | u_temp_ctrl/g1703         |             | CLKINVX2  |  0.000 |   0.580 |    0.788 | 
     | u_temp_ctrl/g1703         | A ^ -> Y v  | CLKINVX2  |  0.043 |   0.623 |    0.831 | 
     | u_temp_ctrl/g1669         |             | NOR3X1    |  0.000 |   0.623 |    0.831 | 
     | u_temp_ctrl/g1669         | C v -> Y ^  | NOR3X1    |  0.143 |   0.766 |    0.974 | 
     | u_temp_ctrl/g1663         |             | AOI21X1   |  0.000 |   0.766 |    0.974 | 
     | u_temp_ctrl/g1663         | B0 ^ -> Y v | AOI21X1   |  0.074 |   0.839 |    1.047 | 
     | u_temp_ctrl/g1651         |             | NOR2XL    |  0.000 |   0.839 |    1.047 | 
     | u_temp_ctrl/g1651         | B v -> Y ^  | NOR2XL    |  0.108 |   0.948 |    1.155 | 
     | u_temp_ctrl/g1643         |             | AOI211X1  |  0.000 |   0.948 |    1.155 | 
     | u_temp_ctrl/g1643         | C0 ^ -> Y v | AOI211X1  |  0.047 |   0.995 |    1.203 | 
     | u_temp_ctrl/g1637         |             | NAND2XL   |  0.000 |   0.995 |    1.203 | 
     | u_temp_ctrl/g1637         | A v -> Y ^  | NAND2XL   |  0.067 |   1.062 |    1.269 | 
     | u_temp_ctrl/g1634         |             | NAND3X1   |  0.000 |   1.062 |    1.269 | 
     | u_temp_ctrl/g1634         | C ^ -> Y v  | NAND3X1   |  0.189 |   1.250 |    1.458 | 
     | u_temp_ctrl/g1632         |             | NAND2XL   |  0.000 |   1.250 |    1.458 | 
     | u_temp_ctrl/g1632         | B v -> Y ^  | NAND2XL   |  0.110 |   1.360 |    1.568 | 
     | u_temp_ctrl/g1631         |             | OAI21X1   |  0.000 |   1.360 |    1.568 | 
     | u_temp_ctrl/g1631         | B0 ^ -> Y v | OAI21X1   |  0.053 |   1.413 |    1.621 | 
     | u_temp_ctrl/cooler_on_reg |             | SDFFRXL   |  0.000 |   1.413 |    1.621 | 
     +-----------------------------------------------------------------------------------+ 
     Clock Rise Edge                      0.000
     = Beginpoint Arrival Time            0.000
     Other End Path:
     +---------------------------------------------------------------------------+ 
     |         Instance          |  Arc  |  Cell   | Retime | Arrival | Required | 
     |                           |       |         |  Delay |  Time   |   Time   | 
     |---------------------------+-------+---------+--------+---------+----------| 
     |                           | clk ^ |         |        |   0.000 |   -0.208 | 
     | u_temp_ctrl/cooler_on_reg |       | SDFFRXL |  0.000 |   0.000 |   -0.208 | 
     +---------------------------------------------------------------------------+ 
Path 23: MET Setup Check with Pin u_temp_ctrl/cooler_on_reg/CK 
Endpoint:   u_temp_ctrl/cooler_on_reg/D (v) checked with  leading edge of 'clk'
Beginpoint: temp_setpoint_r_reg[3]/Q    (v) triggered by  leading edge of 'clk'
Path Groups: {clk}
Analysis View: view1
Retime Analysis { Data Path-Slew }
Other End Arrival Time          0.000
- Setup                         0.209
+ Phase Shift                   1.800
= Required Time                 1.591
- Arrival Time                  1.426
= Slack Time                    0.165
= Slack Time(original)          0.138
     Clock Rise Edge                      0.000
     = Beginpoint Arrival Time            0.000
     Timing Path:
     +-----------------------------------------------------------------------------------+ 
     |         Instance          |     Arc     |   Cell    | Retime | Arrival | Required | 
     |                           |             |           |  Delay |  Time   |   Time   | 
     |---------------------------+-------------+-----------+--------+---------+----------| 
     |                           | clk ^       |           |        |   0.000 |    0.165 | 
     | temp_setpoint_r_reg[3]    |             | SDFFRHQX4 |  0.000 |   0.000 |    0.165 | 
     | temp_setpoint_r_reg[3]    | CK ^ -> Q v | SDFFRHQX4 |  0.390 |   0.390 |    0.555 | 
     | u_temp_ctrl/g1710         |             | NOR2X2    |  0.000 |   0.390 |    0.555 | 
     | u_temp_ctrl/g1710         | A v -> Y ^  | NOR2X2    |  0.070 |   0.461 |    0.626 | 
     | u_temp_ctrl/g1707         |             | CLKAND2X3 |  0.000 |   0.461 |    0.626 | 
     | u_temp_ctrl/g1707         | B ^ -> Y ^  | CLKAND2X3 |  0.119 |   0.580 |    0.745 | 
     | u_temp_ctrl/g1703         |             | CLKINVX2  |  0.000 |   0.580 |    0.745 | 
     | u_temp_ctrl/g1703         | A ^ -> Y v  | CLKINVX2  |  0.043 |   0.623 |    0.788 | 
     | u_temp_ctrl/g1669         |             | NOR3X1    |  0.000 |   0.623 |    0.788 | 
     | u_temp_ctrl/g1669         | C v -> Y ^  | NOR3X1    |  0.143 |   0.766 |    0.931 | 
     | u_temp_ctrl/g1663         |             | AOI21X1   |  0.000 |   0.766 |    0.931 | 
     | u_temp_ctrl/g1663         | B0 ^ -> Y v | AOI21X1   |  0.071 |   0.837 |    1.002 | 
     | u_temp_ctrl/g1651         |             | NOR2XL    |  0.000 |   0.837 |    1.002 | 
     | u_temp_ctrl/g1651         | B v -> Y ^  | NOR2XL    |  0.106 |   0.943 |    1.108 | 
     | u_temp_ctrl/g1643         |             | AOI211X1  |  0.000 |   0.943 |    1.108 | 
     | u_temp_ctrl/g1643         | C0 ^ -> Y v | AOI211X1  |  0.045 |   0.988 |    1.153 | 
     | u_temp_ctrl/g1637         |             | NAND2XL   |  0.000 |   0.988 |    1.153 | 
     | u_temp_ctrl/g1637         | A v -> Y ^  | NAND2XL   |  0.064 |   1.052 |    1.217 | 
     | u_temp_ctrl/g1634         |             | NAND3X1   |  0.000 |   1.052 |    1.217 | 
     | u_temp_ctrl/g1634         | C ^ -> Y v  | NAND3X1   |  0.188 |   1.240 |    1.405 | 
     | u_temp_ctrl/g1632         |             | NAND2XL   |  0.000 |   1.240 |    1.405 | 
     | u_temp_ctrl/g1632         | B v -> Y ^  | NAND2XL   |  0.110 |   1.350 |    1.515 | 
     | u_temp_ctrl/g1631         |             | OAI21X1   |  0.000 |   1.350 |    1.515 | 
     | u_temp_ctrl/g1631         | B0 ^ -> Y v | OAI21X1   |  0.075 |   1.426 |    1.591 | 
     | u_temp_ctrl/cooler_on_reg |             | SDFFRXL   |  0.000 |   1.426 |    1.591 | 
     +-----------------------------------------------------------------------------------+ 
     Clock Rise Edge                      0.000
     = Beginpoint Arrival Time            0.000
     Other End Path:
     +---------------------------------------------------------------------------+ 
     |         Instance          |  Arc  |  Cell   | Retime | Arrival | Required | 
     |                           |       |         |  Delay |  Time   |   Time   | 
     |---------------------------+-------+---------+--------+---------+----------| 
     |                           | clk ^ |         |        |   0.000 |   -0.165 | 
     | u_temp_ctrl/cooler_on_reg |       | SDFFRXL |  0.000 |   0.000 |   -0.165 | 
     +---------------------------------------------------------------------------+ 
Path 24: MET Setup Check with Pin u_temp_ctrl/cooler_on_reg/CK 
Endpoint:   u_temp_ctrl/cooler_on_reg/D (v) checked with  leading edge of 'clk'
Beginpoint: temp_setpoint_r_reg[3]/Q    (v) triggered by  leading edge of 'clk'
Path Groups: {clk}
Analysis View: view1
Retime Analysis { Data Path-Slew }
Other End Arrival Time          0.000
- Setup                         0.179
+ Phase Shift                   1.800
= Required Time                 1.621
- Arrival Time                  1.408
= Slack Time                    0.213
= Slack Time(original)          0.138
     Clock Rise Edge                      0.000
     = Beginpoint Arrival Time            0.000
     Timing Path:
     +-----------------------------------------------------------------------------------+ 
     |         Instance          |     Arc     |   Cell    | Retime | Arrival | Required | 
     |                           |             |           |  Delay |  Time   |   Time   | 
     |---------------------------+-------------+-----------+--------+---------+----------| 
     |                           | clk ^       |           |        |   0.000 |    0.213 | 
     | temp_setpoint_r_reg[3]    |             | SDFFRHQX4 |  0.000 |   0.000 |    0.213 | 
     | temp_setpoint_r_reg[3]    | CK ^ -> Q v | SDFFRHQX4 |  0.390 |   0.390 |    0.603 | 
     | u_temp_ctrl/g1710         |             | NOR2X2    |  0.000 |   0.390 |    0.603 | 
     | u_temp_ctrl/g1710         | A v -> Y ^  | NOR2X2    |  0.070 |   0.461 |    0.673 | 
     | u_temp_ctrl/g1707         |             | CLKAND2X3 |  0.000 |   0.461 |    0.673 | 
     | u_temp_ctrl/g1707         | B ^ -> Y ^  | CLKAND2X3 |  0.119 |   0.580 |    0.793 | 
     | u_temp_ctrl/g1703         |             | CLKINVX2  |  0.000 |   0.580 |    0.793 | 
     | u_temp_ctrl/g1703         | A ^ -> Y v  | CLKINVX2  |  0.043 |   0.623 |    0.836 | 
     | u_temp_ctrl/g1669         |             | NOR3X1    |  0.000 |   0.623 |    0.836 | 
     | u_temp_ctrl/g1669         | C v -> Y ^  | NOR3X1    |  0.143 |   0.766 |    0.978 | 
     | u_temp_ctrl/g1663         |             | AOI21X1   |  0.000 |   0.766 |    0.978 | 
     | u_temp_ctrl/g1663         | B0 ^ -> Y v | AOI21X1   |  0.071 |   0.837 |    1.050 | 
     | u_temp_ctrl/g1651         |             | NOR2XL    |  0.000 |   0.837 |    1.050 | 
     | u_temp_ctrl/g1651         | B v -> Y ^  | NOR2XL    |  0.106 |   0.943 |    1.156 | 
     | u_temp_ctrl/g1643         |             | AOI211X1  |  0.000 |   0.943 |    1.156 | 
     | u_temp_ctrl/g1643         | C0 ^ -> Y v | AOI211X1  |  0.047 |   0.990 |    1.203 | 
     | u_temp_ctrl/g1637         |             | NAND2XL   |  0.000 |   0.990 |    1.203 | 
     | u_temp_ctrl/g1637         | A v -> Y ^  | NAND2XL   |  0.067 |   1.057 |    1.269 | 
     | u_temp_ctrl/g1634         |             | NAND3X1   |  0.000 |   1.057 |    1.269 | 
     | u_temp_ctrl/g1634         | C ^ -> Y v  | NAND3X1   |  0.189 |   1.245 |    1.458 | 
     | u_temp_ctrl/g1632         |             | NAND2XL   |  0.000 |   1.245 |    1.458 | 
     | u_temp_ctrl/g1632         | B v -> Y ^  | NAND2XL   |  0.110 |   1.355 |    1.568 | 
     | u_temp_ctrl/g1631         |             | OAI21X1   |  0.000 |   1.355 |    1.568 | 
     | u_temp_ctrl/g1631         | B0 ^ -> Y v | OAI21X1   |  0.053 |   1.408 |    1.621 | 
     | u_temp_ctrl/cooler_on_reg |             | SDFFRXL   |  0.000 |   1.408 |    1.621 | 
     +-----------------------------------------------------------------------------------+ 
     Clock Rise Edge                      0.000
     = Beginpoint Arrival Time            0.000
     Other End Path:
     +---------------------------------------------------------------------------+ 
     |         Instance          |  Arc  |  Cell   | Retime | Arrival | Required | 
     |                           |       |         |  Delay |  Time   |   Time   | 
     |---------------------------+-------+---------+--------+---------+----------| 
     |                           | clk ^ |         |        |   0.000 |   -0.213 | 
     | u_temp_ctrl/cooler_on_reg |       | SDFFRXL |  0.000 |   0.000 |   -0.213 | 
     +---------------------------------------------------------------------------+ 
Path 25: MET Setup Check with Pin u_temp_ctrl/cooler_on_reg/CK 
Endpoint:   u_temp_ctrl/cooler_on_reg/D (v) checked with  leading edge of 'clk'
Beginpoint: temp_setpoint_r_reg[3]/Q    (v) triggered by  leading edge of 'clk'
Path Groups: {clk}
Analysis View: view1
Retime Analysis { Data Path-Slew }
Other End Arrival Time          0.000
- Setup                         0.179
+ Phase Shift                   1.800
= Required Time                 1.621
- Arrival Time                  1.408
= Slack Time                    0.213
= Slack Time(original)          0.138
     Clock Rise Edge                      0.000
     = Beginpoint Arrival Time            0.000
     Timing Path:
     +-----------------------------------------------------------------------------------+ 
     |         Instance          |     Arc     |   Cell    | Retime | Arrival | Required | 
     |                           |             |           |  Delay |  Time   |   Time   | 
     |---------------------------+-------------+-----------+--------+---------+----------| 
     |                           | clk ^       |           |        |   0.000 |    0.213 | 
     | temp_setpoint_r_reg[3]    |             | SDFFRHQX4 |  0.000 |   0.000 |    0.213 | 
     | temp_setpoint_r_reg[3]    | CK ^ -> Q v | SDFFRHQX4 |  0.390 |   0.390 |    0.603 | 
     | u_temp_ctrl/g1710         |             | NOR2X2    |  0.000 |   0.390 |    0.603 | 
     | u_temp_ctrl/g1710         | A v -> Y ^  | NOR2X2    |  0.070 |   0.461 |    0.674 | 
     | u_temp_ctrl/g1707         |             | CLKAND2X3 |  0.000 |   0.461 |    0.674 | 
     | u_temp_ctrl/g1707         | B ^ -> Y ^  | CLKAND2X3 |  0.119 |   0.580 |    0.793 | 
     | u_temp_ctrl/g1703         |             | CLKINVX2  |  0.000 |   0.580 |    0.793 | 
     | u_temp_ctrl/g1703         | A ^ -> Y v  | CLKINVX2  |  0.043 |   0.623 |    0.836 | 
     | u_temp_ctrl/g1669         |             | NOR3X1    |  0.000 |   0.623 |    0.836 | 
     | u_temp_ctrl/g1669         | C v -> Y ^  | NOR3X1    |  0.143 |   0.766 |    0.979 | 
     | u_temp_ctrl/g1663         |             | AOI21X1   |  0.000 |   0.766 |    0.979 | 
     | u_temp_ctrl/g1663         | B0 ^ -> Y v | AOI21X1   |  0.074 |   0.839 |    1.052 | 
     | u_temp_ctrl/g1651         |             | NOR2XL    |  0.000 |   0.839 |    1.052 | 
     | u_temp_ctrl/g1651         | B v -> Y ^  | NOR2XL    |  0.108 |   0.948 |    1.160 | 
     | u_temp_ctrl/g1643         |             | AOI211X1  |  0.000 |   0.948 |    1.160 | 
     | u_temp_ctrl/g1643         | C0 ^ -> Y v | AOI211X1  |  0.045 |   0.993 |    1.205 | 
     | u_temp_ctrl/g1637         |             | NAND2XL   |  0.000 |   0.993 |    1.205 | 
     | u_temp_ctrl/g1637         | A v -> Y ^  | NAND2XL   |  0.064 |   1.057 |    1.270 | 
     | u_temp_ctrl/g1634         |             | NAND3X1   |  0.000 |   1.057 |    1.270 | 
     | u_temp_ctrl/g1634         | C ^ -> Y v  | NAND3X1   |  0.188 |   1.245 |    1.458 | 
     | u_temp_ctrl/g1632         |             | NAND2XL   |  0.000 |   1.245 |    1.458 | 
     | u_temp_ctrl/g1632         | B v -> Y ^  | NAND2XL   |  0.110 |   1.355 |    1.568 | 
     | u_temp_ctrl/g1631         |             | OAI21X1   |  0.000 |   1.355 |    1.568 | 
     | u_temp_ctrl/g1631         | B0 ^ -> Y v | OAI21X1   |  0.053 |   1.408 |    1.621 | 
     | u_temp_ctrl/cooler_on_reg |             | SDFFRXL   |  0.000 |   1.408 |    1.621 | 
     +-----------------------------------------------------------------------------------+ 
     Clock Rise Edge                      0.000
     = Beginpoint Arrival Time            0.000
     Other End Path:
     +---------------------------------------------------------------------------+ 
     |         Instance          |  Arc  |  Cell   | Retime | Arrival | Required | 
     |                           |       |         |  Delay |  Time   |   Time   | 
     |---------------------------+-------+---------+--------+---------+----------| 
     |                           | clk ^ |         |        |   0.000 |   -0.213 | 
     | u_temp_ctrl/cooler_on_reg |       | SDFFRXL |  0.000 |   0.000 |   -0.213 | 
     +---------------------------------------------------------------------------+ 
Path 26: MET Setup Check with Pin u_temp_ctrl/cooler_on_reg/CK 
Endpoint:   u_temp_ctrl/cooler_on_reg/D (v) checked with  leading edge of 'clk'
Beginpoint: temp_setpoint_r_reg[3]/Q    (v) triggered by  leading edge of 'clk'
Path Groups: {clk}
Analysis View: view1
Retime Analysis { Data Path-Slew }
Other End Arrival Time          0.000
- Setup                         0.179
+ Phase Shift                   1.800
= Required Time                 1.621
- Arrival Time                  1.403
= Slack Time                    0.218
= Slack Time(original)          0.138
     Clock Rise Edge                      0.000
     = Beginpoint Arrival Time            0.000
     Timing Path:
     +-----------------------------------------------------------------------------------+ 
     |         Instance          |     Arc     |   Cell    | Retime | Arrival | Required | 
     |                           |             |           |  Delay |  Time   |   Time   | 
     |---------------------------+-------------+-----------+--------+---------+----------| 
     |                           | clk ^       |           |        |   0.000 |    0.218 | 
     | temp_setpoint_r_reg[3]    |             | SDFFRHQX4 |  0.000 |   0.000 |    0.218 | 
     | temp_setpoint_r_reg[3]    | CK ^ -> Q v | SDFFRHQX4 |  0.390 |   0.390 |    0.608 | 
     | u_temp_ctrl/g1710         |             | NOR2X2    |  0.000 |   0.390 |    0.608 | 
     | u_temp_ctrl/g1710         | A v -> Y ^  | NOR2X2    |  0.070 |   0.461 |    0.678 | 
     | u_temp_ctrl/g1707         |             | CLKAND2X3 |  0.000 |   0.461 |    0.678 | 
     | u_temp_ctrl/g1707         | B ^ -> Y ^  | CLKAND2X3 |  0.119 |   0.580 |    0.798 | 
     | u_temp_ctrl/g1703         |             | CLKINVX2  |  0.000 |   0.580 |    0.798 | 
     | u_temp_ctrl/g1703         | A ^ -> Y v  | CLKINVX2  |  0.043 |   0.623 |    0.841 | 
     | u_temp_ctrl/g1669         |             | NOR3X1    |  0.000 |   0.623 |    0.841 | 
     | u_temp_ctrl/g1669         | C v -> Y ^  | NOR3X1    |  0.143 |   0.766 |    0.983 | 
     | u_temp_ctrl/g1663         |             | AOI21X1   |  0.000 |   0.766 |    0.983 | 
     | u_temp_ctrl/g1663         | B0 ^ -> Y v | AOI21X1   |  0.071 |   0.837 |    1.054 | 
     | u_temp_ctrl/g1651         |             | NOR2XL    |  0.000 |   0.837 |    1.054 | 
     | u_temp_ctrl/g1651         | B v -> Y ^  | NOR2XL    |  0.106 |   0.943 |    1.161 | 
     | u_temp_ctrl/g1643         |             | AOI211X1  |  0.000 |   0.943 |    1.161 | 
     | u_temp_ctrl/g1643         | C0 ^ -> Y v | AOI211X1  |  0.045 |   0.988 |    1.205 | 
     | u_temp_ctrl/g1637         |             | NAND2XL   |  0.000 |   0.988 |    1.205 | 
     | u_temp_ctrl/g1637         | A v -> Y ^  | NAND2XL   |  0.064 |   1.052 |    1.270 | 
     | u_temp_ctrl/g1634         |             | NAND3X1   |  0.000 |   1.052 |    1.270 | 
     | u_temp_ctrl/g1634         | C ^ -> Y v  | NAND3X1   |  0.188 |   1.240 |    1.458 | 
     | u_temp_ctrl/g1632         |             | NAND2XL   |  0.000 |   1.240 |    1.458 | 
     | u_temp_ctrl/g1632         | B v -> Y ^  | NAND2XL   |  0.110 |   1.350 |    1.568 | 
     | u_temp_ctrl/g1631         |             | OAI21X1   |  0.000 |   1.350 |    1.568 | 
     | u_temp_ctrl/g1631         | B0 ^ -> Y v | OAI21X1   |  0.053 |   1.403 |    1.621 | 
     | u_temp_ctrl/cooler_on_reg |             | SDFFRXL   |  0.000 |   1.403 |    1.621 | 
     +-----------------------------------------------------------------------------------+ 
     Clock Rise Edge                      0.000
     = Beginpoint Arrival Time            0.000
     Other End Path:
     +---------------------------------------------------------------------------+ 
     |         Instance          |  Arc  |  Cell   | Retime | Arrival | Required | 
     |                           |       |         |  Delay |  Time   |   Time   | 
     |---------------------------+-------+---------+--------+---------+----------| 
     |                           | clk ^ |         |        |   0.000 |   -0.218 | 
     | u_temp_ctrl/cooler_on_reg |       | SDFFRXL |  0.000 |   0.000 |   -0.218 | 
     +---------------------------------------------------------------------------+ 
Path 27: MET Setup Check with Pin u_temp_ctrl/cooler_on_reg/CK 
Endpoint:   u_temp_ctrl/cooler_on_reg/D (v) checked with  leading edge of 'clk'
Beginpoint: temp_setpoint_r_reg[2]/Q    (v) triggered by  leading edge of 'clk'
Path Groups: {clk}
Analysis View: view1
Retime Analysis { Data Path-Slew }
Other End Arrival Time          0.000
- Setup                         0.209
+ Phase Shift                   1.800
= Required Time                 1.591
- Arrival Time                  1.435
= Slack Time                    0.156
= Slack Time(original)          0.139
     Clock Rise Edge                      0.000
     = Beginpoint Arrival Time            0.000
     Timing Path:
     +-----------------------------------------------------------------------------------+ 
     |         Instance          |     Arc     |   Cell    | Retime | Arrival | Required | 
     |                           |             |           |  Delay |  Time   |   Time   | 
     |---------------------------+-------------+-----------+--------+---------+----------| 
     |                           | clk ^       |           |        |   0.000 |    0.156 | 
     | temp_setpoint_r_reg[2]    |             | SDFFRHQX4 |  0.000 |   0.000 |    0.156 | 
     | temp_setpoint_r_reg[2]    | CK ^ -> Q v | SDFFRHQX4 |  0.395 |   0.395 |    0.552 | 
     | u_temp_ctrl/g1710         |             | NOR2X2    |  0.000 |   0.395 |    0.552 | 
     | u_temp_ctrl/g1710         | B v -> Y ^  | NOR2X2    |  0.064 |   0.459 |    0.615 | 
     | u_temp_ctrl/g1707         |             | CLKAND2X3 |  0.000 |   0.459 |    0.615 | 
     | u_temp_ctrl/g1707         | B ^ -> Y ^  | CLKAND2X3 |  0.120 |   0.579 |    0.735 | 
     | u_temp_ctrl/g1703         |             | CLKINVX2  |  0.000 |   0.579 |    0.735 | 
     | u_temp_ctrl/g1703         | A ^ -> Y v  | CLKINVX2  |  0.043 |   0.622 |    0.778 | 
     | u_temp_ctrl/g1669         |             | NOR3X1    |  0.000 |   0.622 |    0.778 | 
     | u_temp_ctrl/g1669         | C v -> Y ^  | NOR3X1    |  0.143 |   0.765 |    0.921 | 
     | u_temp_ctrl/g1663         |             | AOI21X1   |  0.000 |   0.765 |    0.921 | 
     | u_temp_ctrl/g1663         | B0 ^ -> Y v | AOI21X1   |  0.074 |   0.838 |    0.995 | 
     | u_temp_ctrl/g1651         |             | NOR2XL    |  0.000 |   0.838 |    0.995 | 
     | u_temp_ctrl/g1651         | B v -> Y ^  | NOR2XL    |  0.108 |   0.946 |    1.103 | 
     | u_temp_ctrl/g1643         |             | AOI211X1  |  0.000 |   0.946 |    1.103 | 
     | u_temp_ctrl/g1643         | C0 ^ -> Y v | AOI211X1  |  0.047 |   0.994 |    1.150 | 
     | u_temp_ctrl/g1637         |             | NAND2XL   |  0.000 |   0.994 |    1.150 | 
     | u_temp_ctrl/g1637         | A v -> Y ^  | NAND2XL   |  0.067 |   1.061 |    1.217 | 
     | u_temp_ctrl/g1634         |             | NAND3X1   |  0.000 |   1.061 |    1.217 | 
     | u_temp_ctrl/g1634         | C ^ -> Y v  | NAND3X1   |  0.189 |   1.249 |    1.405 | 
     | u_temp_ctrl/g1632         |             | NAND2XL   |  0.000 |   1.249 |    1.405 | 
     | u_temp_ctrl/g1632         | B v -> Y ^  | NAND2XL   |  0.110 |   1.359 |    1.515 | 
     | u_temp_ctrl/g1631         |             | OAI21X1   |  0.000 |   1.359 |    1.515 | 
     | u_temp_ctrl/g1631         | B0 ^ -> Y v | OAI21X1   |  0.075 |   1.434 |    1.591 | 
     | u_temp_ctrl/cooler_on_reg |             | SDFFRXL   |  0.000 |   1.434 |    1.591 | 
     +-----------------------------------------------------------------------------------+ 
     Clock Rise Edge                      0.000
     = Beginpoint Arrival Time            0.000
     Other End Path:
     +---------------------------------------------------------------------------+ 
     |         Instance          |  Arc  |  Cell   | Retime | Arrival | Required | 
     |                           |       |         |  Delay |  Time   |   Time   | 
     |---------------------------+-------+---------+--------+---------+----------| 
     |                           | clk ^ |         |        |   0.000 |   -0.156 | 
     | u_temp_ctrl/cooler_on_reg |       | SDFFRXL |  0.000 |   0.000 |   -0.156 | 
     +---------------------------------------------------------------------------+ 
Path 28: MET Setup Check with Pin u_temp_ctrl/cooler_on_reg/CK 
Endpoint:   u_temp_ctrl/cooler_on_reg/D (v) checked with  leading edge of 'clk'
Beginpoint: temp_setpoint_r_reg[2]/Q    (v) triggered by  leading edge of 'clk'
Path Groups: {clk}
Analysis View: view1
Retime Analysis { Data Path-Slew }
Other End Arrival Time          0.000
- Setup                         0.209
+ Phase Shift                   1.800
= Required Time                 1.591
- Arrival Time                  1.430
= Slack Time                    0.161
= Slack Time(original)          0.140
     Clock Rise Edge                      0.000
     = Beginpoint Arrival Time            0.000
     Timing Path:
     +-----------------------------------------------------------------------------------+ 
     |         Instance          |     Arc     |   Cell    | Retime | Arrival | Required | 
     |                           |             |           |  Delay |  Time   |   Time   | 
     |---------------------------+-------------+-----------+--------+---------+----------| 
     |                           | clk ^       |           |        |   0.000 |    0.161 | 
     | temp_setpoint_r_reg[2]    |             | SDFFRHQX4 |  0.000 |   0.000 |    0.161 | 
     | temp_setpoint_r_reg[2]    | CK ^ -> Q v | SDFFRHQX4 |  0.395 |   0.395 |    0.557 | 
     | u_temp_ctrl/g1710         |             | NOR2X2    |  0.000 |   0.395 |    0.557 | 
     | u_temp_ctrl/g1710         | B v -> Y ^  | NOR2X2    |  0.064 |   0.459 |    0.620 | 
     | u_temp_ctrl/g1707         |             | CLKAND2X3 |  0.000 |   0.459 |    0.620 | 
     | u_temp_ctrl/g1707         | B ^ -> Y ^  | CLKAND2X3 |  0.120 |   0.579 |    0.740 | 
     | u_temp_ctrl/g1703         |             | CLKINVX2  |  0.000 |   0.579 |    0.740 | 
     | u_temp_ctrl/g1703         | A ^ -> Y v  | CLKINVX2  |  0.043 |   0.622 |    0.783 | 
     | u_temp_ctrl/g1669         |             | NOR3X1    |  0.000 |   0.622 |    0.783 | 
     | u_temp_ctrl/g1669         | C v -> Y ^  | NOR3X1    |  0.143 |   0.765 |    0.926 | 
     | u_temp_ctrl/g1663         |             | AOI21X1   |  0.000 |   0.765 |    0.926 | 
     | u_temp_ctrl/g1663         | B0 ^ -> Y v | AOI21X1   |  0.071 |   0.836 |    0.997 | 
     | u_temp_ctrl/g1651         |             | NOR2XL    |  0.000 |   0.836 |    0.997 | 
     | u_temp_ctrl/g1651         | B v -> Y ^  | NOR2XL    |  0.106 |   0.942 |    1.103 | 
     | u_temp_ctrl/g1643         |             | AOI211X1  |  0.000 |   0.942 |    1.103 | 
     | u_temp_ctrl/g1643         | C0 ^ -> Y v | AOI211X1  |  0.047 |   0.989 |    1.150 | 
     | u_temp_ctrl/g1637         |             | NAND2XL   |  0.000 |   0.989 |    1.150 | 
     | u_temp_ctrl/g1637         | A v -> Y ^  | NAND2XL   |  0.067 |   1.056 |    1.217 | 
     | u_temp_ctrl/g1634         |             | NAND3X1   |  0.000 |   1.056 |    1.217 | 
     | u_temp_ctrl/g1634         | C ^ -> Y v  | NAND3X1   |  0.189 |   1.244 |    1.405 | 
     | u_temp_ctrl/g1632         |             | NAND2XL   |  0.000 |   1.244 |    1.405 | 
     | u_temp_ctrl/g1632         | B v -> Y ^  | NAND2XL   |  0.110 |   1.354 |    1.515 | 
     | u_temp_ctrl/g1631         |             | OAI21X1   |  0.000 |   1.354 |    1.515 | 
     | u_temp_ctrl/g1631         | B0 ^ -> Y v | OAI21X1   |  0.075 |   1.430 |    1.591 | 
     | u_temp_ctrl/cooler_on_reg |             | SDFFRXL   |  0.000 |   1.430 |    1.591 | 
     +-----------------------------------------------------------------------------------+ 
     Clock Rise Edge                      0.000
     = Beginpoint Arrival Time            0.000
     Other End Path:
     +---------------------------------------------------------------------------+ 
     |         Instance          |  Arc  |  Cell   | Retime | Arrival | Required | 
     |                           |       |         |  Delay |  Time   |   Time   | 
     |---------------------------+-------+---------+--------+---------+----------| 
     |                           | clk ^ |         |        |   0.000 |   -0.161 | 
     | u_temp_ctrl/cooler_on_reg |       | SDFFRXL |  0.000 |   0.000 |   -0.161 | 
     +---------------------------------------------------------------------------+ 
Path 29: MET Setup Check with Pin u_temp_ctrl/cooler_on_reg/CK 
Endpoint:   u_temp_ctrl/cooler_on_reg/D (v) checked with  leading edge of 'clk'
Beginpoint: temp_setpoint_r_reg[2]/Q    (v) triggered by  leading edge of 'clk'
Path Groups: {clk}
Analysis View: view1
Retime Analysis { Data Path-Slew }
Other End Arrival Time          0.000
- Setup                         0.209
+ Phase Shift                   1.800
= Required Time                 1.591
- Arrival Time                  1.430
= Slack Time                    0.161
= Slack Time(original)          0.140
     Clock Rise Edge                      0.000
     = Beginpoint Arrival Time            0.000
     Timing Path:
     +-----------------------------------------------------------------------------------+ 
     |         Instance          |     Arc     |   Cell    | Retime | Arrival | Required | 
     |                           |             |           |  Delay |  Time   |   Time   | 
     |---------------------------+-------------+-----------+--------+---------+----------| 
     |                           | clk ^       |           |        |   0.000 |    0.161 | 
     | temp_setpoint_r_reg[2]    |             | SDFFRHQX4 |  0.000 |   0.000 |    0.161 | 
     | temp_setpoint_r_reg[2]    | CK ^ -> Q v | SDFFRHQX4 |  0.395 |   0.395 |    0.557 | 
     | u_temp_ctrl/g1710         |             | NOR2X2    |  0.000 |   0.395 |    0.557 | 
     | u_temp_ctrl/g1710         | B v -> Y ^  | NOR2X2    |  0.064 |   0.459 |    0.620 | 
     | u_temp_ctrl/g1707         |             | CLKAND2X3 |  0.000 |   0.459 |    0.620 | 
     | u_temp_ctrl/g1707         | B ^ -> Y ^  | CLKAND2X3 |  0.120 |   0.579 |    0.740 | 
     | u_temp_ctrl/g1703         |             | CLKINVX2  |  0.000 |   0.579 |    0.740 | 
     | u_temp_ctrl/g1703         | A ^ -> Y v  | CLKINVX2  |  0.043 |   0.622 |    0.783 | 
     | u_temp_ctrl/g1669         |             | NOR3X1    |  0.000 |   0.622 |    0.783 | 
     | u_temp_ctrl/g1669         | C v -> Y ^  | NOR3X1    |  0.143 |   0.765 |    0.926 | 
     | u_temp_ctrl/g1663         |             | AOI21X1   |  0.000 |   0.765 |    0.926 | 
     | u_temp_ctrl/g1663         | B0 ^ -> Y v | AOI21X1   |  0.074 |   0.838 |    1.000 | 
     | u_temp_ctrl/g1651         |             | NOR2XL    |  0.000 |   0.838 |    1.000 | 
     | u_temp_ctrl/g1651         | B v -> Y ^  | NOR2XL    |  0.108 |   0.946 |    1.108 | 
     | u_temp_ctrl/g1643         |             | AOI211X1  |  0.000 |   0.946 |    1.108 | 
     | u_temp_ctrl/g1643         | C0 ^ -> Y v | AOI211X1  |  0.045 |   0.991 |    1.153 | 
     | u_temp_ctrl/g1637         |             | NAND2XL   |  0.000 |   0.991 |    1.153 | 
     | u_temp_ctrl/g1637         | A v -> Y ^  | NAND2XL   |  0.064 |   1.056 |    1.217 | 
     | u_temp_ctrl/g1634         |             | NAND3X1   |  0.000 |   1.056 |    1.217 | 
     | u_temp_ctrl/g1634         | C ^ -> Y v  | NAND3X1   |  0.188 |   1.244 |    1.405 | 
     | u_temp_ctrl/g1632         |             | NAND2XL   |  0.000 |   1.244 |    1.405 | 
     | u_temp_ctrl/g1632         | B v -> Y ^  | NAND2XL   |  0.110 |   1.354 |    1.515 | 
     | u_temp_ctrl/g1631         |             | OAI21X1   |  0.000 |   1.354 |    1.515 | 
     | u_temp_ctrl/g1631         | B0 ^ -> Y v | OAI21X1   |  0.075 |   1.429 |    1.591 | 
     | u_temp_ctrl/cooler_on_reg |             | SDFFRXL   |  0.000 |   1.429 |    1.591 | 
     +-----------------------------------------------------------------------------------+ 
     Clock Rise Edge                      0.000
     = Beginpoint Arrival Time            0.000
     Other End Path:
     +---------------------------------------------------------------------------+ 
     |         Instance          |  Arc  |  Cell   | Retime | Arrival | Required | 
     |                           |       |         |  Delay |  Time   |   Time   | 
     |---------------------------+-------+---------+--------+---------+----------| 
     |                           | clk ^ |         |        |   0.000 |   -0.161 | 
     | u_temp_ctrl/cooler_on_reg |       | SDFFRXL |  0.000 |   0.000 |   -0.161 | 
     +---------------------------------------------------------------------------+ 
Path 30: MET Setup Check with Pin u_temp_ctrl/cooler_on_reg/CK 
Endpoint:   u_temp_ctrl/cooler_on_reg/D (v) checked with  leading edge of 'clk'
Beginpoint: temp_setpoint_r_reg[2]/Q    (v) triggered by  leading edge of 'clk'
Path Groups: {clk}
Analysis View: view1
Retime Analysis { Data Path-Slew }
Other End Arrival Time          0.000
- Setup                         0.179
+ Phase Shift                   1.800
= Required Time                 1.621
- Arrival Time                  1.412
= Slack Time                    0.209
= Slack Time(original)          0.140
     Clock Rise Edge                      0.000
     = Beginpoint Arrival Time            0.000
     Timing Path:
     +-----------------------------------------------------------------------------------+ 
     |         Instance          |     Arc     |   Cell    | Retime | Arrival | Required | 
     |                           |             |           |  Delay |  Time   |   Time   | 
     |---------------------------+-------------+-----------+--------+---------+----------| 
     |                           | clk ^       |           |        |   0.000 |    0.209 | 
     | temp_setpoint_r_reg[2]    |             | SDFFRHQX4 |  0.000 |   0.000 |    0.209 | 
     | temp_setpoint_r_reg[2]    | CK ^ -> Q v | SDFFRHQX4 |  0.395 |   0.395 |    0.604 | 
     | u_temp_ctrl/g1710         |             | NOR2X2    |  0.000 |   0.395 |    0.604 | 
     | u_temp_ctrl/g1710         | B v -> Y ^  | NOR2X2    |  0.064 |   0.459 |    0.668 | 
     | u_temp_ctrl/g1707         |             | CLKAND2X3 |  0.000 |   0.459 |    0.668 | 
     | u_temp_ctrl/g1707         | B ^ -> Y ^  | CLKAND2X3 |  0.120 |   0.579 |    0.788 | 
     | u_temp_ctrl/g1703         |             | CLKINVX2  |  0.000 |   0.579 |    0.788 | 
     | u_temp_ctrl/g1703         | A ^ -> Y v  | CLKINVX2  |  0.043 |   0.622 |    0.831 | 
     | u_temp_ctrl/g1669         |             | NOR3X1    |  0.000 |   0.622 |    0.831 | 
     | u_temp_ctrl/g1669         | C v -> Y ^  | NOR3X1    |  0.143 |   0.765 |    0.974 | 
     | u_temp_ctrl/g1663         |             | AOI21X1   |  0.000 |   0.765 |    0.974 | 
     | u_temp_ctrl/g1663         | B0 ^ -> Y v | AOI21X1   |  0.074 |   0.838 |    1.047 | 
     | u_temp_ctrl/g1651         |             | NOR2XL    |  0.000 |   0.838 |    1.047 | 
     | u_temp_ctrl/g1651         | B v -> Y ^  | NOR2XL    |  0.108 |   0.946 |    1.155 | 
     | u_temp_ctrl/g1643         |             | AOI211X1  |  0.000 |   0.946 |    1.155 | 
     | u_temp_ctrl/g1643         | C0 ^ -> Y v | AOI211X1  |  0.047 |   0.994 |    1.203 | 
     | u_temp_ctrl/g1637         |             | NAND2XL   |  0.000 |   0.994 |    1.203 | 
     | u_temp_ctrl/g1637         | A v -> Y ^  | NAND2XL   |  0.067 |   1.061 |    1.269 | 
     | u_temp_ctrl/g1634         |             | NAND3X1   |  0.000 |   1.061 |    1.269 | 
     | u_temp_ctrl/g1634         | C ^ -> Y v  | NAND3X1   |  0.189 |   1.249 |    1.458 | 
     | u_temp_ctrl/g1632         |             | NAND2XL   |  0.000 |   1.249 |    1.458 | 
     | u_temp_ctrl/g1632         | B v -> Y ^  | NAND2XL   |  0.110 |   1.359 |    1.568 | 
     | u_temp_ctrl/g1631         |             | OAI21X1   |  0.000 |   1.359 |    1.568 | 
     | u_temp_ctrl/g1631         | B0 ^ -> Y v | OAI21X1   |  0.053 |   1.412 |    1.621 | 
     | u_temp_ctrl/cooler_on_reg |             | SDFFRXL   |  0.000 |   1.412 |    1.621 | 
     +-----------------------------------------------------------------------------------+ 
     Clock Rise Edge                      0.000
     = Beginpoint Arrival Time            0.000
     Other End Path:
     +---------------------------------------------------------------------------+ 
     |         Instance          |  Arc  |  Cell   | Retime | Arrival | Required | 
     |                           |       |         |  Delay |  Time   |   Time   | 
     |---------------------------+-------+---------+--------+---------+----------| 
     |                           | clk ^ |         |        |   0.000 |   -0.209 | 
     | u_temp_ctrl/cooler_on_reg |       | SDFFRXL |  0.000 |   0.000 |   -0.209 | 
     +---------------------------------------------------------------------------+ 
Path 31: MET Setup Check with Pin u_temp_ctrl/cooler_on_reg/CK 
Endpoint:   u_temp_ctrl/cooler_on_reg/D (v) checked with  leading edge of 'clk'
Beginpoint: temp_setpoint_r_reg[2]/Q    (v) triggered by  leading edge of 'clk'
Path Groups: {clk}
Analysis View: view1
Retime Analysis { Data Path-Slew }
Other End Arrival Time          0.000
- Setup                         0.209
+ Phase Shift                   1.800
= Required Time                 1.591
- Arrival Time                  1.425
= Slack Time                    0.166
= Slack Time(original)          0.140
     Clock Rise Edge                      0.000
     = Beginpoint Arrival Time            0.000
     Timing Path:
     +-----------------------------------------------------------------------------------+ 
     |         Instance          |     Arc     |   Cell    | Retime | Arrival | Required | 
     |                           |             |           |  Delay |  Time   |   Time   | 
     |---------------------------+-------------+-----------+--------+---------+----------| 
     |                           | clk ^       |           |        |   0.000 |    0.166 | 
     | temp_setpoint_r_reg[2]    |             | SDFFRHQX4 |  0.000 |   0.000 |    0.166 | 
     | temp_setpoint_r_reg[2]    | CK ^ -> Q v | SDFFRHQX4 |  0.395 |   0.395 |    0.561 | 
     | u_temp_ctrl/g1710         |             | NOR2X2    |  0.000 |   0.395 |    0.561 | 
     | u_temp_ctrl/g1710         | B v -> Y ^  | NOR2X2    |  0.064 |   0.459 |    0.625 | 
     | u_temp_ctrl/g1707         |             | CLKAND2X3 |  0.000 |   0.459 |    0.625 | 
     | u_temp_ctrl/g1707         | B ^ -> Y ^  | CLKAND2X3 |  0.120 |   0.579 |    0.745 | 
     | u_temp_ctrl/g1703         |             | CLKINVX2  |  0.000 |   0.579 |    0.745 | 
     | u_temp_ctrl/g1703         | A ^ -> Y v  | CLKINVX2  |  0.043 |   0.622 |    0.788 | 
     | u_temp_ctrl/g1669         |             | NOR3X1    |  0.000 |   0.622 |    0.788 | 
     | u_temp_ctrl/g1669         | C v -> Y ^  | NOR3X1    |  0.143 |   0.765 |    0.931 | 
     | u_temp_ctrl/g1663         |             | AOI21X1   |  0.000 |   0.765 |    0.931 | 
     | u_temp_ctrl/g1663         | B0 ^ -> Y v | AOI21X1   |  0.071 |   0.836 |    1.002 | 
     | u_temp_ctrl/g1651         |             | NOR2XL    |  0.000 |   0.836 |    1.002 | 
     | u_temp_ctrl/g1651         | B v -> Y ^  | NOR2XL    |  0.106 |   0.942 |    1.108 | 
     | u_temp_ctrl/g1643         |             | AOI211X1  |  0.000 |   0.942 |    1.108 | 
     | u_temp_ctrl/g1643         | C0 ^ -> Y v | AOI211X1  |  0.045 |   0.987 |    1.153 | 
     | u_temp_ctrl/g1637         |             | NAND2XL   |  0.000 |   0.987 |    1.153 | 
     | u_temp_ctrl/g1637         | A v -> Y ^  | NAND2XL   |  0.064 |   1.051 |    1.217 | 
     | u_temp_ctrl/g1634         |             | NAND3X1   |  0.000 |   1.051 |    1.217 | 
     | u_temp_ctrl/g1634         | C ^ -> Y v  | NAND3X1   |  0.188 |   1.239 |    1.405 | 
     | u_temp_ctrl/g1632         |             | NAND2XL   |  0.000 |   1.239 |    1.405 | 
     | u_temp_ctrl/g1632         | B v -> Y ^  | NAND2XL   |  0.110 |   1.349 |    1.515 | 
     | u_temp_ctrl/g1631         |             | OAI21X1   |  0.000 |   1.349 |    1.515 | 
     | u_temp_ctrl/g1631         | B0 ^ -> Y v | OAI21X1   |  0.075 |   1.425 |    1.591 | 
     | u_temp_ctrl/cooler_on_reg |             | SDFFRXL   |  0.000 |   1.425 |    1.591 | 
     +-----------------------------------------------------------------------------------+ 
     Clock Rise Edge                      0.000
     = Beginpoint Arrival Time            0.000
     Other End Path:
     +---------------------------------------------------------------------------+ 
     |         Instance          |  Arc  |  Cell   | Retime | Arrival | Required | 
     |                           |       |         |  Delay |  Time   |   Time   | 
     |---------------------------+-------+---------+--------+---------+----------| 
     |                           | clk ^ |         |        |   0.000 |   -0.166 | 
     | u_temp_ctrl/cooler_on_reg |       | SDFFRXL |  0.000 |   0.000 |   -0.166 | 
     +---------------------------------------------------------------------------+ 
Path 32: MET Setup Check with Pin u_temp_ctrl/cooler_on_reg/CK 
Endpoint:   u_temp_ctrl/cooler_on_reg/D (v) checked with  leading edge of 'clk'
Beginpoint: temp_setpoint_r_reg[2]/Q    (v) triggered by  leading edge of 'clk'
Path Groups: {clk}
Analysis View: view1
Retime Analysis { Data Path-Slew }
Other End Arrival Time          0.000
- Setup                         0.179
+ Phase Shift                   1.800
= Required Time                 1.621
- Arrival Time                  1.407
= Slack Time                    0.214
= Slack Time(original)          0.140
     Clock Rise Edge                      0.000
     = Beginpoint Arrival Time            0.000
     Timing Path:
     +-----------------------------------------------------------------------------------+ 
     |         Instance          |     Arc     |   Cell    | Retime | Arrival | Required | 
     |                           |             |           |  Delay |  Time   |   Time   | 
     |---------------------------+-------------+-----------+--------+---------+----------| 
     |                           | clk ^       |           |        |   0.000 |    0.214 | 
     | temp_setpoint_r_reg[2]    |             | SDFFRHQX4 |  0.000 |   0.000 |    0.214 | 
     | temp_setpoint_r_reg[2]    | CK ^ -> Q v | SDFFRHQX4 |  0.395 |   0.395 |    0.609 | 
     | u_temp_ctrl/g1710         |             | NOR2X2    |  0.000 |   0.395 |    0.609 | 
     | u_temp_ctrl/g1710         | B v -> Y ^  | NOR2X2    |  0.064 |   0.459 |    0.673 | 
     | u_temp_ctrl/g1707         |             | CLKAND2X3 |  0.000 |   0.459 |    0.673 | 
     | u_temp_ctrl/g1707         | B ^ -> Y ^  | CLKAND2X3 |  0.120 |   0.579 |    0.793 | 
     | u_temp_ctrl/g1703         |             | CLKINVX2  |  0.000 |   0.579 |    0.793 | 
     | u_temp_ctrl/g1703         | A ^ -> Y v  | CLKINVX2  |  0.043 |   0.622 |    0.836 | 
     | u_temp_ctrl/g1669         |             | NOR3X1    |  0.000 |   0.622 |    0.836 | 
     | u_temp_ctrl/g1669         | C v -> Y ^  | NOR3X1    |  0.143 |   0.765 |    0.978 | 
     | u_temp_ctrl/g1663         |             | AOI21X1   |  0.000 |   0.765 |    0.978 | 
     | u_temp_ctrl/g1663         | B0 ^ -> Y v | AOI21X1   |  0.071 |   0.836 |    1.050 | 
     | u_temp_ctrl/g1651         |             | NOR2XL    |  0.000 |   0.836 |    1.050 | 
     | u_temp_ctrl/g1651         | B v -> Y ^  | NOR2XL    |  0.106 |   0.942 |    1.156 | 
     | u_temp_ctrl/g1643         |             | AOI211X1  |  0.000 |   0.942 |    1.156 | 
     | u_temp_ctrl/g1643         | C0 ^ -> Y v | AOI211X1  |  0.047 |   0.989 |    1.203 | 
     | u_temp_ctrl/g1637         |             | NAND2XL   |  0.000 |   0.989 |    1.203 | 
     | u_temp_ctrl/g1637         | A v -> Y ^  | NAND2XL   |  0.067 |   1.056 |    1.269 | 
     | u_temp_ctrl/g1634         |             | NAND3X1   |  0.000 |   1.056 |    1.269 | 
     | u_temp_ctrl/g1634         | C ^ -> Y v  | NAND3X1   |  0.189 |   1.244 |    1.458 | 
     | u_temp_ctrl/g1632         |             | NAND2XL   |  0.000 |   1.244 |    1.458 | 
     | u_temp_ctrl/g1632         | B v -> Y ^  | NAND2XL   |  0.110 |   1.354 |    1.568 | 
     | u_temp_ctrl/g1631         |             | OAI21X1   |  0.000 |   1.354 |    1.568 | 
     | u_temp_ctrl/g1631         | B0 ^ -> Y v | OAI21X1   |  0.053 |   1.407 |    1.621 | 
     | u_temp_ctrl/cooler_on_reg |             | SDFFRXL   |  0.000 |   1.407 |    1.621 | 
     +-----------------------------------------------------------------------------------+ 
     Clock Rise Edge                      0.000
     = Beginpoint Arrival Time            0.000
     Other End Path:
     +---------------------------------------------------------------------------+ 
     |         Instance          |  Arc  |  Cell   | Retime | Arrival | Required | 
     |                           |       |         |  Delay |  Time   |   Time   | 
     |---------------------------+-------+---------+--------+---------+----------| 
     |                           | clk ^ |         |        |   0.000 |   -0.214 | 
     | u_temp_ctrl/cooler_on_reg |       | SDFFRXL |  0.000 |   0.000 |   -0.214 | 
     +---------------------------------------------------------------------------+ 
Path 33: MET Setup Check with Pin u_temp_ctrl/cooler_on_reg/CK 
Endpoint:   u_temp_ctrl/cooler_on_reg/D (v) checked with  leading edge of 'clk'
Beginpoint: temp_setpoint_r_reg[2]/Q    (v) triggered by  leading edge of 'clk'
Path Groups: {clk}
Analysis View: view1
Retime Analysis { Data Path-Slew }
Other End Arrival Time          0.000
- Setup                         0.179
+ Phase Shift                   1.800
= Required Time                 1.621
- Arrival Time                  1.407
= Slack Time                    0.214
= Slack Time(original)          0.140
     Clock Rise Edge                      0.000
     = Beginpoint Arrival Time            0.000
     Timing Path:
     +-----------------------------------------------------------------------------------+ 
     |         Instance          |     Arc     |   Cell    | Retime | Arrival | Required | 
     |                           |             |           |  Delay |  Time   |   Time   | 
     |---------------------------+-------------+-----------+--------+---------+----------| 
     |                           | clk ^       |           |        |   0.000 |    0.214 | 
     | temp_setpoint_r_reg[2]    |             | SDFFRHQX4 |  0.000 |   0.000 |    0.214 | 
     | temp_setpoint_r_reg[2]    | CK ^ -> Q v | SDFFRHQX4 |  0.395 |   0.395 |    0.609 | 
     | u_temp_ctrl/g1710         |             | NOR2X2    |  0.000 |   0.395 |    0.609 | 
     | u_temp_ctrl/g1710         | B v -> Y ^  | NOR2X2    |  0.064 |   0.459 |    0.673 | 
     | u_temp_ctrl/g1707         |             | CLKAND2X3 |  0.000 |   0.459 |    0.673 | 
     | u_temp_ctrl/g1707         | B ^ -> Y ^  | CLKAND2X3 |  0.120 |   0.579 |    0.793 | 
     | u_temp_ctrl/g1703         |             | CLKINVX2  |  0.000 |   0.579 |    0.793 | 
     | u_temp_ctrl/g1703         | A ^ -> Y v  | CLKINVX2  |  0.043 |   0.622 |    0.836 | 
     | u_temp_ctrl/g1669         |             | NOR3X1    |  0.000 |   0.622 |    0.836 | 
     | u_temp_ctrl/g1669         | C v -> Y ^  | NOR3X1    |  0.143 |   0.765 |    0.979 | 
     | u_temp_ctrl/g1663         |             | AOI21X1   |  0.000 |   0.765 |    0.979 | 
     | u_temp_ctrl/g1663         | B0 ^ -> Y v | AOI21X1   |  0.074 |   0.838 |    1.052 | 
     | u_temp_ctrl/g1651         |             | NOR2XL    |  0.000 |   0.838 |    1.052 | 
     | u_temp_ctrl/g1651         | B v -> Y ^  | NOR2XL    |  0.108 |   0.946 |    1.160 | 
     | u_temp_ctrl/g1643         |             | AOI211X1  |  0.000 |   0.946 |    1.160 | 
     | u_temp_ctrl/g1643         | C0 ^ -> Y v | AOI211X1  |  0.045 |   0.991 |    1.205 | 
     | u_temp_ctrl/g1637         |             | NAND2XL   |  0.000 |   0.991 |    1.205 | 
     | u_temp_ctrl/g1637         | A v -> Y ^  | NAND2XL   |  0.064 |   1.056 |    1.270 | 
     | u_temp_ctrl/g1634         |             | NAND3X1   |  0.000 |   1.056 |    1.270 | 
     | u_temp_ctrl/g1634         | C ^ -> Y v  | NAND3X1   |  0.188 |   1.244 |    1.458 | 
     | u_temp_ctrl/g1632         |             | NAND2XL   |  0.000 |   1.244 |    1.458 | 
     | u_temp_ctrl/g1632         | B v -> Y ^  | NAND2XL   |  0.110 |   1.354 |    1.568 | 
     | u_temp_ctrl/g1631         |             | OAI21X1   |  0.000 |   1.354 |    1.568 | 
     | u_temp_ctrl/g1631         | B0 ^ -> Y v | OAI21X1   |  0.053 |   1.407 |    1.621 | 
     | u_temp_ctrl/cooler_on_reg |             | SDFFRXL   |  0.000 |   1.407 |    1.621 | 
     +-----------------------------------------------------------------------------------+ 
     Clock Rise Edge                      0.000
     = Beginpoint Arrival Time            0.000
     Other End Path:
     +---------------------------------------------------------------------------+ 
     |         Instance          |  Arc  |  Cell   | Retime | Arrival | Required | 
     |                           |       |         |  Delay |  Time   |   Time   | 
     |---------------------------+-------+---------+--------+---------+----------| 
     |                           | clk ^ |         |        |   0.000 |   -0.214 | 
     | u_temp_ctrl/cooler_on_reg |       | SDFFRXL |  0.000 |   0.000 |   -0.214 | 
     +---------------------------------------------------------------------------+ 
Path 34: MET Setup Check with Pin u_temp_ctrl/cooler_on_reg/CK 
Endpoint:   u_temp_ctrl/cooler_on_reg/D (v) checked with  leading edge of 'clk'
Beginpoint: temp_setpoint_r_reg[2]/Q    (v) triggered by  leading edge of 'clk'
Path Groups: {clk}
Analysis View: view1
Retime Analysis { Data Path-Slew }
Other End Arrival Time          0.000
- Setup                         0.179
+ Phase Shift                   1.800
= Required Time                 1.621
- Arrival Time                  1.402
= Slack Time                    0.219
= Slack Time(original)          0.140
     Clock Rise Edge                      0.000
     = Beginpoint Arrival Time            0.000
     Timing Path:
     +-----------------------------------------------------------------------------------+ 
     |         Instance          |     Arc     |   Cell    | Retime | Arrival | Required | 
     |                           |             |           |  Delay |  Time   |   Time   | 
     |---------------------------+-------------+-----------+--------+---------+----------| 
     |                           | clk ^       |           |        |   0.000 |    0.219 | 
     | temp_setpoint_r_reg[2]    |             | SDFFRHQX4 |  0.000 |   0.000 |    0.219 | 
     | temp_setpoint_r_reg[2]    | CK ^ -> Q v | SDFFRHQX4 |  0.395 |   0.395 |    0.614 | 
     | u_temp_ctrl/g1710         |             | NOR2X2    |  0.000 |   0.395 |    0.614 | 
     | u_temp_ctrl/g1710         | B v -> Y ^  | NOR2X2    |  0.064 |   0.459 |    0.678 | 
     | u_temp_ctrl/g1707         |             | CLKAND2X3 |  0.000 |   0.459 |    0.678 | 
     | u_temp_ctrl/g1707         | B ^ -> Y ^  | CLKAND2X3 |  0.120 |   0.579 |    0.798 | 
     | u_temp_ctrl/g1703         |             | CLKINVX2  |  0.000 |   0.579 |    0.798 | 
     | u_temp_ctrl/g1703         | A ^ -> Y v  | CLKINVX2  |  0.043 |   0.622 |    0.841 | 
     | u_temp_ctrl/g1669         |             | NOR3X1    |  0.000 |   0.622 |    0.841 | 
     | u_temp_ctrl/g1669         | C v -> Y ^  | NOR3X1    |  0.143 |   0.765 |    0.983 | 
     | u_temp_ctrl/g1663         |             | AOI21X1   |  0.000 |   0.765 |    0.983 | 
     | u_temp_ctrl/g1663         | B0 ^ -> Y v | AOI21X1   |  0.071 |   0.836 |    1.054 | 
     | u_temp_ctrl/g1651         |             | NOR2XL    |  0.000 |   0.836 |    1.054 | 
     | u_temp_ctrl/g1651         | B v -> Y ^  | NOR2XL    |  0.106 |   0.942 |    1.161 | 
     | u_temp_ctrl/g1643         |             | AOI211X1  |  0.000 |   0.942 |    1.161 | 
     | u_temp_ctrl/g1643         | C0 ^ -> Y v | AOI211X1  |  0.045 |   0.987 |    1.205 | 
     | u_temp_ctrl/g1637         |             | NAND2XL   |  0.000 |   0.987 |    1.205 | 
     | u_temp_ctrl/g1637         | A v -> Y ^  | NAND2XL   |  0.064 |   1.051 |    1.270 | 
     | u_temp_ctrl/g1634         |             | NAND3X1   |  0.000 |   1.051 |    1.270 | 
     | u_temp_ctrl/g1634         | C ^ -> Y v  | NAND3X1   |  0.188 |   1.239 |    1.458 | 
     | u_temp_ctrl/g1632         |             | NAND2XL   |  0.000 |   1.239 |    1.458 | 
     | u_temp_ctrl/g1632         | B v -> Y ^  | NAND2XL   |  0.110 |   1.349 |    1.568 | 
     | u_temp_ctrl/g1631         |             | OAI21X1   |  0.000 |   1.349 |    1.568 | 
     | u_temp_ctrl/g1631         | B0 ^ -> Y v | OAI21X1   |  0.053 |   1.402 |    1.621 | 
     | u_temp_ctrl/cooler_on_reg |             | SDFFRXL   |  0.000 |   1.402 |    1.621 | 
     +-----------------------------------------------------------------------------------+ 
     Clock Rise Edge                      0.000
     = Beginpoint Arrival Time            0.000
     Other End Path:
     +---------------------------------------------------------------------------+ 
     |         Instance          |  Arc  |  Cell   | Retime | Arrival | Required | 
     |                           |       |         |  Delay |  Time   |   Time   | 
     |---------------------------+-------+---------+--------+---------+----------| 
     |                           | clk ^ |         |        |   0.000 |   -0.219 | 
     | u_temp_ctrl/cooler_on_reg |       | SDFFRXL |  0.000 |   0.000 |   -0.219 | 
     +---------------------------------------------------------------------------+ 
Path 35: MET Setup Check with Pin u_visitor/count_reg[6]/CK 
Endpoint:   u_visitor/count_reg[6]/D (^) checked with  leading edge of 'clk'
Beginpoint: u_visitor/count_reg[1]/Q (^) triggered by  leading edge of 'clk'
Path Groups: {clk}
Analysis View: view1
Retime Analysis { Data Path-Slew }
Other End Arrival Time          0.000
- Setup                         0.280
+ Phase Shift                   1.800
= Required Time                 1.520
- Arrival Time                  1.361
= Slack Time                    0.159
= Slack Time(original)          0.140
     Clock Rise Edge                      0.000
     = Beginpoint Arrival Time            0.000
     Timing Path:
     +--------------------------------------------------------------------------------+ 
     |        Instance        |     Arc     |   Cell    | Retime | Arrival | Required | 
     |                        |             |           |  Delay |  Time   |   Time   | 
     |------------------------+-------------+-----------+--------+---------+----------| 
     |                        | clk ^       |           |        |   0.000 |    0.159 | 
     | u_visitor/count_reg[1] |             | SDFFRHQX2 |  0.000 |   0.000 |    0.159 | 
     | u_visitor/count_reg[1] | CK ^ -> Q ^ | SDFFRHQX2 |  0.392 |   0.392 |    0.551 | 
     | u_visitor/g1100        |             | NAND2X2   |  0.000 |   0.392 |    0.551 | 
     | u_visitor/g1100        | B ^ -> Y v  | NAND2X2   |  0.103 |   0.496 |    0.654 | 
     | u_visitor/g1090        |             | NOR2X2    |  0.000 |   0.496 |    0.654 | 
     | u_visitor/g1090        | B v -> Y ^  | NOR2X2    |  0.099 |   0.595 |    0.754 | 
     | u_visitor/g1081        |             | NAND2X1   |  0.000 |   0.595 |    0.754 | 
     | u_visitor/g1081        | B ^ -> Y v  | NAND2X1   |  0.097 |   0.692 |    0.850 | 
     | u_visitor/g1068        |             | NOR2XL    |  0.000 |   0.692 |    0.850 | 
     | u_visitor/g1068        | B v -> Y ^  | NOR2XL    |  0.144 |   0.835 |    0.994 | 
     | u_visitor/g1057        |             | NAND2XL   |  0.000 |   0.835 |    0.994 | 
     | u_visitor/g1057        | B ^ -> Y v  | NAND2XL   |  0.195 |   1.031 |    1.189 | 
     | u_visitor/g1050        |             | MXI2XL    |  0.000 |   1.031 |    1.189 | 
     | u_visitor/g1050        | S0 v -> Y v | MXI2XL    |  0.170 |   1.201 |    1.360 | 
     | u_visitor/g1045        |             | OAI222XL  |  0.000 |   1.201 |    1.360 | 
     | u_visitor/g1045        | B1 v -> Y ^ | OAI222XL  |  0.160 |   1.361 |    1.520 | 
     | u_visitor/count_reg[6] |             | SDFFRHQX2 |  0.000 |   1.361 |    1.520 | 
     +--------------------------------------------------------------------------------+ 
     Clock Rise Edge                      0.000
     = Beginpoint Arrival Time            0.000
     Other End Path:
     +--------------------------------------------------------------------------+ 
     |        Instance        |  Arc  |   Cell    | Retime | Arrival | Required | 
     |                        |       |           |  Delay |  Time   |   Time   | 
     |------------------------+-------+-----------+--------+---------+----------| 
     |                        | clk ^ |           |        |   0.000 |   -0.159 | 
     | u_visitor/count_reg[6] |       | SDFFRHQX2 |  0.000 |   0.000 |   -0.159 | 
     +--------------------------------------------------------------------------+ 
Path 36: MET Setup Check with Pin u_visitor/count_reg[6]/CK 
Endpoint:   u_visitor/count_reg[6]/D (^) checked with  leading edge of 'clk'
Beginpoint: u_visitor/count_reg[1]/Q (^) triggered by  leading edge of 'clk'
Path Groups: {clk}
Analysis View: view1
Retime Analysis { Data Path-Slew }
Other End Arrival Time          0.000
- Setup                         0.261
+ Phase Shift                   1.800
= Required Time                 1.539
- Arrival Time                  1.349
= Slack Time                    0.189
= Slack Time(original)          0.140
     Clock Rise Edge                      0.000
     = Beginpoint Arrival Time            0.000
     Timing Path:
     +--------------------------------------------------------------------------------+ 
     |        Instance        |     Arc     |   Cell    | Retime | Arrival | Required | 
     |                        |             |           |  Delay |  Time   |   Time   | 
     |------------------------+-------------+-----------+--------+---------+----------| 
     |                        | clk ^       |           |        |   0.000 |    0.189 | 
     | u_visitor/count_reg[1] |             | SDFFRHQX2 |  0.000 |   0.000 |    0.189 | 
     | u_visitor/count_reg[1] | CK ^ -> Q ^ | SDFFRHQX2 |  0.392 |   0.392 |    0.582 | 
     | u_visitor/g1100        |             | NAND2X2   |  0.000 |   0.392 |    0.582 | 
     | u_visitor/g1100        | B ^ -> Y v  | NAND2X2   |  0.103 |   0.496 |    0.685 | 
     | u_visitor/g1090        |             | NOR2X2    |  0.000 |   0.496 |    0.685 | 
     | u_visitor/g1090        | B v -> Y ^  | NOR2X2    |  0.099 |   0.595 |    0.784 | 
     | u_visitor/g1081        |             | NAND2X1   |  0.000 |   0.595 |    0.784 | 
     | u_visitor/g1081        | B ^ -> Y v  | NAND2X1   |  0.097 |   0.692 |    0.881 | 
     | u_visitor/g1068        |             | NOR2XL    |  0.000 |   0.692 |    0.881 | 
     | u_visitor/g1068        | B v -> Y ^  | NOR2XL    |  0.144 |   0.835 |    1.025 | 
     | u_visitor/g1057        |             | NAND2XL   |  0.000 |   0.835 |    1.025 | 
     | u_visitor/g1057        | B ^ -> Y v  | NAND2XL   |  0.195 |   1.031 |    1.220 | 
     | u_visitor/g1050        |             | MXI2XL    |  0.000 |   1.031 |    1.220 | 
     | u_visitor/g1050        | S0 v -> Y v | MXI2XL    |  0.170 |   1.201 |    1.391 | 
     | u_visitor/g1045        |             | OAI222XL  |  0.000 |   1.201 |    1.391 | 
     | u_visitor/g1045        | B1 v -> Y ^ | OAI222XL  |  0.148 |   1.349 |    1.539 | 
     | u_visitor/count_reg[6] |             | SDFFRHQX2 |  0.000 |   1.349 |    1.539 | 
     +--------------------------------------------------------------------------------+ 
     Clock Rise Edge                      0.000
     = Beginpoint Arrival Time            0.000
     Other End Path:
     +--------------------------------------------------------------------------+ 
     |        Instance        |  Arc  |   Cell    | Retime | Arrival | Required | 
     |                        |       |           |  Delay |  Time   |   Time   | 
     |------------------------+-------+-----------+--------+---------+----------| 
     |                        | clk ^ |           |        |   0.000 |   -0.189 | 
     | u_visitor/count_reg[6] |       | SDFFRHQX2 |  0.000 |   0.000 |   -0.189 | 
     +--------------------------------------------------------------------------+ 
Path 37: MET Setup Check with Pin u_temp_ctrl/cooler_on_reg/CK 
Endpoint:   u_temp_ctrl/cooler_on_reg/D (^) checked with  leading edge of 'clk'
Beginpoint: temp_setpoint_r_reg[1]/Q    (^) triggered by  leading edge of 'clk'
Path Groups: {clk}
Analysis View: view1
Retime Analysis { Data Path-Slew }
Other End Arrival Time          0.000
- Setup                         0.255
+ Phase Shift                   1.800
= Required Time                 1.545
- Arrival Time                  1.420
= Slack Time                    0.125
= Slack Time(original)          0.142
     Clock Rise Edge                      0.000
     = Beginpoint Arrival Time            0.000
     Timing Path:
     +------------------------------------------------------------------------------------+ 
     |         Instance          |     Arc      |   Cell    | Retime | Arrival | Required | 
     |                           |              |           |  Delay |  Time   |   Time   | 
     |---------------------------+--------------+-----------+--------+---------+----------| 
     |                           | clk ^        |           |        |   0.000 |    0.125 | 
     | temp_setpoint_r_reg[1]    |              | SDFFRHQX4 |  0.000 |   0.000 |    0.125 | 
     | temp_setpoint_r_reg[1]    | CK ^ -> Q ^  | SDFFRHQX4 |  0.391 |   0.391 |    0.516 | 
     | u_temp_ctrl/g1718         |              | NAND2X4   |  0.000 |   0.391 |    0.516 | 
     | u_temp_ctrl/g1718         | B ^ -> Y v   | NAND2X4   |  0.078 |   0.469 |    0.594 | 
     | u_temp_ctrl/g1714         |              | CLKINVX2  |  0.000 |   0.469 |    0.594 | 
     | u_temp_ctrl/g1714         | A v -> Y ^   | CLKINVX2  |  0.058 |   0.527 |    0.652 | 
     | u_temp_ctrl/g1700         |              | NAND2XL   |  0.000 |   0.527 |    0.652 | 
     | u_temp_ctrl/g1700         | B ^ -> Y v   | NAND2XL   |  0.067 |   0.593 |    0.718 | 
     | u_temp_ctrl/g1738         |              | CLKXOR2X1 |  0.000 |   0.593 |    0.718 | 
     | u_temp_ctrl/g1738         | A v -> Y ^   | CLKXOR2X1 |  0.228 |   0.822 |    0.947 | 
     | u_temp_ctrl/g1659         |              | OAI2BB1X1 |  0.000 |   0.822 |    0.947 | 
     | u_temp_ctrl/g1659         | A1N ^ -> Y ^ | OAI2BB1X1 |  0.132 |   0.953 |    1.078 | 
     | u_temp_ctrl/g1653         |              | NOR2XL    |  0.000 |   0.953 |    1.078 | 
     | u_temp_ctrl/g1653         | A ^ -> Y v   | NOR2XL    |  0.052 |   1.006 |    1.131 | 
     | u_temp_ctrl/g1639         |              | AOI22X1   |  0.000 |   1.006 |    1.131 | 
     | u_temp_ctrl/g1639         | A0 v -> Y ^  | AOI22X1   |  0.141 |   1.146 |    1.271 | 
     | u_temp_ctrl/g1636         |              | NAND2X2   |  0.000 |   1.146 |    1.271 | 
     | u_temp_ctrl/g1636         | A ^ -> Y v   | NAND2X2   |  0.093 |   1.240 |    1.365 | 
     | u_temp_ctrl/g1635         |              | INVX1     |  0.000 |   1.240 |    1.365 | 
     | u_temp_ctrl/g1635         | A v -> Y ^   | INVX1     |  0.045 |   1.284 |    1.410 | 
     | u_temp_ctrl/g1632         |              | NAND2XL   |  0.000 |   1.284 |    1.410 | 
     | u_temp_ctrl/g1632         | A ^ -> Y v   | NAND2XL   |  0.082 |   1.366 |    1.491 | 
     | u_temp_ctrl/g1631         |              | OAI21X1   |  0.000 |   1.366 |    1.491 | 
     | u_temp_ctrl/g1631         | B0 v -> Y ^  | OAI21X1   |  0.054 |   1.420 |    1.545 | 
     | u_temp_ctrl/cooler_on_reg |              | SDFFRXL   |  0.000 |   1.420 |    1.545 | 
     +------------------------------------------------------------------------------------+ 
     Clock Rise Edge                      0.000
     = Beginpoint Arrival Time            0.000
     Other End Path:
     +---------------------------------------------------------------------------+ 
     |         Instance          |  Arc  |  Cell   | Retime | Arrival | Required | 
     |                           |       |         |  Delay |  Time   |   Time   | 
     |---------------------------+-------+---------+--------+---------+----------| 
     |                           | clk ^ |         |        |   0.000 |   -0.125 | 
     | u_temp_ctrl/cooler_on_reg |       | SDFFRXL |  0.000 |   0.000 |   -0.125 | 
     +---------------------------------------------------------------------------+ 
Path 38: MET Setup Check with Pin u_temp_ctrl/cooler_on_reg/CK 
Endpoint:   u_temp_ctrl/cooler_on_reg/D (^) checked with  leading edge of 'clk'
Beginpoint: temp_setpoint_r_reg[2]/Q    (^) triggered by  leading edge of 'clk'
Path Groups: {clk}
Analysis View: view1
Retime Analysis { Data Path-Slew }
Other End Arrival Time          0.000
- Setup                         0.255
+ Phase Shift                   1.800
= Required Time                 1.545
- Arrival Time                  1.419
= Slack Time                    0.126
= Slack Time(original)          0.143
     Clock Rise Edge                      0.000
     = Beginpoint Arrival Time            0.000
     Timing Path:
     +------------------------------------------------------------------------------------+ 
     |         Instance          |     Arc      |   Cell    | Retime | Arrival | Required | 
     |                           |              |           |  Delay |  Time   |   Time   | 
     |---------------------------+--------------+-----------+--------+---------+----------| 
     |                           | clk ^        |           |        |   0.000 |    0.126 | 
     | temp_setpoint_r_reg[2]    |              | SDFFRHQX4 |  0.000 |   0.000 |    0.126 | 
     | temp_setpoint_r_reg[2]    | CK ^ -> Q ^  | SDFFRHQX4 |  0.390 |   0.390 |    0.516 | 
     | u_temp_ctrl/g1718         |              | NAND2X4   |  0.000 |   0.390 |    0.516 | 
     | u_temp_ctrl/g1718         | A ^ -> Y v   | NAND2X4   |  0.079 |   0.469 |    0.595 | 
     | u_temp_ctrl/g1714         |              | CLKINVX2  |  0.000 |   0.469 |    0.595 | 
     | u_temp_ctrl/g1714         | A v -> Y ^   | CLKINVX2  |  0.057 |   0.526 |    0.652 | 
     | u_temp_ctrl/g1700         |              | NAND2XL   |  0.000 |   0.526 |    0.652 | 
     | u_temp_ctrl/g1700         | B ^ -> Y v   | NAND2XL   |  0.067 |   0.592 |    0.718 | 
     | u_temp_ctrl/g1738         |              | CLKXOR2X1 |  0.000 |   0.592 |    0.718 | 
     | u_temp_ctrl/g1738         | A v -> Y ^   | CLKXOR2X1 |  0.228 |   0.821 |    0.947 | 
     | u_temp_ctrl/g1659         |              | OAI2BB1X1 |  0.000 |   0.821 |    0.947 | 
     | u_temp_ctrl/g1659         | A1N ^ -> Y ^ | OAI2BB1X1 |  0.132 |   0.952 |    1.078 | 
     | u_temp_ctrl/g1653         |              | NOR2XL    |  0.000 |   0.952 |    1.078 | 
     | u_temp_ctrl/g1653         | A ^ -> Y v   | NOR2XL    |  0.052 |   1.005 |    1.131 | 
     | u_temp_ctrl/g1639         |              | AOI22X1   |  0.000 |   1.005 |    1.131 | 
     | u_temp_ctrl/g1639         | A0 v -> Y ^  | AOI22X1   |  0.141 |   1.145 |    1.271 | 
     | u_temp_ctrl/g1636         |              | NAND2X2   |  0.000 |   1.145 |    1.271 | 
     | u_temp_ctrl/g1636         | A ^ -> Y v   | NAND2X2   |  0.093 |   1.239 |    1.365 | 
     | u_temp_ctrl/g1635         |              | INVX1     |  0.000 |   1.239 |    1.365 | 
     | u_temp_ctrl/g1635         | A v -> Y ^   | INVX1     |  0.045 |   1.284 |    1.410 | 
     | u_temp_ctrl/g1632         |              | NAND2XL   |  0.000 |   1.284 |    1.410 | 
     | u_temp_ctrl/g1632         | A ^ -> Y v   | NAND2XL   |  0.082 |   1.365 |    1.491 | 
     | u_temp_ctrl/g1631         |              | OAI21X1   |  0.000 |   1.365 |    1.491 | 
     | u_temp_ctrl/g1631         | B0 v -> Y ^  | OAI21X1   |  0.054 |   1.419 |    1.545 | 
     | u_temp_ctrl/cooler_on_reg |              | SDFFRXL   |  0.000 |   1.419 |    1.545 | 
     +------------------------------------------------------------------------------------+ 
     Clock Rise Edge                      0.000
     = Beginpoint Arrival Time            0.000
     Other End Path:
     +---------------------------------------------------------------------------+ 
     |         Instance          |  Arc  |  Cell   | Retime | Arrival | Required | 
     |                           |       |         |  Delay |  Time   |   Time   | 
     |---------------------------+-------+---------+--------+---------+----------| 
     |                           | clk ^ |         |        |   0.000 |   -0.126 | 
     | u_temp_ctrl/cooler_on_reg |       | SDFFRXL |  0.000 |   0.000 |   -0.126 | 
     +---------------------------------------------------------------------------+ 
Path 39: MET Setup Check with Pin u_temp_ctrl/cooler_on_reg/CK 
Endpoint:   u_temp_ctrl/cooler_on_reg/D (^) checked with  leading edge of 'clk'
Beginpoint: temp_setpoint_r_reg[1]/Q    (^) triggered by  leading edge of 'clk'
Path Groups: {clk}
Analysis View: view1
Retime Analysis { Data Path-Slew }
Other End Arrival Time          0.000
- Setup                         0.255
+ Phase Shift                   1.800
= Required Time                 1.545
- Arrival Time                  1.382
= Slack Time                    0.163
= Slack Time(original)          0.143
     Clock Rise Edge                      0.000
     = Beginpoint Arrival Time            0.000
     Timing Path:
     +------------------------------------------------------------------------------------+ 
     |         Instance          |     Arc      |   Cell    | Retime | Arrival | Required | 
     |                           |              |           |  Delay |  Time   |   Time   | 
     |---------------------------+--------------+-----------+--------+---------+----------| 
     |                           | clk ^        |           |        |   0.000 |    0.163 | 
     | temp_setpoint_r_reg[1]    |              | SDFFRHQX4 |  0.000 |   0.000 |    0.163 | 
     | temp_setpoint_r_reg[1]    | CK ^ -> Q ^  | SDFFRHQX4 |  0.391 |   0.391 |    0.555 | 
     | u_temp_ctrl/g1718         |              | NAND2X4   |  0.000 |   0.391 |    0.555 | 
     | u_temp_ctrl/g1718         | B ^ -> Y v   | NAND2X4   |  0.078 |   0.469 |    0.632 | 
     | u_temp_ctrl/g1714         |              | CLKINVX2  |  0.000 |   0.469 |    0.632 | 
     | u_temp_ctrl/g1714         | A v -> Y ^   | CLKINVX2  |  0.058 |   0.527 |    0.690 | 
     | u_temp_ctrl/g1700         |              | NAND2XL   |  0.000 |   0.527 |    0.690 | 
     | u_temp_ctrl/g1700         | B ^ -> Y v   | NAND2XL   |  0.067 |   0.593 |    0.757 | 
     | u_temp_ctrl/g1738         |              | CLKXOR2X1 |  0.000 |   0.593 |    0.757 | 
     | u_temp_ctrl/g1738         | A v -> Y ^   | CLKXOR2X1 |  0.228 |   0.822 |    0.985 | 
     | u_temp_ctrl/g1659         |              | OAI2BB1X1 |  0.000 |   0.822 |    0.985 | 
     | u_temp_ctrl/g1659         | A1N ^ -> Y ^ | OAI2BB1X1 |  0.132 |   0.953 |    1.117 | 
     | u_temp_ctrl/g1653         |              | NOR2XL    |  0.000 |   0.953 |    1.117 | 
     | u_temp_ctrl/g1653         | A ^ -> Y v   | NOR2XL    |  0.052 |   1.006 |    1.169 | 
     | u_temp_ctrl/g1639         |              | AOI22X1   |  0.000 |   1.006 |    1.169 | 
     | u_temp_ctrl/g1639         | A0 v -> Y ^  | AOI22X1   |  0.110 |   1.116 |    1.279 | 
     | u_temp_ctrl/g1636         |              | NAND2X2   |  0.000 |   1.116 |    1.279 | 
     | u_temp_ctrl/g1636         | A ^ -> Y v   | NAND2X2   |  0.087 |   1.203 |    1.366 | 
     | u_temp_ctrl/g1635         |              | INVX1     |  0.000 |   1.203 |    1.366 | 
     | u_temp_ctrl/g1635         | A v -> Y ^   | INVX1     |  0.044 |   1.246 |    1.410 | 
     | u_temp_ctrl/g1632         |              | NAND2XL   |  0.000 |   1.246 |    1.410 | 
     | u_temp_ctrl/g1632         | A ^ -> Y v   | NAND2XL   |  0.082 |   1.328 |    1.491 | 
     | u_temp_ctrl/g1631         |              | OAI21X1   |  0.000 |   1.328 |    1.491 | 
     | u_temp_ctrl/g1631         | B0 v -> Y ^  | OAI21X1   |  0.054 |   1.382 |    1.545 | 
     | u_temp_ctrl/cooler_on_reg |              | SDFFRXL   |  0.000 |   1.382 |    1.545 | 
     +------------------------------------------------------------------------------------+ 
     Clock Rise Edge                      0.000
     = Beginpoint Arrival Time            0.000
     Other End Path:
     +---------------------------------------------------------------------------+ 
     |         Instance          |  Arc  |  Cell   | Retime | Arrival | Required | 
     |                           |       |         |  Delay |  Time   |   Time   | 
     |---------------------------+-------+---------+--------+---------+----------| 
     |                           | clk ^ |         |        |   0.000 |   -0.163 | 
     | u_temp_ctrl/cooler_on_reg |       | SDFFRXL |  0.000 |   0.000 |   -0.163 | 
     +---------------------------------------------------------------------------+ 
Path 40: MET Setup Check with Pin u_temp_ctrl/cooler_on_reg/CK 
Endpoint:   u_temp_ctrl/cooler_on_reg/D (^) checked with  leading edge of 'clk'
Beginpoint: temp_setpoint_r_reg[1]/Q    (^) triggered by  leading edge of 'clk'
Path Groups: {clk}
Analysis View: view1
Retime Analysis { Data Path-Slew }
Other End Arrival Time          0.000
- Setup                         0.263
+ Phase Shift                   1.800
= Required Time                 1.537
- Arrival Time                  1.417
= Slack Time                    0.120
= Slack Time(original)          0.143
     Clock Rise Edge                      0.000
     = Beginpoint Arrival Time            0.000
     Timing Path:
     +------------------------------------------------------------------------------------+ 
     |         Instance          |     Arc      |   Cell    | Retime | Arrival | Required | 
     |                           |              |           |  Delay |  Time   |   Time   | 
     |---------------------------+--------------+-----------+--------+---------+----------| 
     |                           | clk ^        |           |        |   0.000 |    0.120 | 
     | temp_setpoint_r_reg[1]    |              | SDFFRHQX4 |  0.000 |   0.000 |    0.120 | 
     | temp_setpoint_r_reg[1]    | CK ^ -> Q ^  | SDFFRHQX4 |  0.391 |   0.391 |    0.511 | 
     | u_temp_ctrl/g1718         |              | NAND2X4   |  0.000 |   0.391 |    0.511 | 
     | u_temp_ctrl/g1718         | B ^ -> Y v   | NAND2X4   |  0.078 |   0.469 |    0.589 | 
     | u_temp_ctrl/g1714         |              | CLKINVX2  |  0.000 |   0.469 |    0.589 | 
     | u_temp_ctrl/g1714         | A v -> Y ^   | CLKINVX2  |  0.058 |   0.527 |    0.646 | 
     | u_temp_ctrl/g1700         |              | NAND2XL   |  0.000 |   0.527 |    0.646 | 
     | u_temp_ctrl/g1700         | B ^ -> Y v   | NAND2XL   |  0.067 |   0.593 |    0.713 | 
     | u_temp_ctrl/g1738         |              | CLKXOR2X1 |  0.000 |   0.593 |    0.713 | 
     | u_temp_ctrl/g1738         | A v -> Y ^   | CLKXOR2X1 |  0.228 |   0.822 |    0.941 | 
     | u_temp_ctrl/g1659         |              | OAI2BB1X1 |  0.000 |   0.822 |    0.941 | 
     | u_temp_ctrl/g1659         | A1N ^ -> Y ^ | OAI2BB1X1 |  0.132 |   0.953 |    1.073 | 
     | u_temp_ctrl/g1653         |              | NOR2XL    |  0.000 |   0.953 |    1.073 | 
     | u_temp_ctrl/g1653         | A ^ -> Y v   | NOR2XL    |  0.052 |   1.006 |    1.125 | 
     | u_temp_ctrl/g1639         |              | AOI22X1   |  0.000 |   1.006 |    1.125 | 
     | u_temp_ctrl/g1639         | A0 v -> Y ^  | AOI22X1   |  0.141 |   1.146 |    1.266 | 
     | u_temp_ctrl/g1636         |              | NAND2X2   |  0.000 |   1.146 |    1.266 | 
     | u_temp_ctrl/g1636         | A ^ -> Y v   | NAND2X2   |  0.093 |   1.240 |    1.359 | 
     | u_temp_ctrl/g1635         |              | INVX1     |  0.000 |   1.240 |    1.359 | 
     | u_temp_ctrl/g1635         | A v -> Y ^   | INVX1     |  0.045 |   1.284 |    1.404 | 
     | u_temp_ctrl/g1632         |              | NAND2XL   |  0.000 |   1.284 |    1.404 | 
     | u_temp_ctrl/g1632         | A ^ -> Y v   | NAND2XL   |  0.082 |   1.366 |    1.486 | 
     | u_temp_ctrl/g1631         |              | OAI21X1   |  0.000 |   1.366 |    1.486 | 
     | u_temp_ctrl/g1631         | B0 v -> Y ^  | OAI21X1   |  0.051 |   1.417 |    1.537 | 
     | u_temp_ctrl/cooler_on_reg |              | SDFFRXL   |  0.000 |   1.417 |    1.537 | 
     +------------------------------------------------------------------------------------+ 
     Clock Rise Edge                      0.000
     = Beginpoint Arrival Time            0.000
     Other End Path:
     +---------------------------------------------------------------------------+ 
     |         Instance          |  Arc  |  Cell   | Retime | Arrival | Required | 
     |                           |       |         |  Delay |  Time   |   Time   | 
     |---------------------------+-------+---------+--------+---------+----------| 
     |                           | clk ^ |         |        |   0.000 |   -0.120 | 
     | u_temp_ctrl/cooler_on_reg |       | SDFFRXL |  0.000 |   0.000 |   -0.120 | 
     +---------------------------------------------------------------------------+ 
Path 41: MET Setup Check with Pin u_temp_ctrl/cooler_on_reg/CK 
Endpoint:   u_temp_ctrl/cooler_on_reg/D (^) checked with  leading edge of 'clk'
Beginpoint: temp_setpoint_r_reg[2]/Q    (^) triggered by  leading edge of 'clk'
Path Groups: {clk}
Analysis View: view1
Retime Analysis { Data Path-Slew }
Other End Arrival Time          0.000
- Setup                         0.255
+ Phase Shift                   1.800
= Required Time                 1.545
- Arrival Time                  1.381
= Slack Time                    0.164
= Slack Time(original)          0.143
     Clock Rise Edge                      0.000
     = Beginpoint Arrival Time            0.000
     Timing Path:
     +------------------------------------------------------------------------------------+ 
     |         Instance          |     Arc      |   Cell    | Retime | Arrival | Required | 
     |                           |              |           |  Delay |  Time   |   Time   | 
     |---------------------------+--------------+-----------+--------+---------+----------| 
     |                           | clk ^        |           |        |   0.000 |    0.164 | 
     | temp_setpoint_r_reg[2]    |              | SDFFRHQX4 |  0.000 |   0.000 |    0.164 | 
     | temp_setpoint_r_reg[2]    | CK ^ -> Q ^  | SDFFRHQX4 |  0.390 |   0.390 |    0.554 | 
     | u_temp_ctrl/g1718         |              | NAND2X4   |  0.000 |   0.390 |    0.554 | 
     | u_temp_ctrl/g1718         | A ^ -> Y v   | NAND2X4   |  0.079 |   0.469 |    0.633 | 
     | u_temp_ctrl/g1714         |              | CLKINVX2  |  0.000 |   0.469 |    0.633 | 
     | u_temp_ctrl/g1714         | A v -> Y ^   | CLKINVX2  |  0.057 |   0.526 |    0.690 | 
     | u_temp_ctrl/g1700         |              | NAND2XL   |  0.000 |   0.526 |    0.690 | 
     | u_temp_ctrl/g1700         | B ^ -> Y v   | NAND2XL   |  0.067 |   0.592 |    0.757 | 
     | u_temp_ctrl/g1738         |              | CLKXOR2X1 |  0.000 |   0.592 |    0.757 | 
     | u_temp_ctrl/g1738         | A v -> Y ^   | CLKXOR2X1 |  0.228 |   0.821 |    0.985 | 
     | u_temp_ctrl/g1659         |              | OAI2BB1X1 |  0.000 |   0.821 |    0.985 | 
     | u_temp_ctrl/g1659         | A1N ^ -> Y ^ | OAI2BB1X1 |  0.132 |   0.953 |    1.117 | 
     | u_temp_ctrl/g1653         |              | NOR2XL    |  0.000 |   0.953 |    1.117 | 
     | u_temp_ctrl/g1653         | A ^ -> Y v   | NOR2XL    |  0.052 |   1.005 |    1.169 | 
     | u_temp_ctrl/g1639         |              | AOI22X1   |  0.000 |   1.005 |    1.169 | 
     | u_temp_ctrl/g1639         | A0 v -> Y ^  | AOI22X1   |  0.110 |   1.115 |    1.279 | 
     | u_temp_ctrl/g1636         |              | NAND2X2   |  0.000 |   1.115 |    1.279 | 
     | u_temp_ctrl/g1636         | A ^ -> Y v   | NAND2X2   |  0.087 |   1.202 |    1.366 | 
     | u_temp_ctrl/g1635         |              | INVX1     |  0.000 |   1.202 |    1.366 | 
     | u_temp_ctrl/g1635         | A v -> Y ^   | INVX1     |  0.044 |   1.245 |    1.410 | 
     | u_temp_ctrl/g1632         |              | NAND2XL   |  0.000 |   1.245 |    1.410 | 
     | u_temp_ctrl/g1632         | A ^ -> Y v   | NAND2XL   |  0.082 |   1.327 |    1.491 | 
     | u_temp_ctrl/g1631         |              | OAI21X1   |  0.000 |   1.327 |    1.491 | 
     | u_temp_ctrl/g1631         | B0 v -> Y ^  | OAI21X1   |  0.054 |   1.381 |    1.545 | 
     | u_temp_ctrl/cooler_on_reg |              | SDFFRXL   |  0.000 |   1.381 |    1.545 | 
     +------------------------------------------------------------------------------------+ 
     Clock Rise Edge                      0.000
     = Beginpoint Arrival Time            0.000
     Other End Path:
     +---------------------------------------------------------------------------+ 
     |         Instance          |  Arc  |  Cell   | Retime | Arrival | Required | 
     |                           |       |         |  Delay |  Time   |   Time   | 
     |---------------------------+-------+---------+--------+---------+----------| 
     |                           | clk ^ |         |        |   0.000 |   -0.164 | 
     | u_temp_ctrl/cooler_on_reg |       | SDFFRXL |  0.000 |   0.000 |   -0.164 | 
     +---------------------------------------------------------------------------+ 
Path 42: MET Setup Check with Pin u_temp_ctrl/cooler_on_reg/CK 
Endpoint:   u_temp_ctrl/cooler_on_reg/D (^) checked with  leading edge of 'clk'
Beginpoint: temp_setpoint_r_reg[2]/Q    (^) triggered by  leading edge of 'clk'
Path Groups: {clk}
Analysis View: view1
Retime Analysis { Data Path-Slew }
Other End Arrival Time          0.000
- Setup                         0.263
+ Phase Shift                   1.800
= Required Time                 1.537
- Arrival Time                  1.416
= Slack Time                    0.121
= Slack Time(original)          0.143
     Clock Rise Edge                      0.000
     = Beginpoint Arrival Time            0.000
     Timing Path:
     +------------------------------------------------------------------------------------+ 
     |         Instance          |     Arc      |   Cell    | Retime | Arrival | Required | 
     |                           |              |           |  Delay |  Time   |   Time   | 
     |---------------------------+--------------+-----------+--------+---------+----------| 
     |                           | clk ^        |           |        |   0.000 |    0.121 | 
     | temp_setpoint_r_reg[2]    |              | SDFFRHQX4 |  0.000 |   0.000 |    0.121 | 
     | temp_setpoint_r_reg[2]    | CK ^ -> Q ^  | SDFFRHQX4 |  0.390 |   0.390 |    0.511 | 
     | u_temp_ctrl/g1718         |              | NAND2X4   |  0.000 |   0.390 |    0.511 | 
     | u_temp_ctrl/g1718         | A ^ -> Y v   | NAND2X4   |  0.079 |   0.469 |    0.589 | 
     | u_temp_ctrl/g1714         |              | CLKINVX2  |  0.000 |   0.469 |    0.589 | 
     | u_temp_ctrl/g1714         | A v -> Y ^   | CLKINVX2  |  0.057 |   0.526 |    0.646 | 
     | u_temp_ctrl/g1700         |              | NAND2XL   |  0.000 |   0.526 |    0.646 | 
     | u_temp_ctrl/g1700         | B ^ -> Y v   | NAND2XL   |  0.067 |   0.592 |    0.713 | 
     | u_temp_ctrl/g1738         |              | CLKXOR2X1 |  0.000 |   0.592 |    0.713 | 
     | u_temp_ctrl/g1738         | A v -> Y ^   | CLKXOR2X1 |  0.228 |   0.821 |    0.941 | 
     | u_temp_ctrl/g1659         |              | OAI2BB1X1 |  0.000 |   0.821 |    0.941 | 
     | u_temp_ctrl/g1659         | A1N ^ -> Y ^ | OAI2BB1X1 |  0.132 |   0.952 |    1.073 | 
     | u_temp_ctrl/g1653         |              | NOR2XL    |  0.000 |   0.952 |    1.073 | 
     | u_temp_ctrl/g1653         | A ^ -> Y v   | NOR2XL    |  0.052 |   1.005 |    1.125 | 
     | u_temp_ctrl/g1639         |              | AOI22X1   |  0.000 |   1.005 |    1.125 | 
     | u_temp_ctrl/g1639         | A0 v -> Y ^  | AOI22X1   |  0.141 |   1.145 |    1.266 | 
     | u_temp_ctrl/g1636         |              | NAND2X2   |  0.000 |   1.145 |    1.266 | 
     | u_temp_ctrl/g1636         | A ^ -> Y v   | NAND2X2   |  0.093 |   1.239 |    1.359 | 
     | u_temp_ctrl/g1635         |              | INVX1     |  0.000 |   1.239 |    1.359 | 
     | u_temp_ctrl/g1635         | A v -> Y ^   | INVX1     |  0.045 |   1.284 |    1.404 | 
     | u_temp_ctrl/g1632         |              | NAND2XL   |  0.000 |   1.284 |    1.404 | 
     | u_temp_ctrl/g1632         | A ^ -> Y v   | NAND2XL   |  0.082 |   1.365 |    1.486 | 
     | u_temp_ctrl/g1631         |              | OAI21X1   |  0.000 |   1.365 |    1.486 | 
     | u_temp_ctrl/g1631         | B0 v -> Y ^  | OAI21X1   |  0.051 |   1.416 |    1.537 | 
     | u_temp_ctrl/cooler_on_reg |              | SDFFRXL   |  0.000 |   1.416 |    1.537 | 
     +------------------------------------------------------------------------------------+ 
     Clock Rise Edge                      0.000
     = Beginpoint Arrival Time            0.000
     Other End Path:
     +---------------------------------------------------------------------------+ 
     |         Instance          |  Arc  |  Cell   | Retime | Arrival | Required | 
     |                           |       |         |  Delay |  Time   |   Time   | 
     |---------------------------+-------+---------+--------+---------+----------| 
     |                           | clk ^ |         |        |   0.000 |   -0.121 | 
     | u_temp_ctrl/cooler_on_reg |       | SDFFRXL |  0.000 |   0.000 |   -0.121 | 
     +---------------------------------------------------------------------------+ 
Path 43: MET Setup Check with Pin u_temp_ctrl/cooler_on_reg/CK 
Endpoint:   u_temp_ctrl/cooler_on_reg/D (^) checked with  leading edge of 'clk'
Beginpoint: temp_setpoint_r_reg[1]/Q    (^) triggered by  leading edge of 'clk'
Path Groups: {clk}
Analysis View: view1
Retime Analysis { Data Path-Slew }
Other End Arrival Time          0.000
- Setup                         0.263
+ Phase Shift                   1.800
= Required Time                 1.537
- Arrival Time                  1.379
= Slack Time                    0.158
= Slack Time(original)          0.143
     Clock Rise Edge                      0.000
     = Beginpoint Arrival Time            0.000
     Timing Path:
     +------------------------------------------------------------------------------------+ 
     |         Instance          |     Arc      |   Cell    | Retime | Arrival | Required | 
     |                           |              |           |  Delay |  Time   |   Time   | 
     |---------------------------+--------------+-----------+--------+---------+----------| 
     |                           | clk ^        |           |        |   0.000 |    0.158 | 
     | temp_setpoint_r_reg[1]    |              | SDFFRHQX4 |  0.000 |   0.000 |    0.158 | 
     | temp_setpoint_r_reg[1]    | CK ^ -> Q ^  | SDFFRHQX4 |  0.391 |   0.391 |    0.550 | 
     | u_temp_ctrl/g1718         |              | NAND2X4   |  0.000 |   0.391 |    0.550 | 
     | u_temp_ctrl/g1718         | B ^ -> Y v   | NAND2X4   |  0.078 |   0.469 |    0.627 | 
     | u_temp_ctrl/g1714         |              | CLKINVX2  |  0.000 |   0.469 |    0.627 | 
     | u_temp_ctrl/g1714         | A v -> Y ^   | CLKINVX2  |  0.058 |   0.527 |    0.685 | 
     | u_temp_ctrl/g1700         |              | NAND2XL   |  0.000 |   0.527 |    0.685 | 
     | u_temp_ctrl/g1700         | B ^ -> Y v   | NAND2XL   |  0.067 |   0.593 |    0.751 | 
     | u_temp_ctrl/g1738         |              | CLKXOR2X1 |  0.000 |   0.593 |    0.751 | 
     | u_temp_ctrl/g1738         | A v -> Y ^   | CLKXOR2X1 |  0.228 |   0.822 |    0.980 | 
     | u_temp_ctrl/g1659         |              | OAI2BB1X1 |  0.000 |   0.822 |    0.980 | 
     | u_temp_ctrl/g1659         | A1N ^ -> Y ^ | OAI2BB1X1 |  0.132 |   0.953 |    1.111 | 
     | u_temp_ctrl/g1653         |              | NOR2XL    |  0.000 |   0.953 |    1.111 | 
     | u_temp_ctrl/g1653         | A ^ -> Y v   | NOR2XL    |  0.052 |   1.006 |    1.164 | 
     | u_temp_ctrl/g1639         |              | AOI22X1   |  0.000 |   1.006 |    1.164 | 
     | u_temp_ctrl/g1639         | A0 v -> Y ^  | AOI22X1   |  0.110 |   1.116 |    1.274 | 
     | u_temp_ctrl/g1636         |              | NAND2X2   |  0.000 |   1.116 |    1.274 | 
     | u_temp_ctrl/g1636         | A ^ -> Y v   | NAND2X2   |  0.087 |   1.203 |    1.361 | 
     | u_temp_ctrl/g1635         |              | INVX1     |  0.000 |   1.203 |    1.361 | 
     | u_temp_ctrl/g1635         | A v -> Y ^   | INVX1     |  0.044 |   1.246 |    1.404 | 
     | u_temp_ctrl/g1632         |              | NAND2XL   |  0.000 |   1.246 |    1.404 | 
     | u_temp_ctrl/g1632         | A ^ -> Y v   | NAND2XL   |  0.082 |   1.328 |    1.486 | 
     | u_temp_ctrl/g1631         |              | OAI21X1   |  0.000 |   1.328 |    1.486 | 
     | u_temp_ctrl/g1631         | B0 v -> Y ^  | OAI21X1   |  0.051 |   1.379 |    1.537 | 
     | u_temp_ctrl/cooler_on_reg |              | SDFFRXL   |  0.000 |   1.379 |    1.537 | 
     +------------------------------------------------------------------------------------+ 
     Clock Rise Edge                      0.000
     = Beginpoint Arrival Time            0.000
     Other End Path:
     +---------------------------------------------------------------------------+ 
     |         Instance          |  Arc  |  Cell   | Retime | Arrival | Required | 
     |                           |       |         |  Delay |  Time   |   Time   | 
     |---------------------------+-------+---------+--------+---------+----------| 
     |                           | clk ^ |         |        |   0.000 |   -0.158 | 
     | u_temp_ctrl/cooler_on_reg |       | SDFFRXL |  0.000 |   0.000 |   -0.158 | 
     +---------------------------------------------------------------------------+ 
Path 44: MET Setup Check with Pin u_temp_ctrl/cooler_on_reg/CK 
Endpoint:   u_temp_ctrl/cooler_on_reg/D (^) checked with  leading edge of 'clk'
Beginpoint: temp_setpoint_r_reg[2]/Q    (^) triggered by  leading edge of 'clk'
Path Groups: {clk}
Analysis View: view1
Retime Analysis { Data Path-Slew }
Other End Arrival Time          0.000
- Setup                         0.263
+ Phase Shift                   1.800
= Required Time                 1.537
- Arrival Time                  1.378
= Slack Time                    0.159
= Slack Time(original)          0.143
     Clock Rise Edge                      0.000
     = Beginpoint Arrival Time            0.000
     Timing Path:
     +------------------------------------------------------------------------------------+ 
     |         Instance          |     Arc      |   Cell    | Retime | Arrival | Required | 
     |                           |              |           |  Delay |  Time   |   Time   | 
     |---------------------------+--------------+-----------+--------+---------+----------| 
     |                           | clk ^        |           |        |   0.000 |    0.159 | 
     | temp_setpoint_r_reg[2]    |              | SDFFRHQX4 |  0.000 |   0.000 |    0.159 | 
     | temp_setpoint_r_reg[2]    | CK ^ -> Q ^  | SDFFRHQX4 |  0.390 |   0.390 |    0.549 | 
     | u_temp_ctrl/g1718         |              | NAND2X4   |  0.000 |   0.390 |    0.549 | 
     | u_temp_ctrl/g1718         | A ^ -> Y v   | NAND2X4   |  0.079 |   0.469 |    0.628 | 
     | u_temp_ctrl/g1714         |              | CLKINVX2  |  0.000 |   0.469 |    0.628 | 
     | u_temp_ctrl/g1714         | A v -> Y ^   | CLKINVX2  |  0.057 |   0.526 |    0.685 | 
     | u_temp_ctrl/g1700         |              | NAND2XL   |  0.000 |   0.526 |    0.685 | 
     | u_temp_ctrl/g1700         | B ^ -> Y v   | NAND2XL   |  0.067 |   0.592 |    0.751 | 
     | u_temp_ctrl/g1738         |              | CLKXOR2X1 |  0.000 |   0.592 |    0.751 | 
     | u_temp_ctrl/g1738         | A v -> Y ^   | CLKXOR2X1 |  0.228 |   0.821 |    0.980 | 
     | u_temp_ctrl/g1659         |              | OAI2BB1X1 |  0.000 |   0.821 |    0.980 | 
     | u_temp_ctrl/g1659         | A1N ^ -> Y ^ | OAI2BB1X1 |  0.132 |   0.953 |    1.111 | 
     | u_temp_ctrl/g1653         |              | NOR2XL    |  0.000 |   0.953 |    1.111 | 
     | u_temp_ctrl/g1653         | A ^ -> Y v   | NOR2XL    |  0.052 |   1.005 |    1.164 | 
     | u_temp_ctrl/g1639         |              | AOI22X1   |  0.000 |   1.005 |    1.164 | 
     | u_temp_ctrl/g1639         | A0 v -> Y ^  | AOI22X1   |  0.110 |   1.115 |    1.274 | 
     | u_temp_ctrl/g1636         |              | NAND2X2   |  0.000 |   1.115 |    1.274 | 
     | u_temp_ctrl/g1636         | A ^ -> Y v   | NAND2X2   |  0.087 |   1.202 |    1.361 | 
     | u_temp_ctrl/g1635         |              | INVX1     |  0.000 |   1.202 |    1.361 | 
     | u_temp_ctrl/g1635         | A v -> Y ^   | INVX1     |  0.044 |   1.245 |    1.404 | 
     | u_temp_ctrl/g1632         |              | NAND2XL   |  0.000 |   1.245 |    1.404 | 
     | u_temp_ctrl/g1632         | A ^ -> Y v   | NAND2XL   |  0.082 |   1.327 |    1.486 | 
     | u_temp_ctrl/g1631         |              | OAI21X1   |  0.000 |   1.327 |    1.486 | 
     | u_temp_ctrl/g1631         | B0 v -> Y ^  | OAI21X1   |  0.051 |   1.378 |    1.537 | 
     | u_temp_ctrl/cooler_on_reg |              | SDFFRXL   |  0.000 |   1.378 |    1.537 | 
     +------------------------------------------------------------------------------------+ 
     Clock Rise Edge                      0.000
     = Beginpoint Arrival Time            0.000
     Other End Path:
     +---------------------------------------------------------------------------+ 
     |         Instance          |  Arc  |  Cell   | Retime | Arrival | Required | 
     |                           |       |         |  Delay |  Time   |   Time   | 
     |---------------------------+-------+---------+--------+---------+----------| 
     |                           | clk ^ |         |        |   0.000 |   -0.159 | 
     | u_temp_ctrl/cooler_on_reg |       | SDFFRXL |  0.000 |   0.000 |   -0.159 | 
     +---------------------------------------------------------------------------+ 
Path 45: MET Setup Check with Pin u_temp_ctrl/cooler_on_reg/CK 
Endpoint:   u_temp_ctrl/cooler_on_reg/D (v) checked with  leading edge of 'clk'
Beginpoint: temp_setpoint_r_reg[1]/Q    (v) triggered by  leading edge of 'clk'
Path Groups: {clk}
Analysis View: view1
Retime Analysis { Data Path-Slew }
Other End Arrival Time          0.000
- Setup                         0.209
+ Phase Shift                   1.800
= Required Time                 1.591
- Arrival Time                  1.430
= Slack Time                    0.161
= Slack Time(original)          0.144
     Clock Rise Edge                      0.000
     = Beginpoint Arrival Time            0.000
     Timing Path:
     +-----------------------------------------------------------------------------------+ 
     |         Instance          |     Arc     |   Cell    | Retime | Arrival | Required | 
     |                           |             |           |  Delay |  Time   |   Time   | 
     |---------------------------+-------------+-----------+--------+---------+----------| 
     |                           | clk ^       |           |        |   0.000 |    0.161 | 
     | temp_setpoint_r_reg[1]    |             | SDFFRHQX4 |  0.000 |   0.000 |    0.161 | 
     | temp_setpoint_r_reg[1]    | CK ^ -> Q v | SDFFRHQX4 |  0.396 |   0.396 |    0.557 | 
     | u_temp_ctrl/g1724         |             | INVX1     |  0.000 |   0.396 |    0.557 | 
     | u_temp_ctrl/g1724         | A v -> Y ^  | INVX1     |  0.057 |   0.453 |    0.614 | 
     | u_temp_ctrl/g1707         |             | CLKAND2X3 |  0.000 |   0.453 |    0.614 | 
     | u_temp_ctrl/g1707         | A ^ -> Y ^  | CLKAND2X3 |  0.121 |   0.575 |    0.735 | 
     | u_temp_ctrl/g1703         |             | CLKINVX2  |  0.000 |   0.575 |    0.735 | 
     | u_temp_ctrl/g1703         | A ^ -> Y v  | CLKINVX2  |  0.043 |   0.618 |    0.778 | 
     | u_temp_ctrl/g1669         |             | NOR3X1    |  0.000 |   0.618 |    0.778 | 
     | u_temp_ctrl/g1669         | C v -> Y ^  | NOR3X1    |  0.143 |   0.760 |    0.921 | 
     | u_temp_ctrl/g1663         |             | AOI21X1   |  0.000 |   0.760 |    0.921 | 
     | u_temp_ctrl/g1663         | B0 ^ -> Y v | AOI21X1   |  0.074 |   0.834 |    0.995 | 
     | u_temp_ctrl/g1651         |             | NOR2XL    |  0.000 |   0.834 |    0.995 | 
     | u_temp_ctrl/g1651         | B v -> Y ^  | NOR2XL    |  0.108 |   0.942 |    1.103 | 
     | u_temp_ctrl/g1643         |             | AOI211X1  |  0.000 |   0.942 |    1.103 | 
     | u_temp_ctrl/g1643         | C0 ^ -> Y v | AOI211X1  |  0.047 |   0.990 |    1.150 | 
     | u_temp_ctrl/g1637         |             | NAND2XL   |  0.000 |   0.990 |    1.150 | 
     | u_temp_ctrl/g1637         | A v -> Y ^  | NAND2XL   |  0.067 |   1.056 |    1.217 | 
     | u_temp_ctrl/g1634         |             | NAND3X1   |  0.000 |   1.056 |    1.217 | 
     | u_temp_ctrl/g1634         | C ^ -> Y v  | NAND3X1   |  0.189 |   1.245 |    1.405 | 
     | u_temp_ctrl/g1632         |             | NAND2XL   |  0.000 |   1.245 |    1.405 | 
     | u_temp_ctrl/g1632         | B v -> Y ^  | NAND2XL   |  0.110 |   1.355 |    1.515 | 
     | u_temp_ctrl/g1631         |             | OAI21X1   |  0.000 |   1.355 |    1.515 | 
     | u_temp_ctrl/g1631         | B0 ^ -> Y v | OAI21X1   |  0.075 |   1.430 |    1.591 | 
     | u_temp_ctrl/cooler_on_reg |             | SDFFRXL   |  0.000 |   1.430 |    1.591 | 
     +-----------------------------------------------------------------------------------+ 
     Clock Rise Edge                      0.000
     = Beginpoint Arrival Time            0.000
     Other End Path:
     +---------------------------------------------------------------------------+ 
     |         Instance          |  Arc  |  Cell   | Retime | Arrival | Required | 
     |                           |       |         |  Delay |  Time   |   Time   | 
     |---------------------------+-------+---------+--------+---------+----------| 
     |                           | clk ^ |         |        |   0.000 |   -0.161 | 
     | u_temp_ctrl/cooler_on_reg |       | SDFFRXL |  0.000 |   0.000 |   -0.161 | 
     +---------------------------------------------------------------------------+ 
Path 46: MET Setup Check with Pin u_temp_ctrl/cooler_on_reg/CK 
Endpoint:   u_temp_ctrl/cooler_on_reg/D (v) checked with  leading edge of 'clk'
Beginpoint: temp_setpoint_r_reg[1]/Q    (v) triggered by  leading edge of 'clk'
Path Groups: {clk}
Analysis View: view1
Retime Analysis { Data Path-Slew }
Other End Arrival Time          0.000
- Setup                         0.209
+ Phase Shift                   1.800
= Required Time                 1.591
- Arrival Time                  1.425
= Slack Time                    0.165
= Slack Time(original)          0.144
     Clock Rise Edge                      0.000
     = Beginpoint Arrival Time            0.000
     Timing Path:
     +-----------------------------------------------------------------------------------+ 
     |         Instance          |     Arc     |   Cell    | Retime | Arrival | Required | 
     |                           |             |           |  Delay |  Time   |   Time   | 
     |---------------------------+-------------+-----------+--------+---------+----------| 
     |                           | clk ^       |           |        |   0.000 |    0.165 | 
     | temp_setpoint_r_reg[1]    |             | SDFFRHQX4 |  0.000 |   0.000 |    0.165 | 
     | temp_setpoint_r_reg[1]    | CK ^ -> Q v | SDFFRHQX4 |  0.396 |   0.396 |    0.562 | 
     | u_temp_ctrl/g1724         |             | INVX1     |  0.000 |   0.396 |    0.562 | 
     | u_temp_ctrl/g1724         | A v -> Y ^  | INVX1     |  0.057 |   0.453 |    0.619 | 
     | u_temp_ctrl/g1707         |             | CLKAND2X3 |  0.000 |   0.453 |    0.619 | 
     | u_temp_ctrl/g1707         | A ^ -> Y ^  | CLKAND2X3 |  0.121 |   0.575 |    0.740 | 
     | u_temp_ctrl/g1703         |             | CLKINVX2  |  0.000 |   0.575 |    0.740 | 
     | u_temp_ctrl/g1703         | A ^ -> Y v  | CLKINVX2  |  0.043 |   0.618 |    0.783 | 
     | u_temp_ctrl/g1669         |             | NOR3X1    |  0.000 |   0.618 |    0.783 | 
     | u_temp_ctrl/g1669         | C v -> Y ^  | NOR3X1    |  0.143 |   0.760 |    0.926 | 
     | u_temp_ctrl/g1663         |             | AOI21X1   |  0.000 |   0.760 |    0.926 | 
     | u_temp_ctrl/g1663         | B0 ^ -> Y v | AOI21X1   |  0.071 |   0.831 |    0.997 | 
     | u_temp_ctrl/g1651         |             | NOR2XL    |  0.000 |   0.831 |    0.997 | 
     | u_temp_ctrl/g1651         | B v -> Y ^  | NOR2XL    |  0.106 |   0.938 |    1.103 | 
     | u_temp_ctrl/g1643         |             | AOI211X1  |  0.000 |   0.938 |    1.103 | 
     | u_temp_ctrl/g1643         | C0 ^ -> Y v | AOI211X1  |  0.047 |   0.985 |    1.150 | 
     | u_temp_ctrl/g1637         |             | NAND2XL   |  0.000 |   0.985 |    1.150 | 
     | u_temp_ctrl/g1637         | A v -> Y ^  | NAND2XL   |  0.067 |   1.051 |    1.217 | 
     | u_temp_ctrl/g1634         |             | NAND3X1   |  0.000 |   1.051 |    1.217 | 
     | u_temp_ctrl/g1634         | C ^ -> Y v  | NAND3X1   |  0.189 |   1.240 |    1.405 | 
     | u_temp_ctrl/g1632         |             | NAND2XL   |  0.000 |   1.240 |    1.405 | 
     | u_temp_ctrl/g1632         | B v -> Y ^  | NAND2XL   |  0.110 |   1.350 |    1.515 | 
     | u_temp_ctrl/g1631         |             | OAI21X1   |  0.000 |   1.350 |    1.515 | 
     | u_temp_ctrl/g1631         | B0 ^ -> Y v | OAI21X1   |  0.075 |   1.425 |    1.591 | 
     | u_temp_ctrl/cooler_on_reg |             | SDFFRXL   |  0.000 |   1.425 |    1.591 | 
     +-----------------------------------------------------------------------------------+ 
     Clock Rise Edge                      0.000
     = Beginpoint Arrival Time            0.000
     Other End Path:
     +---------------------------------------------------------------------------+ 
     |         Instance          |  Arc  |  Cell   | Retime | Arrival | Required | 
     |                           |       |         |  Delay |  Time   |   Time   | 
     |---------------------------+-------+---------+--------+---------+----------| 
     |                           | clk ^ |         |        |   0.000 |   -0.165 | 
     | u_temp_ctrl/cooler_on_reg |       | SDFFRXL |  0.000 |   0.000 |   -0.165 | 
     +---------------------------------------------------------------------------+ 
Path 47: MET Setup Check with Pin u_temp_ctrl/cooler_on_reg/CK 
Endpoint:   u_temp_ctrl/cooler_on_reg/D (v) checked with  leading edge of 'clk'
Beginpoint: temp_setpoint_r_reg[1]/Q    (v) triggered by  leading edge of 'clk'
Path Groups: {clk}
Analysis View: view1
Retime Analysis { Data Path-Slew }
Other End Arrival Time          0.000
- Setup                         0.209
+ Phase Shift                   1.800
= Required Time                 1.591
- Arrival Time                  1.425
= Slack Time                    0.166
= Slack Time(original)          0.144
     Clock Rise Edge                      0.000
     = Beginpoint Arrival Time            0.000
     Timing Path:
     +-----------------------------------------------------------------------------------+ 
     |         Instance          |     Arc     |   Cell    | Retime | Arrival | Required | 
     |                           |             |           |  Delay |  Time   |   Time   | 
     |---------------------------+-------------+-----------+--------+---------+----------| 
     |                           | clk ^       |           |        |   0.000 |    0.166 | 
     | temp_setpoint_r_reg[1]    |             | SDFFRHQX4 |  0.000 |   0.000 |    0.166 | 
     | temp_setpoint_r_reg[1]    | CK ^ -> Q v | SDFFRHQX4 |  0.396 |   0.396 |    0.562 | 
     | u_temp_ctrl/g1724         |             | INVX1     |  0.000 |   0.396 |    0.562 | 
     | u_temp_ctrl/g1724         | A v -> Y ^  | INVX1     |  0.057 |   0.453 |    0.619 | 
     | u_temp_ctrl/g1707         |             | CLKAND2X3 |  0.000 |   0.453 |    0.619 | 
     | u_temp_ctrl/g1707         | A ^ -> Y ^  | CLKAND2X3 |  0.121 |   0.575 |    0.740 | 
     | u_temp_ctrl/g1703         |             | CLKINVX2  |  0.000 |   0.575 |    0.740 | 
     | u_temp_ctrl/g1703         | A ^ -> Y v  | CLKINVX2  |  0.043 |   0.618 |    0.783 | 
     | u_temp_ctrl/g1669         |             | NOR3X1    |  0.000 |   0.618 |    0.783 | 
     | u_temp_ctrl/g1669         | C v -> Y ^  | NOR3X1    |  0.143 |   0.760 |    0.926 | 
     | u_temp_ctrl/g1663         |             | AOI21X1   |  0.000 |   0.760 |    0.926 | 
     | u_temp_ctrl/g1663         | B0 ^ -> Y v | AOI21X1   |  0.074 |   0.834 |    1.000 | 
     | u_temp_ctrl/g1651         |             | NOR2XL    |  0.000 |   0.834 |    1.000 | 
     | u_temp_ctrl/g1651         | B v -> Y ^  | NOR2XL    |  0.108 |   0.942 |    1.108 | 
     | u_temp_ctrl/g1643         |             | AOI211X1  |  0.000 |   0.942 |    1.108 | 
     | u_temp_ctrl/g1643         | C0 ^ -> Y v | AOI211X1  |  0.045 |   0.987 |    1.153 | 
     | u_temp_ctrl/g1637         |             | NAND2XL   |  0.000 |   0.987 |    1.153 | 
     | u_temp_ctrl/g1637         | A v -> Y ^  | NAND2XL   |  0.064 |   1.051 |    1.217 | 
     | u_temp_ctrl/g1634         |             | NAND3X1   |  0.000 |   1.051 |    1.217 | 
     | u_temp_ctrl/g1634         | C ^ -> Y v  | NAND3X1   |  0.188 |   1.240 |    1.405 | 
     | u_temp_ctrl/g1632         |             | NAND2XL   |  0.000 |   1.240 |    1.405 | 
     | u_temp_ctrl/g1632         | B v -> Y ^  | NAND2XL   |  0.110 |   1.350 |    1.515 | 
     | u_temp_ctrl/g1631         |             | OAI21X1   |  0.000 |   1.350 |    1.515 | 
     | u_temp_ctrl/g1631         | B0 ^ -> Y v | OAI21X1   |  0.075 |   1.425 |    1.591 | 
     | u_temp_ctrl/cooler_on_reg |             | SDFFRXL   |  0.000 |   1.425 |    1.591 | 
     +-----------------------------------------------------------------------------------+ 
     Clock Rise Edge                      0.000
     = Beginpoint Arrival Time            0.000
     Other End Path:
     +---------------------------------------------------------------------------+ 
     |         Instance          |  Arc  |  Cell   | Retime | Arrival | Required | 
     |                           |       |         |  Delay |  Time   |   Time   | 
     |---------------------------+-------+---------+--------+---------+----------| 
     |                           | clk ^ |         |        |   0.000 |   -0.166 | 
     | u_temp_ctrl/cooler_on_reg |       | SDFFRXL |  0.000 |   0.000 |   -0.166 | 
     +---------------------------------------------------------------------------+ 
Path 48: MET Setup Check with Pin u_temp_ctrl/cooler_on_reg/CK 
Endpoint:   u_temp_ctrl/cooler_on_reg/D (v) checked with  leading edge of 'clk'
Beginpoint: temp_setpoint_r_reg[1]/Q    (v) triggered by  leading edge of 'clk'
Path Groups: {clk}
Analysis View: view1
Retime Analysis { Data Path-Slew }
Other End Arrival Time          0.000
- Setup                         0.179
+ Phase Shift                   1.800
= Required Time                 1.621
- Arrival Time                  1.408
= Slack Time                    0.213
= Slack Time(original)          0.144
     Clock Rise Edge                      0.000
     = Beginpoint Arrival Time            0.000
     Timing Path:
     +-----------------------------------------------------------------------------------+ 
     |         Instance          |     Arc     |   Cell    | Retime | Arrival | Required | 
     |                           |             |           |  Delay |  Time   |   Time   | 
     |---------------------------+-------------+-----------+--------+---------+----------| 
     |                           | clk ^       |           |        |   0.000 |    0.213 | 
     | temp_setpoint_r_reg[1]    |             | SDFFRHQX4 |  0.000 |   0.000 |    0.213 | 
     | temp_setpoint_r_reg[1]    | CK ^ -> Q v | SDFFRHQX4 |  0.396 |   0.396 |    0.609 | 
     | u_temp_ctrl/g1724         |             | INVX1     |  0.000 |   0.396 |    0.609 | 
     | u_temp_ctrl/g1724         | A v -> Y ^  | INVX1     |  0.057 |   0.453 |    0.667 | 
     | u_temp_ctrl/g1707         |             | CLKAND2X3 |  0.000 |   0.453 |    0.667 | 
     | u_temp_ctrl/g1707         | A ^ -> Y ^  | CLKAND2X3 |  0.121 |   0.575 |    0.788 | 
     | u_temp_ctrl/g1703         |             | CLKINVX2  |  0.000 |   0.575 |    0.788 | 
     | u_temp_ctrl/g1703         | A ^ -> Y v  | CLKINVX2  |  0.043 |   0.618 |    0.831 | 
     | u_temp_ctrl/g1669         |             | NOR3X1    |  0.000 |   0.618 |    0.831 | 
     | u_temp_ctrl/g1669         | C v -> Y ^  | NOR3X1    |  0.143 |   0.760 |    0.974 | 
     | u_temp_ctrl/g1663         |             | AOI21X1   |  0.000 |   0.760 |    0.974 | 
     | u_temp_ctrl/g1663         | B0 ^ -> Y v | AOI21X1   |  0.074 |   0.834 |    1.047 | 
     | u_temp_ctrl/g1651         |             | NOR2XL    |  0.000 |   0.834 |    1.047 | 
     | u_temp_ctrl/g1651         | B v -> Y ^  | NOR2XL    |  0.108 |   0.942 |    1.155 | 
     | u_temp_ctrl/g1643         |             | AOI211X1  |  0.000 |   0.942 |    1.155 | 
     | u_temp_ctrl/g1643         | C0 ^ -> Y v | AOI211X1  |  0.047 |   0.990 |    1.203 | 
     | u_temp_ctrl/g1637         |             | NAND2XL   |  0.000 |   0.990 |    1.203 | 
     | u_temp_ctrl/g1637         | A v -> Y ^  | NAND2XL   |  0.067 |   1.056 |    1.269 | 
     | u_temp_ctrl/g1634         |             | NAND3X1   |  0.000 |   1.056 |    1.269 | 
     | u_temp_ctrl/g1634         | C ^ -> Y v  | NAND3X1   |  0.189 |   1.245 |    1.458 | 
     | u_temp_ctrl/g1632         |             | NAND2XL   |  0.000 |   1.245 |    1.458 | 
     | u_temp_ctrl/g1632         | B v -> Y ^  | NAND2XL   |  0.110 |   1.355 |    1.568 | 
     | u_temp_ctrl/g1631         |             | OAI21X1   |  0.000 |   1.355 |    1.568 | 
     | u_temp_ctrl/g1631         | B0 ^ -> Y v | OAI21X1   |  0.053 |   1.408 |    1.621 | 
     | u_temp_ctrl/cooler_on_reg |             | SDFFRXL   |  0.000 |   1.408 |    1.621 | 
     +-----------------------------------------------------------------------------------+ 
     Clock Rise Edge                      0.000
     = Beginpoint Arrival Time            0.000
     Other End Path:
     +---------------------------------------------------------------------------+ 
     |         Instance          |  Arc  |  Cell   | Retime | Arrival | Required | 
     |                           |       |         |  Delay |  Time   |   Time   | 
     |---------------------------+-------+---------+--------+---------+----------| 
     |                           | clk ^ |         |        |   0.000 |   -0.213 | 
     | u_temp_ctrl/cooler_on_reg |       | SDFFRXL |  0.000 |   0.000 |   -0.213 | 
     +---------------------------------------------------------------------------+ 
Path 49: MET Setup Check with Pin u_temp_ctrl/cooler_on_reg/CK 
Endpoint:   u_temp_ctrl/cooler_on_reg/D (v) checked with  leading edge of 'clk'
Beginpoint: temp_setpoint_r_reg[1]/Q    (v) triggered by  leading edge of 'clk'
Path Groups: {clk}
Analysis View: view1
Retime Analysis { Data Path-Slew }
Other End Arrival Time          0.000
- Setup                         0.209
+ Phase Shift                   1.800
= Required Time                 1.591
- Arrival Time                  1.421
= Slack Time                    0.170
= Slack Time(original)          0.144
     Clock Rise Edge                      0.000
     = Beginpoint Arrival Time            0.000
     Timing Path:
     +-----------------------------------------------------------------------------------+ 
     |         Instance          |     Arc     |   Cell    | Retime | Arrival | Required | 
     |                           |             |           |  Delay |  Time   |   Time   | 
     |---------------------------+-------------+-----------+--------+---------+----------| 
     |                           | clk ^       |           |        |   0.000 |    0.170 | 
     | temp_setpoint_r_reg[1]    |             | SDFFRHQX4 |  0.000 |   0.000 |    0.170 | 
     | temp_setpoint_r_reg[1]    | CK ^ -> Q v | SDFFRHQX4 |  0.396 |   0.396 |    0.567 | 
     | u_temp_ctrl/g1724         |             | INVX1     |  0.000 |   0.396 |    0.567 | 
     | u_temp_ctrl/g1724         | A v -> Y ^  | INVX1     |  0.057 |   0.453 |    0.624 | 
     | u_temp_ctrl/g1707         |             | CLKAND2X3 |  0.000 |   0.453 |    0.624 | 
     | u_temp_ctrl/g1707         | A ^ -> Y ^  | CLKAND2X3 |  0.121 |   0.575 |    0.745 | 
     | u_temp_ctrl/g1703         |             | CLKINVX2  |  0.000 |   0.575 |    0.745 | 
     | u_temp_ctrl/g1703         | A ^ -> Y v  | CLKINVX2  |  0.043 |   0.618 |    0.788 | 
     | u_temp_ctrl/g1669         |             | NOR3X1    |  0.000 |   0.618 |    0.788 | 
     | u_temp_ctrl/g1669         | C v -> Y ^  | NOR3X1    |  0.143 |   0.760 |    0.931 | 
     | u_temp_ctrl/g1663         |             | AOI21X1   |  0.000 |   0.760 |    0.931 | 
     | u_temp_ctrl/g1663         | B0 ^ -> Y v | AOI21X1   |  0.071 |   0.831 |    1.002 | 
     | u_temp_ctrl/g1651         |             | NOR2XL    |  0.000 |   0.831 |    1.002 | 
     | u_temp_ctrl/g1651         | B v -> Y ^  | NOR2XL    |  0.106 |   0.938 |    1.108 | 
     | u_temp_ctrl/g1643         |             | AOI211X1  |  0.000 |   0.938 |    1.108 | 
     | u_temp_ctrl/g1643         | C0 ^ -> Y v | AOI211X1  |  0.045 |   0.982 |    1.153 | 
     | u_temp_ctrl/g1637         |             | NAND2XL   |  0.000 |   0.982 |    1.153 | 
     | u_temp_ctrl/g1637         | A v -> Y ^  | NAND2XL   |  0.064 |   1.047 |    1.217 | 
     | u_temp_ctrl/g1634         |             | NAND3X1   |  0.000 |   1.047 |    1.217 | 
     | u_temp_ctrl/g1634         | C ^ -> Y v  | NAND3X1   |  0.188 |   1.235 |    1.405 | 
     | u_temp_ctrl/g1632         |             | NAND2XL   |  0.000 |   1.235 |    1.405 | 
     | u_temp_ctrl/g1632         | B v -> Y ^  | NAND2XL   |  0.110 |   1.345 |    1.515 | 
     | u_temp_ctrl/g1631         |             | OAI21X1   |  0.000 |   1.345 |    1.515 | 
     | u_temp_ctrl/g1631         | B0 ^ -> Y v | OAI21X1   |  0.075 |   1.421 |    1.591 | 
     | u_temp_ctrl/cooler_on_reg |             | SDFFRXL   |  0.000 |   1.421 |    1.591 | 
     +-----------------------------------------------------------------------------------+ 
     Clock Rise Edge                      0.000
     = Beginpoint Arrival Time            0.000
     Other End Path:
     +---------------------------------------------------------------------------+ 
     |         Instance          |  Arc  |  Cell   | Retime | Arrival | Required | 
     |                           |       |         |  Delay |  Time   |   Time   | 
     |---------------------------+-------+---------+--------+---------+----------| 
     |                           | clk ^ |         |        |   0.000 |   -0.170 | 
     | u_temp_ctrl/cooler_on_reg |       | SDFFRXL |  0.000 |   0.000 |   -0.170 | 
     +---------------------------------------------------------------------------+ 
Path 50: MET Setup Check with Pin u_temp_ctrl/cooler_on_reg/CK 
Endpoint:   u_temp_ctrl/cooler_on_reg/D (v) checked with  leading edge of 'clk'
Beginpoint: temp_setpoint_r_reg[1]/Q    (v) triggered by  leading edge of 'clk'
Path Groups: {clk}
Analysis View: view1
Retime Analysis { Data Path-Slew }
Other End Arrival Time          0.000
- Setup                         0.179
+ Phase Shift                   1.800
= Required Time                 1.621
- Arrival Time                  1.403
= Slack Time                    0.218
= Slack Time(original)          0.144
     Clock Rise Edge                      0.000
     = Beginpoint Arrival Time            0.000
     Timing Path:
     +-----------------------------------------------------------------------------------+ 
     |         Instance          |     Arc     |   Cell    | Retime | Arrival | Required | 
     |                           |             |           |  Delay |  Time   |   Time   | 
     |---------------------------+-------------+-----------+--------+---------+----------| 
     |                           | clk ^       |           |        |   0.000 |    0.218 | 
     | temp_setpoint_r_reg[1]    |             | SDFFRHQX4 |  0.000 |   0.000 |    0.218 | 
     | temp_setpoint_r_reg[1]    | CK ^ -> Q v | SDFFRHQX4 |  0.396 |   0.396 |    0.614 | 
     | u_temp_ctrl/g1724         |             | INVX1     |  0.000 |   0.396 |    0.614 | 
     | u_temp_ctrl/g1724         | A v -> Y ^  | INVX1     |  0.057 |   0.453 |    0.672 | 
     | u_temp_ctrl/g1707         |             | CLKAND2X3 |  0.000 |   0.453 |    0.672 | 
     | u_temp_ctrl/g1707         | A ^ -> Y ^  | CLKAND2X3 |  0.121 |   0.575 |    0.793 | 
     | u_temp_ctrl/g1703         |             | CLKINVX2  |  0.000 |   0.575 |    0.793 | 
     | u_temp_ctrl/g1703         | A ^ -> Y v  | CLKINVX2  |  0.043 |   0.618 |    0.836 | 
     | u_temp_ctrl/g1669         |             | NOR3X1    |  0.000 |   0.618 |    0.836 | 
     | u_temp_ctrl/g1669         | C v -> Y ^  | NOR3X1    |  0.143 |   0.760 |    0.978 | 
     | u_temp_ctrl/g1663         |             | AOI21X1   |  0.000 |   0.760 |    0.978 | 
     | u_temp_ctrl/g1663         | B0 ^ -> Y v | AOI21X1   |  0.071 |   0.831 |    1.050 | 
     | u_temp_ctrl/g1651         |             | NOR2XL    |  0.000 |   0.831 |    1.050 | 
     | u_temp_ctrl/g1651         | B v -> Y ^  | NOR2XL    |  0.106 |   0.938 |    1.156 | 
     | u_temp_ctrl/g1643         |             | AOI211X1  |  0.000 |   0.938 |    1.156 | 
     | u_temp_ctrl/g1643         | C0 ^ -> Y v | AOI211X1  |  0.047 |   0.985 |    1.203 | 
     | u_temp_ctrl/g1637         |             | NAND2XL   |  0.000 |   0.985 |    1.203 | 
     | u_temp_ctrl/g1637         | A v -> Y ^  | NAND2XL   |  0.067 |   1.051 |    1.269 | 
     | u_temp_ctrl/g1634         |             | NAND3X1   |  0.000 |   1.051 |    1.269 | 
     | u_temp_ctrl/g1634         | C ^ -> Y v  | NAND3X1   |  0.189 |   1.240 |    1.458 | 
     | u_temp_ctrl/g1632         |             | NAND2XL   |  0.000 |   1.240 |    1.458 | 
     | u_temp_ctrl/g1632         | B v -> Y ^  | NAND2XL   |  0.110 |   1.350 |    1.568 | 
     | u_temp_ctrl/g1631         |             | OAI21X1   |  0.000 |   1.350 |    1.568 | 
     | u_temp_ctrl/g1631         | B0 ^ -> Y v | OAI21X1   |  0.053 |   1.403 |    1.621 | 
     | u_temp_ctrl/cooler_on_reg |             | SDFFRXL   |  0.000 |   1.403 |    1.621 | 
     +-----------------------------------------------------------------------------------+ 
     Clock Rise Edge                      0.000
     = Beginpoint Arrival Time            0.000
     Other End Path:
     +---------------------------------------------------------------------------+ 
     |         Instance          |  Arc  |  Cell   | Retime | Arrival | Required | 
     |                           |       |         |  Delay |  Time   |   Time   | 
     |---------------------------+-------+---------+--------+---------+----------| 
     |                           | clk ^ |         |        |   0.000 |   -0.218 | 
     | u_temp_ctrl/cooler_on_reg |       | SDFFRXL |  0.000 |   0.000 |   -0.218 | 
     +---------------------------------------------------------------------------+ 

