###############################################################
#  Generated by:      Cadence Tempus 20.10-p003_1
#  OS:                Linux x86_64(Host ID edatools-server2.iiitd.edu.in)
#  Generated on:      Mon Oct 27 17:53:57 2025
#  Design:            HA
#  Command:           report_timing -late -max_paths 30 -nworst 30 -path_type full_clock -net > $report_dir/gba_setup.rpt
###############################################################
Path 1: MET Setup Check with Pin u_visitor/count_reg[6]/CK 
Endpoint:   u_visitor/count_reg[6]/D (^) checked with  leading edge of 'clk'
Beginpoint: u_visitor/count_reg[0]/Q (^) triggered by  leading edge of 'clk'
Path Groups: {clk}
Other End Arrival Time          0.000
- Setup                         0.218
+ Phase Shift                   5.000
- Uncertainty                   0.100
= Required Time                 4.682
- Arrival Time                  2.303
= Slack Time                    2.379
     Clock Rise Edge                      0.000
     = Beginpoint Arrival Time            0.000
     Timing Path:
      ------------------------------------------------------------------------------------------
      Pin                        Edge  Net                   Cell       Delay  Arrival  Required  
                                                                               Time     Time  
      ------------------------------------------------------------------------------------------
      clk                        ^     clk                   -          -      0.000    2.379  
      u_visitor/count_reg[0]/CK  ^     clk                   SDFFRHQX1  0.000  0.000    2.379  
      u_visitor/count_reg[0]/Q   ^     visitor_count_int[0]  SDFFRHQX1  0.378  0.378    2.757  
      u_visitor/g847/A           ^     visitor_count_int[0]  NAND2XL    0.000  0.378    2.757  
      u_visitor/g847/Y           v     u_visitor/n_6         NAND2XL    0.177  0.555    2.934  
      u_visitor/g864/B           v     u_visitor/n_6         NOR2BX1    0.000  0.555    2.934  
      u_visitor/g864/Y           ^     u_visitor/n_0         NOR2BX1    0.140  0.694    3.073  
      u_visitor/g839/B           ^     u_visitor/n_0         NAND2XL    0.000  0.694    3.073  
      u_visitor/g839/Y           v     u_visitor/n_11        NAND2XL    0.155  0.849    3.228  
      u_visitor/g2/B             v     u_visitor/n_11        NOR2BX1    0.000  0.849    3.228  
      u_visitor/g2/Y             ^     u_visitor/n_1         NOR2BX1    0.131  0.980    3.358  
      u_visitor/g833/B           ^     u_visitor/n_1         NAND2XL    0.000  0.980    3.358  
      u_visitor/g833/Y           v     u_visitor/n_16        NAND2XL    0.135  1.115    3.494  
      u_visitor/g829/B           v     u_visitor/n_16        NOR2XL     0.000  1.115    3.494  
      u_visitor/g829/Y           ^     u_visitor/n_20        NOR2XL     0.158  1.273    3.652  
      u_visitor/g827/A1          ^     u_visitor/n_20        AOI211X1   0.000  1.273    3.652  
      u_visitor/g827/Y           v     u_visitor/n_23        AOI211X1   0.314  1.587    3.966  
      u_visitor/g826/A           v     u_visitor/n_23        INVX1      0.000  1.587    3.966  
      u_visitor/g826/Y           ^     u_visitor/n_22        INVX1      0.125  1.712    4.091  
      u_visitor/g825/B           ^     u_visitor/n_22        NAND2XL    0.000  1.712    4.091  
      u_visitor/g825/Y           v     u_visitor/n_27        NAND2XL    0.284  1.996    4.375  
      u_visitor/g817/C0          v     u_visitor/n_27        OAI211XL   0.000  1.996    4.375  
      u_visitor/g817/Y           ^     u_visitor/n_32        OAI211XL   0.115  2.111    4.490  
      u_visitor/g804/C0          ^     u_visitor/n_32        AOI222XL   0.000  2.111    4.490  
      u_visitor/g804/Y           v     u_visitor/n_44        AOI222XL   0.102  2.213    4.592  
      u_visitor/g801/A           v     u_visitor/n_44        INVXL      0.000  2.213    4.592  
      u_visitor/g801/Y           ^     u_visitor/n_47        INVXL      0.090  2.303    4.682  
      u_visitor/count_reg[6]/D   ^     u_visitor/n_47        DFFRX1     0.000  2.303    4.682  
      ------------------------------------------------------------------------------------------
     Clock Rise Edge                      0.000
     = Beginpoint Arrival Time            0.000
     Other End Path:
      ----------------------------------------------------------------------
      Pin                        Edge  Net  Cell    Delay  Arrival  Required  
                                                           Time     Time  
      ----------------------------------------------------------------------
      clk                        ^     clk  -       -      0.000    -2.379  
      u_visitor/count_reg[6]/CK  ^     clk  DFFRX1  0.000  0.000    -2.379  
      ----------------------------------------------------------------------
Path 2: MET Setup Check with Pin u_visitor/count_reg[6]/CK 
Endpoint:   u_visitor/count_reg[6]/D (^) checked with  leading edge of 'clk'
Beginpoint: u_visitor/count_reg[1]/Q (^) triggered by  leading edge of 'clk'
Path Groups: {clk}
Other End Arrival Time          0.000
- Setup                         0.218
+ Phase Shift                   5.000
- Uncertainty                   0.100
= Required Time                 4.682
- Arrival Time                  2.294
= Slack Time                    2.388
     Clock Rise Edge                      0.000
     = Beginpoint Arrival Time            0.000
     Timing Path:
      -----------------------------------------------------------------------------------------
      Pin                        Edge  Net                   Cell      Delay  Arrival  Required  
                                                                              Time     Time  
      -----------------------------------------------------------------------------------------
      clk                        ^     clk                   -         -      0.000    2.388  
      u_visitor/count_reg[1]/CK  ^     clk                   DFFRHQX1  0.000  0.000    2.388  
      u_visitor/count_reg[1]/Q   ^     visitor_count_int[1]  DFFRHQX1  0.372  0.372    2.760  
      u_visitor/g847/B           ^     visitor_count_int[1]  NAND2XL   0.000  0.372    2.760  
      u_visitor/g847/Y           v     u_visitor/n_6         NAND2XL   0.174  0.546    2.934  
      u_visitor/g864/B           v     u_visitor/n_6         NOR2BX1   0.000  0.546    2.934  
      u_visitor/g864/Y           ^     u_visitor/n_0         NOR2BX1   0.140  0.685    3.073  
      u_visitor/g839/B           ^     u_visitor/n_0         NAND2XL   0.000  0.685    3.073  
      u_visitor/g839/Y           v     u_visitor/n_11        NAND2XL   0.155  0.840    3.228  
      u_visitor/g2/B             v     u_visitor/n_11        NOR2BX1   0.000  0.840    3.228  
      u_visitor/g2/Y             ^     u_visitor/n_1         NOR2BX1   0.131  0.970    3.358  
      u_visitor/g833/B           ^     u_visitor/n_1         NAND2XL   0.000  0.970    3.358  
      u_visitor/g833/Y           v     u_visitor/n_16        NAND2XL   0.135  1.106    3.494  
      u_visitor/g829/B           v     u_visitor/n_16        NOR2XL    0.000  1.106    3.494  
      u_visitor/g829/Y           ^     u_visitor/n_20        NOR2XL    0.158  1.264    3.652  
      u_visitor/g827/A1          ^     u_visitor/n_20        AOI211X1  0.000  1.264    3.652  
      u_visitor/g827/Y           v     u_visitor/n_23        AOI211X1  0.314  1.578    3.966  
      u_visitor/g826/A           v     u_visitor/n_23        INVX1     0.000  1.578    3.966  
      u_visitor/g826/Y           ^     u_visitor/n_22        INVX1     0.125  1.703    4.091  
      u_visitor/g825/B           ^     u_visitor/n_22        NAND2XL   0.000  1.703    4.091  
      u_visitor/g825/Y           v     u_visitor/n_27        NAND2XL   0.284  1.987    4.375  
      u_visitor/g817/C0          v     u_visitor/n_27        OAI211XL  0.000  1.987    4.375  
      u_visitor/g817/Y           ^     u_visitor/n_32        OAI211XL  0.115  2.102    4.490  
      u_visitor/g804/C0          ^     u_visitor/n_32        AOI222XL  0.000  2.102    4.490  
      u_visitor/g804/Y           v     u_visitor/n_44        AOI222XL  0.102  2.203    4.592  
      u_visitor/g801/A           v     u_visitor/n_44        INVXL     0.000  2.203    4.592  
      u_visitor/g801/Y           ^     u_visitor/n_47        INVXL     0.090  2.294    4.682  
      u_visitor/count_reg[6]/D   ^     u_visitor/n_47        DFFRX1    0.000  2.294    4.682  
      -----------------------------------------------------------------------------------------
     Clock Rise Edge                      0.000
     = Beginpoint Arrival Time            0.000
     Other End Path:
      ----------------------------------------------------------------------
      Pin                        Edge  Net  Cell    Delay  Arrival  Required  
                                                           Time     Time  
      ----------------------------------------------------------------------
      clk                        ^     clk  -       -      0.000    -2.388  
      u_visitor/count_reg[6]/CK  ^     clk  DFFRX1  0.000  0.000    -2.388  
      ----------------------------------------------------------------------
Path 3: MET Setup Check with Pin u_visitor/count_reg[5]/CK 
Endpoint:   u_visitor/count_reg[5]/D (^) checked with  leading edge of 'clk'
Beginpoint: u_visitor/count_reg[0]/Q (^) triggered by  leading edge of 'clk'
Path Groups: {clk}
Other End Arrival Time          0.000
- Setup                         0.216
+ Phase Shift                   5.000
- Uncertainty                   0.100
= Required Time                 4.684
- Arrival Time                  2.269
= Slack Time                    2.415
     Clock Rise Edge                      0.000
     = Beginpoint Arrival Time            0.000
     Timing Path:
      ------------------------------------------------------------------------------------------
      Pin                        Edge  Net                   Cell       Delay  Arrival  Required  
                                                                               Time     Time  
      ------------------------------------------------------------------------------------------
      clk                        ^     clk                   -          -      0.000    2.415  
      u_visitor/count_reg[0]/CK  ^     clk                   SDFFRHQX1  0.000  0.000    2.415  
      u_visitor/count_reg[0]/Q   ^     visitor_count_int[0]  SDFFRHQX1  0.378  0.378    2.793  
      u_visitor/g847/A           ^     visitor_count_int[0]  NAND2XL    0.000  0.378    2.793  
      u_visitor/g847/Y           v     u_visitor/n_6         NAND2XL    0.177  0.555    2.970  
      u_visitor/g864/B           v     u_visitor/n_6         NOR2BX1    0.000  0.555    2.970  
      u_visitor/g864/Y           ^     u_visitor/n_0         NOR2BX1    0.140  0.694    3.109  
      u_visitor/g839/B           ^     u_visitor/n_0         NAND2XL    0.000  0.694    3.109  
      u_visitor/g839/Y           v     u_visitor/n_11        NAND2XL    0.155  0.849    3.264  
      u_visitor/g2/B             v     u_visitor/n_11        NOR2BX1    0.000  0.849    3.264  
      u_visitor/g2/Y             ^     u_visitor/n_1         NOR2BX1    0.131  0.979    3.394  
      u_visitor/g833/B           ^     u_visitor/n_1         NAND2XL    0.000  0.979    3.394  
      u_visitor/g833/Y           v     u_visitor/n_16        NAND2XL    0.135  1.115    3.530  
      u_visitor/g829/B           v     u_visitor/n_16        NOR2XL     0.000  1.115    3.530  
      u_visitor/g829/Y           ^     u_visitor/n_20        NOR2XL     0.158  1.273    3.688  
      u_visitor/g827/A1          ^     u_visitor/n_20        AOI211X1   0.000  1.273    3.688  
      u_visitor/g827/Y           v     u_visitor/n_23        AOI211X1   0.314  1.587    4.002  
      u_visitor/g826/A           v     u_visitor/n_23        INVX1      0.000  1.587    4.002  
      u_visitor/g826/Y           ^     u_visitor/n_22        INVX1      0.125  1.712    4.127  
      u_visitor/g825/B           ^     u_visitor/n_22        NAND2XL    0.000  1.712    4.127  
      u_visitor/g825/Y           v     u_visitor/n_27        NAND2XL    0.284  1.996    4.411  
      u_visitor/g814/C0          v     u_visitor/n_27        OAI221XL   0.000  1.996    4.411  
      u_visitor/g814/Y           ^     u_visitor/n_35        OAI221XL   0.128  2.124    4.539  
      u_visitor/g803/A1N         ^     u_visitor/n_35        OAI2BB1XL  0.000  2.124    4.539  
      u_visitor/g803/Y           ^     u_visitor/n_45        OAI2BB1XL  0.145  2.269    4.684  
      u_visitor/count_reg[5]/D   ^     u_visitor/n_45        DFFRX1     0.000  2.269    4.684  
      ------------------------------------------------------------------------------------------
     Clock Rise Edge                      0.000
     = Beginpoint Arrival Time            0.000
     Other End Path:
      ----------------------------------------------------------------------
      Pin                        Edge  Net  Cell    Delay  Arrival  Required  
                                                           Time     Time  
      ----------------------------------------------------------------------
      clk                        ^     clk  -       -      0.000    -2.415  
      u_visitor/count_reg[5]/CK  ^     clk  DFFRX1  0.000  0.000    -2.415  
      ----------------------------------------------------------------------
Path 4: MET Setup Check with Pin u_visitor/count_reg[3]/CK 
Endpoint:   u_visitor/count_reg[3]/D (^) checked with  leading edge of 'clk'
Beginpoint: u_visitor/count_reg[0]/Q (^) triggered by  leading edge of 'clk'
Path Groups: {clk}
Other End Arrival Time          0.000
- Setup                         0.216
+ Phase Shift                   5.000
- Uncertainty                   0.100
= Required Time                 4.684
- Arrival Time                  2.269
= Slack Time                    2.415
     Clock Rise Edge                      0.000
     = Beginpoint Arrival Time            0.000
     Timing Path:
      ------------------------------------------------------------------------------------------
      Pin                        Edge  Net                   Cell       Delay  Arrival  Required  
                                                                               Time     Time  
      ------------------------------------------------------------------------------------------
      clk                        ^     clk                   -          -      0.000    2.415  
      u_visitor/count_reg[0]/CK  ^     clk                   SDFFRHQX1  0.000  0.000    2.415  
      u_visitor/count_reg[0]/Q   ^     visitor_count_int[0]  SDFFRHQX1  0.378  0.378    2.793  
      u_visitor/g847/A           ^     visitor_count_int[0]  NAND2XL    0.000  0.378    2.793  
      u_visitor/g847/Y           v     u_visitor/n_6         NAND2XL    0.177  0.555    2.970  
      u_visitor/g864/B           v     u_visitor/n_6         NOR2BX1    0.000  0.555    2.970  
      u_visitor/g864/Y           ^     u_visitor/n_0         NOR2BX1    0.140  0.694    3.109  
      u_visitor/g839/B           ^     u_visitor/n_0         NAND2XL    0.000  0.694    3.109  
      u_visitor/g839/Y           v     u_visitor/n_11        NAND2XL    0.155  0.849    3.264  
      u_visitor/g2/B             v     u_visitor/n_11        NOR2BX1    0.000  0.849    3.264  
      u_visitor/g2/Y             ^     u_visitor/n_1         NOR2BX1    0.131  0.979    3.394  
      u_visitor/g833/B           ^     u_visitor/n_1         NAND2XL    0.000  0.979    3.394  
      u_visitor/g833/Y           v     u_visitor/n_16        NAND2XL    0.135  1.115    3.530  
      u_visitor/g829/B           v     u_visitor/n_16        NOR2XL     0.000  1.115    3.530  
      u_visitor/g829/Y           ^     u_visitor/n_20        NOR2XL     0.158  1.273    3.688  
      u_visitor/g827/A1          ^     u_visitor/n_20        AOI211X1   0.000  1.273    3.688  
      u_visitor/g827/Y           v     u_visitor/n_23        AOI211X1   0.314  1.587    4.002  
      u_visitor/g826/A           v     u_visitor/n_23        INVX1      0.000  1.587    4.002  
      u_visitor/g826/Y           ^     u_visitor/n_22        INVX1      0.125  1.712    4.127  
      u_visitor/g825/B           ^     u_visitor/n_22        NAND2XL    0.000  1.712    4.127  
      u_visitor/g825/Y           v     u_visitor/n_27        NAND2XL    0.284  1.996    4.411  
      u_visitor/g816/C0          v     u_visitor/n_27        OAI221XL   0.000  1.996    4.411  
      u_visitor/g816/Y           ^     u_visitor/n_33        OAI221XL   0.128  2.124    4.539  
      u_visitor/g806/A1N         ^     u_visitor/n_33        OAI2BB1XL  0.000  2.124    4.539  
      u_visitor/g806/Y           ^     u_visitor/n_42        OAI2BB1XL  0.145  2.269    4.684  
      u_visitor/count_reg[3]/D   ^     u_visitor/n_42        DFFRX1     0.000  2.269    4.684  
      ------------------------------------------------------------------------------------------
     Clock Rise Edge                      0.000
     = Beginpoint Arrival Time            0.000
     Other End Path:
      ----------------------------------------------------------------------
      Pin                        Edge  Net  Cell    Delay  Arrival  Required  
                                                           Time     Time  
      ----------------------------------------------------------------------
      clk                        ^     clk  -       -      0.000    -2.415  
      u_visitor/count_reg[3]/CK  ^     clk  DFFRX1  0.000  0.000    -2.415  
      ----------------------------------------------------------------------
Path 5: MET Setup Check with Pin u_visitor/count_reg[5]/CK 
Endpoint:   u_visitor/count_reg[5]/D (^) checked with  leading edge of 'clk'
Beginpoint: u_visitor/count_reg[1]/Q (^) triggered by  leading edge of 'clk'
Path Groups: {clk}
Other End Arrival Time          0.000
- Setup                         0.216
+ Phase Shift                   5.000
- Uncertainty                   0.100
= Required Time                 4.684
- Arrival Time                  2.260
= Slack Time                    2.424
     Clock Rise Edge                      0.000
     = Beginpoint Arrival Time            0.000
     Timing Path:
      ------------------------------------------------------------------------------------------
      Pin                        Edge  Net                   Cell       Delay  Arrival  Required  
                                                                               Time     Time  
      ------------------------------------------------------------------------------------------
      clk                        ^     clk                   -          -      0.000    2.424  
      u_visitor/count_reg[1]/CK  ^     clk                   DFFRHQX1   0.000  0.000    2.424  
      u_visitor/count_reg[1]/Q   ^     visitor_count_int[1]  DFFRHQX1   0.372  0.372    2.796  
      u_visitor/g847/B           ^     visitor_count_int[1]  NAND2XL    0.000  0.372    2.796  
      u_visitor/g847/Y           v     u_visitor/n_6         NAND2XL    0.174  0.545    2.970  
      u_visitor/g864/B           v     u_visitor/n_6         NOR2BX1    0.000  0.545    2.970  
      u_visitor/g864/Y           ^     u_visitor/n_0         NOR2BX1    0.140  0.685    3.109  
      u_visitor/g839/B           ^     u_visitor/n_0         NAND2XL    0.000  0.685    3.109  
      u_visitor/g839/Y           v     u_visitor/n_11        NAND2XL    0.155  0.840    3.264  
      u_visitor/g2/B             v     u_visitor/n_11        NOR2BX1    0.000  0.840    3.264  
      u_visitor/g2/Y             ^     u_visitor/n_1         NOR2BX1    0.131  0.970    3.394  
      u_visitor/g833/B           ^     u_visitor/n_1         NAND2XL    0.000  0.970    3.394  
      u_visitor/g833/Y           v     u_visitor/n_16        NAND2XL    0.135  1.106    3.530  
      u_visitor/g829/B           v     u_visitor/n_16        NOR2XL     0.000  1.106    3.530  
      u_visitor/g829/Y           ^     u_visitor/n_20        NOR2XL     0.158  1.264    3.688  
      u_visitor/g827/A1          ^     u_visitor/n_20        AOI211X1   0.000  1.264    3.688  
      u_visitor/g827/Y           v     u_visitor/n_23        AOI211X1   0.314  1.578    4.002  
      u_visitor/g826/A           v     u_visitor/n_23        INVX1      0.000  1.578    4.002  
      u_visitor/g826/Y           ^     u_visitor/n_22        INVX1      0.125  1.703    4.127  
      u_visitor/g825/B           ^     u_visitor/n_22        NAND2XL    0.000  1.703    4.127  
      u_visitor/g825/Y           v     u_visitor/n_27        NAND2XL    0.284  1.987    4.411  
      u_visitor/g814/C0          v     u_visitor/n_27        OAI221XL   0.000  1.987    4.411  
      u_visitor/g814/Y           ^     u_visitor/n_35        OAI221XL   0.128  2.115    4.539  
      u_visitor/g803/A1N         ^     u_visitor/n_35        OAI2BB1XL  0.000  2.115    4.539  
      u_visitor/g803/Y           ^     u_visitor/n_45        OAI2BB1XL  0.145  2.260    4.684  
      u_visitor/count_reg[5]/D   ^     u_visitor/n_45        DFFRX1     0.000  2.260    4.684  
      ------------------------------------------------------------------------------------------
     Clock Rise Edge                      0.000
     = Beginpoint Arrival Time            0.000
     Other End Path:
      ----------------------------------------------------------------------
      Pin                        Edge  Net  Cell    Delay  Arrival  Required  
                                                           Time     Time  
      ----------------------------------------------------------------------
      clk                        ^     clk  -       -      0.000    -2.424  
      u_visitor/count_reg[5]/CK  ^     clk  DFFRX1  0.000  0.000    -2.424  
      ----------------------------------------------------------------------
Path 6: MET Setup Check with Pin u_visitor/count_reg[3]/CK 
Endpoint:   u_visitor/count_reg[3]/D (^) checked with  leading edge of 'clk'
Beginpoint: u_visitor/count_reg[1]/Q (^) triggered by  leading edge of 'clk'
Path Groups: {clk}
Other End Arrival Time          0.000
- Setup                         0.216
+ Phase Shift                   5.000
- Uncertainty                   0.100
= Required Time                 4.684
- Arrival Time                  2.260
= Slack Time                    2.424
     Clock Rise Edge                      0.000
     = Beginpoint Arrival Time            0.000
     Timing Path:
      ------------------------------------------------------------------------------------------
      Pin                        Edge  Net                   Cell       Delay  Arrival  Required  
                                                                               Time     Time  
      ------------------------------------------------------------------------------------------
      clk                        ^     clk                   -          -      0.000    2.424  
      u_visitor/count_reg[1]/CK  ^     clk                   DFFRHQX1   0.000  0.000    2.424  
      u_visitor/count_reg[1]/Q   ^     visitor_count_int[1]  DFFRHQX1   0.372  0.372    2.796  
      u_visitor/g847/B           ^     visitor_count_int[1]  NAND2XL    0.000  0.372    2.796  
      u_visitor/g847/Y           v     u_visitor/n_6         NAND2XL    0.174  0.545    2.970  
      u_visitor/g864/B           v     u_visitor/n_6         NOR2BX1    0.000  0.545    2.970  
      u_visitor/g864/Y           ^     u_visitor/n_0         NOR2BX1    0.140  0.685    3.109  
      u_visitor/g839/B           ^     u_visitor/n_0         NAND2XL    0.000  0.685    3.109  
      u_visitor/g839/Y           v     u_visitor/n_11        NAND2XL    0.155  0.840    3.264  
      u_visitor/g2/B             v     u_visitor/n_11        NOR2BX1    0.000  0.840    3.264  
      u_visitor/g2/Y             ^     u_visitor/n_1         NOR2BX1    0.131  0.970    3.394  
      u_visitor/g833/B           ^     u_visitor/n_1         NAND2XL    0.000  0.970    3.394  
      u_visitor/g833/Y           v     u_visitor/n_16        NAND2XL    0.135  1.106    3.530  
      u_visitor/g829/B           v     u_visitor/n_16        NOR2XL     0.000  1.106    3.530  
      u_visitor/g829/Y           ^     u_visitor/n_20        NOR2XL     0.158  1.264    3.688  
      u_visitor/g827/A1          ^     u_visitor/n_20        AOI211X1   0.000  1.264    3.688  
      u_visitor/g827/Y           v     u_visitor/n_23        AOI211X1   0.314  1.578    4.002  
      u_visitor/g826/A           v     u_visitor/n_23        INVX1      0.000  1.578    4.002  
      u_visitor/g826/Y           ^     u_visitor/n_22        INVX1      0.125  1.703    4.127  
      u_visitor/g825/B           ^     u_visitor/n_22        NAND2XL    0.000  1.703    4.127  
      u_visitor/g825/Y           v     u_visitor/n_27        NAND2XL    0.284  1.987    4.411  
      u_visitor/g816/C0          v     u_visitor/n_27        OAI221XL   0.000  1.987    4.411  
      u_visitor/g816/Y           ^     u_visitor/n_33        OAI221XL   0.128  2.115    4.539  
      u_visitor/g806/A1N         ^     u_visitor/n_33        OAI2BB1XL  0.000  2.115    4.539  
      u_visitor/g806/Y           ^     u_visitor/n_42        OAI2BB1XL  0.145  2.260    4.684  
      u_visitor/count_reg[3]/D   ^     u_visitor/n_42        DFFRX1     0.000  2.260    4.684  
      ------------------------------------------------------------------------------------------
     Clock Rise Edge                      0.000
     = Beginpoint Arrival Time            0.000
     Other End Path:
      ----------------------------------------------------------------------
      Pin                        Edge  Net  Cell    Delay  Arrival  Required  
                                                           Time     Time  
      ----------------------------------------------------------------------
      clk                        ^     clk  -       -      0.000    -2.424  
      u_visitor/count_reg[3]/CK  ^     clk  DFFRX1  0.000  0.000    -2.424  
      ----------------------------------------------------------------------
Path 7: MET Setup Check with Pin u_visitor/count_reg[7]/CK 
Endpoint:   u_visitor/count_reg[7]/D (^) checked with  leading edge of 'clk'
Beginpoint: u_visitor/count_reg[0]/Q (^) triggered by  leading edge of 'clk'
Path Groups: {clk}
Other End Arrival Time          0.000
- Setup                         0.139
+ Phase Shift                   5.000
- Uncertainty                   0.100
= Required Time                 4.761
- Arrival Time                  2.336
= Slack Time                    2.425
     Clock Rise Edge                      0.000
     = Beginpoint Arrival Time            0.000
     Timing Path:
      ------------------------------------------------------------------------------------------
      Pin                        Edge  Net                   Cell       Delay  Arrival  Required  
                                                                               Time     Time  
      ------------------------------------------------------------------------------------------
      clk                        ^     clk                   -          -      0.000    2.425  
      u_visitor/count_reg[0]/CK  ^     clk                   SDFFRHQX1  0.000  0.000    2.425  
      u_visitor/count_reg[0]/Q   ^     visitor_count_int[0]  SDFFRHQX1  0.378  0.378    2.803  
      u_visitor/g847/A           ^     visitor_count_int[0]  NAND2XL    0.000  0.378    2.803  
      u_visitor/g847/Y           v     u_visitor/n_6         NAND2XL    0.177  0.555    2.979  
      u_visitor/g864/B           v     u_visitor/n_6         NOR2BX1    0.000  0.555    2.979  
      u_visitor/g864/Y           ^     u_visitor/n_0         NOR2BX1    0.140  0.694    3.119  
      u_visitor/g839/B           ^     u_visitor/n_0         NAND2XL    0.000  0.694    3.119  
      u_visitor/g839/Y           v     u_visitor/n_11        NAND2XL    0.155  0.849    3.274  
      u_visitor/g2/B             v     u_visitor/n_11        NOR2BX1    0.000  0.849    3.274  
      u_visitor/g2/Y             ^     u_visitor/n_1         NOR2BX1    0.131  0.979    3.404  
      u_visitor/g833/B           ^     u_visitor/n_1         NAND2XL    0.000  0.979    3.404  
      u_visitor/g833/Y           v     u_visitor/n_16        NAND2XL    0.135  1.115    3.539  
      u_visitor/g829/B           v     u_visitor/n_16        NOR2XL     0.000  1.115    3.539  
      u_visitor/g829/Y           ^     u_visitor/n_20        NOR2XL     0.158  1.273    3.698  
      u_visitor/g827/A1          ^     u_visitor/n_20        AOI211X1   0.000  1.273    3.698  
      u_visitor/g827/Y           v     u_visitor/n_23        AOI211X1   0.314  1.587    4.012  
      u_visitor/g826/A           v     u_visitor/n_23        INVX1      0.000  1.587    4.012  
      u_visitor/g826/Y           ^     u_visitor/n_22        INVX1      0.125  1.712    4.136  
      u_visitor/g825/B           ^     u_visitor/n_22        NAND2XL    0.000  1.712    4.136  
      u_visitor/g825/Y           v     u_visitor/n_27        NAND2XL    0.284  1.996    4.420  
      u_visitor/g822/A           v     u_visitor/n_27        CLKINVX1   0.000  1.996    4.420  
      u_visitor/g822/Y           ^     u_visitor/n_26        CLKINVX1   0.145  2.141    4.565  
      u_visitor/g812/A2          ^     u_visitor/n_26        OAI31XL    0.000  2.141    4.565  
      u_visitor/g812/Y           v     u_visitor/n_37        OAI31XL    0.093  2.234    4.658  
      u_visitor/g808/B0          v     u_visitor/n_37        OAI2BB1XL  0.000  2.234    4.658  
      u_visitor/g808/Y           ^     u_visitor/n_41        OAI2BB1XL  0.102  2.336    4.761  
      u_visitor/count_reg[7]/D   ^     u_visitor/n_41        DFFRHQX1   0.000  2.336    4.761  
      ------------------------------------------------------------------------------------------
     Clock Rise Edge                      0.000
     = Beginpoint Arrival Time            0.000
     Other End Path:
      ------------------------------------------------------------------------
      Pin                        Edge  Net  Cell      Delay  Arrival  Required  
                                                             Time     Time  
      ------------------------------------------------------------------------
      clk                        ^     clk  -         -      0.000    -2.425  
      u_visitor/count_reg[7]/CK  ^     clk  DFFRHQX1  0.000  0.000    -2.425  
      ------------------------------------------------------------------------
Path 8: MET Setup Check with Pin u_visitor/count_reg[1]/CK 
Endpoint:   u_visitor/count_reg[1]/D (^) checked with  leading edge of 'clk'
Beginpoint: u_visitor/count_reg[0]/Q (^) triggered by  leading edge of 'clk'
Path Groups: {clk}
Other End Arrival Time          0.000
- Setup                         0.140
+ Phase Shift                   5.000
- Uncertainty                   0.100
= Required Time                 4.760
- Arrival Time                  2.335
= Slack Time                    2.425
     Clock Rise Edge                      0.000
     = Beginpoint Arrival Time            0.000
     Timing Path:
      ------------------------------------------------------------------------------------------
      Pin                        Edge  Net                   Cell       Delay  Arrival  Required  
                                                                               Time     Time  
      ------------------------------------------------------------------------------------------
      clk                        ^     clk                   -          -      0.000    2.425  
      u_visitor/count_reg[0]/CK  ^     clk                   SDFFRHQX1  0.000  0.000    2.425  
      u_visitor/count_reg[0]/Q   ^     visitor_count_int[0]  SDFFRHQX1  0.378  0.378    2.803  
      u_visitor/g847/A           ^     visitor_count_int[0]  NAND2XL    0.000  0.378    2.803  
      u_visitor/g847/Y           v     u_visitor/n_6         NAND2XL    0.177  0.555    2.980  
      u_visitor/g864/B           v     u_visitor/n_6         NOR2BX1    0.000  0.555    2.980  
      u_visitor/g864/Y           ^     u_visitor/n_0         NOR2BX1    0.140  0.694    3.119  
      u_visitor/g839/B           ^     u_visitor/n_0         NAND2XL    0.000  0.694    3.119  
      u_visitor/g839/Y           v     u_visitor/n_11        NAND2XL    0.155  0.849    3.274  
      u_visitor/g2/B             v     u_visitor/n_11        NOR2BX1    0.000  0.849    3.274  
      u_visitor/g2/Y             ^     u_visitor/n_1         NOR2BX1    0.131  0.979    3.404  
      u_visitor/g833/B           ^     u_visitor/n_1         NAND2XL    0.000  0.979    3.404  
      u_visitor/g833/Y           v     u_visitor/n_16        NAND2XL    0.135  1.115    3.540  
      u_visitor/g829/B           v     u_visitor/n_16        NOR2XL     0.000  1.115    3.540  
      u_visitor/g829/Y           ^     u_visitor/n_20        NOR2XL     0.158  1.273    3.698  
      u_visitor/g827/A1          ^     u_visitor/n_20        AOI211X1   0.000  1.273    3.698  
      u_visitor/g827/Y           v     u_visitor/n_23        AOI211X1   0.314  1.587    4.012  
      u_visitor/g826/A           v     u_visitor/n_23        INVX1      0.000  1.587    4.012  
      u_visitor/g826/Y           ^     u_visitor/n_22        INVX1      0.125  1.712    4.137  
      u_visitor/g825/B           ^     u_visitor/n_22        NAND2XL    0.000  1.712    4.137  
      u_visitor/g825/Y           v     u_visitor/n_27        NAND2XL    0.284  1.996    4.421  
      u_visitor/g822/A           v     u_visitor/n_27        CLKINVX1   0.000  1.996    4.421  
      u_visitor/g822/Y           ^     u_visitor/n_26        CLKINVX1   0.145  2.141    4.565  
      u_visitor/g811/A1          ^     u_visitor/n_26        AOI22X1    0.000  2.141    4.565  
      u_visitor/g811/Y           v     u_visitor/n_38        AOI22X1    0.114  2.254    4.679  
      u_visitor/g809/B0          v     u_visitor/n_38        OAI21X1    0.000  2.254    4.679  
      u_visitor/g809/Y           ^     u_visitor/n_40        OAI21X1    0.081  2.335    4.760  
      u_visitor/count_reg[1]/D   ^     u_visitor/n_40        DFFRHQX1   0.000  2.335    4.760  
      ------------------------------------------------------------------------------------------
     Clock Rise Edge                      0.000
     = Beginpoint Arrival Time            0.000
     Other End Path:
      ------------------------------------------------------------------------
      Pin                        Edge  Net  Cell      Delay  Arrival  Required  
                                                             Time     Time  
      ------------------------------------------------------------------------
      clk                        ^     clk  -         -      0.000    -2.425  
      u_visitor/count_reg[1]/CK  ^     clk  DFFRHQX1  0.000  0.000    -2.425  
      ------------------------------------------------------------------------
Path 9: MET Setup Check with Pin u_visitor/count_reg[7]/CK 
Endpoint:   u_visitor/count_reg[7]/D (^) checked with  leading edge of 'clk'
Beginpoint: u_visitor/count_reg[1]/Q (^) triggered by  leading edge of 'clk'
Path Groups: {clk}
Other End Arrival Time          0.000
- Setup                         0.139
+ Phase Shift                   5.000
- Uncertainty                   0.100
= Required Time                 4.761
- Arrival Time                  2.327
= Slack Time                    2.434
     Clock Rise Edge                      0.000
     = Beginpoint Arrival Time            0.000
     Timing Path:
      ------------------------------------------------------------------------------------------
      Pin                        Edge  Net                   Cell       Delay  Arrival  Required  
                                                                               Time     Time  
      ------------------------------------------------------------------------------------------
      clk                        ^     clk                   -          -      0.000    2.434  
      u_visitor/count_reg[1]/CK  ^     clk                   DFFRHQX1   0.000  0.000    2.434  
      u_visitor/count_reg[1]/Q   ^     visitor_count_int[1]  DFFRHQX1   0.372  0.372    2.806  
      u_visitor/g847/B           ^     visitor_count_int[1]  NAND2XL    0.000  0.372    2.806  
      u_visitor/g847/Y           v     u_visitor/n_6         NAND2XL    0.174  0.545    2.979  
      u_visitor/g864/B           v     u_visitor/n_6         NOR2BX1    0.000  0.545    2.979  
      u_visitor/g864/Y           ^     u_visitor/n_0         NOR2BX1    0.140  0.685    3.119  
      u_visitor/g839/B           ^     u_visitor/n_0         NAND2XL    0.000  0.685    3.119  
      u_visitor/g839/Y           v     u_visitor/n_11        NAND2XL    0.155  0.840    3.274  
      u_visitor/g2/B             v     u_visitor/n_11        NOR2BX1    0.000  0.840    3.274  
      u_visitor/g2/Y             ^     u_visitor/n_1         NOR2BX1    0.131  0.970    3.404  
      u_visitor/g833/B           ^     u_visitor/n_1         NAND2XL    0.000  0.970    3.404  
      u_visitor/g833/Y           v     u_visitor/n_16        NAND2XL    0.135  1.106    3.539  
      u_visitor/g829/B           v     u_visitor/n_16        NOR2XL     0.000  1.106    3.539  
      u_visitor/g829/Y           ^     u_visitor/n_20        NOR2XL     0.158  1.264    3.698  
      u_visitor/g827/A1          ^     u_visitor/n_20        AOI211X1   0.000  1.264    3.698  
      u_visitor/g827/Y           v     u_visitor/n_23        AOI211X1   0.314  1.578    4.012  
      u_visitor/g826/A           v     u_visitor/n_23        INVX1      0.000  1.578    4.012  
      u_visitor/g826/Y           ^     u_visitor/n_22        INVX1      0.125  1.703    4.136  
      u_visitor/g825/B           ^     u_visitor/n_22        NAND2XL    0.000  1.703    4.136  
      u_visitor/g825/Y           v     u_visitor/n_27        NAND2XL    0.284  1.987    4.420  
      u_visitor/g822/A           v     u_visitor/n_27        CLKINVX1   0.000  1.987    4.420  
      u_visitor/g822/Y           ^     u_visitor/n_26        CLKINVX1   0.145  2.131    4.565  
      u_visitor/g812/A2          ^     u_visitor/n_26        OAI31XL    0.000  2.131    4.565  
      u_visitor/g812/Y           v     u_visitor/n_37        OAI31XL    0.093  2.225    4.658  
      u_visitor/g808/B0          v     u_visitor/n_37        OAI2BB1XL  0.000  2.225    4.658  
      u_visitor/g808/Y           ^     u_visitor/n_41        OAI2BB1XL  0.102  2.327    4.761  
      u_visitor/count_reg[7]/D   ^     u_visitor/n_41        DFFRHQX1   0.000  2.327    4.761  
      ------------------------------------------------------------------------------------------
     Clock Rise Edge                      0.000
     = Beginpoint Arrival Time            0.000
     Other End Path:
      ------------------------------------------------------------------------
      Pin                        Edge  Net  Cell      Delay  Arrival  Required  
                                                             Time     Time  
      ------------------------------------------------------------------------
      clk                        ^     clk  -         -      0.000    -2.434  
      u_visitor/count_reg[7]/CK  ^     clk  DFFRHQX1  0.000  0.000    -2.434  
      ------------------------------------------------------------------------
Path 10: MET Setup Check with Pin u_visitor/count_reg[1]/CK 
Endpoint:   u_visitor/count_reg[1]/D (^) checked with  leading edge of 'clk'
Beginpoint: u_visitor/count_reg[1]/Q (^) triggered by  leading edge of 'clk'
Path Groups: {clk}
Other End Arrival Time          0.000
- Setup                         0.140
+ Phase Shift                   5.000
- Uncertainty                   0.100
= Required Time                 4.760
- Arrival Time                  2.326
= Slack Time                    2.434
     Clock Rise Edge                      0.000
     = Beginpoint Arrival Time            0.000
     Timing Path:
      -----------------------------------------------------------------------------------------
      Pin                        Edge  Net                   Cell      Delay  Arrival  Required  
                                                                              Time     Time  
      -----------------------------------------------------------------------------------------
      clk                        ^     clk                   -         -      0.000    2.434  
      u_visitor/count_reg[1]/CK  ^     clk                   DFFRHQX1  0.000  0.000    2.434  
      u_visitor/count_reg[1]/Q   ^     visitor_count_int[1]  DFFRHQX1  0.372  0.372    2.806  
      u_visitor/g847/B           ^     visitor_count_int[1]  NAND2XL   0.000  0.372    2.806  
      u_visitor/g847/Y           v     u_visitor/n_6         NAND2XL   0.174  0.545    2.980  
      u_visitor/g864/B           v     u_visitor/n_6         NOR2BX1   0.000  0.545    2.980  
      u_visitor/g864/Y           ^     u_visitor/n_0         NOR2BX1   0.140  0.685    3.119  
      u_visitor/g839/B           ^     u_visitor/n_0         NAND2XL   0.000  0.685    3.119  
      u_visitor/g839/Y           v     u_visitor/n_11        NAND2XL   0.155  0.840    3.274  
      u_visitor/g2/B             v     u_visitor/n_11        NOR2BX1   0.000  0.840    3.274  
      u_visitor/g2/Y             ^     u_visitor/n_1         NOR2BX1   0.131  0.970    3.404  
      u_visitor/g833/B           ^     u_visitor/n_1         NAND2XL   0.000  0.970    3.404  
      u_visitor/g833/Y           v     u_visitor/n_16        NAND2XL   0.135  1.106    3.540  
      u_visitor/g829/B           v     u_visitor/n_16        NOR2XL    0.000  1.106    3.540  
      u_visitor/g829/Y           ^     u_visitor/n_20        NOR2XL    0.158  1.264    3.698  
      u_visitor/g827/A1          ^     u_visitor/n_20        AOI211X1  0.000  1.264    3.698  
      u_visitor/g827/Y           v     u_visitor/n_23        AOI211X1  0.314  1.578    4.012  
      u_visitor/g826/A           v     u_visitor/n_23        INVX1     0.000  1.578    4.012  
      u_visitor/g826/Y           ^     u_visitor/n_22        INVX1     0.125  1.703    4.137  
      u_visitor/g825/B           ^     u_visitor/n_22        NAND2XL   0.000  1.703    4.137  
      u_visitor/g825/Y           v     u_visitor/n_27        NAND2XL   0.284  1.987    4.421  
      u_visitor/g822/A           v     u_visitor/n_27        CLKINVX1  0.000  1.987    4.421  
      u_visitor/g822/Y           ^     u_visitor/n_26        CLKINVX1  0.145  2.131    4.565  
      u_visitor/g811/A1          ^     u_visitor/n_26        AOI22X1   0.000  2.131    4.565  
      u_visitor/g811/Y           v     u_visitor/n_38        AOI22X1   0.114  2.245    4.679  
      u_visitor/g809/B0          v     u_visitor/n_38        OAI21X1   0.000  2.245    4.679  
      u_visitor/g809/Y           ^     u_visitor/n_40        OAI21X1   0.081  2.326    4.760  
      u_visitor/count_reg[1]/D   ^     u_visitor/n_40        DFFRHQX1  0.000  2.326    4.760  
      -----------------------------------------------------------------------------------------
     Clock Rise Edge                      0.000
     = Beginpoint Arrival Time            0.000
     Other End Path:
      ------------------------------------------------------------------------
      Pin                        Edge  Net  Cell      Delay  Arrival  Required  
                                                             Time     Time  
      ------------------------------------------------------------------------
      clk                        ^     clk  -         -      0.000    -2.434  
      u_visitor/count_reg[1]/CK  ^     clk  DFFRHQX1  0.000  0.000    -2.434  
      ------------------------------------------------------------------------
Path 11: MET Setup Check with Pin u_visitor/count_reg[4]/CK 
Endpoint:   u_visitor/count_reg[4]/D (^) checked with  leading edge of 'clk'
Beginpoint: u_visitor/count_reg[0]/Q (^) triggered by  leading edge of 'clk'
Path Groups: {clk}
Other End Arrival Time          0.000
- Setup                         0.144
+ Phase Shift                   5.000
- Uncertainty                   0.100
= Required Time                 4.756
- Arrival Time                  2.316
= Slack Time                    2.440
     Clock Rise Edge                      0.000
     = Beginpoint Arrival Time            0.000
     Timing Path:
      ------------------------------------------------------------------------------------------
      Pin                        Edge  Net                   Cell       Delay  Arrival  Required  
                                                                               Time     Time  
      ------------------------------------------------------------------------------------------
      clk                        ^     clk                   -          -      0.000    2.440  
      u_visitor/count_reg[0]/CK  ^     clk                   SDFFRHQX1  0.000  0.000    2.440  
      u_visitor/count_reg[0]/Q   ^     visitor_count_int[0]  SDFFRHQX1  0.378  0.378    2.818  
      u_visitor/g847/A           ^     visitor_count_int[0]  NAND2XL    0.000  0.378    2.818  
      u_visitor/g847/Y           v     u_visitor/n_6         NAND2XL    0.177  0.555    2.995  
      u_visitor/g864/B           v     u_visitor/n_6         NOR2BX1    0.000  0.555    2.995  
      u_visitor/g864/Y           ^     u_visitor/n_0         NOR2BX1    0.140  0.694    3.134  
      u_visitor/g839/B           ^     u_visitor/n_0         NAND2XL    0.000  0.694    3.134  
      u_visitor/g839/Y           v     u_visitor/n_11        NAND2XL    0.155  0.849    3.289  
      u_visitor/g2/B             v     u_visitor/n_11        NOR2BX1    0.000  0.849    3.289  
      u_visitor/g2/Y             ^     u_visitor/n_1         NOR2BX1    0.131  0.979    3.419  
      u_visitor/g833/B           ^     u_visitor/n_1         NAND2XL    0.000  0.979    3.419  
      u_visitor/g833/Y           v     u_visitor/n_16        NAND2XL    0.135  1.115    3.555  
      u_visitor/g829/B           v     u_visitor/n_16        NOR2XL     0.000  1.115    3.555  
      u_visitor/g829/Y           ^     u_visitor/n_20        NOR2XL     0.158  1.273    3.713  
      u_visitor/g827/A1          ^     u_visitor/n_20        AOI211X1   0.000  1.273    3.713  
      u_visitor/g827/Y           v     u_visitor/n_23        AOI211X1   0.314  1.587    4.027  
      u_visitor/g826/A           v     u_visitor/n_23        INVX1      0.000  1.587    4.027  
      u_visitor/g826/Y           ^     u_visitor/n_22        INVX1      0.125  1.712    4.152  
      u_visitor/g825/B           ^     u_visitor/n_22        NAND2XL    0.000  1.712    4.152  
      u_visitor/g825/Y           v     u_visitor/n_27        NAND2XL    0.284  1.996    4.436  
      u_visitor/g815/C0          v     u_visitor/n_27        OAI211XL   0.000  1.996    4.436  
      u_visitor/g815/Y           ^     u_visitor/n_34        OAI211XL   0.115  2.111    4.551  
      u_visitor/g798/C0          ^     u_visitor/n_34        AOI222XL   0.000  2.111    4.551  
      u_visitor/g798/Y           v     u_visitor/n_48        AOI222XL   0.102  2.213    4.653  
      u_visitor/g797/A           v     u_visitor/n_48        INVXL      0.000  2.213    4.653  
      u_visitor/g797/Y           ^     u_visitor/n_49        INVXL      0.104  2.316    4.756  
      u_visitor/count_reg[4]/D   ^     u_visitor/n_49        DFFRHQX1   0.000  2.316    4.756  
      ------------------------------------------------------------------------------------------
     Clock Rise Edge                      0.000
     = Beginpoint Arrival Time            0.000
     Other End Path:
      ------------------------------------------------------------------------
      Pin                        Edge  Net  Cell      Delay  Arrival  Required  
                                                             Time     Time  
      ------------------------------------------------------------------------
      clk                        ^     clk  -         -      0.000    -2.440  
      u_visitor/count_reg[4]/CK  ^     clk  DFFRHQX1  0.000  0.000    -2.440  
      ------------------------------------------------------------------------
Path 12: MET Setup Check with Pin u_visitor/count_reg[2]/CK 
Endpoint:   u_visitor/count_reg[2]/D (^) checked with  leading edge of 'clk'
Beginpoint: u_visitor/count_reg[0]/Q (^) triggered by  leading edge of 'clk'
Path Groups: {clk}
Other End Arrival Time          0.000
- Setup                         0.144
+ Phase Shift                   5.000
- Uncertainty                   0.100
= Required Time                 4.756
- Arrival Time                  2.316
= Slack Time                    2.440
     Clock Rise Edge                      0.000
     = Beginpoint Arrival Time            0.000
     Timing Path:
      ------------------------------------------------------------------------------------------
      Pin                        Edge  Net                   Cell       Delay  Arrival  Required  
                                                                               Time     Time  
      ------------------------------------------------------------------------------------------
      clk                        ^     clk                   -          -      0.000    2.440  
      u_visitor/count_reg[0]/CK  ^     clk                   SDFFRHQX1  0.000  0.000    2.440  
      u_visitor/count_reg[0]/Q   ^     visitor_count_int[0]  SDFFRHQX1  0.378  0.378    2.818  
      u_visitor/g847/A           ^     visitor_count_int[0]  NAND2XL    0.000  0.378    2.818  
      u_visitor/g847/Y           v     u_visitor/n_6         NAND2XL    0.177  0.555    2.995  
      u_visitor/g864/B           v     u_visitor/n_6         NOR2BX1    0.000  0.555    2.995  
      u_visitor/g864/Y           ^     u_visitor/n_0         NOR2BX1    0.140  0.694    3.134  
      u_visitor/g839/B           ^     u_visitor/n_0         NAND2XL    0.000  0.694    3.134  
      u_visitor/g839/Y           v     u_visitor/n_11        NAND2XL    0.155  0.849    3.289  
      u_visitor/g2/B             v     u_visitor/n_11        NOR2BX1    0.000  0.849    3.289  
      u_visitor/g2/Y             ^     u_visitor/n_1         NOR2BX1    0.131  0.979    3.419  
      u_visitor/g833/B           ^     u_visitor/n_1         NAND2XL    0.000  0.979    3.419  
      u_visitor/g833/Y           v     u_visitor/n_16        NAND2XL    0.135  1.115    3.555  
      u_visitor/g829/B           v     u_visitor/n_16        NOR2XL     0.000  1.115    3.555  
      u_visitor/g829/Y           ^     u_visitor/n_20        NOR2XL     0.158  1.273    3.713  
      u_visitor/g827/A1          ^     u_visitor/n_20        AOI211X1   0.000  1.273    3.713  
      u_visitor/g827/Y           v     u_visitor/n_23        AOI211X1   0.314  1.587    4.027  
      u_visitor/g826/A           v     u_visitor/n_23        INVX1      0.000  1.587    4.027  
      u_visitor/g826/Y           ^     u_visitor/n_22        INVX1      0.125  1.712    4.152  
      u_visitor/g825/B           ^     u_visitor/n_22        NAND2XL    0.000  1.712    4.152  
      u_visitor/g825/Y           v     u_visitor/n_27        NAND2XL    0.284  1.996    4.436  
      u_visitor/g818/C0          v     u_visitor/n_27        OAI211XL   0.000  1.996    4.436  
      u_visitor/g818/Y           ^     u_visitor/n_31        OAI211XL   0.115  2.111    4.551  
      u_visitor/g805/C0          ^     u_visitor/n_31        AOI222XL   0.000  2.111    4.551  
      u_visitor/g805/Y           v     u_visitor/n_43        AOI222XL   0.102  2.213    4.653  
      u_visitor/g802/A           v     u_visitor/n_43        INVXL      0.000  2.213    4.653  
      u_visitor/g802/Y           ^     u_visitor/n_46        INVXL      0.104  2.316    4.756  
      u_visitor/count_reg[2]/D   ^     u_visitor/n_46        DFFRHQX1   0.000  2.316    4.756  
      ------------------------------------------------------------------------------------------
     Clock Rise Edge                      0.000
     = Beginpoint Arrival Time            0.000
     Other End Path:
      ------------------------------------------------------------------------
      Pin                        Edge  Net  Cell      Delay  Arrival  Required  
                                                             Time     Time  
      ------------------------------------------------------------------------
      clk                        ^     clk  -         -      0.000    -2.440  
      u_visitor/count_reg[2]/CK  ^     clk  DFFRHQX1  0.000  0.000    -2.440  
      ------------------------------------------------------------------------
Path 13: MET Setup Check with Pin u_visitor/count_reg[4]/CK 
Endpoint:   u_visitor/count_reg[4]/D (^) checked with  leading edge of 'clk'
Beginpoint: u_visitor/count_reg[1]/Q (^) triggered by  leading edge of 'clk'
Path Groups: {clk}
Other End Arrival Time          0.000
- Setup                         0.144
+ Phase Shift                   5.000
- Uncertainty                   0.100
= Required Time                 4.756
- Arrival Time                  2.307
= Slack Time                    2.449
     Clock Rise Edge                      0.000
     = Beginpoint Arrival Time            0.000
     Timing Path:
      -----------------------------------------------------------------------------------------
      Pin                        Edge  Net                   Cell      Delay  Arrival  Required  
                                                                              Time     Time  
      -----------------------------------------------------------------------------------------
      clk                        ^     clk                   -         -      0.000    2.449  
      u_visitor/count_reg[1]/CK  ^     clk                   DFFRHQX1  0.000  0.000    2.449  
      u_visitor/count_reg[1]/Q   ^     visitor_count_int[1]  DFFRHQX1  0.372  0.372    2.821  
      u_visitor/g847/B           ^     visitor_count_int[1]  NAND2XL   0.000  0.372    2.821  
      u_visitor/g847/Y           v     u_visitor/n_6         NAND2XL   0.174  0.545    2.995  
      u_visitor/g864/B           v     u_visitor/n_6         NOR2BX1   0.000  0.545    2.995  
      u_visitor/g864/Y           ^     u_visitor/n_0         NOR2BX1   0.140  0.685    3.134  
      u_visitor/g839/B           ^     u_visitor/n_0         NAND2XL   0.000  0.685    3.134  
      u_visitor/g839/Y           v     u_visitor/n_11        NAND2XL   0.155  0.840    3.289  
      u_visitor/g2/B             v     u_visitor/n_11        NOR2BX1   0.000  0.840    3.289  
      u_visitor/g2/Y             ^     u_visitor/n_1         NOR2BX1   0.131  0.970    3.419  
      u_visitor/g833/B           ^     u_visitor/n_1         NAND2XL   0.000  0.970    3.419  
      u_visitor/g833/Y           v     u_visitor/n_16        NAND2XL   0.135  1.106    3.555  
      u_visitor/g829/B           v     u_visitor/n_16        NOR2XL    0.000  1.106    3.555  
      u_visitor/g829/Y           ^     u_visitor/n_20        NOR2XL    0.158  1.264    3.713  
      u_visitor/g827/A1          ^     u_visitor/n_20        AOI211X1  0.000  1.264    3.713  
      u_visitor/g827/Y           v     u_visitor/n_23        AOI211X1  0.314  1.578    4.027  
      u_visitor/g826/A           v     u_visitor/n_23        INVX1     0.000  1.578    4.027  
      u_visitor/g826/Y           ^     u_visitor/n_22        INVX1     0.125  1.703    4.152  
      u_visitor/g825/B           ^     u_visitor/n_22        NAND2XL   0.000  1.703    4.152  
      u_visitor/g825/Y           v     u_visitor/n_27        NAND2XL   0.284  1.987    4.436  
      u_visitor/g815/C0          v     u_visitor/n_27        OAI211XL  0.000  1.987    4.436  
      u_visitor/g815/Y           ^     u_visitor/n_34        OAI211XL  0.115  2.102    4.551  
      u_visitor/g798/C0          ^     u_visitor/n_34        AOI222XL  0.000  2.102    4.551  
      u_visitor/g798/Y           v     u_visitor/n_48        AOI222XL  0.102  2.203    4.653  
      u_visitor/g797/A           v     u_visitor/n_48        INVXL     0.000  2.203    4.653  
      u_visitor/g797/Y           ^     u_visitor/n_49        INVXL     0.104  2.307    4.756  
      u_visitor/count_reg[4]/D   ^     u_visitor/n_49        DFFRHQX1  0.000  2.307    4.756  
      -----------------------------------------------------------------------------------------
     Clock Rise Edge                      0.000
     = Beginpoint Arrival Time            0.000
     Other End Path:
      ------------------------------------------------------------------------
      Pin                        Edge  Net  Cell      Delay  Arrival  Required  
                                                             Time     Time  
      ------------------------------------------------------------------------
      clk                        ^     clk  -         -      0.000    -2.449  
      u_visitor/count_reg[4]/CK  ^     clk  DFFRHQX1  0.000  0.000    -2.449  
      ------------------------------------------------------------------------
Path 14: MET Setup Check with Pin u_visitor/count_reg[2]/CK 
Endpoint:   u_visitor/count_reg[2]/D (^) checked with  leading edge of 'clk'
Beginpoint: u_visitor/count_reg[1]/Q (^) triggered by  leading edge of 'clk'
Path Groups: {clk}
Other End Arrival Time          0.000
- Setup                         0.144
+ Phase Shift                   5.000
- Uncertainty                   0.100
= Required Time                 4.756
- Arrival Time                  2.307
= Slack Time                    2.449
     Clock Rise Edge                      0.000
     = Beginpoint Arrival Time            0.000
     Timing Path:
      -----------------------------------------------------------------------------------------
      Pin                        Edge  Net                   Cell      Delay  Arrival  Required  
                                                                              Time     Time  
      -----------------------------------------------------------------------------------------
      clk                        ^     clk                   -         -      0.000    2.449  
      u_visitor/count_reg[1]/CK  ^     clk                   DFFRHQX1  0.000  0.000    2.449  
      u_visitor/count_reg[1]/Q   ^     visitor_count_int[1]  DFFRHQX1  0.372  0.372    2.821  
      u_visitor/g847/B           ^     visitor_count_int[1]  NAND2XL   0.000  0.372    2.821  
      u_visitor/g847/Y           v     u_visitor/n_6         NAND2XL   0.174  0.545    2.995  
      u_visitor/g864/B           v     u_visitor/n_6         NOR2BX1   0.000  0.545    2.995  
      u_visitor/g864/Y           ^     u_visitor/n_0         NOR2BX1   0.140  0.685    3.134  
      u_visitor/g839/B           ^     u_visitor/n_0         NAND2XL   0.000  0.685    3.134  
      u_visitor/g839/Y           v     u_visitor/n_11        NAND2XL   0.155  0.840    3.289  
      u_visitor/g2/B             v     u_visitor/n_11        NOR2BX1   0.000  0.840    3.289  
      u_visitor/g2/Y             ^     u_visitor/n_1         NOR2BX1   0.131  0.970    3.419  
      u_visitor/g833/B           ^     u_visitor/n_1         NAND2XL   0.000  0.970    3.419  
      u_visitor/g833/Y           v     u_visitor/n_16        NAND2XL   0.135  1.106    3.555  
      u_visitor/g829/B           v     u_visitor/n_16        NOR2XL    0.000  1.106    3.555  
      u_visitor/g829/Y           ^     u_visitor/n_20        NOR2XL    0.158  1.264    3.713  
      u_visitor/g827/A1          ^     u_visitor/n_20        AOI211X1  0.000  1.264    3.713  
      u_visitor/g827/Y           v     u_visitor/n_23        AOI211X1  0.314  1.578    4.027  
      u_visitor/g826/A           v     u_visitor/n_23        INVX1     0.000  1.578    4.027  
      u_visitor/g826/Y           ^     u_visitor/n_22        INVX1     0.125  1.703    4.152  
      u_visitor/g825/B           ^     u_visitor/n_22        NAND2XL   0.000  1.703    4.152  
      u_visitor/g825/Y           v     u_visitor/n_27        NAND2XL   0.284  1.987    4.436  
      u_visitor/g818/C0          v     u_visitor/n_27        OAI211XL  0.000  1.987    4.436  
      u_visitor/g818/Y           ^     u_visitor/n_31        OAI211XL  0.115  2.102    4.551  
      u_visitor/g805/C0          ^     u_visitor/n_31        AOI222XL  0.000  2.102    4.551  
      u_visitor/g805/Y           v     u_visitor/n_43        AOI222XL  0.102  2.203    4.653  
      u_visitor/g802/A           v     u_visitor/n_43        INVXL     0.000  2.203    4.653  
      u_visitor/g802/Y           ^     u_visitor/n_46        INVXL     0.104  2.307    4.756  
      u_visitor/count_reg[2]/D   ^     u_visitor/n_46        DFFRHQX1  0.000  2.307    4.756  
      -----------------------------------------------------------------------------------------
     Clock Rise Edge                      0.000
     = Beginpoint Arrival Time            0.000
     Other End Path:
      ------------------------------------------------------------------------
      Pin                        Edge  Net  Cell      Delay  Arrival  Required  
                                                             Time     Time  
      ------------------------------------------------------------------------
      clk                        ^     clk  -         -      0.000    -2.449  
      u_visitor/count_reg[2]/CK  ^     clk  DFFRHQX1  0.000  0.000    -2.449  
      ------------------------------------------------------------------------
Path 15: MET Setup Check with Pin u_temp_ctrl/cooler_on_reg/CK 
Endpoint:   u_temp_ctrl/cooler_on_reg/SE (v) checked with  leading edge of 'clk'
Beginpoint: temp_setpoint_r_reg[2]/Q     (v) triggered by  leading edge of 'clk'
Path Groups: {clk}
Other End Arrival Time          0.000
- Setup                         0.316
+ Phase Shift                   5.000
- Uncertainty                   0.100
= Required Time                 4.584
- Arrival Time                  2.131
= Slack Time                    2.453
     Clock Rise Edge                      0.000
     = Beginpoint Arrival Time            0.000
     Timing Path:
      -------------------------------------------------------------------------------------------
      Pin                           Edge  Net                 Cell       Delay  Arrival  Required  
                                                                                Time     Time  
      -------------------------------------------------------------------------------------------
      clk                           ^     clk                 -          -      0.000    2.453  
      temp_setpoint_r_reg[2]/CK     ^     clk                 DFFRHQX1   0.000  0.000    2.453  
      temp_setpoint_r_reg[2]/Q      v     temp_setpoint_r[2]  DFFRHQX1   0.366  0.366    2.819  
      u_temp_ctrl/g2418/A           v     temp_setpoint_r[2]  NOR2XL     0.000  0.366    2.819  
      u_temp_ctrl/g2418/Y           ^     u_temp_ctrl/n_11    NOR2XL     0.175  0.542    2.994  
      u_temp_ctrl/g2408/B           ^     u_temp_ctrl/n_11    NAND2XL    0.000  0.542    2.994  
      u_temp_ctrl/g2408/Y           v     u_temp_ctrl/n_18    NAND2XL    0.192  0.734    3.187  
      u_temp_ctrl/g2393/B           v     u_temp_ctrl/n_18    NOR2XL     0.000  0.734    3.187  
      u_temp_ctrl/g2393/Y           ^     u_temp_ctrl/n_32    NOR2XL     0.209  0.943    3.396  
      u_temp_ctrl/g2382/B           ^     u_temp_ctrl/n_32    NAND2XL    0.000  0.943    3.396  
      u_temp_ctrl/g2382/Y           v     u_temp_ctrl/n_42    NAND2XL    0.176  1.119    3.571  
      u_temp_ctrl/g2377/B           v     u_temp_ctrl/n_42    NOR2XL     0.000  1.119    3.571  
      u_temp_ctrl/g2377/Y           ^     u_temp_ctrl/n_46    NOR2XL     0.206  1.325    3.777  
      u_temp_ctrl/g2372/B           ^     u_temp_ctrl/n_46    XNOR2X1    0.000  1.325    3.777  
      u_temp_ctrl/g2372/Y           v     u_temp_ctrl/n_52    XNOR2X1    0.195  1.520    3.973  
      u_temp_ctrl/g2366/B           v     u_temp_ctrl/n_52    NOR2XL     0.000  1.520    3.973  
      u_temp_ctrl/g2366/Y           ^     u_temp_ctrl/n_57    NOR2XL     0.158  1.678    4.130  
      u_temp_ctrl/g2365/A           ^     u_temp_ctrl/n_57    INVX1      0.000  1.678    4.130  
      u_temp_ctrl/g2365/Y           v     u_temp_ctrl/n_58    INVX1      0.054  1.732    4.185  
      u_temp_ctrl/g2363/A2          v     u_temp_ctrl/n_58    AOI32X1    0.000  1.732    4.185  
      u_temp_ctrl/g2363/Y           ^     u_temp_ctrl/n_60    AOI32X1    0.113  1.845    4.298  
      u_temp_ctrl/g2360/B0          ^     u_temp_ctrl/n_60    OAI31X1    0.000  1.845    4.298  
      u_temp_ctrl/g2360/Y           v     u_temp_ctrl/n_63    OAI31X1    0.128  1.973    4.425  
      u_temp_ctrl/g2358/AN          v     u_temp_ctrl/n_63    NOR2BX1    0.000  1.973    4.425  
      u_temp_ctrl/g2358/Y           v     u_temp_ctrl/n_65    NOR2BX1    0.158  2.131    4.584  
      u_temp_ctrl/cooler_on_reg/SE  v     u_temp_ctrl/n_65    SDFFRHQX1  0.000  2.131    4.584  
      -------------------------------------------------------------------------------------------
     Clock Rise Edge                      0.000
     = Beginpoint Arrival Time            0.000
     Other End Path:
      ----------------------------------------------------------------------------
      Pin                           Edge  Net  Cell       Delay  Arrival  Required  
                                                                 Time     Time  
      ----------------------------------------------------------------------------
      clk                           ^     clk  -          -      0.000    -2.453  
      u_temp_ctrl/cooler_on_reg/CK  ^     clk  SDFFRHQX1  0.000  0.000    -2.453  
      ----------------------------------------------------------------------------
Path 16: MET Setup Check with Pin u_temp_ctrl/cooler_on_reg/CK 
Endpoint:   u_temp_ctrl/cooler_on_reg/SE (v) checked with  leading edge of 'clk'
Beginpoint: temp_setpoint_r_reg[1]/Q     (v) triggered by  leading edge of 'clk'
Path Groups: {clk}
Other End Arrival Time          0.000
- Setup                         0.316
+ Phase Shift                   5.000
- Uncertainty                   0.100
= Required Time                 4.584
- Arrival Time                  2.125
= Slack Time                    2.459
     Clock Rise Edge                      0.000
     = Beginpoint Arrival Time            0.000
     Timing Path:
      -------------------------------------------------------------------------------------------
      Pin                           Edge  Net                 Cell       Delay  Arrival  Required  
                                                                                Time     Time  
      -------------------------------------------------------------------------------------------
      clk                           ^     clk                 -          -      0.000    2.459  
      temp_setpoint_r_reg[1]/CK     ^     clk                 DFFRHQX1   0.000  0.000    2.459  
      temp_setpoint_r_reg[1]/Q      v     temp_setpoint_r[1]  DFFRHQX1   0.366  0.366    2.824  
      u_temp_ctrl/g2418/B           v     temp_setpoint_r[1]  NOR2XL     0.000  0.366    2.824  
      u_temp_ctrl/g2418/Y           ^     u_temp_ctrl/n_11    NOR2XL     0.170  0.536    2.994  
      u_temp_ctrl/g2408/B           ^     u_temp_ctrl/n_11    NAND2XL    0.000  0.536    2.994  
      u_temp_ctrl/g2408/Y           v     u_temp_ctrl/n_18    NAND2XL    0.192  0.728    3.187  
      u_temp_ctrl/g2393/B           v     u_temp_ctrl/n_18    NOR2XL     0.000  0.728    3.187  
      u_temp_ctrl/g2393/Y           ^     u_temp_ctrl/n_32    NOR2XL     0.209  0.937    3.396  
      u_temp_ctrl/g2382/B           ^     u_temp_ctrl/n_32    NAND2XL    0.000  0.937    3.396  
      u_temp_ctrl/g2382/Y           v     u_temp_ctrl/n_42    NAND2XL    0.176  1.113    3.571  
      u_temp_ctrl/g2377/B           v     u_temp_ctrl/n_42    NOR2XL     0.000  1.113    3.571  
      u_temp_ctrl/g2377/Y           ^     u_temp_ctrl/n_46    NOR2XL     0.206  1.319    3.777  
      u_temp_ctrl/g2372/B           ^     u_temp_ctrl/n_46    XNOR2X1    0.000  1.319    3.777  
      u_temp_ctrl/g2372/Y           v     u_temp_ctrl/n_52    XNOR2X1    0.195  1.514    3.973  
      u_temp_ctrl/g2366/B           v     u_temp_ctrl/n_52    NOR2XL     0.000  1.514    3.973  
      u_temp_ctrl/g2366/Y           ^     u_temp_ctrl/n_57    NOR2XL     0.158  1.672    4.130  
      u_temp_ctrl/g2365/A           ^     u_temp_ctrl/n_57    INVX1      0.000  1.672    4.130  
      u_temp_ctrl/g2365/Y           v     u_temp_ctrl/n_58    INVX1      0.054  1.726    4.185  
      u_temp_ctrl/g2363/A2          v     u_temp_ctrl/n_58    AOI32X1    0.000  1.726    4.185  
      u_temp_ctrl/g2363/Y           ^     u_temp_ctrl/n_60    AOI32X1    0.113  1.839    4.298  
      u_temp_ctrl/g2360/B0          ^     u_temp_ctrl/n_60    OAI31X1    0.000  1.839    4.298  
      u_temp_ctrl/g2360/Y           v     u_temp_ctrl/n_63    OAI31X1    0.128  1.967    4.425  
      u_temp_ctrl/g2358/AN          v     u_temp_ctrl/n_63    NOR2BX1    0.000  1.967    4.425  
      u_temp_ctrl/g2358/Y           v     u_temp_ctrl/n_65    NOR2BX1    0.158  2.125    4.584  
      u_temp_ctrl/cooler_on_reg/SE  v     u_temp_ctrl/n_65    SDFFRHQX1  0.000  2.125    4.584  
      -------------------------------------------------------------------------------------------
     Clock Rise Edge                      0.000
     = Beginpoint Arrival Time            0.000
     Other End Path:
      ----------------------------------------------------------------------------
      Pin                           Edge  Net  Cell       Delay  Arrival  Required  
                                                                 Time     Time  
      ----------------------------------------------------------------------------
      clk                           ^     clk  -          -      0.000    -2.459  
      u_temp_ctrl/cooler_on_reg/CK  ^     clk  SDFFRHQX1  0.000  0.000    -2.459  
      ----------------------------------------------------------------------------
Path 17: MET Setup Check with Pin u_visitor/count_reg[6]/CK 
Endpoint:   u_visitor/count_reg[6]/D (^) checked with  leading edge of 'clk'
Beginpoint: u_visitor/count_reg[0]/Q (^) triggered by  leading edge of 'clk'
Path Groups: {clk}
Other End Arrival Time          0.000
- Setup                         0.218
+ Phase Shift                   5.000
- Uncertainty                   0.100
= Required Time                 4.682
- Arrival Time                  2.205
= Slack Time                    2.477
     Clock Rise Edge                      0.000
     = Beginpoint Arrival Time            0.000
     Timing Path:
      ------------------------------------------------------------------------------------------
      Pin                        Edge  Net                   Cell       Delay  Arrival  Required  
                                                                               Time     Time  
      ------------------------------------------------------------------------------------------
      clk                        ^     clk                   -          -      0.000    2.477  
      u_visitor/count_reg[0]/CK  ^     clk                   SDFFRHQX1  0.000  0.000    2.477  
      u_visitor/count_reg[0]/Q   ^     visitor_count_int[0]  SDFFRHQX1  0.378  0.378    2.855  
      u_visitor/g847/A           ^     visitor_count_int[0]  NAND2XL    0.000  0.378    2.855  
      u_visitor/g847/Y           v     u_visitor/n_6         NAND2XL    0.177  0.555    3.032  
      u_visitor/g864/B           v     u_visitor/n_6         NOR2BX1    0.000  0.555    3.032  
      u_visitor/g864/Y           ^     u_visitor/n_0         NOR2BX1    0.140  0.694    3.172  
      u_visitor/g839/B           ^     u_visitor/n_0         NAND2XL    0.000  0.694    3.172  
      u_visitor/g839/Y           v     u_visitor/n_11        NAND2XL    0.155  0.849    3.326  
      u_visitor/g2/B             v     u_visitor/n_11        NOR2BX1    0.000  0.849    3.326  
      u_visitor/g2/Y             ^     u_visitor/n_1         NOR2BX1    0.131  0.980    3.457  
      u_visitor/g833/B           ^     u_visitor/n_1         NAND2XL    0.000  0.980    3.457  
      u_visitor/g833/Y           v     u_visitor/n_16        NAND2XL    0.135  1.115    3.592  
      u_visitor/g829/B           v     u_visitor/n_16        NOR2XL     0.000  1.115    3.592  
      u_visitor/g829/Y           ^     u_visitor/n_20        NOR2XL     0.158  1.273    3.750  
      u_visitor/g827/A1          ^     u_visitor/n_20        AOI211X1   0.000  1.273    3.750  
      u_visitor/g827/Y           v     u_visitor/n_23        AOI211X1   0.314  1.587    4.064  
      u_visitor/g821/B           v     u_visitor/n_23        OR2X1      0.000  1.587    4.064  
      u_visitor/g821/Y           v     u_visitor/n_30        OR2X1      0.293  1.880    4.357  
      u_visitor/g817/A0          v     u_visitor/n_30        OAI211XL   0.000  1.880    4.357  
      u_visitor/g817/Y           ^     u_visitor/n_32        OAI211XL   0.133  2.013    4.490  
      u_visitor/g804/C0          ^     u_visitor/n_32        AOI222XL   0.000  2.013    4.490  
      u_visitor/g804/Y           v     u_visitor/n_44        AOI222XL   0.102  2.115    4.592  
      u_visitor/g801/A           v     u_visitor/n_44        INVXL      0.000  2.115    4.592  
      u_visitor/g801/Y           ^     u_visitor/n_47        INVXL      0.090  2.205    4.682  
      u_visitor/count_reg[6]/D   ^     u_visitor/n_47        DFFRX1     0.000  2.205    4.682  
      ------------------------------------------------------------------------------------------
     Clock Rise Edge                      0.000
     = Beginpoint Arrival Time            0.000
     Other End Path:
      ----------------------------------------------------------------------
      Pin                        Edge  Net  Cell    Delay  Arrival  Required  
                                                           Time     Time  
      ----------------------------------------------------------------------
      clk                        ^     clk  -       -      0.000    -2.477  
      u_visitor/count_reg[6]/CK  ^     clk  DFFRX1  0.000  0.000    -2.477  
      ----------------------------------------------------------------------
Path 18: MET Setup Check with Pin u_visitor/count_reg[6]/CK 
Endpoint:   u_visitor/count_reg[6]/D (^) checked with  leading edge of 'clk'
Beginpoint: u_visitor/count_reg[0]/Q (^) triggered by  leading edge of 'clk'
Path Groups: {clk}
Other End Arrival Time          0.000
- Setup                         0.218
+ Phase Shift                   5.000
- Uncertainty                   0.100
= Required Time                 4.682
- Arrival Time                  2.203
= Slack Time                    2.479
     Clock Rise Edge                      0.000
     = Beginpoint Arrival Time            0.000
     Timing Path:
      ------------------------------------------------------------------------------------------
      Pin                        Edge  Net                   Cell       Delay  Arrival  Required  
                                                                               Time     Time  
      ------------------------------------------------------------------------------------------
      clk                        ^     clk                   -          -      0.000    2.479  
      u_visitor/count_reg[0]/CK  ^     clk                   SDFFRHQX1  0.000  0.000    2.479  
      u_visitor/count_reg[0]/Q   ^     visitor_count_int[0]  SDFFRHQX1  0.378  0.378    2.857  
      u_visitor/g847/A           ^     visitor_count_int[0]  NAND2XL    0.000  0.378    2.857  
      u_visitor/g847/Y           v     u_visitor/n_6         NAND2XL    0.177  0.555    3.034  
      u_visitor/g864/B           v     u_visitor/n_6         NOR2BX1    0.000  0.555    3.034  
      u_visitor/g864/Y           ^     u_visitor/n_0         NOR2BX1    0.140  0.694    3.173  
      u_visitor/g839/B           ^     u_visitor/n_0         NAND2XL    0.000  0.694    3.173  
      u_visitor/g839/Y           v     u_visitor/n_11        NAND2XL    0.155  0.849    3.328  
      u_visitor/g2/B             v     u_visitor/n_11        NOR2BX1    0.000  0.849    3.328  
      u_visitor/g2/Y             ^     u_visitor/n_1         NOR2BX1    0.131  0.980    3.459  
      u_visitor/g833/B           ^     u_visitor/n_1         NAND2XL    0.000  0.980    3.459  
      u_visitor/g833/Y           v     u_visitor/n_16        NAND2XL    0.135  1.115    3.594  
      u_visitor/g829/B           v     u_visitor/n_16        NOR2XL     0.000  1.115    3.594  
      u_visitor/g829/Y           ^     u_visitor/n_20        NOR2XL     0.158  1.273    3.752  
      u_visitor/g827/A1          ^     u_visitor/n_20        AOI211X1   0.000  1.273    3.752  
      u_visitor/g827/Y           v     u_visitor/n_23        AOI211X1   0.314  1.587    4.066  
      u_visitor/g821/B           v     u_visitor/n_23        OR2X1      0.000  1.587    4.066  
      u_visitor/g821/Y           v     u_visitor/n_30        OR2X1      0.293  1.880    4.359  
      u_visitor/g819/A           v     u_visitor/n_30        CLKINVX1   0.000  1.880    4.359  
      u_visitor/g819/Y           ^     u_visitor/n_29        CLKINVX1   0.104  1.984    4.463  
      u_visitor/g804/A1          ^     u_visitor/n_29        AOI222XL   0.000  1.984    4.463  
      u_visitor/g804/Y           v     u_visitor/n_44        AOI222XL   0.128  2.113    4.592  
      u_visitor/g801/A           v     u_visitor/n_44        INVXL      0.000  2.113    4.592  
      u_visitor/g801/Y           ^     u_visitor/n_47        INVXL      0.090  2.203    4.682  
      u_visitor/count_reg[6]/D   ^     u_visitor/n_47        DFFRX1     0.000  2.203    4.682  
      ------------------------------------------------------------------------------------------
     Clock Rise Edge                      0.000
     = Beginpoint Arrival Time            0.000
     Other End Path:
      ----------------------------------------------------------------------
      Pin                        Edge  Net  Cell    Delay  Arrival  Required  
                                                           Time     Time  
      ----------------------------------------------------------------------
      clk                        ^     clk  -       -      0.000    -2.479  
      u_visitor/count_reg[6]/CK  ^     clk  DFFRX1  0.000  0.000    -2.479  
      ----------------------------------------------------------------------
Path 19: MET Setup Check with Pin u_visitor/count_reg[6]/CK 
Endpoint:   u_visitor/count_reg[6]/D (^) checked with  leading edge of 'clk'
Beginpoint: u_visitor/count_reg[1]/Q (^) triggered by  leading edge of 'clk'
Path Groups: {clk}
Other End Arrival Time          0.000
- Setup                         0.218
+ Phase Shift                   5.000
- Uncertainty                   0.100
= Required Time                 4.682
- Arrival Time                  2.196
= Slack Time                    2.486
     Clock Rise Edge                      0.000
     = Beginpoint Arrival Time            0.000
     Timing Path:
      -----------------------------------------------------------------------------------------
      Pin                        Edge  Net                   Cell      Delay  Arrival  Required  
                                                                              Time     Time  
      -----------------------------------------------------------------------------------------
      clk                        ^     clk                   -         -      0.000    2.486  
      u_visitor/count_reg[1]/CK  ^     clk                   DFFRHQX1  0.000  0.000    2.486  
      u_visitor/count_reg[1]/Q   ^     visitor_count_int[1]  DFFRHQX1  0.372  0.372    2.858  
      u_visitor/g847/B           ^     visitor_count_int[1]  NAND2XL   0.000  0.372    2.858  
      u_visitor/g847/Y           v     u_visitor/n_6         NAND2XL   0.174  0.546    3.032  
      u_visitor/g864/B           v     u_visitor/n_6         NOR2BX1   0.000  0.546    3.032  
      u_visitor/g864/Y           ^     u_visitor/n_0         NOR2BX1   0.140  0.685    3.172  
      u_visitor/g839/B           ^     u_visitor/n_0         NAND2XL   0.000  0.685    3.172  
      u_visitor/g839/Y           v     u_visitor/n_11        NAND2XL   0.155  0.840    3.326  
      u_visitor/g2/B             v     u_visitor/n_11        NOR2BX1   0.000  0.840    3.326  
      u_visitor/g2/Y             ^     u_visitor/n_1         NOR2BX1   0.131  0.970    3.457  
      u_visitor/g833/B           ^     u_visitor/n_1         NAND2XL   0.000  0.970    3.457  
      u_visitor/g833/Y           v     u_visitor/n_16        NAND2XL   0.135  1.106    3.592  
      u_visitor/g829/B           v     u_visitor/n_16        NOR2XL    0.000  1.106    3.592  
      u_visitor/g829/Y           ^     u_visitor/n_20        NOR2XL    0.158  1.264    3.750  
      u_visitor/g827/A1          ^     u_visitor/n_20        AOI211X1  0.000  1.264    3.750  
      u_visitor/g827/Y           v     u_visitor/n_23        AOI211X1  0.314  1.578    4.064  
      u_visitor/g821/B           v     u_visitor/n_23        OR2X1     0.000  1.578    4.064  
      u_visitor/g821/Y           v     u_visitor/n_30        OR2X1     0.293  1.871    4.357  
      u_visitor/g817/A0          v     u_visitor/n_30        OAI211XL  0.000  1.871    4.357  
      u_visitor/g817/Y           ^     u_visitor/n_32        OAI211XL  0.133  2.004    4.490  
      u_visitor/g804/C0          ^     u_visitor/n_32        AOI222XL  0.000  2.004    4.490  
      u_visitor/g804/Y           v     u_visitor/n_44        AOI222XL  0.102  2.105    4.592  
      u_visitor/g801/A           v     u_visitor/n_44        INVXL     0.000  2.105    4.592  
      u_visitor/g801/Y           ^     u_visitor/n_47        INVXL     0.090  2.196    4.682  
      u_visitor/count_reg[6]/D   ^     u_visitor/n_47        DFFRX1    0.000  2.196    4.682  
      -----------------------------------------------------------------------------------------
     Clock Rise Edge                      0.000
     = Beginpoint Arrival Time            0.000
     Other End Path:
      ----------------------------------------------------------------------
      Pin                        Edge  Net  Cell    Delay  Arrival  Required  
                                                           Time     Time  
      ----------------------------------------------------------------------
      clk                        ^     clk  -       -      0.000    -2.486  
      u_visitor/count_reg[6]/CK  ^     clk  DFFRX1  0.000  0.000    -2.486  
      ----------------------------------------------------------------------
Path 20: MET Setup Check with Pin u_visitor/count_reg[6]/CK 
Endpoint:   u_visitor/count_reg[6]/D (^) checked with  leading edge of 'clk'
Beginpoint: u_visitor/count_reg[1]/Q (^) triggered by  leading edge of 'clk'
Path Groups: {clk}
Other End Arrival Time          0.000
- Setup                         0.218
+ Phase Shift                   5.000
- Uncertainty                   0.100
= Required Time                 4.682
- Arrival Time                  2.194
= Slack Time                    2.488
     Clock Rise Edge                      0.000
     = Beginpoint Arrival Time            0.000
     Timing Path:
      -----------------------------------------------------------------------------------------
      Pin                        Edge  Net                   Cell      Delay  Arrival  Required  
                                                                              Time     Time  
      -----------------------------------------------------------------------------------------
      clk                        ^     clk                   -         -      0.000    2.488  
      u_visitor/count_reg[1]/CK  ^     clk                   DFFRHQX1  0.000  0.000    2.488  
      u_visitor/count_reg[1]/Q   ^     visitor_count_int[1]  DFFRHQX1  0.372  0.372    2.860  
      u_visitor/g847/B           ^     visitor_count_int[1]  NAND2XL   0.000  0.372    2.860  
      u_visitor/g847/Y           v     u_visitor/n_6         NAND2XL   0.174  0.546    3.034  
      u_visitor/g864/B           v     u_visitor/n_6         NOR2BX1   0.000  0.546    3.034  
      u_visitor/g864/Y           ^     u_visitor/n_0         NOR2BX1   0.140  0.685    3.173  
      u_visitor/g839/B           ^     u_visitor/n_0         NAND2XL   0.000  0.685    3.173  
      u_visitor/g839/Y           v     u_visitor/n_11        NAND2XL   0.155  0.840    3.328  
      u_visitor/g2/B             v     u_visitor/n_11        NOR2BX1   0.000  0.840    3.328  
      u_visitor/g2/Y             ^     u_visitor/n_1         NOR2BX1   0.131  0.970    3.459  
      u_visitor/g833/B           ^     u_visitor/n_1         NAND2XL   0.000  0.970    3.459  
      u_visitor/g833/Y           v     u_visitor/n_16        NAND2XL   0.135  1.106    3.594  
      u_visitor/g829/B           v     u_visitor/n_16        NOR2XL    0.000  1.106    3.594  
      u_visitor/g829/Y           ^     u_visitor/n_20        NOR2XL    0.158  1.264    3.752  
      u_visitor/g827/A1          ^     u_visitor/n_20        AOI211X1  0.000  1.264    3.752  
      u_visitor/g827/Y           v     u_visitor/n_23        AOI211X1  0.314  1.578    4.066  
      u_visitor/g821/B           v     u_visitor/n_23        OR2X1     0.000  1.578    4.066  
      u_visitor/g821/Y           v     u_visitor/n_30        OR2X1     0.293  1.871    4.359  
      u_visitor/g819/A           v     u_visitor/n_30        CLKINVX1  0.000  1.871    4.359  
      u_visitor/g819/Y           ^     u_visitor/n_29        CLKINVX1  0.104  1.975    4.463  
      u_visitor/g804/A1          ^     u_visitor/n_29        AOI222XL  0.000  1.975    4.463  
      u_visitor/g804/Y           v     u_visitor/n_44        AOI222XL  0.128  2.103    4.592  
      u_visitor/g801/A           v     u_visitor/n_44        INVXL     0.000  2.103    4.592  
      u_visitor/g801/Y           ^     u_visitor/n_47        INVXL     0.090  2.194    4.682  
      u_visitor/count_reg[6]/D   ^     u_visitor/n_47        DFFRX1    0.000  2.194    4.682  
      -----------------------------------------------------------------------------------------
     Clock Rise Edge                      0.000
     = Beginpoint Arrival Time            0.000
     Other End Path:
      ----------------------------------------------------------------------
      Pin                        Edge  Net  Cell    Delay  Arrival  Required  
                                                           Time     Time  
      ----------------------------------------------------------------------
      clk                        ^     clk  -       -      0.000    -2.488  
      u_visitor/count_reg[6]/CK  ^     clk  DFFRX1  0.000  0.000    -2.488  
      ----------------------------------------------------------------------
Path 21: MET Setup Check with Pin u_temp_ctrl/heater_on_reg/CK 
Endpoint:   u_temp_ctrl/heater_on_reg/D (^) checked with  leading edge of 'clk'
Beginpoint: temp_setpoint_r_reg[2]/Q    (v) triggered by  leading edge of 'clk'
Path Groups: {clk}
Other End Arrival Time          0.000
- Setup                         0.150
+ Phase Shift                   5.000
- Uncertainty                   0.100
= Required Time                 4.750
- Arrival Time                  2.252
= Slack Time                    2.497
     Clock Rise Edge                      0.000
     = Beginpoint Arrival Time            0.000
     Timing Path:
      -----------------------------------------------------------------------------------------
      Pin                          Edge  Net                 Cell      Delay  Arrival  Required  
                                                                              Time     Time  
      -----------------------------------------------------------------------------------------
      clk                          ^     clk                 -         -      0.000    2.497  
      temp_setpoint_r_reg[2]/CK    ^     clk                 DFFRHQX1  0.000  0.000    2.497  
      temp_setpoint_r_reg[2]/Q     v     temp_setpoint_r[2]  DFFRHQX1  0.366  0.366    2.864  
      u_temp_ctrl/g2418/A          v     temp_setpoint_r[2]  NOR2XL    0.000  0.366    2.864  
      u_temp_ctrl/g2418/Y          ^     u_temp_ctrl/n_11    NOR2XL    0.175  0.542    3.039  
      u_temp_ctrl/g2408/B          ^     u_temp_ctrl/n_11    NAND2XL   0.000  0.542    3.039  
      u_temp_ctrl/g2408/Y          v     u_temp_ctrl/n_18    NAND2XL   0.192  0.734    3.231  
      u_temp_ctrl/g2393/B          v     u_temp_ctrl/n_18    NOR2XL    0.000  0.734    3.231  
      u_temp_ctrl/g2393/Y          ^     u_temp_ctrl/n_32    NOR2XL    0.209  0.943    3.440  
      u_temp_ctrl/g2382/B          ^     u_temp_ctrl/n_32    NAND2XL   0.000  0.943    3.440  
      u_temp_ctrl/g2382/Y          v     u_temp_ctrl/n_42    NAND2XL   0.176  1.119    3.616  
      u_temp_ctrl/g2377/B          v     u_temp_ctrl/n_42    NOR2XL    0.000  1.119    3.616  
      u_temp_ctrl/g2377/Y          ^     u_temp_ctrl/n_46    NOR2XL    0.206  1.325    3.822  
      u_temp_ctrl/g2372/B          ^     u_temp_ctrl/n_46    XNOR2X1   0.000  1.325    3.822  
      u_temp_ctrl/g2372/Y          ^     u_temp_ctrl/n_52    XNOR2X1   0.168  1.493    3.990  
      u_temp_ctrl/g2366/B          ^     u_temp_ctrl/n_52    NOR2XL    0.000  1.493    3.990  
      u_temp_ctrl/g2366/Y          v     u_temp_ctrl/n_57    NOR2XL    0.081  1.574    4.071  
      u_temp_ctrl/g2365/A          v     u_temp_ctrl/n_57    INVX1     0.000  1.574    4.071  
      u_temp_ctrl/g2365/Y          ^     u_temp_ctrl/n_58    INVX1     0.058  1.632    4.130  
      u_temp_ctrl/g2363/A2         ^     u_temp_ctrl/n_58    AOI32X1   0.000  1.632    4.130  
      u_temp_ctrl/g2363/Y          v     u_temp_ctrl/n_60    AOI32X1   0.132  1.764    4.261  
      u_temp_ctrl/g2360/B0         v     u_temp_ctrl/n_60    OAI31X1   0.000  1.764    4.261  
      u_temp_ctrl/g2360/Y          ^     u_temp_ctrl/n_63    OAI31X1   0.106  1.870    4.367  
      u_temp_ctrl/g2358/AN         ^     u_temp_ctrl/n_63    NOR2BX1   0.000  1.870    4.367  
      u_temp_ctrl/g2358/Y          ^     u_temp_ctrl/n_65    NOR2BX1   0.219  2.088    4.586  
      u_temp_ctrl/g2357/S0         ^     u_temp_ctrl/n_65    MXI2XL    0.000  2.088    4.586  
      u_temp_ctrl/g2357/Y          ^     u_temp_ctrl/n_66    MXI2XL    0.164  2.252    4.750  
      u_temp_ctrl/heater_on_reg/D  ^     u_temp_ctrl/n_66    DFFRHQX1  0.000  2.252    4.750  
      -----------------------------------------------------------------------------------------
     Clock Rise Edge                      0.000
     = Beginpoint Arrival Time            0.000
     Other End Path:
      ---------------------------------------------------------------------------
      Pin                           Edge  Net  Cell      Delay  Arrival  Required  
                                                                Time     Time  
      ---------------------------------------------------------------------------
      clk                           ^     clk  -         -      0.000    -2.497  
      u_temp_ctrl/heater_on_reg/CK  ^     clk  DFFRHQX1  0.000  0.000    -2.497  
      ---------------------------------------------------------------------------
Path 22: MET Setup Check with Pin u_temp_ctrl/heater_on_reg/CK 
Endpoint:   u_temp_ctrl/heater_on_reg/D (^) checked with  leading edge of 'clk'
Beginpoint: temp_setpoint_r_reg[1]/Q    (v) triggered by  leading edge of 'clk'
Path Groups: {clk}
Other End Arrival Time          0.000
- Setup                         0.150
+ Phase Shift                   5.000
- Uncertainty                   0.100
= Required Time                 4.750
- Arrival Time                  2.246
= Slack Time                    2.503
     Clock Rise Edge                      0.000
     = Beginpoint Arrival Time            0.000
     Timing Path:
      -----------------------------------------------------------------------------------------
      Pin                          Edge  Net                 Cell      Delay  Arrival  Required  
                                                                              Time     Time  
      -----------------------------------------------------------------------------------------
      clk                          ^     clk                 -         -      0.000    2.503  
      temp_setpoint_r_reg[1]/CK    ^     clk                 DFFRHQX1  0.000  0.000    2.503  
      temp_setpoint_r_reg[1]/Q     v     temp_setpoint_r[1]  DFFRHQX1  0.366  0.366    2.869  
      u_temp_ctrl/g2418/B          v     temp_setpoint_r[1]  NOR2XL    0.000  0.366    2.869  
      u_temp_ctrl/g2418/Y          ^     u_temp_ctrl/n_11    NOR2XL    0.170  0.536    3.039  
      u_temp_ctrl/g2408/B          ^     u_temp_ctrl/n_11    NAND2XL   0.000  0.536    3.039  
      u_temp_ctrl/g2408/Y          v     u_temp_ctrl/n_18    NAND2XL   0.192  0.728    3.231  
      u_temp_ctrl/g2393/B          v     u_temp_ctrl/n_18    NOR2XL    0.000  0.728    3.231  
      u_temp_ctrl/g2393/Y          ^     u_temp_ctrl/n_32    NOR2XL    0.209  0.937    3.440  
      u_temp_ctrl/g2382/B          ^     u_temp_ctrl/n_32    NAND2XL   0.000  0.937    3.440  
      u_temp_ctrl/g2382/Y          v     u_temp_ctrl/n_42    NAND2XL   0.176  1.113    3.616  
      u_temp_ctrl/g2377/B          v     u_temp_ctrl/n_42    NOR2XL    0.000  1.113    3.616  
      u_temp_ctrl/g2377/Y          ^     u_temp_ctrl/n_46    NOR2XL    0.206  1.319    3.822  
      u_temp_ctrl/g2372/B          ^     u_temp_ctrl/n_46    XNOR2X1   0.000  1.319    3.822  
      u_temp_ctrl/g2372/Y          ^     u_temp_ctrl/n_52    XNOR2X1   0.168  1.487    3.990  
      u_temp_ctrl/g2366/B          ^     u_temp_ctrl/n_52    NOR2XL    0.000  1.487    3.990  
      u_temp_ctrl/g2366/Y          v     u_temp_ctrl/n_57    NOR2XL    0.081  1.568    4.071  
      u_temp_ctrl/g2365/A          v     u_temp_ctrl/n_57    INVX1     0.000  1.568    4.071  
      u_temp_ctrl/g2365/Y          ^     u_temp_ctrl/n_58    INVX1     0.058  1.626    4.130  
      u_temp_ctrl/g2363/A2         ^     u_temp_ctrl/n_58    AOI32X1   0.000  1.626    4.130  
      u_temp_ctrl/g2363/Y          v     u_temp_ctrl/n_60    AOI32X1   0.132  1.758    4.261  
      u_temp_ctrl/g2360/B0         v     u_temp_ctrl/n_60    OAI31X1   0.000  1.758    4.261  
      u_temp_ctrl/g2360/Y          ^     u_temp_ctrl/n_63    OAI31X1   0.106  1.864    4.367  
      u_temp_ctrl/g2358/AN         ^     u_temp_ctrl/n_63    NOR2BX1   0.000  1.864    4.367  
      u_temp_ctrl/g2358/Y          ^     u_temp_ctrl/n_65    NOR2BX1   0.219  2.083    4.586  
      u_temp_ctrl/g2357/S0         ^     u_temp_ctrl/n_65    MXI2XL    0.000  2.083    4.586  
      u_temp_ctrl/g2357/Y          ^     u_temp_ctrl/n_66    MXI2XL    0.164  2.246    4.750  
      u_temp_ctrl/heater_on_reg/D  ^     u_temp_ctrl/n_66    DFFRHQX1  0.000  2.246    4.750  
      -----------------------------------------------------------------------------------------
     Clock Rise Edge                      0.000
     = Beginpoint Arrival Time            0.000
     Other End Path:
      ---------------------------------------------------------------------------
      Pin                           Edge  Net  Cell      Delay  Arrival  Required  
                                                                Time     Time  
      ---------------------------------------------------------------------------
      clk                           ^     clk  -         -      0.000    -2.503  
      u_temp_ctrl/heater_on_reg/CK  ^     clk  DFFRHQX1  0.000  0.000    -2.503  
      ---------------------------------------------------------------------------
Path 23: MET Setup Check with Pin u_visitor/count_reg[0]/CK 
Endpoint:   u_visitor/count_reg[0]/SI (^) checked with  leading edge of 'clk'
Beginpoint: u_visitor/count_reg[0]/Q  (^) triggered by  leading edge of 'clk'
Path Groups: {clk}
Other End Arrival Time          0.000
- Setup                         0.255
+ Phase Shift                   5.000
- Uncertainty                   0.100
= Required Time                 4.645
- Arrival Time                  2.141
= Slack Time                    2.505
     Clock Rise Edge                      0.000
     = Beginpoint Arrival Time            0.000
     Timing Path:
      ------------------------------------------------------------------------------------------
      Pin                        Edge  Net                   Cell       Delay  Arrival  Required  
                                                                               Time     Time  
      ------------------------------------------------------------------------------------------
      clk                        ^     clk                   -          -      0.000    2.505  
      u_visitor/count_reg[0]/CK  ^     clk                   SDFFRHQX1  0.000  0.000    2.505  
      u_visitor/count_reg[0]/Q   ^     visitor_count_int[0]  SDFFRHQX1  0.378  0.378    2.883  
      u_visitor/g847/A           ^     visitor_count_int[0]  NAND2XL    0.000  0.378    2.883  
      u_visitor/g847/Y           v     u_visitor/n_6         NAND2XL    0.177  0.555    3.059  
      u_visitor/g864/B           v     u_visitor/n_6         NOR2BX1    0.000  0.555    3.059  
      u_visitor/g864/Y           ^     u_visitor/n_0         NOR2BX1    0.140  0.694    3.199  
      u_visitor/g839/B           ^     u_visitor/n_0         NAND2XL    0.000  0.694    3.199  
      u_visitor/g839/Y           v     u_visitor/n_11        NAND2XL    0.155  0.849    3.354  
      u_visitor/g2/B             v     u_visitor/n_11        NOR2BX1    0.000  0.849    3.354  
      u_visitor/g2/Y             ^     u_visitor/n_1         NOR2BX1    0.131  0.979    3.484  
      u_visitor/g833/B           ^     u_visitor/n_1         NAND2XL    0.000  0.979    3.484  
      u_visitor/g833/Y           v     u_visitor/n_16        NAND2XL    0.135  1.115    3.620  
      u_visitor/g829/B           v     u_visitor/n_16        NOR2XL     0.000  1.115    3.620  
      u_visitor/g829/Y           ^     u_visitor/n_20        NOR2XL     0.158  1.273    3.778  
      u_visitor/g827/A1          ^     u_visitor/n_20        AOI211X1   0.000  1.273    3.778  
      u_visitor/g827/Y           v     u_visitor/n_23        AOI211X1   0.314  1.587    4.092  
      u_visitor/g826/A           v     u_visitor/n_23        INVX1      0.000  1.587    4.092  
      u_visitor/g826/Y           ^     u_visitor/n_22        INVX1      0.125  1.712    4.217  
      u_visitor/g825/B           ^     u_visitor/n_22        NAND2XL    0.000  1.712    4.217  
      u_visitor/g825/Y           v     u_visitor/n_27        NAND2XL    0.284  1.996    4.501  
      u_visitor/g822/A           v     u_visitor/n_27        CLKINVX1   0.000  1.996    4.501  
      u_visitor/g822/Y           ^     u_visitor/n_26        CLKINVX1   0.145  2.141    4.645  
      u_visitor/count_reg[0]/SI  ^     u_visitor/n_26        SDFFRHQX1  0.000  2.141    4.645  
      ------------------------------------------------------------------------------------------
     Clock Rise Edge                      0.000
     = Beginpoint Arrival Time            0.000
     Other End Path:
      -------------------------------------------------------------------------
      Pin                        Edge  Net  Cell       Delay  Arrival  Required  
                                                              Time     Time  
      -------------------------------------------------------------------------
      clk                        ^     clk  -          -      0.000    -2.505  
      u_visitor/count_reg[0]/CK  ^     clk  SDFFRHQX1  0.000  0.000    -2.505  
      -------------------------------------------------------------------------
Path 24: MET Setup Check with Pin u_visitor/count_reg[5]/CK 
Endpoint:   u_visitor/count_reg[5]/D (^) checked with  leading edge of 'clk'
Beginpoint: u_visitor/count_reg[0]/Q (^) triggered by  leading edge of 'clk'
Path Groups: {clk}
Other End Arrival Time          0.000
- Setup                         0.216
+ Phase Shift                   5.000
- Uncertainty                   0.100
= Required Time                 4.684
- Arrival Time                  2.173
= Slack Time                    2.511
     Clock Rise Edge                      0.000
     = Beginpoint Arrival Time            0.000
     Timing Path:
      ------------------------------------------------------------------------------------------
      Pin                        Edge  Net                   Cell       Delay  Arrival  Required  
                                                                               Time     Time  
      ------------------------------------------------------------------------------------------
      clk                        ^     clk                   -          -      0.000    2.511  
      u_visitor/count_reg[0]/CK  ^     clk                   SDFFRHQX1  0.000  0.000    2.511  
      u_visitor/count_reg[0]/Q   ^     visitor_count_int[0]  SDFFRHQX1  0.378  0.378    2.889  
      u_visitor/g847/A           ^     visitor_count_int[0]  NAND2XL    0.000  0.378    2.889  
      u_visitor/g847/Y           v     u_visitor/n_6         NAND2XL    0.177  0.555    3.066  
      u_visitor/g864/B           v     u_visitor/n_6         NOR2BX1    0.000  0.555    3.066  
      u_visitor/g864/Y           ^     u_visitor/n_0         NOR2BX1    0.140  0.694    3.206  
      u_visitor/g839/B           ^     u_visitor/n_0         NAND2XL    0.000  0.694    3.206  
      u_visitor/g839/Y           v     u_visitor/n_11        NAND2XL    0.155  0.849    3.360  
      u_visitor/g2/B             v     u_visitor/n_11        NOR2BX1    0.000  0.849    3.360  
      u_visitor/g2/Y             ^     u_visitor/n_1         NOR2BX1    0.131  0.979    3.491  
      u_visitor/g833/B           ^     u_visitor/n_1         NAND2XL    0.000  0.979    3.491  
      u_visitor/g833/Y           v     u_visitor/n_16        NAND2XL    0.135  1.115    3.626  
      u_visitor/g829/B           v     u_visitor/n_16        NOR2XL     0.000  1.115    3.626  
      u_visitor/g829/Y           ^     u_visitor/n_20        NOR2XL     0.158  1.273    3.785  
      u_visitor/g827/A1          ^     u_visitor/n_20        AOI211X1   0.000  1.273    3.785  
      u_visitor/g827/Y           v     u_visitor/n_23        AOI211X1   0.314  1.587    4.098  
      u_visitor/g821/B           v     u_visitor/n_23        OR2X1      0.000  1.587    4.098  
      u_visitor/g821/Y           v     u_visitor/n_30        OR2X1      0.293  1.880    4.392  
      u_visitor/g814/A1          v     u_visitor/n_30        OAI221XL   0.000  1.880    4.392  
      u_visitor/g814/Y           ^     u_visitor/n_35        OAI221XL   0.147  2.028    4.539  
      u_visitor/g803/A1N         ^     u_visitor/n_35        OAI2BB1XL  0.000  2.028    4.539  
      u_visitor/g803/Y           ^     u_visitor/n_45        OAI2BB1XL  0.145  2.173    4.684  
      u_visitor/count_reg[5]/D   ^     u_visitor/n_45        DFFRX1     0.000  2.173    4.684  
      ------------------------------------------------------------------------------------------
     Clock Rise Edge                      0.000
     = Beginpoint Arrival Time            0.000
     Other End Path:
      ----------------------------------------------------------------------
      Pin                        Edge  Net  Cell    Delay  Arrival  Required  
                                                           Time     Time  
      ----------------------------------------------------------------------
      clk                        ^     clk  -       -      0.000    -2.511  
      u_visitor/count_reg[5]/CK  ^     clk  DFFRX1  0.000  0.000    -2.511  
      ----------------------------------------------------------------------
Path 25: MET Setup Check with Pin u_visitor/count_reg[3]/CK 
Endpoint:   u_visitor/count_reg[3]/D (^) checked with  leading edge of 'clk'
Beginpoint: u_visitor/count_reg[0]/Q (^) triggered by  leading edge of 'clk'
Path Groups: {clk}
Other End Arrival Time          0.000
- Setup                         0.216
+ Phase Shift                   5.000
- Uncertainty                   0.100
= Required Time                 4.684
- Arrival Time                  2.173
= Slack Time                    2.511
     Clock Rise Edge                      0.000
     = Beginpoint Arrival Time            0.000
     Timing Path:
      ------------------------------------------------------------------------------------------
      Pin                        Edge  Net                   Cell       Delay  Arrival  Required  
                                                                               Time     Time  
      ------------------------------------------------------------------------------------------
      clk                        ^     clk                   -          -      0.000    2.511  
      u_visitor/count_reg[0]/CK  ^     clk                   SDFFRHQX1  0.000  0.000    2.511  
      u_visitor/count_reg[0]/Q   ^     visitor_count_int[0]  SDFFRHQX1  0.378  0.378    2.889  
      u_visitor/g847/A           ^     visitor_count_int[0]  NAND2XL    0.000  0.378    2.889  
      u_visitor/g847/Y           v     u_visitor/n_6         NAND2XL    0.177  0.555    3.066  
      u_visitor/g864/B           v     u_visitor/n_6         NOR2BX1    0.000  0.555    3.066  
      u_visitor/g864/Y           ^     u_visitor/n_0         NOR2BX1    0.140  0.694    3.206  
      u_visitor/g839/B           ^     u_visitor/n_0         NAND2XL    0.000  0.694    3.206  
      u_visitor/g839/Y           v     u_visitor/n_11        NAND2XL    0.155  0.849    3.360  
      u_visitor/g2/B             v     u_visitor/n_11        NOR2BX1    0.000  0.849    3.360  
      u_visitor/g2/Y             ^     u_visitor/n_1         NOR2BX1    0.131  0.979    3.491  
      u_visitor/g833/B           ^     u_visitor/n_1         NAND2XL    0.000  0.979    3.491  
      u_visitor/g833/Y           v     u_visitor/n_16        NAND2XL    0.135  1.115    3.626  
      u_visitor/g829/B           v     u_visitor/n_16        NOR2XL     0.000  1.115    3.626  
      u_visitor/g829/Y           ^     u_visitor/n_20        NOR2XL     0.158  1.273    3.785  
      u_visitor/g827/A1          ^     u_visitor/n_20        AOI211X1   0.000  1.273    3.785  
      u_visitor/g827/Y           v     u_visitor/n_23        AOI211X1   0.314  1.587    4.098  
      u_visitor/g821/B           v     u_visitor/n_23        OR2X1      0.000  1.587    4.098  
      u_visitor/g821/Y           v     u_visitor/n_30        OR2X1      0.293  1.880    4.392  
      u_visitor/g816/A1          v     u_visitor/n_30        OAI221XL   0.000  1.880    4.392  
      u_visitor/g816/Y           ^     u_visitor/n_33        OAI221XL   0.147  2.028    4.539  
      u_visitor/g806/A1N         ^     u_visitor/n_33        OAI2BB1XL  0.000  2.028    4.539  
      u_visitor/g806/Y           ^     u_visitor/n_42        OAI2BB1XL  0.145  2.173    4.684  
      u_visitor/count_reg[3]/D   ^     u_visitor/n_42        DFFRX1     0.000  2.173    4.684  
      ------------------------------------------------------------------------------------------
     Clock Rise Edge                      0.000
     = Beginpoint Arrival Time            0.000
     Other End Path:
      ----------------------------------------------------------------------
      Pin                        Edge  Net  Cell    Delay  Arrival  Required  
                                                           Time     Time  
      ----------------------------------------------------------------------
      clk                        ^     clk  -       -      0.000    -2.511  
      u_visitor/count_reg[3]/CK  ^     clk  DFFRX1  0.000  0.000    -2.511  
      ----------------------------------------------------------------------
Path 26: MET Setup Check with Pin u_visitor/count_reg[0]/CK 
Endpoint:   u_visitor/count_reg[0]/SI (^) checked with  leading edge of 'clk'
Beginpoint: u_visitor/count_reg[1]/Q  (^) triggered by  leading edge of 'clk'
Path Groups: {clk}
Other End Arrival Time          0.000
- Setup                         0.255
+ Phase Shift                   5.000
- Uncertainty                   0.100
= Required Time                 4.645
- Arrival Time                  2.131
= Slack Time                    2.514
     Clock Rise Edge                      0.000
     = Beginpoint Arrival Time            0.000
     Timing Path:
      ------------------------------------------------------------------------------------------
      Pin                        Edge  Net                   Cell       Delay  Arrival  Required  
                                                                               Time     Time  
      ------------------------------------------------------------------------------------------
      clk                        ^     clk                   -          -      0.000    2.514  
      u_visitor/count_reg[1]/CK  ^     clk                   DFFRHQX1   0.000  0.000    2.514  
      u_visitor/count_reg[1]/Q   ^     visitor_count_int[1]  DFFRHQX1   0.372  0.372    2.886  
      u_visitor/g847/B           ^     visitor_count_int[1]  NAND2XL    0.000  0.372    2.886  
      u_visitor/g847/Y           v     u_visitor/n_6         NAND2XL    0.174  0.546    3.059  
      u_visitor/g864/B           v     u_visitor/n_6         NOR2BX1    0.000  0.546    3.059  
      u_visitor/g864/Y           ^     u_visitor/n_0         NOR2BX1    0.140  0.685    3.199  
      u_visitor/g839/B           ^     u_visitor/n_0         NAND2XL    0.000  0.685    3.199  
      u_visitor/g839/Y           v     u_visitor/n_11        NAND2XL    0.155  0.840    3.354  
      u_visitor/g2/B             v     u_visitor/n_11        NOR2BX1    0.000  0.840    3.354  
      u_visitor/g2/Y             ^     u_visitor/n_1         NOR2BX1    0.131  0.970    3.484  
      u_visitor/g833/B           ^     u_visitor/n_1         NAND2XL    0.000  0.970    3.484  
      u_visitor/g833/Y           v     u_visitor/n_16        NAND2XL    0.135  1.106    3.620  
      u_visitor/g829/B           v     u_visitor/n_16        NOR2XL     0.000  1.106    3.620  
      u_visitor/g829/Y           ^     u_visitor/n_20        NOR2XL     0.158  1.264    3.778  
      u_visitor/g827/A1          ^     u_visitor/n_20        AOI211X1   0.000  1.264    3.778  
      u_visitor/g827/Y           v     u_visitor/n_23        AOI211X1   0.314  1.578    4.092  
      u_visitor/g826/A           v     u_visitor/n_23        INVX1      0.000  1.578    4.092  
      u_visitor/g826/Y           ^     u_visitor/n_22        INVX1      0.125  1.703    4.217  
      u_visitor/g825/B           ^     u_visitor/n_22        NAND2XL    0.000  1.703    4.217  
      u_visitor/g825/Y           v     u_visitor/n_27        NAND2XL    0.284  1.987    4.501  
      u_visitor/g822/A           v     u_visitor/n_27        CLKINVX1   0.000  1.987    4.501  
      u_visitor/g822/Y           ^     u_visitor/n_26        CLKINVX1   0.145  2.131    4.645  
      u_visitor/count_reg[0]/SI  ^     u_visitor/n_26        SDFFRHQX1  0.000  2.131    4.645  
      ------------------------------------------------------------------------------------------
     Clock Rise Edge                      0.000
     = Beginpoint Arrival Time            0.000
     Other End Path:
      -------------------------------------------------------------------------
      Pin                        Edge  Net  Cell       Delay  Arrival  Required  
                                                              Time     Time  
      -------------------------------------------------------------------------
      clk                        ^     clk  -          -      0.000    -2.514  
      u_visitor/count_reg[0]/CK  ^     clk  SDFFRHQX1  0.000  0.000    -2.514  
      -------------------------------------------------------------------------
Path 27: MET Setup Check with Pin u_visitor/count_reg[5]/CK 
Endpoint:   u_visitor/count_reg[5]/D (^) checked with  leading edge of 'clk'
Beginpoint: u_visitor/count_reg[0]/Q (^) triggered by  leading edge of 'clk'
Path Groups: {clk}
Other End Arrival Time          0.000
- Setup                         0.216
+ Phase Shift                   5.000
- Uncertainty                   0.100
= Required Time                 4.684
- Arrival Time                  2.168
= Slack Time                    2.517
     Clock Rise Edge                      0.000
     = Beginpoint Arrival Time            0.000
     Timing Path:
      ------------------------------------------------------------------------------------------
      Pin                        Edge  Net                   Cell       Delay  Arrival  Required  
                                                                               Time     Time  
      ------------------------------------------------------------------------------------------
      clk                        ^     clk                   -          -      0.000    2.517  
      u_visitor/count_reg[0]/CK  ^     clk                   SDFFRHQX1  0.000  0.000    2.517  
      u_visitor/count_reg[0]/Q   ^     visitor_count_int[0]  SDFFRHQX1  0.378  0.378    2.895  
      u_visitor/g847/A           ^     visitor_count_int[0]  NAND2XL    0.000  0.378    2.895  
      u_visitor/g847/Y           v     u_visitor/n_6         NAND2XL    0.177  0.555    3.071  
      u_visitor/g864/B           v     u_visitor/n_6         NOR2BX1    0.000  0.555    3.071  
      u_visitor/g864/Y           ^     u_visitor/n_0         NOR2BX1    0.140  0.694    3.211  
      u_visitor/g839/B           ^     u_visitor/n_0         NAND2XL    0.000  0.694    3.211  
      u_visitor/g839/Y           v     u_visitor/n_11        NAND2XL    0.155  0.849    3.366  
      u_visitor/g2/B             v     u_visitor/n_11        NOR2BX1    0.000  0.849    3.366  
      u_visitor/g2/Y             ^     u_visitor/n_1         NOR2BX1    0.131  0.979    3.496  
      u_visitor/g833/B           ^     u_visitor/n_1         NAND2XL    0.000  0.979    3.496  
      u_visitor/g833/Y           v     u_visitor/n_16        NAND2XL    0.135  1.115    3.631  
      u_visitor/g829/B           v     u_visitor/n_16        NOR2XL     0.000  1.115    3.631  
      u_visitor/g829/Y           ^     u_visitor/n_20        NOR2XL     0.158  1.273    3.790  
      u_visitor/g827/A1          ^     u_visitor/n_20        AOI211X1   0.000  1.273    3.790  
      u_visitor/g827/Y           v     u_visitor/n_23        AOI211X1   0.314  1.587    4.104  
      u_visitor/g821/B           v     u_visitor/n_23        OR2X1      0.000  1.587    4.104  
      u_visitor/g821/Y           v     u_visitor/n_30        OR2X1      0.293  1.880    4.397  
      u_visitor/g819/A           v     u_visitor/n_30        CLKINVX1   0.000  1.880    4.397  
      u_visitor/g819/Y           ^     u_visitor/n_29        CLKINVX1   0.104  1.984    4.501  
      u_visitor/g810/B0          ^     u_visitor/n_29        AOI32XL    0.000  1.984    4.501  
      u_visitor/g810/Y           v     u_visitor/n_39        AOI32XL    0.084  2.068    4.584  
      u_visitor/g803/B0          v     u_visitor/n_39        OAI2BB1XL  0.000  2.068    4.584  
      u_visitor/g803/Y           ^     u_visitor/n_45        OAI2BB1XL  0.100  2.168    4.684  
      u_visitor/count_reg[5]/D   ^     u_visitor/n_45        DFFRX1     0.000  2.168    4.684  
      ------------------------------------------------------------------------------------------
     Clock Rise Edge                      0.000
     = Beginpoint Arrival Time            0.000
     Other End Path:
      ----------------------------------------------------------------------
      Pin                        Edge  Net  Cell    Delay  Arrival  Required  
                                                           Time     Time  
      ----------------------------------------------------------------------
      clk                        ^     clk  -       -      0.000    -2.517  
      u_visitor/count_reg[5]/CK  ^     clk  DFFRX1  0.000  0.000    -2.517  
      ----------------------------------------------------------------------
Path 28: MET Setup Check with Pin u_visitor/count_reg[3]/CK 
Endpoint:   u_visitor/count_reg[3]/D (^) checked with  leading edge of 'clk'
Beginpoint: u_visitor/count_reg[0]/Q (^) triggered by  leading edge of 'clk'
Path Groups: {clk}
Other End Arrival Time          0.000
- Setup                         0.216
+ Phase Shift                   5.000
- Uncertainty                   0.100
= Required Time                 4.684
- Arrival Time                  2.168
= Slack Time                    2.517
     Clock Rise Edge                      0.000
     = Beginpoint Arrival Time            0.000
     Timing Path:
      ------------------------------------------------------------------------------------------
      Pin                        Edge  Net                   Cell       Delay  Arrival  Required  
                                                                               Time     Time  
      ------------------------------------------------------------------------------------------
      clk                        ^     clk                   -          -      0.000    2.517  
      u_visitor/count_reg[0]/CK  ^     clk                   SDFFRHQX1  0.000  0.000    2.517  
      u_visitor/count_reg[0]/Q   ^     visitor_count_int[0]  SDFFRHQX1  0.378  0.378    2.895  
      u_visitor/g847/A           ^     visitor_count_int[0]  NAND2XL    0.000  0.378    2.895  
      u_visitor/g847/Y           v     u_visitor/n_6         NAND2XL    0.177  0.555    3.071  
      u_visitor/g864/B           v     u_visitor/n_6         NOR2BX1    0.000  0.555    3.071  
      u_visitor/g864/Y           ^     u_visitor/n_0         NOR2BX1    0.140  0.694    3.211  
      u_visitor/g839/B           ^     u_visitor/n_0         NAND2XL    0.000  0.694    3.211  
      u_visitor/g839/Y           v     u_visitor/n_11        NAND2XL    0.155  0.849    3.366  
      u_visitor/g2/B             v     u_visitor/n_11        NOR2BX1    0.000  0.849    3.366  
      u_visitor/g2/Y             ^     u_visitor/n_1         NOR2BX1    0.131  0.979    3.496  
      u_visitor/g833/B           ^     u_visitor/n_1         NAND2XL    0.000  0.979    3.496  
      u_visitor/g833/Y           v     u_visitor/n_16        NAND2XL    0.135  1.115    3.631  
      u_visitor/g829/B           v     u_visitor/n_16        NOR2XL     0.000  1.115    3.631  
      u_visitor/g829/Y           ^     u_visitor/n_20        NOR2XL     0.158  1.273    3.790  
      u_visitor/g827/A1          ^     u_visitor/n_20        AOI211X1   0.000  1.273    3.790  
      u_visitor/g827/Y           v     u_visitor/n_23        AOI211X1   0.314  1.587    4.104  
      u_visitor/g821/B           v     u_visitor/n_23        OR2X1      0.000  1.587    4.104  
      u_visitor/g821/Y           v     u_visitor/n_30        OR2X1      0.293  1.880    4.397  
      u_visitor/g819/A           v     u_visitor/n_30        CLKINVX1   0.000  1.880    4.397  
      u_visitor/g819/Y           ^     u_visitor/n_29        CLKINVX1   0.104  1.984    4.501  
      u_visitor/g813/B0          ^     u_visitor/n_29        AOI32XL    0.000  1.984    4.501  
      u_visitor/g813/Y           v     u_visitor/n_36        AOI32XL    0.084  2.068    4.584  
      u_visitor/g806/B0          v     u_visitor/n_36        OAI2BB1XL  0.000  2.068    4.584  
      u_visitor/g806/Y           ^     u_visitor/n_42        OAI2BB1XL  0.100  2.168    4.684  
      u_visitor/count_reg[3]/D   ^     u_visitor/n_42        DFFRX1     0.000  2.168    4.684  
      ------------------------------------------------------------------------------------------
     Clock Rise Edge                      0.000
     = Beginpoint Arrival Time            0.000
     Other End Path:
      ----------------------------------------------------------------------
      Pin                        Edge  Net  Cell    Delay  Arrival  Required  
                                                           Time     Time  
      ----------------------------------------------------------------------
      clk                        ^     clk  -       -      0.000    -2.517  
      u_visitor/count_reg[3]/CK  ^     clk  DFFRX1  0.000  0.000    -2.517  
      ----------------------------------------------------------------------
Path 29: MET Setup Check with Pin u_temp_ctrl/heater_on_reg/CK 
Endpoint:   u_temp_ctrl/heater_on_reg/D (v) checked with  leading edge of 'clk'
Beginpoint: temp_setpoint_r_reg[2]/Q    (v) triggered by  leading edge of 'clk'
Path Groups: {clk}
Other End Arrival Time          0.000
- Setup                         0.103
+ Phase Shift                   5.000
- Uncertainty                   0.100
= Required Time                 4.797
- Arrival Time                  2.280
= Slack Time                    2.517
     Clock Rise Edge                      0.000
     = Beginpoint Arrival Time            0.000
     Timing Path:
      -----------------------------------------------------------------------------------------
      Pin                          Edge  Net                 Cell      Delay  Arrival  Required  
                                                                              Time     Time  
      -----------------------------------------------------------------------------------------
      clk                          ^     clk                 -         -      0.000    2.517  
      temp_setpoint_r_reg[2]/CK    ^     clk                 DFFRHQX1  0.000  0.000    2.517  
      temp_setpoint_r_reg[2]/Q     v     temp_setpoint_r[2]  DFFRHQX1  0.366  0.366    2.883  
      u_temp_ctrl/g2418/A          v     temp_setpoint_r[2]  NOR2XL    0.000  0.366    2.883  
      u_temp_ctrl/g2418/Y          ^     u_temp_ctrl/n_11    NOR2XL    0.175  0.542    3.058  
      u_temp_ctrl/g2408/B          ^     u_temp_ctrl/n_11    NAND2XL   0.000  0.542    3.058  
      u_temp_ctrl/g2408/Y          v     u_temp_ctrl/n_18    NAND2XL   0.192  0.734    3.251  
      u_temp_ctrl/g2393/B          v     u_temp_ctrl/n_18    NOR2XL    0.000  0.734    3.251  
      u_temp_ctrl/g2393/Y          ^     u_temp_ctrl/n_32    NOR2XL    0.209  0.943    3.460  
      u_temp_ctrl/g2382/B          ^     u_temp_ctrl/n_32    NAND2XL   0.000  0.943    3.460  
      u_temp_ctrl/g2382/Y          v     u_temp_ctrl/n_42    NAND2XL   0.176  1.119    3.635  
      u_temp_ctrl/g2377/B          v     u_temp_ctrl/n_42    NOR2XL    0.000  1.119    3.635  
      u_temp_ctrl/g2377/Y          ^     u_temp_ctrl/n_46    NOR2XL    0.206  1.325    3.841  
      u_temp_ctrl/g2372/B          ^     u_temp_ctrl/n_46    XNOR2X1   0.000  1.325    3.841  
      u_temp_ctrl/g2372/Y          v     u_temp_ctrl/n_52    XNOR2X1   0.195  1.520    4.037  
      u_temp_ctrl/g2366/B          v     u_temp_ctrl/n_52    NOR2XL    0.000  1.520    4.037  
      u_temp_ctrl/g2366/Y          ^     u_temp_ctrl/n_57    NOR2XL    0.158  1.678    4.194  
      u_temp_ctrl/g2365/A          ^     u_temp_ctrl/n_57    INVX1     0.000  1.678    4.194  
      u_temp_ctrl/g2365/Y          v     u_temp_ctrl/n_58    INVX1     0.054  1.732    4.249  
      u_temp_ctrl/g2363/A2         v     u_temp_ctrl/n_58    AOI32X1   0.000  1.732    4.249  
      u_temp_ctrl/g2363/Y          ^     u_temp_ctrl/n_60    AOI32X1   0.113  1.845    4.362  
      u_temp_ctrl/g2360/B0         ^     u_temp_ctrl/n_60    OAI31X1   0.000  1.845    4.362  
      u_temp_ctrl/g2360/Y          v     u_temp_ctrl/n_63    OAI31X1   0.128  1.973    4.489  
      u_temp_ctrl/g2358/AN         v     u_temp_ctrl/n_63    NOR2BX1   0.000  1.973    4.489  
      u_temp_ctrl/g2358/Y          v     u_temp_ctrl/n_65    NOR2BX1   0.158  2.131    4.648  
      u_temp_ctrl/g2357/S0         v     u_temp_ctrl/n_65    MXI2XL    0.000  2.131    4.648  
      u_temp_ctrl/g2357/Y          v     u_temp_ctrl/n_66    MXI2XL    0.149  2.280    4.797  
      u_temp_ctrl/heater_on_reg/D  v     u_temp_ctrl/n_66    DFFRHQX1  0.000  2.280    4.797  
      -----------------------------------------------------------------------------------------
     Clock Rise Edge                      0.000
     = Beginpoint Arrival Time            0.000
     Other End Path:
      ---------------------------------------------------------------------------
      Pin                           Edge  Net  Cell      Delay  Arrival  Required  
                                                                Time     Time  
      ---------------------------------------------------------------------------
      clk                           ^     clk  -         -      0.000    -2.517  
      u_temp_ctrl/heater_on_reg/CK  ^     clk  DFFRHQX1  0.000  0.000    -2.517  
      ---------------------------------------------------------------------------
Path 30: MET Setup Check with Pin u_visitor/count_reg[5]/CK 
Endpoint:   u_visitor/count_reg[5]/D (^) checked with  leading edge of 'clk'
Beginpoint: u_visitor/count_reg[1]/Q (^) triggered by  leading edge of 'clk'
Path Groups: {clk}
Other End Arrival Time          0.000
- Setup                         0.216
+ Phase Shift                   5.000
- Uncertainty                   0.100
= Required Time                 4.684
- Arrival Time                  2.164
= Slack Time                    2.520
     Clock Rise Edge                      0.000
     = Beginpoint Arrival Time            0.000
     Timing Path:
      ------------------------------------------------------------------------------------------
      Pin                        Edge  Net                   Cell       Delay  Arrival  Required  
                                                                               Time     Time  
      ------------------------------------------------------------------------------------------
      clk                        ^     clk                   -          -      0.000    2.520  
      u_visitor/count_reg[1]/CK  ^     clk                   DFFRHQX1   0.000  0.000    2.520  
      u_visitor/count_reg[1]/Q   ^     visitor_count_int[1]  DFFRHQX1   0.372  0.372    2.892  
      u_visitor/g847/B           ^     visitor_count_int[1]  NAND2XL    0.000  0.372    2.892  
      u_visitor/g847/Y           v     u_visitor/n_6         NAND2XL    0.174  0.545    3.066  
      u_visitor/g864/B           v     u_visitor/n_6         NOR2BX1    0.000  0.545    3.066  
      u_visitor/g864/Y           ^     u_visitor/n_0         NOR2BX1    0.140  0.685    3.206  
      u_visitor/g839/B           ^     u_visitor/n_0         NAND2XL    0.000  0.685    3.206  
      u_visitor/g839/Y           v     u_visitor/n_11        NAND2XL    0.155  0.840    3.360  
      u_visitor/g2/B             v     u_visitor/n_11        NOR2BX1    0.000  0.840    3.360  
      u_visitor/g2/Y             ^     u_visitor/n_1         NOR2BX1    0.131  0.970    3.491  
      u_visitor/g833/B           ^     u_visitor/n_1         NAND2XL    0.000  0.970    3.491  
      u_visitor/g833/Y           v     u_visitor/n_16        NAND2XL    0.135  1.106    3.626  
      u_visitor/g829/B           v     u_visitor/n_16        NOR2XL     0.000  1.106    3.626  
      u_visitor/g829/Y           ^     u_visitor/n_20        NOR2XL     0.158  1.264    3.785  
      u_visitor/g827/A1          ^     u_visitor/n_20        AOI211X1   0.000  1.264    3.785  
      u_visitor/g827/Y           v     u_visitor/n_23        AOI211X1   0.314  1.578    4.098  
      u_visitor/g821/B           v     u_visitor/n_23        OR2X1      0.000  1.578    4.098  
      u_visitor/g821/Y           v     u_visitor/n_30        OR2X1      0.293  1.871    4.392  
      u_visitor/g814/A1          v     u_visitor/n_30        OAI221XL   0.000  1.871    4.392  
      u_visitor/g814/Y           ^     u_visitor/n_35        OAI221XL   0.147  2.018    4.539  
      u_visitor/g803/A1N         ^     u_visitor/n_35        OAI2BB1XL  0.000  2.018    4.539  
      u_visitor/g803/Y           ^     u_visitor/n_45        OAI2BB1XL  0.145  2.164    4.684  
      u_visitor/count_reg[5]/D   ^     u_visitor/n_45        DFFRX1     0.000  2.164    4.684  
      ------------------------------------------------------------------------------------------
     Clock Rise Edge                      0.000
     = Beginpoint Arrival Time            0.000
     Other End Path:
      ----------------------------------------------------------------------
      Pin                        Edge  Net  Cell    Delay  Arrival  Required  
                                                           Time     Time  
      ----------------------------------------------------------------------
      clk                        ^     clk  -       -      0.000    -2.520  
      u_visitor/count_reg[5]/CK  ^     clk  DFFRX1  0.000  0.000    -2.520  
      ----------------------------------------------------------------------

