###############################################################
#  Generated by:      Cadence Tempus 20.10-p003_1
#  OS:                Linux x86_64(Host ID edatools-server2.iiitd.edu.in)
#  Generated on:      Mon Oct 27 18:15:01 2025
#  Design:            HA
#  Command:           report_timing -late -max_paths 30 -nworst 30 -path_type full_clock -net > $report_dir/gba_setup.rpt
###############################################################
Path 1: MET Setup Check with Pin u_visitor/count_reg[6]/CK 
Endpoint:   u_visitor/count_reg[6]/D (^) checked with  leading edge of 'clk'
Beginpoint: u_visitor/count_reg[0]/Q (^) triggered by  leading edge of 'clk'
Path Groups: {clk}
Other End Arrival Time          0.000
- Setup                         0.217
+ Phase Shift                   5.000
- Uncertainty                   0.100
= Required Time                 4.683
- Arrival Time                  2.642
= Slack Time                    2.041
     Clock Rise Edge                      0.000
     = Beginpoint Arrival Time            0.000
     Timing Path:
      ------------------------------------------------------------------------------------------
      Pin                        Edge  Net                   Cell       Delay  Arrival  Required  
                                                                               Time     Time  
      ------------------------------------------------------------------------------------------
      clk                        ^     clk                   -          -      0.000    2.041  
      u_visitor/count_reg[0]/CK  ^     clk                   SDFFRHQX1  0.000  0.000    2.041  
      u_visitor/count_reg[0]/Q   ^     visitor_count_int[0]  SDFFRHQX1  0.378  0.378    2.419  
      u_visitor/g864/A           ^     visitor_count_int[0]  NAND2XL    0.000  0.378    2.419  
      u_visitor/g864/Y           v     u_visitor/n_6         NAND2XL    0.194  0.572    2.613  
      u_visitor/g882/B           v     u_visitor/n_6         NOR2BX1    0.000  0.572    2.613  
      u_visitor/g882/Y           ^     u_visitor/n_0         NOR2BX1    0.171  0.742    2.783  
      u_visitor/g856/B           ^     u_visitor/n_0         NAND2XL    0.000  0.742    2.783  
      u_visitor/g856/Y           v     u_visitor/n_11        NAND2XL    0.163  0.905    2.946  
      u_visitor/g2/B             v     u_visitor/n_11        NOR2BX1    0.000  0.905    2.946  
      u_visitor/g2/Y             ^     u_visitor/n_1         NOR2BX1    0.155  1.060    3.101  
      u_visitor/g850/B           ^     u_visitor/n_1         NAND2XL    0.000  1.060    3.101  
      u_visitor/g850/Y           v     u_visitor/n_16        NAND2XL    0.142  1.203    3.243  
      u_visitor/g846/B           v     u_visitor/n_16        NOR2XL     0.000  1.203    3.243  
      u_visitor/g846/Y           ^     u_visitor/n_20        NOR2XL     0.160  1.362    3.403  
      u_visitor/g845/A1          ^     u_visitor/n_20        AOI211X1   0.000  1.362    3.403  
      u_visitor/g845/Y           v     u_visitor/n_22        AOI211X1   0.319  1.681    3.722  
      u_visitor/g838/A           v     u_visitor/n_22        NOR2XL     0.000  1.681    3.722  
      u_visitor/g838/Y           ^     u_visitor/n_30        NOR2XL     0.455  2.137    4.177  
      u_visitor/g836/A           ^     u_visitor/n_30        CLKINVX1   0.000  2.137    4.177  
      u_visitor/g836/Y           v     u_visitor/n_29        CLKINVX1   0.178  2.315    4.356  
      u_visitor/g829/A1          v     u_visitor/n_29        OAI211X1   0.000  2.315    4.356  
      u_visitor/g829/Y           ^     u_visitor/n_37        OAI211X1   0.130  2.445    4.486  
      u_visitor/g816/C0          ^     u_visitor/n_37        AOI222XL   0.000  2.445    4.486  
      u_visitor/g816/Y           v     u_visitor/n_47        AOI222XL   0.106  2.551    4.592  
      u_visitor/g814/A           v     u_visitor/n_47        INVXL      0.000  2.551    4.592  
      u_visitor/g814/Y           ^     u_visitor/n_49        INVXL      0.091  2.642    4.683  
      u_visitor/count_reg[6]/D   ^     u_visitor/n_49        DFFRX1     0.000  2.642    4.683  
      ------------------------------------------------------------------------------------------
     Clock Rise Edge                      0.000
     = Beginpoint Arrival Time            0.000
     Other End Path:
      ----------------------------------------------------------------------
      Pin                        Edge  Net  Cell    Delay  Arrival  Required  
                                                           Time     Time  
      ----------------------------------------------------------------------
      clk                        ^     clk  -       -      0.000    -2.041  
      u_visitor/count_reg[6]/CK  ^     clk  DFFRX1  0.000  0.000    -2.041  
      ----------------------------------------------------------------------
Path 2: MET Setup Check with Pin u_visitor/count_reg[6]/CK 
Endpoint:   u_visitor/count_reg[6]/D (^) checked with  leading edge of 'clk'
Beginpoint: u_visitor/count_reg[1]/Q (^) triggered by  leading edge of 'clk'
Path Groups: {clk}
Other End Arrival Time          0.000
- Setup                         0.217
+ Phase Shift                   5.000
- Uncertainty                   0.100
= Required Time                 4.683
- Arrival Time                  2.632
= Slack Time                    2.050
     Clock Rise Edge                      0.000
     = Beginpoint Arrival Time            0.000
     Timing Path:
      -----------------------------------------------------------------------------------------
      Pin                        Edge  Net                   Cell      Delay  Arrival  Required  
                                                                              Time     Time  
      -----------------------------------------------------------------------------------------
      clk                        ^     clk                   -         -      0.000    2.050  
      u_visitor/count_reg[1]/CK  ^     clk                   DFFRHQX1  0.000  0.000    2.050  
      u_visitor/count_reg[1]/Q   ^     visitor_count_int[1]  DFFRHQX1  0.372  0.372    2.422  
      u_visitor/g864/B           ^     visitor_count_int[1]  NAND2XL   0.000  0.372    2.422  
      u_visitor/g864/Y           v     u_visitor/n_6         NAND2XL   0.190  0.562    2.613  
      u_visitor/g882/B           v     u_visitor/n_6         NOR2BX1   0.000  0.562    2.613  
      u_visitor/g882/Y           ^     u_visitor/n_0         NOR2BX1   0.171  0.733    2.783  
      u_visitor/g856/B           ^     u_visitor/n_0         NAND2XL   0.000  0.733    2.783  
      u_visitor/g856/Y           v     u_visitor/n_11        NAND2XL   0.163  0.896    2.946  
      u_visitor/g2/B             v     u_visitor/n_11        NOR2BX1   0.000  0.896    2.946  
      u_visitor/g2/Y             ^     u_visitor/n_1         NOR2BX1   0.155  1.051    3.101  
      u_visitor/g850/B           ^     u_visitor/n_1         NAND2XL   0.000  1.051    3.101  
      u_visitor/g850/Y           v     u_visitor/n_16        NAND2XL   0.142  1.193    3.243  
      u_visitor/g846/B           v     u_visitor/n_16        NOR2XL    0.000  1.193    3.243  
      u_visitor/g846/Y           ^     u_visitor/n_20        NOR2XL    0.160  1.353    3.403  
      u_visitor/g845/A1          ^     u_visitor/n_20        AOI211X1  0.000  1.353    3.403  
      u_visitor/g845/Y           v     u_visitor/n_22        AOI211X1  0.319  1.672    3.722  
      u_visitor/g838/A           v     u_visitor/n_22        NOR2XL    0.000  1.672    3.722  
      u_visitor/g838/Y           ^     u_visitor/n_30        NOR2XL    0.455  2.127    4.177  
      u_visitor/g836/A           ^     u_visitor/n_30        CLKINVX1  0.000  2.127    4.177  
      u_visitor/g836/Y           v     u_visitor/n_29        CLKINVX1  0.178  2.306    4.356  
      u_visitor/g829/A1          v     u_visitor/n_29        OAI211X1  0.000  2.306    4.356  
      u_visitor/g829/Y           ^     u_visitor/n_37        OAI211X1  0.130  2.435    4.486  
      u_visitor/g816/C0          ^     u_visitor/n_37        AOI222XL  0.000  2.435    4.486  
      u_visitor/g816/Y           v     u_visitor/n_47        AOI222XL  0.106  2.542    4.592  
      u_visitor/g814/A           v     u_visitor/n_47        INVXL     0.000  2.542    4.592  
      u_visitor/g814/Y           ^     u_visitor/n_49        INVXL     0.091  2.632    4.683  
      u_visitor/count_reg[6]/D   ^     u_visitor/n_49        DFFRX1    0.000  2.632    4.683  
      -----------------------------------------------------------------------------------------
     Clock Rise Edge                      0.000
     = Beginpoint Arrival Time            0.000
     Other End Path:
      ----------------------------------------------------------------------
      Pin                        Edge  Net  Cell    Delay  Arrival  Required  
                                                           Time     Time  
      ----------------------------------------------------------------------
      clk                        ^     clk  -       -      0.000    -2.050  
      u_visitor/count_reg[6]/CK  ^     clk  DFFRX1  0.000  0.000    -2.050  
      ----------------------------------------------------------------------
Path 3: MET Setup Check with Pin u_visitor/count_reg[3]/CK 
Endpoint:   u_visitor/count_reg[3]/D (^) checked with  leading edge of 'clk'
Beginpoint: u_visitor/count_reg[0]/Q (^) triggered by  leading edge of 'clk'
Path Groups: {clk}
Other End Arrival Time          0.000
- Setup                         0.214
+ Phase Shift                   5.000
- Uncertainty                   0.100
= Required Time                 4.686
- Arrival Time                  2.613
= Slack Time                    2.072
     Clock Rise Edge                      0.000
     = Beginpoint Arrival Time            0.000
     Timing Path:
      ------------------------------------------------------------------------------------------
      Pin                        Edge  Net                   Cell       Delay  Arrival  Required  
                                                                               Time     Time  
      ------------------------------------------------------------------------------------------
      clk                        ^     clk                   -          -      0.000    2.072  
      u_visitor/count_reg[0]/CK  ^     clk                   SDFFRHQX1  0.000  0.000    2.072  
      u_visitor/count_reg[0]/Q   ^     visitor_count_int[0]  SDFFRHQX1  0.378  0.378    2.450  
      u_visitor/g864/A           ^     visitor_count_int[0]  NAND2XL    0.000  0.378    2.450  
      u_visitor/g864/Y           v     u_visitor/n_6         NAND2XL    0.194  0.572    2.644  
      u_visitor/g882/B           v     u_visitor/n_6         NOR2BX1    0.000  0.572    2.644  
      u_visitor/g882/Y           ^     u_visitor/n_0         NOR2BX1    0.171  0.743    2.815  
      u_visitor/g856/B           ^     u_visitor/n_0         NAND2XL    0.000  0.743    2.815  
      u_visitor/g856/Y           v     u_visitor/n_11        NAND2XL    0.163  0.905    2.978  
      u_visitor/g2/B             v     u_visitor/n_11        NOR2BX1    0.000  0.905    2.978  
      u_visitor/g2/Y             ^     u_visitor/n_1         NOR2BX1    0.155  1.060    3.133  
      u_visitor/g850/B           ^     u_visitor/n_1         NAND2XL    0.000  1.060    3.133  
      u_visitor/g850/Y           v     u_visitor/n_16        NAND2XL    0.142  1.203    3.275  
      u_visitor/g846/B           v     u_visitor/n_16        NOR2XL     0.000  1.203    3.275  
      u_visitor/g846/Y           ^     u_visitor/n_20        NOR2XL     0.160  1.362    3.435  
      u_visitor/g845/A1          ^     u_visitor/n_20        AOI211X1   0.000  1.362    3.435  
      u_visitor/g845/Y           v     u_visitor/n_22        AOI211X1   0.319  1.681    3.754  
      u_visitor/g838/A           v     u_visitor/n_22        NOR2XL     0.000  1.681    3.754  
      u_visitor/g838/Y           ^     u_visitor/n_30        NOR2XL     0.455  2.137    4.209  
      u_visitor/g836/A           ^     u_visitor/n_30        CLKINVX1   0.000  2.137    4.209  
      u_visitor/g836/Y           v     u_visitor/n_29        CLKINVX1   0.178  2.315    4.387  
      u_visitor/g824/A1          v     u_visitor/n_29        OAI221X1   0.000  2.315    4.387  
      u_visitor/g824/Y           ^     u_visitor/n_41        OAI221X1   0.148  2.463    4.535  
      u_visitor/g821/A1N         ^     u_visitor/n_41        OAI2BB1XL  0.000  2.463    4.535  
      u_visitor/g821/Y           ^     u_visitor/n_43        OAI2BB1XL  0.151  2.613    4.686  
      u_visitor/count_reg[3]/D   ^     u_visitor/n_43        DFFRX1     0.000  2.613    4.686  
      ------------------------------------------------------------------------------------------
     Clock Rise Edge                      0.000
     = Beginpoint Arrival Time            0.000
     Other End Path:
      ----------------------------------------------------------------------
      Pin                        Edge  Net  Cell    Delay  Arrival  Required  
                                                           Time     Time  
      ----------------------------------------------------------------------
      clk                        ^     clk  -       -      0.000    -2.072  
      u_visitor/count_reg[3]/CK  ^     clk  DFFRX1  0.000  0.000    -2.072  
      ----------------------------------------------------------------------
Path 4: MET Setup Check with Pin u_visitor/count_reg[5]/CK 
Endpoint:   u_visitor/count_reg[5]/D (^) checked with  leading edge of 'clk'
Beginpoint: u_visitor/count_reg[0]/Q (^) triggered by  leading edge of 'clk'
Path Groups: {clk}
Other End Arrival Time          0.000
- Setup                         0.214
+ Phase Shift                   5.000
- Uncertainty                   0.100
= Required Time                 4.686
- Arrival Time                  2.613
= Slack Time                    2.072
     Clock Rise Edge                      0.000
     = Beginpoint Arrival Time            0.000
     Timing Path:
      ------------------------------------------------------------------------------------------
      Pin                        Edge  Net                   Cell       Delay  Arrival  Required  
                                                                               Time     Time  
      ------------------------------------------------------------------------------------------
      clk                        ^     clk                   -          -      0.000    2.072  
      u_visitor/count_reg[0]/CK  ^     clk                   SDFFRHQX1  0.000  0.000    2.072  
      u_visitor/count_reg[0]/Q   ^     visitor_count_int[0]  SDFFRHQX1  0.378  0.378    2.450  
      u_visitor/g864/A           ^     visitor_count_int[0]  NAND2XL    0.000  0.378    2.450  
      u_visitor/g864/Y           v     u_visitor/n_6         NAND2XL    0.194  0.572    2.644  
      u_visitor/g882/B           v     u_visitor/n_6         NOR2BX1    0.000  0.572    2.644  
      u_visitor/g882/Y           ^     u_visitor/n_0         NOR2BX1    0.171  0.743    2.815  
      u_visitor/g856/B           ^     u_visitor/n_0         NAND2XL    0.000  0.743    2.815  
      u_visitor/g856/Y           v     u_visitor/n_11        NAND2XL    0.163  0.905    2.978  
      u_visitor/g2/B             v     u_visitor/n_11        NOR2BX1    0.000  0.905    2.978  
      u_visitor/g2/Y             ^     u_visitor/n_1         NOR2BX1    0.155  1.060    3.133  
      u_visitor/g850/B           ^     u_visitor/n_1         NAND2XL    0.000  1.060    3.133  
      u_visitor/g850/Y           v     u_visitor/n_16        NAND2XL    0.142  1.203    3.275  
      u_visitor/g846/B           v     u_visitor/n_16        NOR2XL     0.000  1.203    3.275  
      u_visitor/g846/Y           ^     u_visitor/n_20        NOR2XL     0.160  1.362    3.435  
      u_visitor/g845/A1          ^     u_visitor/n_20        AOI211X1   0.000  1.362    3.435  
      u_visitor/g845/Y           v     u_visitor/n_22        AOI211X1   0.319  1.681    3.754  
      u_visitor/g838/A           v     u_visitor/n_22        NOR2XL     0.000  1.681    3.754  
      u_visitor/g838/Y           ^     u_visitor/n_30        NOR2XL     0.455  2.137    4.209  
      u_visitor/g836/A           ^     u_visitor/n_30        CLKINVX1   0.000  2.137    4.209  
      u_visitor/g836/Y           v     u_visitor/n_29        CLKINVX1   0.178  2.315    4.387  
      u_visitor/g826/A1          v     u_visitor/n_29        OAI221X1   0.000  2.315    4.387  
      u_visitor/g826/Y           ^     u_visitor/n_39        OAI221X1   0.148  2.463    4.535  
      u_visitor/g820/A1N         ^     u_visitor/n_39        OAI2BB1XL  0.000  2.463    4.535  
      u_visitor/g820/Y           ^     u_visitor/n_44        OAI2BB1XL  0.151  2.613    4.686  
      u_visitor/count_reg[5]/D   ^     u_visitor/n_44        DFFRX1     0.000  2.613    4.686  
      ------------------------------------------------------------------------------------------
     Clock Rise Edge                      0.000
     = Beginpoint Arrival Time            0.000
     Other End Path:
      ----------------------------------------------------------------------
      Pin                        Edge  Net  Cell    Delay  Arrival  Required  
                                                           Time     Time  
      ----------------------------------------------------------------------
      clk                        ^     clk  -       -      0.000    -2.072  
      u_visitor/count_reg[5]/CK  ^     clk  DFFRX1  0.000  0.000    -2.072  
      ----------------------------------------------------------------------
Path 5: MET Setup Check with Pin u_visitor/count_reg[3]/CK 
Endpoint:   u_visitor/count_reg[3]/D (^) checked with  leading edge of 'clk'
Beginpoint: u_visitor/count_reg[1]/Q (^) triggered by  leading edge of 'clk'
Path Groups: {clk}
Other End Arrival Time          0.000
- Setup                         0.214
+ Phase Shift                   5.000
- Uncertainty                   0.100
= Required Time                 4.686
- Arrival Time                  2.604
= Slack Time                    2.082
     Clock Rise Edge                      0.000
     = Beginpoint Arrival Time            0.000
     Timing Path:
      ------------------------------------------------------------------------------------------
      Pin                        Edge  Net                   Cell       Delay  Arrival  Required  
                                                                               Time     Time  
      ------------------------------------------------------------------------------------------
      clk                        ^     clk                   -          -      0.000    2.082  
      u_visitor/count_reg[1]/CK  ^     clk                   DFFRHQX1   0.000  0.000    2.082  
      u_visitor/count_reg[1]/Q   ^     visitor_count_int[1]  DFFRHQX1   0.372  0.372    2.454  
      u_visitor/g864/B           ^     visitor_count_int[1]  NAND2XL    0.000  0.372    2.454  
      u_visitor/g864/Y           v     u_visitor/n_6         NAND2XL    0.190  0.563    2.644  
      u_visitor/g882/B           v     u_visitor/n_6         NOR2BX1    0.000  0.563    2.644  
      u_visitor/g882/Y           ^     u_visitor/n_0         NOR2BX1    0.171  0.733    2.815  
      u_visitor/g856/B           ^     u_visitor/n_0         NAND2XL    0.000  0.733    2.815  
      u_visitor/g856/Y           v     u_visitor/n_11        NAND2XL    0.163  0.896    2.978  
      u_visitor/g2/B             v     u_visitor/n_11        NOR2BX1    0.000  0.896    2.978  
      u_visitor/g2/Y             ^     u_visitor/n_1         NOR2BX1    0.155  1.051    3.133  
      u_visitor/g850/B           ^     u_visitor/n_1         NAND2XL    0.000  1.051    3.133  
      u_visitor/g850/Y           v     u_visitor/n_16        NAND2XL    0.142  1.193    3.275  
      u_visitor/g846/B           v     u_visitor/n_16        NOR2XL     0.000  1.193    3.275  
      u_visitor/g846/Y           ^     u_visitor/n_20        NOR2XL     0.160  1.353    3.435  
      u_visitor/g845/A1          ^     u_visitor/n_20        AOI211X1   0.000  1.353    3.435  
      u_visitor/g845/Y           v     u_visitor/n_22        AOI211X1   0.319  1.672    3.754  
      u_visitor/g838/A           v     u_visitor/n_22        NOR2XL     0.000  1.672    3.754  
      u_visitor/g838/Y           ^     u_visitor/n_30        NOR2XL     0.455  2.127    4.209  
      u_visitor/g836/A           ^     u_visitor/n_30        CLKINVX1   0.000  2.127    4.209  
      u_visitor/g836/Y           v     u_visitor/n_29        CLKINVX1   0.178  2.306    4.387  
      u_visitor/g824/A1          v     u_visitor/n_29        OAI221X1   0.000  2.306    4.387  
      u_visitor/g824/Y           ^     u_visitor/n_41        OAI221X1   0.148  2.453    4.535  
      u_visitor/g821/A1N         ^     u_visitor/n_41        OAI2BB1XL  0.000  2.453    4.535  
      u_visitor/g821/Y           ^     u_visitor/n_43        OAI2BB1XL  0.151  2.604    4.686  
      u_visitor/count_reg[3]/D   ^     u_visitor/n_43        DFFRX1     0.000  2.604    4.686  
      ------------------------------------------------------------------------------------------
     Clock Rise Edge                      0.000
     = Beginpoint Arrival Time            0.000
     Other End Path:
      ----------------------------------------------------------------------
      Pin                        Edge  Net  Cell    Delay  Arrival  Required  
                                                           Time     Time  
      ----------------------------------------------------------------------
      clk                        ^     clk  -       -      0.000    -2.082  
      u_visitor/count_reg[3]/CK  ^     clk  DFFRX1  0.000  0.000    -2.082  
      ----------------------------------------------------------------------
Path 6: MET Setup Check with Pin u_visitor/count_reg[5]/CK 
Endpoint:   u_visitor/count_reg[5]/D (^) checked with  leading edge of 'clk'
Beginpoint: u_visitor/count_reg[1]/Q (^) triggered by  leading edge of 'clk'
Path Groups: {clk}
Other End Arrival Time          0.000
- Setup                         0.214
+ Phase Shift                   5.000
- Uncertainty                   0.100
= Required Time                 4.686
- Arrival Time                  2.604
= Slack Time                    2.082
     Clock Rise Edge                      0.000
     = Beginpoint Arrival Time            0.000
     Timing Path:
      ------------------------------------------------------------------------------------------
      Pin                        Edge  Net                   Cell       Delay  Arrival  Required  
                                                                               Time     Time  
      ------------------------------------------------------------------------------------------
      clk                        ^     clk                   -          -      0.000    2.082  
      u_visitor/count_reg[1]/CK  ^     clk                   DFFRHQX1   0.000  0.000    2.082  
      u_visitor/count_reg[1]/Q   ^     visitor_count_int[1]  DFFRHQX1   0.372  0.372    2.454  
      u_visitor/g864/B           ^     visitor_count_int[1]  NAND2XL    0.000  0.372    2.454  
      u_visitor/g864/Y           v     u_visitor/n_6         NAND2XL    0.190  0.563    2.644  
      u_visitor/g882/B           v     u_visitor/n_6         NOR2BX1    0.000  0.563    2.644  
      u_visitor/g882/Y           ^     u_visitor/n_0         NOR2BX1    0.171  0.733    2.815  
      u_visitor/g856/B           ^     u_visitor/n_0         NAND2XL    0.000  0.733    2.815  
      u_visitor/g856/Y           v     u_visitor/n_11        NAND2XL    0.163  0.896    2.978  
      u_visitor/g2/B             v     u_visitor/n_11        NOR2BX1    0.000  0.896    2.978  
      u_visitor/g2/Y             ^     u_visitor/n_1         NOR2BX1    0.155  1.051    3.133  
      u_visitor/g850/B           ^     u_visitor/n_1         NAND2XL    0.000  1.051    3.133  
      u_visitor/g850/Y           v     u_visitor/n_16        NAND2XL    0.142  1.193    3.275  
      u_visitor/g846/B           v     u_visitor/n_16        NOR2XL     0.000  1.193    3.275  
      u_visitor/g846/Y           ^     u_visitor/n_20        NOR2XL     0.160  1.353    3.435  
      u_visitor/g845/A1          ^     u_visitor/n_20        AOI211X1   0.000  1.353    3.435  
      u_visitor/g845/Y           v     u_visitor/n_22        AOI211X1   0.319  1.672    3.754  
      u_visitor/g838/A           v     u_visitor/n_22        NOR2XL     0.000  1.672    3.754  
      u_visitor/g838/Y           ^     u_visitor/n_30        NOR2XL     0.455  2.127    4.209  
      u_visitor/g836/A           ^     u_visitor/n_30        CLKINVX1   0.000  2.127    4.209  
      u_visitor/g836/Y           v     u_visitor/n_29        CLKINVX1   0.178  2.306    4.387  
      u_visitor/g826/A1          v     u_visitor/n_29        OAI221X1   0.000  2.306    4.387  
      u_visitor/g826/Y           ^     u_visitor/n_39        OAI221X1   0.148  2.453    4.535  
      u_visitor/g820/A1N         ^     u_visitor/n_39        OAI2BB1XL  0.000  2.453    4.535  
      u_visitor/g820/Y           ^     u_visitor/n_44        OAI2BB1XL  0.151  2.604    4.686  
      u_visitor/count_reg[5]/D   ^     u_visitor/n_44        DFFRX1     0.000  2.604    4.686  
      ------------------------------------------------------------------------------------------
     Clock Rise Edge                      0.000
     = Beginpoint Arrival Time            0.000
     Other End Path:
      ----------------------------------------------------------------------
      Pin                        Edge  Net  Cell    Delay  Arrival  Required  
                                                           Time     Time  
      ----------------------------------------------------------------------
      clk                        ^     clk  -       -      0.000    -2.082  
      u_visitor/count_reg[5]/CK  ^     clk  DFFRX1  0.000  0.000    -2.082  
      ----------------------------------------------------------------------
Path 7: MET Setup Check with Pin u_visitor/count_reg[4]/CK 
Endpoint:   u_visitor/count_reg[4]/D (^) checked with  leading edge of 'clk'
Beginpoint: u_visitor/count_reg[0]/Q (^) triggered by  leading edge of 'clk'
Path Groups: {clk}
Other End Arrival Time          0.000
- Setup                         0.144
+ Phase Shift                   5.000
- Uncertainty                   0.100
= Required Time                 4.756
- Arrival Time                  2.655
= Slack Time                    2.101
     Clock Rise Edge                      0.000
     = Beginpoint Arrival Time            0.000
     Timing Path:
      ------------------------------------------------------------------------------------------
      Pin                        Edge  Net                   Cell       Delay  Arrival  Required  
                                                                               Time     Time  
      ------------------------------------------------------------------------------------------
      clk                        ^     clk                   -          -      0.000    2.101  
      u_visitor/count_reg[0]/CK  ^     clk                   SDFFRHQX1  0.000  0.000    2.101  
      u_visitor/count_reg[0]/Q   ^     visitor_count_int[0]  SDFFRHQX1  0.378  0.378    2.479  
      u_visitor/g864/A           ^     visitor_count_int[0]  NAND2XL    0.000  0.378    2.479  
      u_visitor/g864/Y           v     u_visitor/n_6         NAND2XL    0.194  0.572    2.673  
      u_visitor/g882/B           v     u_visitor/n_6         NOR2BX1    0.000  0.572    2.673  
      u_visitor/g882/Y           ^     u_visitor/n_0         NOR2BX1    0.171  0.743    2.843  
      u_visitor/g856/B           ^     u_visitor/n_0         NAND2XL    0.000  0.743    2.843  
      u_visitor/g856/Y           v     u_visitor/n_11        NAND2XL    0.163  0.905    3.006  
      u_visitor/g2/B             v     u_visitor/n_11        NOR2BX1    0.000  0.905    3.006  
      u_visitor/g2/Y             ^     u_visitor/n_1         NOR2BX1    0.155  1.060    3.161  
      u_visitor/g850/B           ^     u_visitor/n_1         NAND2XL    0.000  1.060    3.161  
      u_visitor/g850/Y           v     u_visitor/n_16        NAND2XL    0.142  1.203    3.303  
      u_visitor/g846/B           v     u_visitor/n_16        NOR2XL     0.000  1.203    3.303  
      u_visitor/g846/Y           ^     u_visitor/n_20        NOR2XL     0.160  1.362    3.463  
      u_visitor/g845/A1          ^     u_visitor/n_20        AOI211X1   0.000  1.362    3.463  
      u_visitor/g845/Y           v     u_visitor/n_22        AOI211X1   0.319  1.681    3.782  
      u_visitor/g838/A           v     u_visitor/n_22        NOR2XL     0.000  1.681    3.782  
      u_visitor/g838/Y           ^     u_visitor/n_30        NOR2XL     0.455  2.137    4.237  
      u_visitor/g836/A           ^     u_visitor/n_30        CLKINVX1   0.000  2.137    4.237  
      u_visitor/g836/Y           v     u_visitor/n_29        CLKINVX1   0.178  2.315    4.416  
      u_visitor/g830/A1          v     u_visitor/n_29        OAI211X1   0.000  2.315    4.416  
      u_visitor/g830/Y           ^     u_visitor/n_36        OAI211X1   0.130  2.445    4.546  
      u_visitor/g815/C0          ^     u_visitor/n_36        AOI222XL   0.000  2.445    4.546  
      u_visitor/g815/Y           v     u_visitor/n_48        AOI222XL   0.106  2.551    4.652  
      u_visitor/g813/A           v     u_visitor/n_48        INVXL      0.000  2.551    4.652  
      u_visitor/g813/Y           ^     u_visitor/n_50        INVXL      0.104  2.655    4.756  
      u_visitor/count_reg[4]/D   ^     u_visitor/n_50        DFFRHQX1   0.000  2.655    4.756  
      ------------------------------------------------------------------------------------------
     Clock Rise Edge                      0.000
     = Beginpoint Arrival Time            0.000
     Other End Path:
      ------------------------------------------------------------------------
      Pin                        Edge  Net  Cell      Delay  Arrival  Required  
                                                             Time     Time  
      ------------------------------------------------------------------------
      clk                        ^     clk  -         -      0.000    -2.101  
      u_visitor/count_reg[4]/CK  ^     clk  DFFRHQX1  0.000  0.000    -2.101  
      ------------------------------------------------------------------------
Path 8: MET Setup Check with Pin u_visitor/count_reg[2]/CK 
Endpoint:   u_visitor/count_reg[2]/D (^) checked with  leading edge of 'clk'
Beginpoint: u_visitor/count_reg[0]/Q (^) triggered by  leading edge of 'clk'
Path Groups: {clk}
Other End Arrival Time          0.000
- Setup                         0.144
+ Phase Shift                   5.000
- Uncertainty                   0.100
= Required Time                 4.756
- Arrival Time                  2.655
= Slack Time                    2.101
     Clock Rise Edge                      0.000
     = Beginpoint Arrival Time            0.000
     Timing Path:
      ------------------------------------------------------------------------------------------
      Pin                        Edge  Net                   Cell       Delay  Arrival  Required  
                                                                               Time     Time  
      ------------------------------------------------------------------------------------------
      clk                        ^     clk                   -          -      0.000    2.101  
      u_visitor/count_reg[0]/CK  ^     clk                   SDFFRHQX1  0.000  0.000    2.101  
      u_visitor/count_reg[0]/Q   ^     visitor_count_int[0]  SDFFRHQX1  0.378  0.378    2.479  
      u_visitor/g864/A           ^     visitor_count_int[0]  NAND2XL    0.000  0.378    2.479  
      u_visitor/g864/Y           v     u_visitor/n_6         NAND2XL    0.194  0.572    2.673  
      u_visitor/g882/B           v     u_visitor/n_6         NOR2BX1    0.000  0.572    2.673  
      u_visitor/g882/Y           ^     u_visitor/n_0         NOR2BX1    0.171  0.743    2.843  
      u_visitor/g856/B           ^     u_visitor/n_0         NAND2XL    0.000  0.743    2.843  
      u_visitor/g856/Y           v     u_visitor/n_11        NAND2XL    0.163  0.905    3.006  
      u_visitor/g2/B             v     u_visitor/n_11        NOR2BX1    0.000  0.905    3.006  
      u_visitor/g2/Y             ^     u_visitor/n_1         NOR2BX1    0.155  1.060    3.161  
      u_visitor/g850/B           ^     u_visitor/n_1         NAND2XL    0.000  1.060    3.161  
      u_visitor/g850/Y           v     u_visitor/n_16        NAND2XL    0.142  1.203    3.303  
      u_visitor/g846/B           v     u_visitor/n_16        NOR2XL     0.000  1.203    3.303  
      u_visitor/g846/Y           ^     u_visitor/n_20        NOR2XL     0.160  1.362    3.463  
      u_visitor/g845/A1          ^     u_visitor/n_20        AOI211X1   0.000  1.362    3.463  
      u_visitor/g845/Y           v     u_visitor/n_22        AOI211X1   0.319  1.681    3.782  
      u_visitor/g838/A           v     u_visitor/n_22        NOR2XL     0.000  1.681    3.782  
      u_visitor/g838/Y           ^     u_visitor/n_30        NOR2XL     0.455  2.137    4.237  
      u_visitor/g836/A           ^     u_visitor/n_30        CLKINVX1   0.000  2.137    4.237  
      u_visitor/g836/Y           v     u_visitor/n_29        CLKINVX1   0.178  2.315    4.416  
      u_visitor/g828/A1          v     u_visitor/n_29        OAI211X1   0.000  2.315    4.416  
      u_visitor/g828/Y           ^     u_visitor/n_38        OAI211X1   0.130  2.445    4.546  
      u_visitor/g819/C0          ^     u_visitor/n_38        AOI222XL   0.000  2.445    4.546  
      u_visitor/g819/Y           v     u_visitor/n_45        AOI222XL   0.106  2.551    4.652  
      u_visitor/g818/A           v     u_visitor/n_45        INVXL      0.000  2.551    4.652  
      u_visitor/g818/Y           ^     u_visitor/n_46        INVXL      0.104  2.655    4.756  
      u_visitor/count_reg[2]/D   ^     u_visitor/n_46        DFFRHQX1   0.000  2.655    4.756  
      ------------------------------------------------------------------------------------------
     Clock Rise Edge                      0.000
     = Beginpoint Arrival Time            0.000
     Other End Path:
      ------------------------------------------------------------------------
      Pin                        Edge  Net  Cell      Delay  Arrival  Required  
                                                             Time     Time  
      ------------------------------------------------------------------------
      clk                        ^     clk  -         -      0.000    -2.101  
      u_visitor/count_reg[2]/CK  ^     clk  DFFRHQX1  0.000  0.000    -2.101  
      ------------------------------------------------------------------------
Path 9: MET Setup Check with Pin u_visitor/count_reg[4]/CK 
Endpoint:   u_visitor/count_reg[4]/D (^) checked with  leading edge of 'clk'
Beginpoint: u_visitor/count_reg[1]/Q (^) triggered by  leading edge of 'clk'
Path Groups: {clk}
Other End Arrival Time          0.000
- Setup                         0.144
+ Phase Shift                   5.000
- Uncertainty                   0.100
= Required Time                 4.756
- Arrival Time                  2.646
= Slack Time                    2.110
     Clock Rise Edge                      0.000
     = Beginpoint Arrival Time            0.000
     Timing Path:
      -----------------------------------------------------------------------------------------
      Pin                        Edge  Net                   Cell      Delay  Arrival  Required  
                                                                              Time     Time  
      -----------------------------------------------------------------------------------------
      clk                        ^     clk                   -         -      0.000    2.110  
      u_visitor/count_reg[1]/CK  ^     clk                   DFFRHQX1  0.000  0.000    2.110  
      u_visitor/count_reg[1]/Q   ^     visitor_count_int[1]  DFFRHQX1  0.372  0.372    2.482  
      u_visitor/g864/B           ^     visitor_count_int[1]  NAND2XL   0.000  0.372    2.482  
      u_visitor/g864/Y           v     u_visitor/n_6         NAND2XL   0.190  0.563    2.673  
      u_visitor/g882/B           v     u_visitor/n_6         NOR2BX1   0.000  0.563    2.673  
      u_visitor/g882/Y           ^     u_visitor/n_0         NOR2BX1   0.171  0.733    2.843  
      u_visitor/g856/B           ^     u_visitor/n_0         NAND2XL   0.000  0.733    2.843  
      u_visitor/g856/Y           v     u_visitor/n_11        NAND2XL   0.163  0.896    3.006  
      u_visitor/g2/B             v     u_visitor/n_11        NOR2BX1   0.000  0.896    3.006  
      u_visitor/g2/Y             ^     u_visitor/n_1         NOR2BX1   0.155  1.051    3.161  
      u_visitor/g850/B           ^     u_visitor/n_1         NAND2XL   0.000  1.051    3.161  
      u_visitor/g850/Y           v     u_visitor/n_16        NAND2XL   0.142  1.193    3.303  
      u_visitor/g846/B           v     u_visitor/n_16        NOR2XL    0.000  1.193    3.303  
      u_visitor/g846/Y           ^     u_visitor/n_20        NOR2XL    0.160  1.353    3.463  
      u_visitor/g845/A1          ^     u_visitor/n_20        AOI211X1  0.000  1.353    3.463  
      u_visitor/g845/Y           v     u_visitor/n_22        AOI211X1  0.319  1.672    3.782  
      u_visitor/g838/A           v     u_visitor/n_22        NOR2XL    0.000  1.672    3.782  
      u_visitor/g838/Y           ^     u_visitor/n_30        NOR2XL    0.455  2.127    4.237  
      u_visitor/g836/A           ^     u_visitor/n_30        CLKINVX1  0.000  2.127    4.237  
      u_visitor/g836/Y           v     u_visitor/n_29        CLKINVX1  0.178  2.306    4.416  
      u_visitor/g830/A1          v     u_visitor/n_29        OAI211X1  0.000  2.306    4.416  
      u_visitor/g830/Y           ^     u_visitor/n_36        OAI211X1  0.130  2.436    4.546  
      u_visitor/g815/C0          ^     u_visitor/n_36        AOI222XL  0.000  2.436    4.546  
      u_visitor/g815/Y           v     u_visitor/n_48        AOI222XL  0.106  2.542    4.652  
      u_visitor/g813/A           v     u_visitor/n_48        INVXL     0.000  2.542    4.652  
      u_visitor/g813/Y           ^     u_visitor/n_50        INVXL     0.104  2.646    4.756  
      u_visitor/count_reg[4]/D   ^     u_visitor/n_50        DFFRHQX1  0.000  2.646    4.756  
      -----------------------------------------------------------------------------------------
     Clock Rise Edge                      0.000
     = Beginpoint Arrival Time            0.000
     Other End Path:
      ------------------------------------------------------------------------
      Pin                        Edge  Net  Cell      Delay  Arrival  Required  
                                                             Time     Time  
      ------------------------------------------------------------------------
      clk                        ^     clk  -         -      0.000    -2.110  
      u_visitor/count_reg[4]/CK  ^     clk  DFFRHQX1  0.000  0.000    -2.110  
      ------------------------------------------------------------------------
Path 10: MET Setup Check with Pin u_visitor/count_reg[2]/CK 
Endpoint:   u_visitor/count_reg[2]/D (^) checked with  leading edge of 'clk'
Beginpoint: u_visitor/count_reg[1]/Q (^) triggered by  leading edge of 'clk'
Path Groups: {clk}
Other End Arrival Time          0.000
- Setup                         0.144
+ Phase Shift                   5.000
- Uncertainty                   0.100
= Required Time                 4.756
- Arrival Time                  2.646
= Slack Time                    2.110
     Clock Rise Edge                      0.000
     = Beginpoint Arrival Time            0.000
     Timing Path:
      -----------------------------------------------------------------------------------------
      Pin                        Edge  Net                   Cell      Delay  Arrival  Required  
                                                                              Time     Time  
      -----------------------------------------------------------------------------------------
      clk                        ^     clk                   -         -      0.000    2.110  
      u_visitor/count_reg[1]/CK  ^     clk                   DFFRHQX1  0.000  0.000    2.110  
      u_visitor/count_reg[1]/Q   ^     visitor_count_int[1]  DFFRHQX1  0.372  0.372    2.482  
      u_visitor/g864/B           ^     visitor_count_int[1]  NAND2XL   0.000  0.372    2.482  
      u_visitor/g864/Y           v     u_visitor/n_6         NAND2XL   0.190  0.563    2.673  
      u_visitor/g882/B           v     u_visitor/n_6         NOR2BX1   0.000  0.563    2.673  
      u_visitor/g882/Y           ^     u_visitor/n_0         NOR2BX1   0.171  0.733    2.843  
      u_visitor/g856/B           ^     u_visitor/n_0         NAND2XL   0.000  0.733    2.843  
      u_visitor/g856/Y           v     u_visitor/n_11        NAND2XL   0.163  0.896    3.006  
      u_visitor/g2/B             v     u_visitor/n_11        NOR2BX1   0.000  0.896    3.006  
      u_visitor/g2/Y             ^     u_visitor/n_1         NOR2BX1   0.155  1.051    3.161  
      u_visitor/g850/B           ^     u_visitor/n_1         NAND2XL   0.000  1.051    3.161  
      u_visitor/g850/Y           v     u_visitor/n_16        NAND2XL   0.142  1.193    3.303  
      u_visitor/g846/B           v     u_visitor/n_16        NOR2XL    0.000  1.193    3.303  
      u_visitor/g846/Y           ^     u_visitor/n_20        NOR2XL    0.160  1.353    3.463  
      u_visitor/g845/A1          ^     u_visitor/n_20        AOI211X1  0.000  1.353    3.463  
      u_visitor/g845/Y           v     u_visitor/n_22        AOI211X1  0.319  1.672    3.782  
      u_visitor/g838/A           v     u_visitor/n_22        NOR2XL    0.000  1.672    3.782  
      u_visitor/g838/Y           ^     u_visitor/n_30        NOR2XL    0.455  2.127    4.237  
      u_visitor/g836/A           ^     u_visitor/n_30        CLKINVX1  0.000  2.127    4.237  
      u_visitor/g836/Y           v     u_visitor/n_29        CLKINVX1  0.178  2.306    4.416  
      u_visitor/g828/A1          v     u_visitor/n_29        OAI211X1  0.000  2.306    4.416  
      u_visitor/g828/Y           ^     u_visitor/n_38        OAI211X1  0.130  2.436    4.546  
      u_visitor/g819/C0          ^     u_visitor/n_38        AOI222XL  0.000  2.436    4.546  
      u_visitor/g819/Y           v     u_visitor/n_45        AOI222XL  0.106  2.542    4.652  
      u_visitor/g818/A           v     u_visitor/n_45        INVXL     0.000  2.542    4.652  
      u_visitor/g818/Y           ^     u_visitor/n_46        INVXL     0.104  2.646    4.756  
      u_visitor/count_reg[2]/D   ^     u_visitor/n_46        DFFRHQX1  0.000  2.646    4.756  
      -----------------------------------------------------------------------------------------
     Clock Rise Edge                      0.000
     = Beginpoint Arrival Time            0.000
     Other End Path:
      ------------------------------------------------------------------------
      Pin                        Edge  Net  Cell      Delay  Arrival  Required  
                                                             Time     Time  
      ------------------------------------------------------------------------
      clk                        ^     clk  -         -      0.000    -2.110  
      u_visitor/count_reg[2]/CK  ^     clk  DFFRHQX1  0.000  0.000    -2.110  
      ------------------------------------------------------------------------
Path 11: MET Setup Check with Pin u_visitor/count_reg[6]/CK 
Endpoint:   u_visitor/count_reg[6]/D (^) checked with  leading edge of 'clk'
Beginpoint: u_visitor/count_reg[0]/Q (^) triggered by  leading edge of 'clk'
Path Groups: {clk}
Other End Arrival Time          0.000
- Setup                         0.217
+ Phase Shift                   5.000
- Uncertainty                   0.100
= Required Time                 4.683
- Arrival Time                  2.568
= Slack Time                    2.114
     Clock Rise Edge                      0.000
     = Beginpoint Arrival Time            0.000
     Timing Path:
      ------------------------------------------------------------------------------------------
      Pin                        Edge  Net                   Cell       Delay  Arrival  Required  
                                                                               Time     Time  
      ------------------------------------------------------------------------------------------
      clk                        ^     clk                   -          -      0.000    2.114  
      u_visitor/count_reg[0]/CK  ^     clk                   SDFFRHQX1  0.000  0.000    2.114  
      u_visitor/count_reg[0]/Q   ^     visitor_count_int[0]  SDFFRHQX1  0.378  0.378    2.493  
      u_visitor/g864/A           ^     visitor_count_int[0]  NAND2XL    0.000  0.378    2.493  
      u_visitor/g864/Y           v     u_visitor/n_6         NAND2XL    0.194  0.572    2.686  
      u_visitor/g882/B           v     u_visitor/n_6         NOR2BX1    0.000  0.572    2.686  
      u_visitor/g882/Y           ^     u_visitor/n_0         NOR2BX1    0.171  0.743    2.857  
      u_visitor/g856/B           ^     u_visitor/n_0         NAND2XL    0.000  0.743    2.857  
      u_visitor/g856/Y           v     u_visitor/n_11        NAND2XL    0.163  0.905    3.020  
      u_visitor/g2/B             v     u_visitor/n_11        NOR2BX1    0.000  0.905    3.020  
      u_visitor/g2/Y             ^     u_visitor/n_1         NOR2BX1    0.155  1.060    3.175  
      u_visitor/g850/B           ^     u_visitor/n_1         NAND2XL    0.000  1.060    3.175  
      u_visitor/g850/Y           v     u_visitor/n_16        NAND2XL    0.142  1.203    3.317  
      u_visitor/g846/B           v     u_visitor/n_16        NOR2XL     0.000  1.203    3.317  
      u_visitor/g846/Y           ^     u_visitor/n_20        NOR2XL     0.160  1.362    3.477  
      u_visitor/g845/A1          ^     u_visitor/n_20        AOI211X1   0.000  1.362    3.477  
      u_visitor/g845/Y           v     u_visitor/n_22        AOI211X1   0.319  1.681    3.796  
      u_visitor/g844/A           v     u_visitor/n_22        CLKINVX1   0.000  1.681    3.796  
      u_visitor/g844/Y           ^     u_visitor/n_21        CLKINVX1   0.176  1.857    3.972  
      u_visitor/g842/A           ^     u_visitor/n_21        NAND2XL    0.000  1.857    3.972  
      u_visitor/g842/Y           v     u_visitor/n_27        NAND2XL    0.410  2.267    4.382  
      u_visitor/g829/C0          v     u_visitor/n_27        OAI211X1   0.000  2.267    4.382  
      u_visitor/g829/Y           ^     u_visitor/n_37        OAI211X1   0.104  2.371    4.486  
      u_visitor/g816/C0          ^     u_visitor/n_37        AOI222XL   0.000  2.371    4.486  
      u_visitor/g816/Y           v     u_visitor/n_47        AOI222XL   0.106  2.477    4.592  
      u_visitor/g814/A           v     u_visitor/n_47        INVXL      0.000  2.477    4.592  
      u_visitor/g814/Y           ^     u_visitor/n_49        INVXL      0.091  2.568    4.683  
      u_visitor/count_reg[6]/D   ^     u_visitor/n_49        DFFRX1     0.000  2.568    4.683  
      ------------------------------------------------------------------------------------------
     Clock Rise Edge                      0.000
     = Beginpoint Arrival Time            0.000
     Other End Path:
      ----------------------------------------------------------------------
      Pin                        Edge  Net  Cell    Delay  Arrival  Required  
                                                           Time     Time  
      ----------------------------------------------------------------------
      clk                        ^     clk  -       -      0.000    -2.114  
      u_visitor/count_reg[6]/CK  ^     clk  DFFRX1  0.000  0.000    -2.114  
      ----------------------------------------------------------------------
Path 12: MET Setup Check with Pin u_visitor/count_reg[6]/CK 
Endpoint:   u_visitor/count_reg[6]/D (^) checked with  leading edge of 'clk'
Beginpoint: u_visitor/count_reg[1]/Q (^) triggered by  leading edge of 'clk'
Path Groups: {clk}
Other End Arrival Time          0.000
- Setup                         0.217
+ Phase Shift                   5.000
- Uncertainty                   0.100
= Required Time                 4.683
- Arrival Time                  2.559
= Slack Time                    2.124
     Clock Rise Edge                      0.000
     = Beginpoint Arrival Time            0.000
     Timing Path:
      -----------------------------------------------------------------------------------------
      Pin                        Edge  Net                   Cell      Delay  Arrival  Required  
                                                                              Time     Time  
      -----------------------------------------------------------------------------------------
      clk                        ^     clk                   -         -      0.000    2.124  
      u_visitor/count_reg[1]/CK  ^     clk                   DFFRHQX1  0.000  0.000    2.124  
      u_visitor/count_reg[1]/Q   ^     visitor_count_int[1]  DFFRHQX1  0.372  0.372    2.496  
      u_visitor/g864/B           ^     visitor_count_int[1]  NAND2XL   0.000  0.372    2.496  
      u_visitor/g864/Y           v     u_visitor/n_6         NAND2XL   0.190  0.563    2.686  
      u_visitor/g882/B           v     u_visitor/n_6         NOR2BX1   0.000  0.563    2.686  
      u_visitor/g882/Y           ^     u_visitor/n_0         NOR2BX1   0.171  0.733    2.857  
      u_visitor/g856/B           ^     u_visitor/n_0         NAND2XL   0.000  0.733    2.857  
      u_visitor/g856/Y           v     u_visitor/n_11        NAND2XL   0.163  0.896    3.020  
      u_visitor/g2/B             v     u_visitor/n_11        NOR2BX1   0.000  0.896    3.020  
      u_visitor/g2/Y             ^     u_visitor/n_1         NOR2BX1   0.155  1.051    3.175  
      u_visitor/g850/B           ^     u_visitor/n_1         NAND2XL   0.000  1.051    3.175  
      u_visitor/g850/Y           v     u_visitor/n_16        NAND2XL   0.142  1.193    3.317  
      u_visitor/g846/B           v     u_visitor/n_16        NOR2XL    0.000  1.193    3.317  
      u_visitor/g846/Y           ^     u_visitor/n_20        NOR2XL    0.160  1.353    3.477  
      u_visitor/g845/A1          ^     u_visitor/n_20        AOI211X1  0.000  1.353    3.477  
      u_visitor/g845/Y           v     u_visitor/n_22        AOI211X1  0.319  1.672    3.796  
      u_visitor/g844/A           v     u_visitor/n_22        CLKINVX1  0.000  1.672    3.796  
      u_visitor/g844/Y           ^     u_visitor/n_21        CLKINVX1  0.176  1.848    3.972  
      u_visitor/g842/A           ^     u_visitor/n_21        NAND2XL   0.000  1.848    3.972  
      u_visitor/g842/Y           v     u_visitor/n_27        NAND2XL   0.410  2.258    4.382  
      u_visitor/g829/C0          v     u_visitor/n_27        OAI211X1  0.000  2.258    4.382  
      u_visitor/g829/Y           ^     u_visitor/n_37        OAI211X1  0.104  2.362    4.486  
      u_visitor/g816/C0          ^     u_visitor/n_37        AOI222XL  0.000  2.362    4.486  
      u_visitor/g816/Y           v     u_visitor/n_47        AOI222XL  0.106  2.468    4.592  
      u_visitor/g814/A           v     u_visitor/n_47        INVXL     0.000  2.468    4.592  
      u_visitor/g814/Y           ^     u_visitor/n_49        INVXL     0.091  2.559    4.683  
      u_visitor/count_reg[6]/D   ^     u_visitor/n_49        DFFRX1    0.000  2.559    4.683  
      -----------------------------------------------------------------------------------------
     Clock Rise Edge                      0.000
     = Beginpoint Arrival Time            0.000
     Other End Path:
      ----------------------------------------------------------------------
      Pin                        Edge  Net  Cell    Delay  Arrival  Required  
                                                           Time     Time  
      ----------------------------------------------------------------------
      clk                        ^     clk  -       -      0.000    -2.124  
      u_visitor/count_reg[6]/CK  ^     clk  DFFRX1  0.000  0.000    -2.124  
      ----------------------------------------------------------------------
Path 13: MET Setup Check with Pin u_visitor/count_reg[3]/CK 
Endpoint:   u_visitor/count_reg[3]/D (^) checked with  leading edge of 'clk'
Beginpoint: u_visitor/count_reg[0]/Q (^) triggered by  leading edge of 'clk'
Path Groups: {clk}
Other End Arrival Time          0.000
- Setup                         0.214
+ Phase Shift                   5.000
- Uncertainty                   0.100
= Required Time                 4.686
- Arrival Time                  2.539
= Slack Time                    2.146
     Clock Rise Edge                      0.000
     = Beginpoint Arrival Time            0.000
     Timing Path:
      ------------------------------------------------------------------------------------------
      Pin                        Edge  Net                   Cell       Delay  Arrival  Required  
                                                                               Time     Time  
      ------------------------------------------------------------------------------------------
      clk                        ^     clk                   -          -      0.000    2.146  
      u_visitor/count_reg[0]/CK  ^     clk                   SDFFRHQX1  0.000  0.000    2.146  
      u_visitor/count_reg[0]/Q   ^     visitor_count_int[0]  SDFFRHQX1  0.378  0.378    2.524  
      u_visitor/g864/A           ^     visitor_count_int[0]  NAND2XL    0.000  0.378    2.524  
      u_visitor/g864/Y           v     u_visitor/n_6         NAND2XL    0.194  0.572    2.718  
      u_visitor/g882/B           v     u_visitor/n_6         NOR2BX1    0.000  0.572    2.718  
      u_visitor/g882/Y           ^     u_visitor/n_0         NOR2BX1    0.171  0.742    2.889  
      u_visitor/g856/B           ^     u_visitor/n_0         NAND2XL    0.000  0.742    2.889  
      u_visitor/g856/Y           v     u_visitor/n_11        NAND2XL    0.163  0.905    3.052  
      u_visitor/g2/B             v     u_visitor/n_11        NOR2BX1    0.000  0.905    3.052  
      u_visitor/g2/Y             ^     u_visitor/n_1         NOR2BX1    0.155  1.060    3.207  
      u_visitor/g850/B           ^     u_visitor/n_1         NAND2XL    0.000  1.060    3.207  
      u_visitor/g850/Y           v     u_visitor/n_16        NAND2XL    0.142  1.203    3.349  
      u_visitor/g846/B           v     u_visitor/n_16        NOR2XL     0.000  1.203    3.349  
      u_visitor/g846/Y           ^     u_visitor/n_20        NOR2XL     0.160  1.362    3.509  
      u_visitor/g845/A1          ^     u_visitor/n_20        AOI211X1   0.000  1.362    3.509  
      u_visitor/g845/Y           v     u_visitor/n_22        AOI211X1   0.319  1.681    3.828  
      u_visitor/g844/A           v     u_visitor/n_22        CLKINVX1   0.000  1.681    3.828  
      u_visitor/g844/Y           ^     u_visitor/n_21        CLKINVX1   0.176  1.857    4.004  
      u_visitor/g842/A           ^     u_visitor/n_21        NAND2XL    0.000  1.857    4.004  
      u_visitor/g842/Y           v     u_visitor/n_27        NAND2XL    0.410  2.267    4.414  
      u_visitor/g824/C0          v     u_visitor/n_27        OAI221X1   0.000  2.267    4.414  
      u_visitor/g824/Y           ^     u_visitor/n_41        OAI221X1   0.121  2.388    4.535  
      u_visitor/g821/A1N         ^     u_visitor/n_41        OAI2BB1XL  0.000  2.388    4.535  
      u_visitor/g821/Y           ^     u_visitor/n_43        OAI2BB1XL  0.151  2.539    4.686  
      u_visitor/count_reg[3]/D   ^     u_visitor/n_43        DFFRX1     0.000  2.539    4.686  
      ------------------------------------------------------------------------------------------
     Clock Rise Edge                      0.000
     = Beginpoint Arrival Time            0.000
     Other End Path:
      ----------------------------------------------------------------------
      Pin                        Edge  Net  Cell    Delay  Arrival  Required  
                                                           Time     Time  
      ----------------------------------------------------------------------
      clk                        ^     clk  -       -      0.000    -2.146  
      u_visitor/count_reg[3]/CK  ^     clk  DFFRX1  0.000  0.000    -2.146  
      ----------------------------------------------------------------------
Path 14: MET Setup Check with Pin u_visitor/count_reg[5]/CK 
Endpoint:   u_visitor/count_reg[5]/D (^) checked with  leading edge of 'clk'
Beginpoint: u_visitor/count_reg[0]/Q (^) triggered by  leading edge of 'clk'
Path Groups: {clk}
Other End Arrival Time          0.000
- Setup                         0.214
+ Phase Shift                   5.000
- Uncertainty                   0.100
= Required Time                 4.686
- Arrival Time                  2.539
= Slack Time                    2.146
     Clock Rise Edge                      0.000
     = Beginpoint Arrival Time            0.000
     Timing Path:
      ------------------------------------------------------------------------------------------
      Pin                        Edge  Net                   Cell       Delay  Arrival  Required  
                                                                               Time     Time  
      ------------------------------------------------------------------------------------------
      clk                        ^     clk                   -          -      0.000    2.146  
      u_visitor/count_reg[0]/CK  ^     clk                   SDFFRHQX1  0.000  0.000    2.146  
      u_visitor/count_reg[0]/Q   ^     visitor_count_int[0]  SDFFRHQX1  0.378  0.378    2.524  
      u_visitor/g864/A           ^     visitor_count_int[0]  NAND2XL    0.000  0.378    2.524  
      u_visitor/g864/Y           v     u_visitor/n_6         NAND2XL    0.194  0.572    2.718  
      u_visitor/g882/B           v     u_visitor/n_6         NOR2BX1    0.000  0.572    2.718  
      u_visitor/g882/Y           ^     u_visitor/n_0         NOR2BX1    0.171  0.742    2.889  
      u_visitor/g856/B           ^     u_visitor/n_0         NAND2XL    0.000  0.742    2.889  
      u_visitor/g856/Y           v     u_visitor/n_11        NAND2XL    0.163  0.905    3.052  
      u_visitor/g2/B             v     u_visitor/n_11        NOR2BX1    0.000  0.905    3.052  
      u_visitor/g2/Y             ^     u_visitor/n_1         NOR2BX1    0.155  1.060    3.207  
      u_visitor/g850/B           ^     u_visitor/n_1         NAND2XL    0.000  1.060    3.207  
      u_visitor/g850/Y           v     u_visitor/n_16        NAND2XL    0.142  1.203    3.349  
      u_visitor/g846/B           v     u_visitor/n_16        NOR2XL     0.000  1.203    3.349  
      u_visitor/g846/Y           ^     u_visitor/n_20        NOR2XL     0.160  1.362    3.509  
      u_visitor/g845/A1          ^     u_visitor/n_20        AOI211X1   0.000  1.362    3.509  
      u_visitor/g845/Y           v     u_visitor/n_22        AOI211X1   0.319  1.681    3.828  
      u_visitor/g844/A           v     u_visitor/n_22        CLKINVX1   0.000  1.681    3.828  
      u_visitor/g844/Y           ^     u_visitor/n_21        CLKINVX1   0.176  1.857    4.004  
      u_visitor/g842/A           ^     u_visitor/n_21        NAND2XL    0.000  1.857    4.004  
      u_visitor/g842/Y           v     u_visitor/n_27        NAND2XL    0.410  2.267    4.414  
      u_visitor/g826/C0          v     u_visitor/n_27        OAI221X1   0.000  2.267    4.414  
      u_visitor/g826/Y           ^     u_visitor/n_39        OAI221X1   0.121  2.388    4.535  
      u_visitor/g820/A1N         ^     u_visitor/n_39        OAI2BB1XL  0.000  2.388    4.535  
      u_visitor/g820/Y           ^     u_visitor/n_44        OAI2BB1XL  0.151  2.539    4.686  
      u_visitor/count_reg[5]/D   ^     u_visitor/n_44        DFFRX1     0.000  2.539    4.686  
      ------------------------------------------------------------------------------------------
     Clock Rise Edge                      0.000
     = Beginpoint Arrival Time            0.000
     Other End Path:
      ----------------------------------------------------------------------
      Pin                        Edge  Net  Cell    Delay  Arrival  Required  
                                                           Time     Time  
      ----------------------------------------------------------------------
      clk                        ^     clk  -       -      0.000    -2.146  
      u_visitor/count_reg[5]/CK  ^     clk  DFFRX1  0.000  0.000    -2.146  
      ----------------------------------------------------------------------
Path 15: MET Setup Check with Pin u_visitor/count_reg[3]/CK 
Endpoint:   u_visitor/count_reg[3]/D (^) checked with  leading edge of 'clk'
Beginpoint: u_visitor/count_reg[1]/Q (^) triggered by  leading edge of 'clk'
Path Groups: {clk}
Other End Arrival Time          0.000
- Setup                         0.214
+ Phase Shift                   5.000
- Uncertainty                   0.100
= Required Time                 4.686
- Arrival Time                  2.530
= Slack Time                    2.156
     Clock Rise Edge                      0.000
     = Beginpoint Arrival Time            0.000
     Timing Path:
      ------------------------------------------------------------------------------------------
      Pin                        Edge  Net                   Cell       Delay  Arrival  Required  
                                                                               Time     Time  
      ------------------------------------------------------------------------------------------
      clk                        ^     clk                   -          -      0.000    2.156  
      u_visitor/count_reg[1]/CK  ^     clk                   DFFRHQX1   0.000  0.000    2.156  
      u_visitor/count_reg[1]/Q   ^     visitor_count_int[1]  DFFRHQX1   0.372  0.372    2.528  
      u_visitor/g864/B           ^     visitor_count_int[1]  NAND2XL    0.000  0.372    2.528  
      u_visitor/g864/Y           v     u_visitor/n_6         NAND2XL    0.190  0.562    2.718  
      u_visitor/g882/B           v     u_visitor/n_6         NOR2BX1    0.000  0.562    2.718  
      u_visitor/g882/Y           ^     u_visitor/n_0         NOR2BX1    0.171  0.733    2.889  
      u_visitor/g856/B           ^     u_visitor/n_0         NAND2XL    0.000  0.733    2.889  
      u_visitor/g856/Y           v     u_visitor/n_11        NAND2XL    0.163  0.896    3.052  
      u_visitor/g2/B             v     u_visitor/n_11        NOR2BX1    0.000  0.896    3.052  
      u_visitor/g2/Y             ^     u_visitor/n_1         NOR2BX1    0.155  1.051    3.207  
      u_visitor/g850/B           ^     u_visitor/n_1         NAND2XL    0.000  1.051    3.207  
      u_visitor/g850/Y           v     u_visitor/n_16        NAND2XL    0.142  1.193    3.349  
      u_visitor/g846/B           v     u_visitor/n_16        NOR2XL     0.000  1.193    3.349  
      u_visitor/g846/Y           ^     u_visitor/n_20        NOR2XL     0.160  1.353    3.509  
      u_visitor/g845/A1          ^     u_visitor/n_20        AOI211X1   0.000  1.353    3.509  
      u_visitor/g845/Y           v     u_visitor/n_22        AOI211X1   0.319  1.672    3.828  
      u_visitor/g844/A           v     u_visitor/n_22        CLKINVX1   0.000  1.672    3.828  
      u_visitor/g844/Y           ^     u_visitor/n_21        CLKINVX1   0.176  1.848    4.004  
      u_visitor/g842/A           ^     u_visitor/n_21        NAND2XL    0.000  1.848    4.004  
      u_visitor/g842/Y           v     u_visitor/n_27        NAND2XL    0.410  2.258    4.414  
      u_visitor/g824/C0          v     u_visitor/n_27        OAI221X1   0.000  2.258    4.414  
      u_visitor/g824/Y           ^     u_visitor/n_41        OAI221X1   0.121  2.379    4.535  
      u_visitor/g821/A1N         ^     u_visitor/n_41        OAI2BB1XL  0.000  2.379    4.535  
      u_visitor/g821/Y           ^     u_visitor/n_43        OAI2BB1XL  0.151  2.530    4.686  
      u_visitor/count_reg[3]/D   ^     u_visitor/n_43        DFFRX1     0.000  2.530    4.686  
      ------------------------------------------------------------------------------------------
     Clock Rise Edge                      0.000
     = Beginpoint Arrival Time            0.000
     Other End Path:
      ----------------------------------------------------------------------
      Pin                        Edge  Net  Cell    Delay  Arrival  Required  
                                                           Time     Time  
      ----------------------------------------------------------------------
      clk                        ^     clk  -       -      0.000    -2.156  
      u_visitor/count_reg[3]/CK  ^     clk  DFFRX1  0.000  0.000    -2.156  
      ----------------------------------------------------------------------
Path 16: MET Setup Check with Pin u_visitor/count_reg[5]/CK 
Endpoint:   u_visitor/count_reg[5]/D (^) checked with  leading edge of 'clk'
Beginpoint: u_visitor/count_reg[1]/Q (^) triggered by  leading edge of 'clk'
Path Groups: {clk}
Other End Arrival Time          0.000
- Setup                         0.214
+ Phase Shift                   5.000
- Uncertainty                   0.100
= Required Time                 4.686
- Arrival Time                  2.530
= Slack Time                    2.156
     Clock Rise Edge                      0.000
     = Beginpoint Arrival Time            0.000
     Timing Path:
      ------------------------------------------------------------------------------------------
      Pin                        Edge  Net                   Cell       Delay  Arrival  Required  
                                                                               Time     Time  
      ------------------------------------------------------------------------------------------
      clk                        ^     clk                   -          -      0.000    2.156  
      u_visitor/count_reg[1]/CK  ^     clk                   DFFRHQX1   0.000  0.000    2.156  
      u_visitor/count_reg[1]/Q   ^     visitor_count_int[1]  DFFRHQX1   0.372  0.372    2.528  
      u_visitor/g864/B           ^     visitor_count_int[1]  NAND2XL    0.000  0.372    2.528  
      u_visitor/g864/Y           v     u_visitor/n_6         NAND2XL    0.190  0.562    2.718  
      u_visitor/g882/B           v     u_visitor/n_6         NOR2BX1    0.000  0.562    2.718  
      u_visitor/g882/Y           ^     u_visitor/n_0         NOR2BX1    0.171  0.733    2.889  
      u_visitor/g856/B           ^     u_visitor/n_0         NAND2XL    0.000  0.733    2.889  
      u_visitor/g856/Y           v     u_visitor/n_11        NAND2XL    0.163  0.896    3.052  
      u_visitor/g2/B             v     u_visitor/n_11        NOR2BX1    0.000  0.896    3.052  
      u_visitor/g2/Y             ^     u_visitor/n_1         NOR2BX1    0.155  1.051    3.207  
      u_visitor/g850/B           ^     u_visitor/n_1         NAND2XL    0.000  1.051    3.207  
      u_visitor/g850/Y           v     u_visitor/n_16        NAND2XL    0.142  1.193    3.349  
      u_visitor/g846/B           v     u_visitor/n_16        NOR2XL     0.000  1.193    3.349  
      u_visitor/g846/Y           ^     u_visitor/n_20        NOR2XL     0.160  1.353    3.509  
      u_visitor/g845/A1          ^     u_visitor/n_20        AOI211X1   0.000  1.353    3.509  
      u_visitor/g845/Y           v     u_visitor/n_22        AOI211X1   0.319  1.672    3.828  
      u_visitor/g844/A           v     u_visitor/n_22        CLKINVX1   0.000  1.672    3.828  
      u_visitor/g844/Y           ^     u_visitor/n_21        CLKINVX1   0.176  1.848    4.004  
      u_visitor/g842/A           ^     u_visitor/n_21        NAND2XL    0.000  1.848    4.004  
      u_visitor/g842/Y           v     u_visitor/n_27        NAND2XL    0.410  2.258    4.414  
      u_visitor/g826/C0          v     u_visitor/n_27        OAI221X1   0.000  2.258    4.414  
      u_visitor/g826/Y           ^     u_visitor/n_39        OAI221X1   0.121  2.379    4.535  
      u_visitor/g820/A1N         ^     u_visitor/n_39        OAI2BB1XL  0.000  2.379    4.535  
      u_visitor/g820/Y           ^     u_visitor/n_44        OAI2BB1XL  0.151  2.530    4.686  
      u_visitor/count_reg[5]/D   ^     u_visitor/n_44        DFFRX1     0.000  2.530    4.686  
      ------------------------------------------------------------------------------------------
     Clock Rise Edge                      0.000
     = Beginpoint Arrival Time            0.000
     Other End Path:
      ----------------------------------------------------------------------
      Pin                        Edge  Net  Cell    Delay  Arrival  Required  
                                                           Time     Time  
      ----------------------------------------------------------------------
      clk                        ^     clk  -       -      0.000    -2.156  
      u_visitor/count_reg[5]/CK  ^     clk  DFFRX1  0.000  0.000    -2.156  
      ----------------------------------------------------------------------
Path 17: MET Setup Check with Pin u_visitor/count_reg[1]/CK 
Endpoint:   u_visitor/count_reg[1]/D (^) checked with  leading edge of 'clk'
Beginpoint: u_visitor/count_reg[0]/Q (^) triggered by  leading edge of 'clk'
Path Groups: {clk}
Other End Arrival Time          0.000
- Setup                         0.149
+ Phase Shift                   5.000
- Uncertainty                   0.100
= Required Time                 4.751
- Arrival Time                  2.586
= Slack Time                    2.165
     Clock Rise Edge                      0.000
     = Beginpoint Arrival Time            0.000
     Timing Path:
      ------------------------------------------------------------------------------------------
      Pin                        Edge  Net                   Cell       Delay  Arrival  Required  
                                                                               Time     Time  
      ------------------------------------------------------------------------------------------
      clk                        ^     clk                   -          -      0.000    2.165  
      u_visitor/count_reg[0]/CK  ^     clk                   SDFFRHQX1  0.000  0.000    2.165  
      u_visitor/count_reg[0]/Q   ^     visitor_count_int[0]  SDFFRHQX1  0.378  0.378    2.543  
      u_visitor/g864/A           ^     visitor_count_int[0]  NAND2XL    0.000  0.378    2.543  
      u_visitor/g864/Y           v     u_visitor/n_6         NAND2XL    0.194  0.572    2.737  
      u_visitor/g882/B           v     u_visitor/n_6         NOR2BX1    0.000  0.572    2.737  
      u_visitor/g882/Y           ^     u_visitor/n_0         NOR2BX1    0.171  0.742    2.908  
      u_visitor/g856/B           ^     u_visitor/n_0         NAND2XL    0.000  0.742    2.908  
      u_visitor/g856/Y           v     u_visitor/n_11        NAND2XL    0.163  0.905    3.071  
      u_visitor/g2/B             v     u_visitor/n_11        NOR2BX1    0.000  0.905    3.071  
      u_visitor/g2/Y             ^     u_visitor/n_1         NOR2BX1    0.155  1.060    3.225  
      u_visitor/g850/B           ^     u_visitor/n_1         NAND2XL    0.000  1.060    3.225  
      u_visitor/g850/Y           v     u_visitor/n_16        NAND2XL    0.142  1.203    3.368  
      u_visitor/g846/B           v     u_visitor/n_16        NOR2XL     0.000  1.203    3.368  
      u_visitor/g846/Y           ^     u_visitor/n_20        NOR2XL     0.160  1.362    3.528  
      u_visitor/g845/A1          ^     u_visitor/n_20        AOI211X1   0.000  1.362    3.528  
      u_visitor/g845/Y           v     u_visitor/n_22        AOI211X1   0.319  1.681    3.847  
      u_visitor/g844/A           v     u_visitor/n_22        CLKINVX1   0.000  1.681    3.847  
      u_visitor/g844/Y           ^     u_visitor/n_21        CLKINVX1   0.176  1.857    4.022  
      u_visitor/g842/A           ^     u_visitor/n_21        NAND2XL    0.000  1.857    4.022  
      u_visitor/g842/Y           v     u_visitor/n_27        NAND2XL    0.410  2.267    4.433  
      u_visitor/g839/A           v     u_visitor/n_27        INVX1      0.000  2.267    4.433  
      u_visitor/g839/Y           ^     u_visitor/n_26        INVX1      0.147  2.415    4.580  
      u_visitor/g832/B1          ^     u_visitor/n_26        AOI22X1    0.000  2.415    4.580  
      u_visitor/g832/Y           v     u_visitor/n_34        AOI22X1    0.092  2.507    4.672  
      u_visitor/g831/B0          v     u_visitor/n_34        OAI21X1    0.000  2.507    4.672  
      u_visitor/g831/Y           ^     u_visitor/n_35        OAI21X1    0.079  2.586    4.751  
      u_visitor/count_reg[1]/D   ^     u_visitor/n_35        DFFRHQX1   0.000  2.586    4.751  
      ------------------------------------------------------------------------------------------
     Clock Rise Edge                      0.000
     = Beginpoint Arrival Time            0.000
     Other End Path:
      ------------------------------------------------------------------------
      Pin                        Edge  Net  Cell      Delay  Arrival  Required  
                                                             Time     Time  
      ------------------------------------------------------------------------
      clk                        ^     clk  -         -      0.000    -2.165  
      u_visitor/count_reg[1]/CK  ^     clk  DFFRHQX1  0.000  0.000    -2.165  
      ------------------------------------------------------------------------
Path 18: MET Setup Check with Pin u_visitor/count_reg[4]/CK 
Endpoint:   u_visitor/count_reg[4]/D (^) checked with  leading edge of 'clk'
Beginpoint: u_visitor/count_reg[0]/Q (^) triggered by  leading edge of 'clk'
Path Groups: {clk}
Other End Arrival Time          0.000
- Setup                         0.144
+ Phase Shift                   5.000
- Uncertainty                   0.100
= Required Time                 4.756
- Arrival Time                  2.581
= Slack Time                    2.174
     Clock Rise Edge                      0.000
     = Beginpoint Arrival Time            0.000
     Timing Path:
      ------------------------------------------------------------------------------------------
      Pin                        Edge  Net                   Cell       Delay  Arrival  Required  
                                                                               Time     Time  
      ------------------------------------------------------------------------------------------
      clk                        ^     clk                   -          -      0.000    2.174  
      u_visitor/count_reg[0]/CK  ^     clk                   SDFFRHQX1  0.000  0.000    2.174  
      u_visitor/count_reg[0]/Q   ^     visitor_count_int[0]  SDFFRHQX1  0.378  0.378    2.552  
      u_visitor/g864/A           ^     visitor_count_int[0]  NAND2XL    0.000  0.378    2.552  
      u_visitor/g864/Y           v     u_visitor/n_6         NAND2XL    0.194  0.572    2.746  
      u_visitor/g882/B           v     u_visitor/n_6         NOR2BX1    0.000  0.572    2.746  
      u_visitor/g882/Y           ^     u_visitor/n_0         NOR2BX1    0.171  0.743    2.917  
      u_visitor/g856/B           ^     u_visitor/n_0         NAND2XL    0.000  0.743    2.917  
      u_visitor/g856/Y           v     u_visitor/n_11        NAND2XL    0.163  0.905    3.080  
      u_visitor/g2/B             v     u_visitor/n_11        NOR2BX1    0.000  0.905    3.080  
      u_visitor/g2/Y             ^     u_visitor/n_1         NOR2BX1    0.155  1.060    3.235  
      u_visitor/g850/B           ^     u_visitor/n_1         NAND2XL    0.000  1.060    3.235  
      u_visitor/g850/Y           v     u_visitor/n_16        NAND2XL    0.142  1.203    3.377  
      u_visitor/g846/B           v     u_visitor/n_16        NOR2XL     0.000  1.203    3.377  
      u_visitor/g846/Y           ^     u_visitor/n_20        NOR2XL     0.160  1.362    3.537  
      u_visitor/g845/A1          ^     u_visitor/n_20        AOI211X1   0.000  1.362    3.537  
      u_visitor/g845/Y           v     u_visitor/n_22        AOI211X1   0.319  1.681    3.856  
      u_visitor/g844/A           v     u_visitor/n_22        CLKINVX1   0.000  1.681    3.856  
      u_visitor/g844/Y           ^     u_visitor/n_21        CLKINVX1   0.176  1.857    4.032  
      u_visitor/g842/A           ^     u_visitor/n_21        NAND2XL    0.000  1.857    4.032  
      u_visitor/g842/Y           v     u_visitor/n_27        NAND2XL    0.410  2.268    4.442  
      u_visitor/g830/C0          v     u_visitor/n_27        OAI211X1   0.000  2.268    4.442  
      u_visitor/g830/Y           ^     u_visitor/n_36        OAI211X1   0.104  2.371    4.546  
      u_visitor/g815/C0          ^     u_visitor/n_36        AOI222XL   0.000  2.371    4.546  
      u_visitor/g815/Y           v     u_visitor/n_48        AOI222XL   0.106  2.477    4.652  
      u_visitor/g813/A           v     u_visitor/n_48        INVXL      0.000  2.477    4.652  
      u_visitor/g813/Y           ^     u_visitor/n_50        INVXL      0.104  2.581    4.756  
      u_visitor/count_reg[4]/D   ^     u_visitor/n_50        DFFRHQX1   0.000  2.581    4.756  
      ------------------------------------------------------------------------------------------
     Clock Rise Edge                      0.000
     = Beginpoint Arrival Time            0.000
     Other End Path:
      ------------------------------------------------------------------------
      Pin                        Edge  Net  Cell      Delay  Arrival  Required  
                                                             Time     Time  
      ------------------------------------------------------------------------
      clk                        ^     clk  -         -      0.000    -2.174  
      u_visitor/count_reg[4]/CK  ^     clk  DFFRHQX1  0.000  0.000    -2.174  
      ------------------------------------------------------------------------
Path 19: MET Setup Check with Pin u_visitor/count_reg[2]/CK 
Endpoint:   u_visitor/count_reg[2]/D (^) checked with  leading edge of 'clk'
Beginpoint: u_visitor/count_reg[0]/Q (^) triggered by  leading edge of 'clk'
Path Groups: {clk}
Other End Arrival Time          0.000
- Setup                         0.144
+ Phase Shift                   5.000
- Uncertainty                   0.100
= Required Time                 4.756
- Arrival Time                  2.581
= Slack Time                    2.174
     Clock Rise Edge                      0.000
     = Beginpoint Arrival Time            0.000
     Timing Path:
      ------------------------------------------------------------------------------------------
      Pin                        Edge  Net                   Cell       Delay  Arrival  Required  
                                                                               Time     Time  
      ------------------------------------------------------------------------------------------
      clk                        ^     clk                   -          -      0.000    2.174  
      u_visitor/count_reg[0]/CK  ^     clk                   SDFFRHQX1  0.000  0.000    2.174  
      u_visitor/count_reg[0]/Q   ^     visitor_count_int[0]  SDFFRHQX1  0.378  0.378    2.552  
      u_visitor/g864/A           ^     visitor_count_int[0]  NAND2XL    0.000  0.378    2.552  
      u_visitor/g864/Y           v     u_visitor/n_6         NAND2XL    0.194  0.572    2.746  
      u_visitor/g882/B           v     u_visitor/n_6         NOR2BX1    0.000  0.572    2.746  
      u_visitor/g882/Y           ^     u_visitor/n_0         NOR2BX1    0.171  0.743    2.917  
      u_visitor/g856/B           ^     u_visitor/n_0         NAND2XL    0.000  0.743    2.917  
      u_visitor/g856/Y           v     u_visitor/n_11        NAND2XL    0.163  0.905    3.080  
      u_visitor/g2/B             v     u_visitor/n_11        NOR2BX1    0.000  0.905    3.080  
      u_visitor/g2/Y             ^     u_visitor/n_1         NOR2BX1    0.155  1.060    3.235  
      u_visitor/g850/B           ^     u_visitor/n_1         NAND2XL    0.000  1.060    3.235  
      u_visitor/g850/Y           v     u_visitor/n_16        NAND2XL    0.142  1.203    3.377  
      u_visitor/g846/B           v     u_visitor/n_16        NOR2XL     0.000  1.203    3.377  
      u_visitor/g846/Y           ^     u_visitor/n_20        NOR2XL     0.160  1.362    3.537  
      u_visitor/g845/A1          ^     u_visitor/n_20        AOI211X1   0.000  1.362    3.537  
      u_visitor/g845/Y           v     u_visitor/n_22        AOI211X1   0.319  1.681    3.856  
      u_visitor/g844/A           v     u_visitor/n_22        CLKINVX1   0.000  1.681    3.856  
      u_visitor/g844/Y           ^     u_visitor/n_21        CLKINVX1   0.176  1.857    4.032  
      u_visitor/g842/A           ^     u_visitor/n_21        NAND2XL    0.000  1.857    4.032  
      u_visitor/g842/Y           v     u_visitor/n_27        NAND2XL    0.410  2.268    4.442  
      u_visitor/g828/C0          v     u_visitor/n_27        OAI211X1   0.000  2.268    4.442  
      u_visitor/g828/Y           ^     u_visitor/n_38        OAI211X1   0.104  2.371    4.546  
      u_visitor/g819/C0          ^     u_visitor/n_38        AOI222XL   0.000  2.371    4.546  
      u_visitor/g819/Y           v     u_visitor/n_45        AOI222XL   0.106  2.477    4.652  
      u_visitor/g818/A           v     u_visitor/n_45        INVXL      0.000  2.477    4.652  
      u_visitor/g818/Y           ^     u_visitor/n_46        INVXL      0.104  2.581    4.756  
      u_visitor/count_reg[2]/D   ^     u_visitor/n_46        DFFRHQX1   0.000  2.581    4.756  
      ------------------------------------------------------------------------------------------
     Clock Rise Edge                      0.000
     = Beginpoint Arrival Time            0.000
     Other End Path:
      ------------------------------------------------------------------------
      Pin                        Edge  Net  Cell      Delay  Arrival  Required  
                                                             Time     Time  
      ------------------------------------------------------------------------
      clk                        ^     clk  -         -      0.000    -2.174  
      u_visitor/count_reg[2]/CK  ^     clk  DFFRHQX1  0.000  0.000    -2.174  
      ------------------------------------------------------------------------
Path 20: MET Setup Check with Pin u_visitor/count_reg[1]/CK 
Endpoint:   u_visitor/count_reg[1]/D (^) checked with  leading edge of 'clk'
Beginpoint: u_visitor/count_reg[1]/Q (^) triggered by  leading edge of 'clk'
Path Groups: {clk}
Other End Arrival Time          0.000
- Setup                         0.149
+ Phase Shift                   5.000
- Uncertainty                   0.100
= Required Time                 4.751
- Arrival Time                  2.577
= Slack Time                    2.175
     Clock Rise Edge                      0.000
     = Beginpoint Arrival Time            0.000
     Timing Path:
      -----------------------------------------------------------------------------------------
      Pin                        Edge  Net                   Cell      Delay  Arrival  Required  
                                                                              Time     Time  
      -----------------------------------------------------------------------------------------
      clk                        ^     clk                   -         -      0.000    2.175  
      u_visitor/count_reg[1]/CK  ^     clk                   DFFRHQX1  0.000  0.000    2.175  
      u_visitor/count_reg[1]/Q   ^     visitor_count_int[1]  DFFRHQX1  0.372  0.372    2.547  
      u_visitor/g864/B           ^     visitor_count_int[1]  NAND2XL   0.000  0.372    2.547  
      u_visitor/g864/Y           v     u_visitor/n_6         NAND2XL   0.190  0.562    2.737  
      u_visitor/g882/B           v     u_visitor/n_6         NOR2BX1   0.000  0.562    2.737  
      u_visitor/g882/Y           ^     u_visitor/n_0         NOR2BX1   0.171  0.733    2.908  
      u_visitor/g856/B           ^     u_visitor/n_0         NAND2XL   0.000  0.733    2.908  
      u_visitor/g856/Y           v     u_visitor/n_11        NAND2XL   0.163  0.896    3.071  
      u_visitor/g2/B             v     u_visitor/n_11        NOR2BX1   0.000  0.896    3.071  
      u_visitor/g2/Y             ^     u_visitor/n_1         NOR2BX1   0.155  1.051    3.225  
      u_visitor/g850/B           ^     u_visitor/n_1         NAND2XL   0.000  1.051    3.225  
      u_visitor/g850/Y           v     u_visitor/n_16        NAND2XL   0.142  1.193    3.368  
      u_visitor/g846/B           v     u_visitor/n_16        NOR2XL    0.000  1.193    3.368  
      u_visitor/g846/Y           ^     u_visitor/n_20        NOR2XL    0.160  1.353    3.528  
      u_visitor/g845/A1          ^     u_visitor/n_20        AOI211X1  0.000  1.353    3.528  
      u_visitor/g845/Y           v     u_visitor/n_22        AOI211X1  0.319  1.672    3.847  
      u_visitor/g844/A           v     u_visitor/n_22        CLKINVX1  0.000  1.672    3.847  
      u_visitor/g844/Y           ^     u_visitor/n_21        CLKINVX1  0.176  1.848    4.022  
      u_visitor/g842/A           ^     u_visitor/n_21        NAND2XL   0.000  1.848    4.022  
      u_visitor/g842/Y           v     u_visitor/n_27        NAND2XL   0.410  2.258    4.433  
      u_visitor/g839/A           v     u_visitor/n_27        INVX1     0.000  2.258    4.433  
      u_visitor/g839/Y           ^     u_visitor/n_26        INVX1     0.147  2.405    4.580  
      u_visitor/g832/B1          ^     u_visitor/n_26        AOI22X1   0.000  2.405    4.580  
      u_visitor/g832/Y           v     u_visitor/n_34        AOI22X1   0.092  2.497    4.672  
      u_visitor/g831/B0          v     u_visitor/n_34        OAI21X1   0.000  2.497    4.672  
      u_visitor/g831/Y           ^     u_visitor/n_35        OAI21X1   0.079  2.577    4.751  
      u_visitor/count_reg[1]/D   ^     u_visitor/n_35        DFFRHQX1  0.000  2.577    4.751  
      -----------------------------------------------------------------------------------------
     Clock Rise Edge                      0.000
     = Beginpoint Arrival Time            0.000
     Other End Path:
      ------------------------------------------------------------------------
      Pin                        Edge  Net  Cell      Delay  Arrival  Required  
                                                             Time     Time  
      ------------------------------------------------------------------------
      clk                        ^     clk  -         -      0.000    -2.175  
      u_visitor/count_reg[1]/CK  ^     clk  DFFRHQX1  0.000  0.000    -2.175  
      ------------------------------------------------------------------------
Path 21: MET Setup Check with Pin u_visitor/count_reg[7]/CK 
Endpoint:   u_visitor/count_reg[7]/D (^) checked with  leading edge of 'clk'
Beginpoint: u_visitor/count_reg[0]/Q (^) triggered by  leading edge of 'clk'
Path Groups: {clk}
Other End Arrival Time          0.000
- Setup                         0.137
+ Phase Shift                   5.000
- Uncertainty                   0.100
= Required Time                 4.763
- Arrival Time                  2.582
= Slack Time                    2.181
     Clock Rise Edge                      0.000
     = Beginpoint Arrival Time            0.000
     Timing Path:
      ------------------------------------------------------------------------------------------
      Pin                        Edge  Net                   Cell       Delay  Arrival  Required  
                                                                               Time     Time  
      ------------------------------------------------------------------------------------------
      clk                        ^     clk                   -          -      0.000    2.181  
      u_visitor/count_reg[0]/CK  ^     clk                   SDFFRHQX1  0.000  0.000    2.181  
      u_visitor/count_reg[0]/Q   ^     visitor_count_int[0]  SDFFRHQX1  0.378  0.378    2.559  
      u_visitor/g864/A           ^     visitor_count_int[0]  NAND2XL    0.000  0.378    2.559  
      u_visitor/g864/Y           v     u_visitor/n_6         NAND2XL    0.194  0.572    2.753  
      u_visitor/g882/B           v     u_visitor/n_6         NOR2BX1    0.000  0.572    2.753  
      u_visitor/g882/Y           ^     u_visitor/n_0         NOR2BX1    0.171  0.742    2.923  
      u_visitor/g856/B           ^     u_visitor/n_0         NAND2XL    0.000  0.742    2.923  
      u_visitor/g856/Y           v     u_visitor/n_11        NAND2XL    0.163  0.905    3.086  
      u_visitor/g2/B             v     u_visitor/n_11        NOR2BX1    0.000  0.905    3.086  
      u_visitor/g2/Y             ^     u_visitor/n_1         NOR2BX1    0.155  1.060    3.241  
      u_visitor/g850/B           ^     u_visitor/n_1         NAND2XL    0.000  1.060    3.241  
      u_visitor/g850/Y           v     u_visitor/n_16        NAND2XL    0.142  1.203    3.383  
      u_visitor/g846/B           v     u_visitor/n_16        NOR2XL     0.000  1.203    3.383  
      u_visitor/g846/Y           ^     u_visitor/n_20        NOR2XL     0.160  1.362    3.543  
      u_visitor/g845/A1          ^     u_visitor/n_20        AOI211X1   0.000  1.362    3.543  
      u_visitor/g845/Y           v     u_visitor/n_22        AOI211X1   0.319  1.681    3.862  
      u_visitor/g844/A           v     u_visitor/n_22        CLKINVX1   0.000  1.681    3.862  
      u_visitor/g844/Y           ^     u_visitor/n_21        CLKINVX1   0.176  1.857    4.038  
      u_visitor/g842/A           ^     u_visitor/n_21        NAND2XL    0.000  1.857    4.038  
      u_visitor/g842/Y           v     u_visitor/n_27        NAND2XL    0.410  2.267    4.448  
      u_visitor/g835/B           v     u_visitor/n_27        NAND2XL    0.000  2.267    4.448  
      u_visitor/g835/Y           ^     u_visitor/n_31        NAND2XL    0.144  2.412    4.592  
      u_visitor/g825/A1          ^     u_visitor/n_31        OAI21X1    0.000  2.412    4.592  
      u_visitor/g825/Y           v     u_visitor/n_40        OAI21X1    0.076  2.488    4.668  
      u_visitor/g823/B0          v     u_visitor/n_40        OAI2BB1XL  0.000  2.488    4.668  
      u_visitor/g823/Y           ^     u_visitor/n_42        OAI2BB1XL  0.095  2.582    4.763  
      u_visitor/count_reg[7]/D   ^     u_visitor/n_42        DFFRHQX1   0.000  2.582    4.763  
      ------------------------------------------------------------------------------------------
     Clock Rise Edge                      0.000
     = Beginpoint Arrival Time            0.000
     Other End Path:
      ------------------------------------------------------------------------
      Pin                        Edge  Net  Cell      Delay  Arrival  Required  
                                                             Time     Time  
      ------------------------------------------------------------------------
      clk                        ^     clk  -         -      0.000    -2.181  
      u_visitor/count_reg[7]/CK  ^     clk  DFFRHQX1  0.000  0.000    -2.181  
      ------------------------------------------------------------------------
Path 22: MET Setup Check with Pin u_visitor/count_reg[4]/CK 
Endpoint:   u_visitor/count_reg[4]/D (^) checked with  leading edge of 'clk'
Beginpoint: u_visitor/count_reg[1]/Q (^) triggered by  leading edge of 'clk'
Path Groups: {clk}
Other End Arrival Time          0.000
- Setup                         0.144
+ Phase Shift                   5.000
- Uncertainty                   0.100
= Required Time                 4.756
- Arrival Time                  2.572
= Slack Time                    2.184
     Clock Rise Edge                      0.000
     = Beginpoint Arrival Time            0.000
     Timing Path:
      -----------------------------------------------------------------------------------------
      Pin                        Edge  Net                   Cell      Delay  Arrival  Required  
                                                                              Time     Time  
      -----------------------------------------------------------------------------------------
      clk                        ^     clk                   -         -      0.000    2.184  
      u_visitor/count_reg[1]/CK  ^     clk                   DFFRHQX1  0.000  0.000    2.184  
      u_visitor/count_reg[1]/Q   ^     visitor_count_int[1]  DFFRHQX1  0.372  0.372    2.556  
      u_visitor/g864/B           ^     visitor_count_int[1]  NAND2XL   0.000  0.372    2.556  
      u_visitor/g864/Y           v     u_visitor/n_6         NAND2XL   0.190  0.563    2.746  
      u_visitor/g882/B           v     u_visitor/n_6         NOR2BX1   0.000  0.563    2.746  
      u_visitor/g882/Y           ^     u_visitor/n_0         NOR2BX1   0.171  0.733    2.917  
      u_visitor/g856/B           ^     u_visitor/n_0         NAND2XL   0.000  0.733    2.917  
      u_visitor/g856/Y           v     u_visitor/n_11        NAND2XL   0.163  0.896    3.080  
      u_visitor/g2/B             v     u_visitor/n_11        NOR2BX1   0.000  0.896    3.080  
      u_visitor/g2/Y             ^     u_visitor/n_1         NOR2BX1   0.155  1.051    3.235  
      u_visitor/g850/B           ^     u_visitor/n_1         NAND2XL   0.000  1.051    3.235  
      u_visitor/g850/Y           v     u_visitor/n_16        NAND2XL   0.142  1.193    3.377  
      u_visitor/g846/B           v     u_visitor/n_16        NOR2XL    0.000  1.193    3.377  
      u_visitor/g846/Y           ^     u_visitor/n_20        NOR2XL    0.160  1.353    3.537  
      u_visitor/g845/A1          ^     u_visitor/n_20        AOI211X1  0.000  1.353    3.537  
      u_visitor/g845/Y           v     u_visitor/n_22        AOI211X1  0.319  1.672    3.856  
      u_visitor/g844/A           v     u_visitor/n_22        CLKINVX1  0.000  1.672    3.856  
      u_visitor/g844/Y           ^     u_visitor/n_21        CLKINVX1  0.176  1.848    4.032  
      u_visitor/g842/A           ^     u_visitor/n_21        NAND2XL   0.000  1.848    4.032  
      u_visitor/g842/Y           v     u_visitor/n_27        NAND2XL   0.410  2.258    4.442  
      u_visitor/g830/C0          v     u_visitor/n_27        OAI211X1  0.000  2.258    4.442  
      u_visitor/g830/Y           ^     u_visitor/n_36        OAI211X1  0.104  2.362    4.546  
      u_visitor/g815/C0          ^     u_visitor/n_36        AOI222XL  0.000  2.362    4.546  
      u_visitor/g815/Y           v     u_visitor/n_48        AOI222XL  0.106  2.468    4.652  
      u_visitor/g813/A           v     u_visitor/n_48        INVXL     0.000  2.468    4.652  
      u_visitor/g813/Y           ^     u_visitor/n_50        INVXL     0.104  2.572    4.756  
      u_visitor/count_reg[4]/D   ^     u_visitor/n_50        DFFRHQX1  0.000  2.572    4.756  
      -----------------------------------------------------------------------------------------
     Clock Rise Edge                      0.000
     = Beginpoint Arrival Time            0.000
     Other End Path:
      ------------------------------------------------------------------------
      Pin                        Edge  Net  Cell      Delay  Arrival  Required  
                                                             Time     Time  
      ------------------------------------------------------------------------
      clk                        ^     clk  -         -      0.000    -2.184  
      u_visitor/count_reg[4]/CK  ^     clk  DFFRHQX1  0.000  0.000    -2.184  
      ------------------------------------------------------------------------
Path 23: MET Setup Check with Pin u_visitor/count_reg[2]/CK 
Endpoint:   u_visitor/count_reg[2]/D (^) checked with  leading edge of 'clk'
Beginpoint: u_visitor/count_reg[1]/Q (^) triggered by  leading edge of 'clk'
Path Groups: {clk}
Other End Arrival Time          0.000
- Setup                         0.144
+ Phase Shift                   5.000
- Uncertainty                   0.100
= Required Time                 4.756
- Arrival Time                  2.572
= Slack Time                    2.184
     Clock Rise Edge                      0.000
     = Beginpoint Arrival Time            0.000
     Timing Path:
      -----------------------------------------------------------------------------------------
      Pin                        Edge  Net                   Cell      Delay  Arrival  Required  
                                                                              Time     Time  
      -----------------------------------------------------------------------------------------
      clk                        ^     clk                   -         -      0.000    2.184  
      u_visitor/count_reg[1]/CK  ^     clk                   DFFRHQX1  0.000  0.000    2.184  
      u_visitor/count_reg[1]/Q   ^     visitor_count_int[1]  DFFRHQX1  0.372  0.372    2.556  
      u_visitor/g864/B           ^     visitor_count_int[1]  NAND2XL   0.000  0.372    2.556  
      u_visitor/g864/Y           v     u_visitor/n_6         NAND2XL   0.190  0.563    2.746  
      u_visitor/g882/B           v     u_visitor/n_6         NOR2BX1   0.000  0.563    2.746  
      u_visitor/g882/Y           ^     u_visitor/n_0         NOR2BX1   0.171  0.733    2.917  
      u_visitor/g856/B           ^     u_visitor/n_0         NAND2XL   0.000  0.733    2.917  
      u_visitor/g856/Y           v     u_visitor/n_11        NAND2XL   0.163  0.896    3.080  
      u_visitor/g2/B             v     u_visitor/n_11        NOR2BX1   0.000  0.896    3.080  
      u_visitor/g2/Y             ^     u_visitor/n_1         NOR2BX1   0.155  1.051    3.235  
      u_visitor/g850/B           ^     u_visitor/n_1         NAND2XL   0.000  1.051    3.235  
      u_visitor/g850/Y           v     u_visitor/n_16        NAND2XL   0.142  1.193    3.377  
      u_visitor/g846/B           v     u_visitor/n_16        NOR2XL    0.000  1.193    3.377  
      u_visitor/g846/Y           ^     u_visitor/n_20        NOR2XL    0.160  1.353    3.537  
      u_visitor/g845/A1          ^     u_visitor/n_20        AOI211X1  0.000  1.353    3.537  
      u_visitor/g845/Y           v     u_visitor/n_22        AOI211X1  0.319  1.672    3.856  
      u_visitor/g844/A           v     u_visitor/n_22        CLKINVX1  0.000  1.672    3.856  
      u_visitor/g844/Y           ^     u_visitor/n_21        CLKINVX1  0.176  1.848    4.032  
      u_visitor/g842/A           ^     u_visitor/n_21        NAND2XL   0.000  1.848    4.032  
      u_visitor/g842/Y           v     u_visitor/n_27        NAND2XL   0.410  2.258    4.442  
      u_visitor/g828/C0          v     u_visitor/n_27        OAI211X1  0.000  2.258    4.442  
      u_visitor/g828/Y           ^     u_visitor/n_38        OAI211X1  0.104  2.362    4.546  
      u_visitor/g819/C0          ^     u_visitor/n_38        AOI222XL  0.000  2.362    4.546  
      u_visitor/g819/Y           v     u_visitor/n_45        AOI222XL  0.106  2.468    4.652  
      u_visitor/g818/A           v     u_visitor/n_45        INVXL     0.000  2.468    4.652  
      u_visitor/g818/Y           ^     u_visitor/n_46        INVXL     0.104  2.572    4.756  
      u_visitor/count_reg[2]/D   ^     u_visitor/n_46        DFFRHQX1  0.000  2.572    4.756  
      -----------------------------------------------------------------------------------------
     Clock Rise Edge                      0.000
     = Beginpoint Arrival Time            0.000
     Other End Path:
      ------------------------------------------------------------------------
      Pin                        Edge  Net  Cell      Delay  Arrival  Required  
                                                             Time     Time  
      ------------------------------------------------------------------------
      clk                        ^     clk  -         -      0.000    -2.184  
      u_visitor/count_reg[2]/CK  ^     clk  DFFRHQX1  0.000  0.000    -2.184  
      ------------------------------------------------------------------------
Path 24: MET Setup Check with Pin u_visitor/count_reg[7]/CK 
Endpoint:   u_visitor/count_reg[7]/D (^) checked with  leading edge of 'clk'
Beginpoint: u_visitor/count_reg[1]/Q (^) triggered by  leading edge of 'clk'
Path Groups: {clk}
Other End Arrival Time          0.000
- Setup                         0.137
+ Phase Shift                   5.000
- Uncertainty                   0.100
= Required Time                 4.763
- Arrival Time                  2.573
= Slack Time                    2.190
     Clock Rise Edge                      0.000
     = Beginpoint Arrival Time            0.000
     Timing Path:
      ------------------------------------------------------------------------------------------
      Pin                        Edge  Net                   Cell       Delay  Arrival  Required  
                                                                               Time     Time  
      ------------------------------------------------------------------------------------------
      clk                        ^     clk                   -          -      0.000    2.190  
      u_visitor/count_reg[1]/CK  ^     clk                   DFFRHQX1   0.000  0.000    2.190  
      u_visitor/count_reg[1]/Q   ^     visitor_count_int[1]  DFFRHQX1   0.372  0.372    2.562  
      u_visitor/g864/B           ^     visitor_count_int[1]  NAND2XL    0.000  0.372    2.562  
      u_visitor/g864/Y           v     u_visitor/n_6         NAND2XL    0.190  0.562    2.753  
      u_visitor/g882/B           v     u_visitor/n_6         NOR2BX1    0.000  0.562    2.753  
      u_visitor/g882/Y           ^     u_visitor/n_0         NOR2BX1    0.171  0.733    2.923  
      u_visitor/g856/B           ^     u_visitor/n_0         NAND2XL    0.000  0.733    2.923  
      u_visitor/g856/Y           v     u_visitor/n_11        NAND2XL    0.163  0.896    3.086  
      u_visitor/g2/B             v     u_visitor/n_11        NOR2BX1    0.000  0.896    3.086  
      u_visitor/g2/Y             ^     u_visitor/n_1         NOR2BX1    0.155  1.051    3.241  
      u_visitor/g850/B           ^     u_visitor/n_1         NAND2XL    0.000  1.051    3.241  
      u_visitor/g850/Y           v     u_visitor/n_16        NAND2XL    0.142  1.193    3.383  
      u_visitor/g846/B           v     u_visitor/n_16        NOR2XL     0.000  1.193    3.383  
      u_visitor/g846/Y           ^     u_visitor/n_20        NOR2XL     0.160  1.353    3.543  
      u_visitor/g845/A1          ^     u_visitor/n_20        AOI211X1   0.000  1.353    3.543  
      u_visitor/g845/Y           v     u_visitor/n_22        AOI211X1   0.319  1.672    3.862  
      u_visitor/g844/A           v     u_visitor/n_22        CLKINVX1   0.000  1.672    3.862  
      u_visitor/g844/Y           ^     u_visitor/n_21        CLKINVX1   0.176  1.848    4.038  
      u_visitor/g842/A           ^     u_visitor/n_21        NAND2XL    0.000  1.848    4.038  
      u_visitor/g842/Y           v     u_visitor/n_27        NAND2XL    0.410  2.258    4.448  
      u_visitor/g835/B           v     u_visitor/n_27        NAND2XL    0.000  2.258    4.448  
      u_visitor/g835/Y           ^     u_visitor/n_31        NAND2XL    0.144  2.402    4.592  
      u_visitor/g825/A1          ^     u_visitor/n_31        OAI21X1    0.000  2.402    4.592  
      u_visitor/g825/Y           v     u_visitor/n_40        OAI21X1    0.076  2.478    4.668  
      u_visitor/g823/B0          v     u_visitor/n_40        OAI2BB1XL  0.000  2.478    4.668  
      u_visitor/g823/Y           ^     u_visitor/n_42        OAI2BB1XL  0.095  2.573    4.763  
      u_visitor/count_reg[7]/D   ^     u_visitor/n_42        DFFRHQX1   0.000  2.573    4.763  
      ------------------------------------------------------------------------------------------
     Clock Rise Edge                      0.000
     = Beginpoint Arrival Time            0.000
     Other End Path:
      ------------------------------------------------------------------------
      Pin                        Edge  Net  Cell      Delay  Arrival  Required  
                                                             Time     Time  
      ------------------------------------------------------------------------
      clk                        ^     clk  -         -      0.000    -2.190  
      u_visitor/count_reg[7]/CK  ^     clk  DFFRHQX1  0.000  0.000    -2.190  
      ------------------------------------------------------------------------
Path 25: MET Setup Check with Pin u_visitor/count_reg[6]/CK 
Endpoint:   u_visitor/count_reg[6]/D (^) checked with  leading edge of 'clk'
Beginpoint: u_visitor/count_reg[2]/Q (^) triggered by  leading edge of 'clk'
Path Groups: {clk}
Other End Arrival Time          0.000
- Setup                         0.217
+ Phase Shift                   5.000
- Uncertainty                   0.100
= Required Time                 4.683
- Arrival Time                  2.471
= Slack Time                    2.212
     Clock Rise Edge                      0.000
     = Beginpoint Arrival Time            0.000
     Timing Path:
      -----------------------------------------------------------------------------------------
      Pin                        Edge  Net                   Cell      Delay  Arrival  Required  
                                                                              Time     Time  
      -----------------------------------------------------------------------------------------
      clk                        ^     clk                   -         -      0.000    2.212  
      u_visitor/count_reg[2]/CK  ^     clk                   DFFRHQX1  0.000  0.000    2.212  
      u_visitor/count_reg[2]/Q   ^     visitor_count_int[2]  DFFRHQX1  0.385  0.385    2.597  
      u_visitor/g882/AN          ^     visitor_count_int[2]  NOR2BX1   0.000  0.385    2.597  
      u_visitor/g882/Y           ^     u_visitor/n_0         NOR2BX1   0.186  0.571    2.783  
      u_visitor/g856/B           ^     u_visitor/n_0         NAND2XL   0.000  0.571    2.783  
      u_visitor/g856/Y           v     u_visitor/n_11        NAND2XL   0.163  0.734    2.946  
      u_visitor/g2/B             v     u_visitor/n_11        NOR2BX1   0.000  0.734    2.946  
      u_visitor/g2/Y             ^     u_visitor/n_1         NOR2BX1   0.155  0.889    3.101  
      u_visitor/g850/B           ^     u_visitor/n_1         NAND2XL   0.000  0.889    3.101  
      u_visitor/g850/Y           v     u_visitor/n_16        NAND2XL   0.142  1.031    3.243  
      u_visitor/g846/B           v     u_visitor/n_16        NOR2XL    0.000  1.031    3.243  
      u_visitor/g846/Y           ^     u_visitor/n_20        NOR2XL    0.160  1.191    3.403  
      u_visitor/g845/A1          ^     u_visitor/n_20        AOI211X1  0.000  1.191    3.403  
      u_visitor/g845/Y           v     u_visitor/n_22        AOI211X1  0.319  1.510    3.722  
      u_visitor/g838/A           v     u_visitor/n_22        NOR2XL    0.000  1.510    3.722  
      u_visitor/g838/Y           ^     u_visitor/n_30        NOR2XL    0.455  1.965    4.177  
      u_visitor/g836/A           ^     u_visitor/n_30        CLKINVX1  0.000  1.965    4.177  
      u_visitor/g836/Y           v     u_visitor/n_29        CLKINVX1  0.178  2.144    4.356  
      u_visitor/g829/A1          v     u_visitor/n_29        OAI211X1  0.000  2.144    4.356  
      u_visitor/g829/Y           ^     u_visitor/n_37        OAI211X1  0.130  2.274    4.486  
      u_visitor/g816/C0          ^     u_visitor/n_37        AOI222XL  0.000  2.274    4.486  
      u_visitor/g816/Y           v     u_visitor/n_47        AOI222XL  0.106  2.380    4.592  
      u_visitor/g814/A           v     u_visitor/n_47        INVXL     0.000  2.380    4.592  
      u_visitor/g814/Y           ^     u_visitor/n_49        INVXL     0.091  2.471    4.683  
      u_visitor/count_reg[6]/D   ^     u_visitor/n_49        DFFRX1    0.000  2.471    4.683  
      -----------------------------------------------------------------------------------------
     Clock Rise Edge                      0.000
     = Beginpoint Arrival Time            0.000
     Other End Path:
      ----------------------------------------------------------------------
      Pin                        Edge  Net  Cell    Delay  Arrival  Required  
                                                           Time     Time  
      ----------------------------------------------------------------------
      clk                        ^     clk  -       -      0.000    -2.212  
      u_visitor/count_reg[6]/CK  ^     clk  DFFRX1  0.000  0.000    -2.212  
      ----------------------------------------------------------------------
Path 26: MET Setup Check with Pin u_visitor/count_reg[0]/CK 
Endpoint:   u_visitor/count_reg[0]/SI (^) checked with  leading edge of 'clk'
Beginpoint: u_visitor/count_reg[0]/Q  (^) triggered by  leading edge of 'clk'
Path Groups: {clk}
Other End Arrival Time          0.000
- Setup                         0.264
+ Phase Shift                   5.000
- Uncertainty                   0.100
= Required Time                 4.636
- Arrival Time                  2.415
= Slack Time                    2.221
     Clock Rise Edge                      0.000
     = Beginpoint Arrival Time            0.000
     Timing Path:
      ------------------------------------------------------------------------------------------
      Pin                        Edge  Net                   Cell       Delay  Arrival  Required  
                                                                               Time     Time  
      ------------------------------------------------------------------------------------------
      clk                        ^     clk                   -          -      0.000    2.221  
      u_visitor/count_reg[0]/CK  ^     clk                   SDFFRHQX1  0.000  0.000    2.221  
      u_visitor/count_reg[0]/Q   ^     visitor_count_int[0]  SDFFRHQX1  0.378  0.378    2.599  
      u_visitor/g864/A           ^     visitor_count_int[0]  NAND2XL    0.000  0.378    2.599  
      u_visitor/g864/Y           v     u_visitor/n_6         NAND2XL    0.194  0.572    2.793  
      u_visitor/g882/B           v     u_visitor/n_6         NOR2BX1    0.000  0.572    2.793  
      u_visitor/g882/Y           ^     u_visitor/n_0         NOR2BX1    0.171  0.743    2.964  
      u_visitor/g856/B           ^     u_visitor/n_0         NAND2XL    0.000  0.743    2.964  
      u_visitor/g856/Y           v     u_visitor/n_11        NAND2XL    0.163  0.905    3.127  
      u_visitor/g2/B             v     u_visitor/n_11        NOR2BX1    0.000  0.905    3.127  
      u_visitor/g2/Y             ^     u_visitor/n_1         NOR2BX1    0.155  1.060    3.282  
      u_visitor/g850/B           ^     u_visitor/n_1         NAND2XL    0.000  1.060    3.282  
      u_visitor/g850/Y           v     u_visitor/n_16        NAND2XL    0.142  1.203    3.424  
      u_visitor/g846/B           v     u_visitor/n_16        NOR2XL     0.000  1.203    3.424  
      u_visitor/g846/Y           ^     u_visitor/n_20        NOR2XL     0.160  1.362    3.584  
      u_visitor/g845/A1          ^     u_visitor/n_20        AOI211X1   0.000  1.362    3.584  
      u_visitor/g845/Y           v     u_visitor/n_22        AOI211X1   0.319  1.681    3.903  
      u_visitor/g844/A           v     u_visitor/n_22        CLKINVX1   0.000  1.681    3.903  
      u_visitor/g844/Y           ^     u_visitor/n_21        CLKINVX1   0.176  1.857    4.079  
      u_visitor/g842/A           ^     u_visitor/n_21        NAND2XL    0.000  1.857    4.079  
      u_visitor/g842/Y           v     u_visitor/n_27        NAND2XL    0.410  2.268    4.489  
      u_visitor/g839/A           v     u_visitor/n_27        INVX1      0.000  2.268    4.489  
      u_visitor/g839/Y           ^     u_visitor/n_26        INVX1      0.147  2.415    4.636  
      u_visitor/count_reg[0]/SI  ^     u_visitor/n_26        SDFFRHQX1  0.000  2.415    4.636  
      ------------------------------------------------------------------------------------------
     Clock Rise Edge                      0.000
     = Beginpoint Arrival Time            0.000
     Other End Path:
      -------------------------------------------------------------------------
      Pin                        Edge  Net  Cell       Delay  Arrival  Required  
                                                              Time     Time  
      -------------------------------------------------------------------------
      clk                        ^     clk  -          -      0.000    -2.221  
      u_visitor/count_reg[0]/CK  ^     clk  SDFFRHQX1  0.000  0.000    -2.221  
      -------------------------------------------------------------------------
Path 27: MET Setup Check with Pin u_visitor/count_reg[0]/CK 
Endpoint:   u_visitor/count_reg[0]/SI (^) checked with  leading edge of 'clk'
Beginpoint: u_visitor/count_reg[1]/Q  (^) triggered by  leading edge of 'clk'
Path Groups: {clk}
Other End Arrival Time          0.000
- Setup                         0.264
+ Phase Shift                   5.000
- Uncertainty                   0.100
= Required Time                 4.636
- Arrival Time                  2.405
= Slack Time                    2.231
     Clock Rise Edge                      0.000
     = Beginpoint Arrival Time            0.000
     Timing Path:
      ------------------------------------------------------------------------------------------
      Pin                        Edge  Net                   Cell       Delay  Arrival  Required  
                                                                               Time     Time  
      ------------------------------------------------------------------------------------------
      clk                        ^     clk                   -          -      0.000    2.231  
      u_visitor/count_reg[1]/CK  ^     clk                   DFFRHQX1   0.000  0.000    2.231  
      u_visitor/count_reg[1]/Q   ^     visitor_count_int[1]  DFFRHQX1   0.372  0.372    2.603  
      u_visitor/g864/B           ^     visitor_count_int[1]  NAND2XL    0.000  0.372    2.603  
      u_visitor/g864/Y           v     u_visitor/n_6         NAND2XL    0.190  0.563    2.793  
      u_visitor/g882/B           v     u_visitor/n_6         NOR2BX1    0.000  0.563    2.793  
      u_visitor/g882/Y           ^     u_visitor/n_0         NOR2BX1    0.171  0.733    2.964  
      u_visitor/g856/B           ^     u_visitor/n_0         NAND2XL    0.000  0.733    2.964  
      u_visitor/g856/Y           v     u_visitor/n_11        NAND2XL    0.163  0.896    3.127  
      u_visitor/g2/B             v     u_visitor/n_11        NOR2BX1    0.000  0.896    3.127  
      u_visitor/g2/Y             ^     u_visitor/n_1         NOR2BX1    0.155  1.051    3.282  
      u_visitor/g850/B           ^     u_visitor/n_1         NAND2XL    0.000  1.051    3.282  
      u_visitor/g850/Y           v     u_visitor/n_16        NAND2XL    0.142  1.193    3.424  
      u_visitor/g846/B           v     u_visitor/n_16        NOR2XL     0.000  1.193    3.424  
      u_visitor/g846/Y           ^     u_visitor/n_20        NOR2XL     0.160  1.353    3.584  
      u_visitor/g845/A1          ^     u_visitor/n_20        AOI211X1   0.000  1.353    3.584  
      u_visitor/g845/Y           v     u_visitor/n_22        AOI211X1   0.319  1.672    3.903  
      u_visitor/g844/A           v     u_visitor/n_22        CLKINVX1   0.000  1.672    3.903  
      u_visitor/g844/Y           ^     u_visitor/n_21        CLKINVX1   0.176  1.848    4.079  
      u_visitor/g842/A           ^     u_visitor/n_21        NAND2XL    0.000  1.848    4.079  
      u_visitor/g842/Y           v     u_visitor/n_27        NAND2XL    0.410  2.258    4.489  
      u_visitor/g839/A           v     u_visitor/n_27        INVX1      0.000  2.258    4.489  
      u_visitor/g839/Y           ^     u_visitor/n_26        INVX1      0.147  2.405    4.636  
      u_visitor/count_reg[0]/SI  ^     u_visitor/n_26        SDFFRHQX1  0.000  2.405    4.636  
      ------------------------------------------------------------------------------------------
     Clock Rise Edge                      0.000
     = Beginpoint Arrival Time            0.000
     Other End Path:
      -------------------------------------------------------------------------
      Pin                        Edge  Net  Cell       Delay  Arrival  Required  
                                                              Time     Time  
      -------------------------------------------------------------------------
      clk                        ^     clk  -          -      0.000    -2.231  
      u_visitor/count_reg[0]/CK  ^     clk  SDFFRHQX1  0.000  0.000    -2.231  
      -------------------------------------------------------------------------
Path 28: MET Setup Check with Pin u_visitor/count_reg[3]/CK 
Endpoint:   u_visitor/count_reg[3]/D (^) checked with  leading edge of 'clk'
Beginpoint: u_visitor/count_reg[2]/Q (^) triggered by  leading edge of 'clk'
Path Groups: {clk}
Other End Arrival Time          0.000
- Setup                         0.214
+ Phase Shift                   5.000
- Uncertainty                   0.100
= Required Time                 4.686
- Arrival Time                  2.442
= Slack Time                    2.243
     Clock Rise Edge                      0.000
     = Beginpoint Arrival Time            0.000
     Timing Path:
      ------------------------------------------------------------------------------------------
      Pin                        Edge  Net                   Cell       Delay  Arrival  Required  
                                                                               Time     Time  
      ------------------------------------------------------------------------------------------
      clk                        ^     clk                   -          -      0.000    2.243  
      u_visitor/count_reg[2]/CK  ^     clk                   DFFRHQX1   0.000  0.000    2.243  
      u_visitor/count_reg[2]/Q   ^     visitor_count_int[2]  DFFRHQX1   0.385  0.385    2.628  
      u_visitor/g882/AN          ^     visitor_count_int[2]  NOR2BX1    0.000  0.385    2.628  
      u_visitor/g882/Y           ^     u_visitor/n_0         NOR2BX1    0.186  0.571    2.815  
      u_visitor/g856/B           ^     u_visitor/n_0         NAND2XL    0.000  0.571    2.815  
      u_visitor/g856/Y           v     u_visitor/n_11        NAND2XL    0.163  0.734    2.978  
      u_visitor/g2/B             v     u_visitor/n_11        NOR2BX1    0.000  0.734    2.978  
      u_visitor/g2/Y             ^     u_visitor/n_1         NOR2BX1    0.155  0.889    3.133  
      u_visitor/g850/B           ^     u_visitor/n_1         NAND2XL    0.000  0.889    3.133  
      u_visitor/g850/Y           v     u_visitor/n_16        NAND2XL    0.142  1.031    3.275  
      u_visitor/g846/B           v     u_visitor/n_16        NOR2XL     0.000  1.031    3.275  
      u_visitor/g846/Y           ^     u_visitor/n_20        NOR2XL     0.160  1.191    3.435  
      u_visitor/g845/A1          ^     u_visitor/n_20        AOI211X1   0.000  1.191    3.435  
      u_visitor/g845/Y           v     u_visitor/n_22        AOI211X1   0.319  1.510    3.754  
      u_visitor/g838/A           v     u_visitor/n_22        NOR2XL     0.000  1.510    3.754  
      u_visitor/g838/Y           ^     u_visitor/n_30        NOR2XL     0.455  1.965    4.209  
      u_visitor/g836/A           ^     u_visitor/n_30        CLKINVX1   0.000  1.965    4.209  
      u_visitor/g836/Y           v     u_visitor/n_29        CLKINVX1   0.178  2.144    4.387  
      u_visitor/g824/A1          v     u_visitor/n_29        OAI221X1   0.000  2.144    4.387  
      u_visitor/g824/Y           ^     u_visitor/n_41        OAI221X1   0.148  2.291    4.535  
      u_visitor/g821/A1N         ^     u_visitor/n_41        OAI2BB1XL  0.000  2.291    4.535  
      u_visitor/g821/Y           ^     u_visitor/n_43        OAI2BB1XL  0.151  2.442    4.686  
      u_visitor/count_reg[3]/D   ^     u_visitor/n_43        DFFRX1     0.000  2.442    4.686  
      ------------------------------------------------------------------------------------------
     Clock Rise Edge                      0.000
     = Beginpoint Arrival Time            0.000
     Other End Path:
      ----------------------------------------------------------------------
      Pin                        Edge  Net  Cell    Delay  Arrival  Required  
                                                           Time     Time  
      ----------------------------------------------------------------------
      clk                        ^     clk  -       -      0.000    -2.243  
      u_visitor/count_reg[3]/CK  ^     clk  DFFRX1  0.000  0.000    -2.243  
      ----------------------------------------------------------------------
Path 29: MET Setup Check with Pin u_visitor/count_reg[5]/CK 
Endpoint:   u_visitor/count_reg[5]/D (^) checked with  leading edge of 'clk'
Beginpoint: u_visitor/count_reg[2]/Q (^) triggered by  leading edge of 'clk'
Path Groups: {clk}
Other End Arrival Time          0.000
- Setup                         0.214
+ Phase Shift                   5.000
- Uncertainty                   0.100
= Required Time                 4.686
- Arrival Time                  2.442
= Slack Time                    2.243
     Clock Rise Edge                      0.000
     = Beginpoint Arrival Time            0.000
     Timing Path:
      ------------------------------------------------------------------------------------------
      Pin                        Edge  Net                   Cell       Delay  Arrival  Required  
                                                                               Time     Time  
      ------------------------------------------------------------------------------------------
      clk                        ^     clk                   -          -      0.000    2.243  
      u_visitor/count_reg[2]/CK  ^     clk                   DFFRHQX1   0.000  0.000    2.243  
      u_visitor/count_reg[2]/Q   ^     visitor_count_int[2]  DFFRHQX1   0.385  0.385    2.628  
      u_visitor/g882/AN          ^     visitor_count_int[2]  NOR2BX1    0.000  0.385    2.628  
      u_visitor/g882/Y           ^     u_visitor/n_0         NOR2BX1    0.186  0.571    2.815  
      u_visitor/g856/B           ^     u_visitor/n_0         NAND2XL    0.000  0.571    2.815  
      u_visitor/g856/Y           v     u_visitor/n_11        NAND2XL    0.163  0.734    2.978  
      u_visitor/g2/B             v     u_visitor/n_11        NOR2BX1    0.000  0.734    2.978  
      u_visitor/g2/Y             ^     u_visitor/n_1         NOR2BX1    0.155  0.889    3.133  
      u_visitor/g850/B           ^     u_visitor/n_1         NAND2XL    0.000  0.889    3.133  
      u_visitor/g850/Y           v     u_visitor/n_16        NAND2XL    0.142  1.031    3.275  
      u_visitor/g846/B           v     u_visitor/n_16        NOR2XL     0.000  1.031    3.275  
      u_visitor/g846/Y           ^     u_visitor/n_20        NOR2XL     0.160  1.191    3.435  
      u_visitor/g845/A1          ^     u_visitor/n_20        AOI211X1   0.000  1.191    3.435  
      u_visitor/g845/Y           v     u_visitor/n_22        AOI211X1   0.319  1.510    3.754  
      u_visitor/g838/A           v     u_visitor/n_22        NOR2XL     0.000  1.510    3.754  
      u_visitor/g838/Y           ^     u_visitor/n_30        NOR2XL     0.455  1.965    4.209  
      u_visitor/g836/A           ^     u_visitor/n_30        CLKINVX1   0.000  1.965    4.209  
      u_visitor/g836/Y           v     u_visitor/n_29        CLKINVX1   0.178  2.144    4.387  
      u_visitor/g826/A1          v     u_visitor/n_29        OAI221X1   0.000  2.144    4.387  
      u_visitor/g826/Y           ^     u_visitor/n_39        OAI221X1   0.148  2.291    4.535  
      u_visitor/g820/A1N         ^     u_visitor/n_39        OAI2BB1XL  0.000  2.291    4.535  
      u_visitor/g820/Y           ^     u_visitor/n_44        OAI2BB1XL  0.151  2.442    4.686  
      u_visitor/count_reg[5]/D   ^     u_visitor/n_44        DFFRX1     0.000  2.442    4.686  
      ------------------------------------------------------------------------------------------
     Clock Rise Edge                      0.000
     = Beginpoint Arrival Time            0.000
     Other End Path:
      ----------------------------------------------------------------------
      Pin                        Edge  Net  Cell    Delay  Arrival  Required  
                                                           Time     Time  
      ----------------------------------------------------------------------
      clk                        ^     clk  -       -      0.000    -2.243  
      u_visitor/count_reg[5]/CK  ^     clk  DFFRX1  0.000  0.000    -2.243  
      ----------------------------------------------------------------------
Path 30: MET Setup Check with Pin u_visitor/count_reg[6]/CK 
Endpoint:   u_visitor/count_reg[6]/D (^) checked with  leading edge of 'clk'
Beginpoint: u_visitor/count_reg[0]/Q (^) triggered by  leading edge of 'clk'
Path Groups: {clk}
Other End Arrival Time          0.000
- Setup                         0.217
+ Phase Shift                   5.000
- Uncertainty                   0.100
= Required Time                 4.683
- Arrival Time                  2.436
= Slack Time                    2.246
     Clock Rise Edge                      0.000
     = Beginpoint Arrival Time            0.000
     Timing Path:
      ------------------------------------------------------------------------------------------
      Pin                        Edge  Net                   Cell       Delay  Arrival  Required  
                                                                               Time     Time  
      ------------------------------------------------------------------------------------------
      clk                        ^     clk                   -          -      0.000    2.246  
      u_visitor/count_reg[0]/CK  ^     clk                   SDFFRHQX1  0.000  0.000    2.246  
      u_visitor/count_reg[0]/Q   ^     visitor_count_int[0]  SDFFRHQX1  0.378  0.378    2.624  
      u_visitor/g864/A           ^     visitor_count_int[0]  NAND2XL    0.000  0.378    2.624  
      u_visitor/g864/Y           v     u_visitor/n_6         NAND2XL    0.194  0.572    2.818  
      u_visitor/g882/B           v     u_visitor/n_6         NOR2BX1    0.000  0.572    2.818  
      u_visitor/g882/Y           ^     u_visitor/n_0         NOR2BX1    0.171  0.743    2.989  
      u_visitor/g856/B           ^     u_visitor/n_0         NAND2XL    0.000  0.743    2.989  
      u_visitor/g856/Y           v     u_visitor/n_11        NAND2XL    0.163  0.905    3.152  
      u_visitor/g2/B             v     u_visitor/n_11        NOR2BX1    0.000  0.905    3.152  
      u_visitor/g2/Y             ^     u_visitor/n_1         NOR2BX1    0.155  1.060    3.307  
      u_visitor/g850/B           ^     u_visitor/n_1         NAND2XL    0.000  1.060    3.307  
      u_visitor/g850/Y           v     u_visitor/n_16        NAND2XL    0.142  1.203    3.449  
      u_visitor/g846/B           v     u_visitor/n_16        NOR2XL     0.000  1.203    3.449  
      u_visitor/g846/Y           ^     u_visitor/n_20        NOR2XL     0.160  1.362    3.609  
      u_visitor/g845/A1          ^     u_visitor/n_20        AOI211X1   0.000  1.362    3.609  
      u_visitor/g845/Y           v     u_visitor/n_22        AOI211X1   0.319  1.681    3.928  
      u_visitor/g838/A           v     u_visitor/n_22        NOR2XL     0.000  1.681    3.928  
      u_visitor/g838/Y           ^     u_visitor/n_30        NOR2XL     0.455  2.137    4.383  
      u_visitor/g816/A1          ^     u_visitor/n_30        AOI222XL   0.000  2.137    4.383  
      u_visitor/g816/Y           v     u_visitor/n_47        AOI222XL   0.209  2.345    4.592  
      u_visitor/g814/A           v     u_visitor/n_47        INVXL      0.000  2.345    4.592  
      u_visitor/g814/Y           ^     u_visitor/n_49        INVXL      0.091  2.436    4.683  
      u_visitor/count_reg[6]/D   ^     u_visitor/n_49        DFFRX1     0.000  2.436    4.683  
      ------------------------------------------------------------------------------------------
     Clock Rise Edge                      0.000
     = Beginpoint Arrival Time            0.000
     Other End Path:
      ----------------------------------------------------------------------
      Pin                        Edge  Net  Cell    Delay  Arrival  Required  
                                                           Time     Time  
      ----------------------------------------------------------------------
      clk                        ^     clk  -       -      0.000    -2.246  
      u_visitor/count_reg[6]/CK  ^     clk  DFFRX1  0.000  0.000    -2.246  
      ----------------------------------------------------------------------

