###############################################################
#  Generated by:      Cadence Tempus 20.10-p003_1
#  OS:                Linux x86_64(Host ID edatools-server2.iiitd.edu.in)
#  Generated on:      Mon Oct 27 18:15:01 2025
#  Design:            HA
#  Command:           report_timing -retime path_slew_propagation -max_paths 30 -nworst 30 -path_type full_clock > $report_dir/pba.rpt
###############################################################
Path 1: MET Setup Check with Pin u_visitor/count_reg[6]/CK 
Endpoint:   u_visitor/count_reg[6]/D (^) checked with  leading edge of 'clk'
Beginpoint: u_visitor/count_reg[0]/Q (^) triggered by  leading edge of 'clk'
Path Groups: {clk}
Retime Analysis { Data Path-Slew }
Other End Arrival Time          0.000
- Setup                         0.175
+ Phase Shift                   5.000
- Uncertainty                   0.100
= Required Time                 4.725
- Arrival Time                  2.607
= Slack Time                    2.119
= Slack Time(original)          2.041
     Clock Rise Edge                      0.000
     = Beginpoint Arrival Time            0.000
     Timing Path:
      -------------------------------------------------------------------------
      Instance                Arc          Cell       Retime  Arrival  Required  
                                                      Delay   Time     Time  
      -------------------------------------------------------------------------
      -                       clk ^        -          -       0.000    2.119  
      u_visitor/count_reg[0]  -            SDFFRHQX1  0.000   0.000    2.119  
      u_visitor/count_reg[0]  CK ^ -> Q ^  SDFFRHQX1  0.378   0.378    2.497  
      u_visitor/g864          -            NAND2XL    0.000   0.378    2.497  
      u_visitor/g864          A ^ -> Y v   NAND2XL    0.194   0.572    2.691  
      u_visitor/g882          -            NOR2BX1    0.000   0.572    2.691  
      u_visitor/g882          B v -> Y ^   NOR2BX1    0.171   0.742    2.861  
      u_visitor/g856          -            NAND2XL    0.000   0.742    2.861  
      u_visitor/g856          B ^ -> Y v   NAND2XL    0.163   0.905    3.024  
      u_visitor/g2            -            NOR2BX1    0.000   0.905    3.024  
      u_visitor/g2            B v -> Y ^   NOR2BX1    0.155   1.060    3.179  
      u_visitor/g850          -            NAND2XL    0.000   1.060    3.179  
      u_visitor/g850          B ^ -> Y v   NAND2XL    0.142   1.203    3.321  
      u_visitor/g846          -            NOR2XL     0.000   1.203    3.321  
      u_visitor/g846          B v -> Y ^   NOR2XL     0.160   1.363    3.481  
      u_visitor/g845          -            AOI211X1   0.000   1.363    3.481  
      u_visitor/g845          A1 ^ -> Y v  AOI211X1   0.319   1.682    3.800  
      u_visitor/g838          -            NOR2XL     0.000   1.682    3.800  
      u_visitor/g838          A v -> Y ^   NOR2XL     0.455   2.137    4.256  
      u_visitor/g836          -            CLKINVX1   0.000   2.137    4.256  
      u_visitor/g836          A ^ -> Y v   CLKINVX1   0.179   2.316    4.434  
      u_visitor/g829          -            OAI211X1   0.000   2.316    4.434  
      u_visitor/g829          A1 v -> Y ^  OAI211X1   0.130   2.445    4.564  
      u_visitor/g816          -            AOI222XL   0.000   2.445    4.564  
      u_visitor/g816          C0 ^ -> Y v  AOI222XL   0.098   2.544    4.662  
      u_visitor/g814          -            INVXL      0.000   2.544    4.662  
      u_visitor/g814          A v -> Y ^   INVXL      0.063   2.607    4.725  
      u_visitor/count_reg[6]  -            DFFRX1     0.000   2.607    4.725  
      -------------------------------------------------------------------------
     Clock Rise Edge                      0.000
     = Beginpoint Arrival Time            0.000
     Other End Path:
      ----------------------------------------------------------------
      Instance                Arc    Cell    Retime  Arrival  Required  
                                             Delay   Time     Time  
      ----------------------------------------------------------------
      -                       clk ^  -       -       0.000    -2.119  
      u_visitor/count_reg[6]  -      DFFRX1  0.000   0.000    -2.119  
      ----------------------------------------------------------------
Path 2: MET Setup Check with Pin u_visitor/count_reg[6]/CK 
Endpoint:   u_visitor/count_reg[6]/D (^) checked with  leading edge of 'clk'
Beginpoint: u_visitor/count_reg[1]/Q (^) triggered by  leading edge of 'clk'
Path Groups: {clk}
Retime Analysis { Data Path-Slew }
Other End Arrival Time          0.000
- Setup                         0.175
+ Phase Shift                   5.000
- Uncertainty                   0.100
= Required Time                 4.725
- Arrival Time                  2.596
= Slack Time                    2.129
= Slack Time(original)          2.050
     Clock Rise Edge                      0.000
     = Beginpoint Arrival Time            0.000
     Timing Path:
      ------------------------------------------------------------------------
      Instance                Arc          Cell      Retime  Arrival  Required  
                                                     Delay   Time     Time  
      ------------------------------------------------------------------------
      -                       clk ^        -         -       0.000    2.129  
      u_visitor/count_reg[1]  -            DFFRHQX1  0.000   0.000    2.129  
      u_visitor/count_reg[1]  CK ^ -> Q ^  DFFRHQX1  0.372   0.372    2.501  
      u_visitor/g864          -            NAND2XL   0.000   0.372    2.501  
      u_visitor/g864          B ^ -> Y v   NAND2XL   0.190   0.562    2.691  
      u_visitor/g882          -            NOR2BX1   0.000   0.562    2.691  
      u_visitor/g882          B v -> Y ^   NOR2BX1   0.170   0.733    2.861  
      u_visitor/g856          -            NAND2XL   0.000   0.733    2.861  
      u_visitor/g856          B ^ -> Y v   NAND2XL   0.163   0.895    3.024  
      u_visitor/g2            -            NOR2BX1   0.000   0.895    3.024  
      u_visitor/g2            B v -> Y ^   NOR2BX1   0.155   1.050    3.179  
      u_visitor/g850          -            NAND2XL   0.000   1.050    3.179  
      u_visitor/g850          B ^ -> Y v   NAND2XL   0.142   1.193    3.321  
      u_visitor/g846          -            NOR2XL    0.000   1.193    3.321  
      u_visitor/g846          B v -> Y ^   NOR2XL    0.160   1.352    3.481  
      u_visitor/g845          -            AOI211X1  0.000   1.352    3.481  
      u_visitor/g845          A1 ^ -> Y v  AOI211X1  0.319   1.672    3.800  
      u_visitor/g838          -            NOR2XL    0.000   1.672    3.800  
      u_visitor/g838          A v -> Y ^   NOR2XL    0.455   2.127    4.256  
      u_visitor/g836          -            CLKINVX1  0.000   2.127    4.256  
      u_visitor/g836          A ^ -> Y v   CLKINVX1  0.179   2.306    4.434  
      u_visitor/g829          -            OAI211X1  0.000   2.306    4.434  
      u_visitor/g829          A1 v -> Y ^  OAI211X1  0.130   2.435    4.564  
      u_visitor/g816          -            AOI222XL  0.000   2.435    4.564  
      u_visitor/g816          C0 ^ -> Y v  AOI222XL  0.098   2.533    4.662  
      u_visitor/g814          -            INVXL     0.000   2.533    4.662  
      u_visitor/g814          A v -> Y ^   INVXL     0.063   2.597    4.725  
      u_visitor/count_reg[6]  -            DFFRX1    0.000   2.597    4.725  
      ------------------------------------------------------------------------
     Clock Rise Edge                      0.000
     = Beginpoint Arrival Time            0.000
     Other End Path:
      ----------------------------------------------------------------
      Instance                Arc    Cell    Retime  Arrival  Required  
                                             Delay   Time     Time  
      ----------------------------------------------------------------
      -                       clk ^  -       -       0.000    -2.129  
      u_visitor/count_reg[6]  -      DFFRX1  0.000   0.000    -2.129  
      ----------------------------------------------------------------
Path 3: MET Setup Check with Pin u_visitor/count_reg[3]/CK 
Endpoint:   u_visitor/count_reg[3]/D (^) checked with  leading edge of 'clk'
Beginpoint: u_visitor/count_reg[0]/Q (^) triggered by  leading edge of 'clk'
Path Groups: {clk}
Retime Analysis { Data Path-Slew }
Other End Arrival Time          0.000
- Setup                         0.180
+ Phase Shift                   5.000
- Uncertainty                   0.100
= Required Time                 4.720
- Arrival Time                  2.606
= Slack Time                    2.114
= Slack Time(original)          2.072
     Clock Rise Edge                      0.000
     = Beginpoint Arrival Time            0.000
     Timing Path:
      --------------------------------------------------------------------------
      Instance                Arc           Cell       Retime  Arrival  Required  
                                                       Delay   Time     Time  
      --------------------------------------------------------------------------
      -                       clk ^         -          -       0.000    2.114  
      u_visitor/count_reg[0]  -             SDFFRHQX1  0.000   0.000    2.114  
      u_visitor/count_reg[0]  CK ^ -> Q ^   SDFFRHQX1  0.378   0.378    2.492  
      u_visitor/g864          -             NAND2XL    0.000   0.378    2.492  
      u_visitor/g864          A ^ -> Y v    NAND2XL    0.194   0.572    2.686  
      u_visitor/g882          -             NOR2BX1    0.000   0.572    2.686  
      u_visitor/g882          B v -> Y ^    NOR2BX1    0.171   0.743    2.856  
      u_visitor/g856          -             NAND2XL    0.000   0.743    2.856  
      u_visitor/g856          B ^ -> Y v    NAND2XL    0.163   0.905    3.019  
      u_visitor/g2            -             NOR2BX1    0.000   0.905    3.019  
      u_visitor/g2            B v -> Y ^    NOR2BX1    0.155   1.060    3.174  
      u_visitor/g850          -             NAND2XL    0.000   1.060    3.174  
      u_visitor/g850          B ^ -> Y v    NAND2XL    0.142   1.203    3.317  
      u_visitor/g846          -             NOR2XL     0.000   1.203    3.317  
      u_visitor/g846          B v -> Y ^    NOR2XL     0.160   1.363    3.476  
      u_visitor/g845          -             AOI211X1   0.000   1.363    3.476  
      u_visitor/g845          A1 ^ -> Y v   AOI211X1   0.319   1.682    3.796  
      u_visitor/g838          -             NOR2XL     0.000   1.682    3.796  
      u_visitor/g838          A v -> Y ^    NOR2XL     0.455   2.137    4.251  
      u_visitor/g836          -             CLKINVX1   0.000   2.137    4.251  
      u_visitor/g836          A ^ -> Y v    CLKINVX1   0.179   2.316    4.430  
      u_visitor/g824          -             OAI221X1   0.000   2.316    4.430  
      u_visitor/g824          A1 v -> Y ^   OAI221X1   0.147   2.463    4.577  
      u_visitor/g821          -             OAI2BB1XL  0.000   2.463    4.577  
      u_visitor/g821          A1N ^ -> Y ^  OAI2BB1XL  0.143   2.606    4.720  
      u_visitor/count_reg[3]  -             DFFRX1     0.000   2.606    4.720  
      --------------------------------------------------------------------------
     Clock Rise Edge                      0.000
     = Beginpoint Arrival Time            0.000
     Other End Path:
      ----------------------------------------------------------------
      Instance                Arc    Cell    Retime  Arrival  Required  
                                             Delay   Time     Time  
      ----------------------------------------------------------------
      -                       clk ^  -       -       0.000    -2.114  
      u_visitor/count_reg[3]  -      DFFRX1  0.000   0.000    -2.114  
      ----------------------------------------------------------------
Path 4: MET Setup Check with Pin u_visitor/count_reg[5]/CK 
Endpoint:   u_visitor/count_reg[5]/D (^) checked with  leading edge of 'clk'
Beginpoint: u_visitor/count_reg[0]/Q (^) triggered by  leading edge of 'clk'
Path Groups: {clk}
Retime Analysis { Data Path-Slew }
Other End Arrival Time          0.000
- Setup                         0.180
+ Phase Shift                   5.000
- Uncertainty                   0.100
= Required Time                 4.720
- Arrival Time                  2.606
= Slack Time                    2.114
= Slack Time(original)          2.072
     Clock Rise Edge                      0.000
     = Beginpoint Arrival Time            0.000
     Timing Path:
      --------------------------------------------------------------------------
      Instance                Arc           Cell       Retime  Arrival  Required  
                                                       Delay   Time     Time  
      --------------------------------------------------------------------------
      -                       clk ^         -          -       0.000    2.114  
      u_visitor/count_reg[0]  -             SDFFRHQX1  0.000   0.000    2.114  
      u_visitor/count_reg[0]  CK ^ -> Q ^   SDFFRHQX1  0.378   0.378    2.492  
      u_visitor/g864          -             NAND2XL    0.000   0.378    2.492  
      u_visitor/g864          A ^ -> Y v    NAND2XL    0.194   0.572    2.686  
      u_visitor/g882          -             NOR2BX1    0.000   0.572    2.686  
      u_visitor/g882          B v -> Y ^    NOR2BX1    0.171   0.743    2.856  
      u_visitor/g856          -             NAND2XL    0.000   0.743    2.856  
      u_visitor/g856          B ^ -> Y v    NAND2XL    0.163   0.905    3.019  
      u_visitor/g2            -             NOR2BX1    0.000   0.905    3.019  
      u_visitor/g2            B v -> Y ^    NOR2BX1    0.155   1.060    3.174  
      u_visitor/g850          -             NAND2XL    0.000   1.060    3.174  
      u_visitor/g850          B ^ -> Y v    NAND2XL    0.142   1.203    3.317  
      u_visitor/g846          -             NOR2XL     0.000   1.203    3.317  
      u_visitor/g846          B v -> Y ^    NOR2XL     0.160   1.363    3.476  
      u_visitor/g845          -             AOI211X1   0.000   1.363    3.476  
      u_visitor/g845          A1 ^ -> Y v   AOI211X1   0.319   1.682    3.796  
      u_visitor/g838          -             NOR2XL     0.000   1.682    3.796  
      u_visitor/g838          A v -> Y ^    NOR2XL     0.455   2.137    4.251  
      u_visitor/g836          -             CLKINVX1   0.000   2.137    4.251  
      u_visitor/g836          A ^ -> Y v    CLKINVX1   0.179   2.316    4.430  
      u_visitor/g826          -             OAI221X1   0.000   2.316    4.430  
      u_visitor/g826          A1 v -> Y ^   OAI221X1   0.147   2.463    4.577  
      u_visitor/g820          -             OAI2BB1XL  0.000   2.463    4.577  
      u_visitor/g820          A1N ^ -> Y ^  OAI2BB1XL  0.143   2.606    4.720  
      u_visitor/count_reg[5]  -             DFFRX1     0.000   2.606    4.720  
      --------------------------------------------------------------------------
     Clock Rise Edge                      0.000
     = Beginpoint Arrival Time            0.000
     Other End Path:
      ----------------------------------------------------------------
      Instance                Arc    Cell    Retime  Arrival  Required  
                                             Delay   Time     Time  
      ----------------------------------------------------------------
      -                       clk ^  -       -       0.000    -2.114  
      u_visitor/count_reg[5]  -      DFFRX1  0.000   0.000    -2.114  
      ----------------------------------------------------------------
Path 5: MET Setup Check with Pin u_visitor/count_reg[3]/CK 
Endpoint:   u_visitor/count_reg[3]/D (^) checked with  leading edge of 'clk'
Beginpoint: u_visitor/count_reg[1]/Q (^) triggered by  leading edge of 'clk'
Path Groups: {clk}
Retime Analysis { Data Path-Slew }
Other End Arrival Time          0.000
- Setup                         0.180
+ Phase Shift                   5.000
- Uncertainty                   0.100
= Required Time                 4.720
- Arrival Time                  2.596
= Slack Time                    2.124
= Slack Time(original)          2.082
     Clock Rise Edge                      0.000
     = Beginpoint Arrival Time            0.000
     Timing Path:
      --------------------------------------------------------------------------
      Instance                Arc           Cell       Retime  Arrival  Required  
                                                       Delay   Time     Time  
      --------------------------------------------------------------------------
      -                       clk ^         -          -       0.000    2.124  
      u_visitor/count_reg[1]  -             DFFRHQX1   0.000   0.000    2.124  
      u_visitor/count_reg[1]  CK ^ -> Q ^   DFFRHQX1   0.372   0.372    2.496  
      u_visitor/g864          -             NAND2XL    0.000   0.372    2.496  
      u_visitor/g864          B ^ -> Y v    NAND2XL    0.190   0.563    2.686  
      u_visitor/g882          -             NOR2BX1    0.000   0.563    2.686  
      u_visitor/g882          B v -> Y ^    NOR2BX1    0.170   0.733    2.857  
      u_visitor/g856          -             NAND2XL    0.000   0.733    2.857  
      u_visitor/g856          B ^ -> Y v    NAND2XL    0.163   0.895    3.019  
      u_visitor/g2            -             NOR2BX1    0.000   0.895    3.019  
      u_visitor/g2            B v -> Y ^    NOR2BX1    0.155   1.050    3.174  
      u_visitor/g850          -             NAND2XL    0.000   1.050    3.174  
      u_visitor/g850          B ^ -> Y v    NAND2XL    0.142   1.193    3.317  
      u_visitor/g846          -             NOR2XL     0.000   1.193    3.317  
      u_visitor/g846          B v -> Y ^    NOR2XL     0.160   1.352    3.476  
      u_visitor/g845          -             AOI211X1   0.000   1.352    3.476  
      u_visitor/g845          A1 ^ -> Y v   AOI211X1   0.319   1.672    3.795  
      u_visitor/g838          -             NOR2XL     0.000   1.672    3.795  
      u_visitor/g838          A v -> Y ^    NOR2XL     0.455   2.127    4.251  
      u_visitor/g836          -             CLKINVX1   0.000   2.127    4.251  
      u_visitor/g836          A ^ -> Y v    CLKINVX1   0.179   2.306    4.430  
      u_visitor/g824          -             OAI221X1   0.000   2.306    4.430  
      u_visitor/g824          A1 v -> Y ^   OAI221X1   0.147   2.453    4.577  
      u_visitor/g821          -             OAI2BB1XL  0.000   2.453    4.577  
      u_visitor/g821          A1N ^ -> Y ^  OAI2BB1XL  0.143   2.596    4.720  
      u_visitor/count_reg[3]  -             DFFRX1     0.000   2.596    4.720  
      --------------------------------------------------------------------------
     Clock Rise Edge                      0.000
     = Beginpoint Arrival Time            0.000
     Other End Path:
      ----------------------------------------------------------------
      Instance                Arc    Cell    Retime  Arrival  Required  
                                             Delay   Time     Time  
      ----------------------------------------------------------------
      -                       clk ^  -       -       0.000    -2.124  
      u_visitor/count_reg[3]  -      DFFRX1  0.000   0.000    -2.124  
      ----------------------------------------------------------------
Path 6: MET Setup Check with Pin u_visitor/count_reg[5]/CK 
Endpoint:   u_visitor/count_reg[5]/D (^) checked with  leading edge of 'clk'
Beginpoint: u_visitor/count_reg[1]/Q (^) triggered by  leading edge of 'clk'
Path Groups: {clk}
Retime Analysis { Data Path-Slew }
Other End Arrival Time          0.000
- Setup                         0.180
+ Phase Shift                   5.000
- Uncertainty                   0.100
= Required Time                 4.720
- Arrival Time                  2.596
= Slack Time                    2.124
= Slack Time(original)          2.082
     Clock Rise Edge                      0.000
     = Beginpoint Arrival Time            0.000
     Timing Path:
      --------------------------------------------------------------------------
      Instance                Arc           Cell       Retime  Arrival  Required  
                                                       Delay   Time     Time  
      --------------------------------------------------------------------------
      -                       clk ^         -          -       0.000    2.124  
      u_visitor/count_reg[1]  -             DFFRHQX1   0.000   0.000    2.124  
      u_visitor/count_reg[1]  CK ^ -> Q ^   DFFRHQX1   0.372   0.372    2.496  
      u_visitor/g864          -             NAND2XL    0.000   0.372    2.496  
      u_visitor/g864          B ^ -> Y v    NAND2XL    0.190   0.563    2.686  
      u_visitor/g882          -             NOR2BX1    0.000   0.563    2.686  
      u_visitor/g882          B v -> Y ^    NOR2BX1    0.170   0.733    2.857  
      u_visitor/g856          -             NAND2XL    0.000   0.733    2.857  
      u_visitor/g856          B ^ -> Y v    NAND2XL    0.163   0.895    3.019  
      u_visitor/g2            -             NOR2BX1    0.000   0.895    3.019  
      u_visitor/g2            B v -> Y ^    NOR2BX1    0.155   1.050    3.174  
      u_visitor/g850          -             NAND2XL    0.000   1.050    3.174  
      u_visitor/g850          B ^ -> Y v    NAND2XL    0.142   1.193    3.317  
      u_visitor/g846          -             NOR2XL     0.000   1.193    3.317  
      u_visitor/g846          B v -> Y ^    NOR2XL     0.160   1.352    3.476  
      u_visitor/g845          -             AOI211X1   0.000   1.352    3.476  
      u_visitor/g845          A1 ^ -> Y v   AOI211X1   0.319   1.672    3.795  
      u_visitor/g838          -             NOR2XL     0.000   1.672    3.795  
      u_visitor/g838          A v -> Y ^    NOR2XL     0.455   2.127    4.251  
      u_visitor/g836          -             CLKINVX1   0.000   2.127    4.251  
      u_visitor/g836          A ^ -> Y v    CLKINVX1   0.179   2.306    4.430  
      u_visitor/g826          -             OAI221X1   0.000   2.306    4.430  
      u_visitor/g826          A1 v -> Y ^   OAI221X1   0.147   2.453    4.577  
      u_visitor/g820          -             OAI2BB1XL  0.000   2.453    4.577  
      u_visitor/g820          A1N ^ -> Y ^  OAI2BB1XL  0.143   2.596    4.720  
      u_visitor/count_reg[5]  -             DFFRX1     0.000   2.596    4.720  
      --------------------------------------------------------------------------
     Clock Rise Edge                      0.000
     = Beginpoint Arrival Time            0.000
     Other End Path:
      ----------------------------------------------------------------
      Instance                Arc    Cell    Retime  Arrival  Required  
                                             Delay   Time     Time  
      ----------------------------------------------------------------
      -                       clk ^  -       -       0.000    -2.124  
      u_visitor/count_reg[5]  -      DFFRX1  0.000   0.000    -2.124  
      ----------------------------------------------------------------
Path 7: MET Setup Check with Pin u_visitor/count_reg[4]/CK 
Endpoint:   u_visitor/count_reg[4]/D (^) checked with  leading edge of 'clk'
Beginpoint: u_visitor/count_reg[0]/Q (^) triggered by  leading edge of 'clk'
Path Groups: {clk}
Retime Analysis { Data Path-Slew }
Other End Arrival Time          0.000
- Setup                         0.146
+ Phase Shift                   5.000
- Uncertainty                   0.100
= Required Time                 4.754
- Arrival Time                  2.615
= Slack Time                    2.139
= Slack Time(original)          2.101
     Clock Rise Edge                      0.000
     = Beginpoint Arrival Time            0.000
     Timing Path:
      -------------------------------------------------------------------------
      Instance                Arc          Cell       Retime  Arrival  Required  
                                                      Delay   Time     Time  
      -------------------------------------------------------------------------
      -                       clk ^        -          -       0.000    2.139  
      u_visitor/count_reg[0]  -            SDFFRHQX1  0.000   0.000    2.139  
      u_visitor/count_reg[0]  CK ^ -> Q ^  SDFFRHQX1  0.378   0.378    2.517  
      u_visitor/g864          -            NAND2XL    0.000   0.378    2.517  
      u_visitor/g864          A ^ -> Y v   NAND2XL    0.194   0.572    2.710  
      u_visitor/g882          -            NOR2BX1    0.000   0.572    2.710  
      u_visitor/g882          B v -> Y ^   NOR2BX1    0.171   0.743    2.881  
      u_visitor/g856          -            NAND2XL    0.000   0.743    2.881  
      u_visitor/g856          B ^ -> Y v   NAND2XL    0.163   0.905    3.044  
      u_visitor/g2            -            NOR2BX1    0.000   0.905    3.044  
      u_visitor/g2            B v -> Y ^   NOR2BX1    0.155   1.060    3.199  
      u_visitor/g850          -            NAND2XL    0.000   1.060    3.199  
      u_visitor/g850          B ^ -> Y v   NAND2XL    0.142   1.203    3.341  
      u_visitor/g846          -            NOR2XL     0.000   1.203    3.341  
      u_visitor/g846          B v -> Y ^   NOR2XL     0.160   1.363    3.501  
      u_visitor/g845          -            AOI211X1   0.000   1.363    3.501  
      u_visitor/g845          A1 ^ -> Y v  AOI211X1   0.319   1.682    3.820  
      u_visitor/g838          -            NOR2XL     0.000   1.682    3.820  
      u_visitor/g838          A v -> Y ^   NOR2XL     0.455   2.137    4.276  
      u_visitor/g836          -            CLKINVX1   0.000   2.137    4.276  
      u_visitor/g836          A ^ -> Y v   CLKINVX1   0.179   2.316    4.454  
      u_visitor/g830          -            OAI211X1   0.000   2.316    4.454  
      u_visitor/g830          A1 v -> Y ^  OAI211X1   0.130   2.445    4.584  
      u_visitor/g815          -            AOI222XL   0.000   2.445    4.584  
      u_visitor/g815          C0 ^ -> Y v  AOI222XL   0.098   2.544    4.682  
      u_visitor/g813          -            INVXL      0.000   2.544    4.682  
      u_visitor/g813          A v -> Y ^   INVXL      0.072   2.615    4.754  
      u_visitor/count_reg[4]  -            DFFRHQX1   0.000   2.615    4.754  
      -------------------------------------------------------------------------
     Clock Rise Edge                      0.000
     = Beginpoint Arrival Time            0.000
     Other End Path:
      ------------------------------------------------------------------
      Instance                Arc    Cell      Retime  Arrival  Required  
                                               Delay   Time     Time  
      ------------------------------------------------------------------
      -                       clk ^  -         -       0.000    -2.139  
      u_visitor/count_reg[4]  -      DFFRHQX1  0.000   0.000    -2.139  
      ------------------------------------------------------------------
Path 8: MET Setup Check with Pin u_visitor/count_reg[2]/CK 
Endpoint:   u_visitor/count_reg[2]/D (^) checked with  leading edge of 'clk'
Beginpoint: u_visitor/count_reg[0]/Q (^) triggered by  leading edge of 'clk'
Path Groups: {clk}
Retime Analysis { Data Path-Slew }
Other End Arrival Time          0.000
- Setup                         0.146
+ Phase Shift                   5.000
- Uncertainty                   0.100
= Required Time                 4.754
- Arrival Time                  2.615
= Slack Time                    2.139
= Slack Time(original)          2.101
     Clock Rise Edge                      0.000
     = Beginpoint Arrival Time            0.000
     Timing Path:
      -------------------------------------------------------------------------
      Instance                Arc          Cell       Retime  Arrival  Required  
                                                      Delay   Time     Time  
      -------------------------------------------------------------------------
      -                       clk ^        -          -       0.000    2.139  
      u_visitor/count_reg[0]  -            SDFFRHQX1  0.000   0.000    2.139  
      u_visitor/count_reg[0]  CK ^ -> Q ^  SDFFRHQX1  0.378   0.378    2.517  
      u_visitor/g864          -            NAND2XL    0.000   0.378    2.517  
      u_visitor/g864          A ^ -> Y v   NAND2XL    0.194   0.572    2.710  
      u_visitor/g882          -            NOR2BX1    0.000   0.572    2.710  
      u_visitor/g882          B v -> Y ^   NOR2BX1    0.171   0.743    2.881  
      u_visitor/g856          -            NAND2XL    0.000   0.743    2.881  
      u_visitor/g856          B ^ -> Y v   NAND2XL    0.163   0.905    3.044  
      u_visitor/g2            -            NOR2BX1    0.000   0.905    3.044  
      u_visitor/g2            B v -> Y ^   NOR2BX1    0.155   1.060    3.199  
      u_visitor/g850          -            NAND2XL    0.000   1.060    3.199  
      u_visitor/g850          B ^ -> Y v   NAND2XL    0.142   1.203    3.341  
      u_visitor/g846          -            NOR2XL     0.000   1.203    3.341  
      u_visitor/g846          B v -> Y ^   NOR2XL     0.160   1.363    3.501  
      u_visitor/g845          -            AOI211X1   0.000   1.363    3.501  
      u_visitor/g845          A1 ^ -> Y v  AOI211X1   0.319   1.682    3.820  
      u_visitor/g838          -            NOR2XL     0.000   1.682    3.820  
      u_visitor/g838          A v -> Y ^   NOR2XL     0.455   2.137    4.276  
      u_visitor/g836          -            CLKINVX1   0.000   2.137    4.276  
      u_visitor/g836          A ^ -> Y v   CLKINVX1   0.179   2.316    4.454  
      u_visitor/g828          -            OAI211X1   0.000   2.316    4.454  
      u_visitor/g828          A1 v -> Y ^  OAI211X1   0.130   2.445    4.584  
      u_visitor/g819          -            AOI222XL   0.000   2.445    4.584  
      u_visitor/g819          C0 ^ -> Y v  AOI222XL   0.098   2.544    4.682  
      u_visitor/g818          -            INVXL      0.000   2.544    4.682  
      u_visitor/g818          A v -> Y ^   INVXL      0.072   2.615    4.754  
      u_visitor/count_reg[2]  -            DFFRHQX1   0.000   2.615    4.754  
      -------------------------------------------------------------------------
     Clock Rise Edge                      0.000
     = Beginpoint Arrival Time            0.000
     Other End Path:
      ------------------------------------------------------------------
      Instance                Arc    Cell      Retime  Arrival  Required  
                                               Delay   Time     Time  
      ------------------------------------------------------------------
      -                       clk ^  -         -       0.000    -2.139  
      u_visitor/count_reg[2]  -      DFFRHQX1  0.000   0.000    -2.139  
      ------------------------------------------------------------------
Path 9: MET Setup Check with Pin u_visitor/count_reg[4]/CK 
Endpoint:   u_visitor/count_reg[4]/D (^) checked with  leading edge of 'clk'
Beginpoint: u_visitor/count_reg[1]/Q (^) triggered by  leading edge of 'clk'
Path Groups: {clk}
Retime Analysis { Data Path-Slew }
Other End Arrival Time          0.000
- Setup                         0.146
+ Phase Shift                   5.000
- Uncertainty                   0.100
= Required Time                 4.754
- Arrival Time                  2.605
= Slack Time                    2.149
= Slack Time(original)          2.110
     Clock Rise Edge                      0.000
     = Beginpoint Arrival Time            0.000
     Timing Path:
      ------------------------------------------------------------------------
      Instance                Arc          Cell      Retime  Arrival  Required  
                                                     Delay   Time     Time  
      ------------------------------------------------------------------------
      -                       clk ^        -         -       0.000    2.149  
      u_visitor/count_reg[1]  -            DFFRHQX1  0.000   0.000    2.149  
      u_visitor/count_reg[1]  CK ^ -> Q ^  DFFRHQX1  0.372   0.372    2.521  
      u_visitor/g864          -            NAND2XL   0.000   0.372    2.521  
      u_visitor/g864          B ^ -> Y v   NAND2XL   0.190   0.563    2.711  
      u_visitor/g882          -            NOR2BX1   0.000   0.563    2.711  
      u_visitor/g882          B v -> Y ^   NOR2BX1   0.170   0.733    2.881  
      u_visitor/g856          -            NAND2XL   0.000   0.733    2.881  
      u_visitor/g856          B ^ -> Y v   NAND2XL   0.163   0.895    3.044  
      u_visitor/g2            -            NOR2BX1   0.000   0.895    3.044  
      u_visitor/g2            B v -> Y ^   NOR2BX1   0.155   1.050    3.199  
      u_visitor/g850          -            NAND2XL   0.000   1.050    3.199  
      u_visitor/g850          B ^ -> Y v   NAND2XL   0.142   1.193    3.341  
      u_visitor/g846          -            NOR2XL    0.000   1.193    3.341  
      u_visitor/g846          B v -> Y ^   NOR2XL    0.160   1.353    3.501  
      u_visitor/g845          -            AOI211X1  0.000   1.353    3.501  
      u_visitor/g845          A1 ^ -> Y v  AOI211X1  0.319   1.672    3.820  
      u_visitor/g838          -            NOR2XL    0.000   1.672    3.820  
      u_visitor/g838          A v -> Y ^   NOR2XL    0.455   2.127    4.276  
      u_visitor/g836          -            CLKINVX1  0.000   2.127    4.276  
      u_visitor/g836          A ^ -> Y v   CLKINVX1  0.179   2.306    4.454  
      u_visitor/g830          -            OAI211X1  0.000   2.306    4.454  
      u_visitor/g830          A1 v -> Y ^  OAI211X1  0.130   2.435    4.584  
      u_visitor/g815          -            AOI222XL  0.000   2.435    4.584  
      u_visitor/g815          C0 ^ -> Y v  AOI222XL  0.098   2.534    4.682  
      u_visitor/g813          -            INVXL     0.000   2.534    4.682  
      u_visitor/g813          A v -> Y ^   INVXL     0.072   2.605    4.754  
      u_visitor/count_reg[4]  -            DFFRHQX1  0.000   2.605    4.754  
      ------------------------------------------------------------------------
     Clock Rise Edge                      0.000
     = Beginpoint Arrival Time            0.000
     Other End Path:
      ------------------------------------------------------------------
      Instance                Arc    Cell      Retime  Arrival  Required  
                                               Delay   Time     Time  
      ------------------------------------------------------------------
      -                       clk ^  -         -       0.000    -2.149  
      u_visitor/count_reg[4]  -      DFFRHQX1  0.000   0.000    -2.149  
      ------------------------------------------------------------------
Path 10: MET Setup Check with Pin u_visitor/count_reg[2]/CK 
Endpoint:   u_visitor/count_reg[2]/D (^) checked with  leading edge of 'clk'
Beginpoint: u_visitor/count_reg[1]/Q (^) triggered by  leading edge of 'clk'
Path Groups: {clk}
Retime Analysis { Data Path-Slew }
Other End Arrival Time          0.000
- Setup                         0.146
+ Phase Shift                   5.000
- Uncertainty                   0.100
= Required Time                 4.754
- Arrival Time                  2.605
= Slack Time                    2.149
= Slack Time(original)          2.110
     Clock Rise Edge                      0.000
     = Beginpoint Arrival Time            0.000
     Timing Path:
      ------------------------------------------------------------------------
      Instance                Arc          Cell      Retime  Arrival  Required  
                                                     Delay   Time     Time  
      ------------------------------------------------------------------------
      -                       clk ^        -         -       0.000    2.149  
      u_visitor/count_reg[1]  -            DFFRHQX1  0.000   0.000    2.149  
      u_visitor/count_reg[1]  CK ^ -> Q ^  DFFRHQX1  0.372   0.372    2.521  
      u_visitor/g864          -            NAND2XL   0.000   0.372    2.521  
      u_visitor/g864          B ^ -> Y v   NAND2XL   0.190   0.563    2.711  
      u_visitor/g882          -            NOR2BX1   0.000   0.563    2.711  
      u_visitor/g882          B v -> Y ^   NOR2BX1   0.170   0.733    2.881  
      u_visitor/g856          -            NAND2XL   0.000   0.733    2.881  
      u_visitor/g856          B ^ -> Y v   NAND2XL   0.163   0.895    3.044  
      u_visitor/g2            -            NOR2BX1   0.000   0.895    3.044  
      u_visitor/g2            B v -> Y ^   NOR2BX1   0.155   1.050    3.199  
      u_visitor/g850          -            NAND2XL   0.000   1.050    3.199  
      u_visitor/g850          B ^ -> Y v   NAND2XL   0.142   1.193    3.341  
      u_visitor/g846          -            NOR2XL    0.000   1.193    3.341  
      u_visitor/g846          B v -> Y ^   NOR2XL    0.160   1.353    3.501  
      u_visitor/g845          -            AOI211X1  0.000   1.353    3.501  
      u_visitor/g845          A1 ^ -> Y v  AOI211X1  0.319   1.672    3.820  
      u_visitor/g838          -            NOR2XL    0.000   1.672    3.820  
      u_visitor/g838          A v -> Y ^   NOR2XL    0.455   2.127    4.276  
      u_visitor/g836          -            CLKINVX1  0.000   2.127    4.276  
      u_visitor/g836          A ^ -> Y v   CLKINVX1  0.179   2.306    4.454  
      u_visitor/g828          -            OAI211X1  0.000   2.306    4.454  
      u_visitor/g828          A1 v -> Y ^  OAI211X1  0.130   2.435    4.584  
      u_visitor/g819          -            AOI222XL  0.000   2.435    4.584  
      u_visitor/g819          C0 ^ -> Y v  AOI222XL  0.098   2.534    4.682  
      u_visitor/g818          -            INVXL     0.000   2.534    4.682  
      u_visitor/g818          A v -> Y ^   INVXL     0.072   2.605    4.754  
      u_visitor/count_reg[2]  -            DFFRHQX1  0.000   2.605    4.754  
      ------------------------------------------------------------------------
     Clock Rise Edge                      0.000
     = Beginpoint Arrival Time            0.000
     Other End Path:
      ------------------------------------------------------------------
      Instance                Arc    Cell      Retime  Arrival  Required  
                                               Delay   Time     Time  
      ------------------------------------------------------------------
      -                       clk ^  -         -       0.000    -2.149  
      u_visitor/count_reg[2]  -      DFFRHQX1  0.000   0.000    -2.149  
      ------------------------------------------------------------------
Path 11: MET Setup Check with Pin u_visitor/count_reg[6]/CK 
Endpoint:   u_visitor/count_reg[6]/D (^) checked with  leading edge of 'clk'
Beginpoint: u_visitor/count_reg[0]/Q (^) triggered by  leading edge of 'clk'
Path Groups: {clk}
Retime Analysis { Data Path-Slew }
Other End Arrival Time          0.000
- Setup                         0.179
+ Phase Shift                   5.000
- Uncertainty                   0.100
= Required Time                 4.721
- Arrival Time                  2.543
= Slack Time                    2.179
= Slack Time(original)          2.114
     Clock Rise Edge                      0.000
     = Beginpoint Arrival Time            0.000
     Timing Path:
      -------------------------------------------------------------------------
      Instance                Arc          Cell       Retime  Arrival  Required  
                                                      Delay   Time     Time  
      -------------------------------------------------------------------------
      -                       clk ^        -          -       0.000    2.179  
      u_visitor/count_reg[0]  -            SDFFRHQX1  0.000   0.000    2.179  
      u_visitor/count_reg[0]  CK ^ -> Q ^  SDFFRHQX1  0.378   0.378    2.557  
      u_visitor/g864          -            NAND2XL    0.000   0.378    2.557  
      u_visitor/g864          A ^ -> Y v   NAND2XL    0.194   0.572    2.751  
      u_visitor/g882          -            NOR2BX1    0.000   0.572    2.751  
      u_visitor/g882          B v -> Y ^   NOR2BX1    0.171   0.743    2.921  
      u_visitor/g856          -            NAND2XL    0.000   0.743    2.921  
      u_visitor/g856          B ^ -> Y v   NAND2XL    0.163   0.905    3.084  
      u_visitor/g2            -            NOR2BX1    0.000   0.905    3.084  
      u_visitor/g2            B v -> Y ^   NOR2BX1    0.155   1.060    3.239  
      u_visitor/g850          -            NAND2XL    0.000   1.060    3.239  
      u_visitor/g850          B ^ -> Y v   NAND2XL    0.142   1.203    3.381  
      u_visitor/g846          -            NOR2XL     0.000   1.203    3.381  
      u_visitor/g846          B v -> Y ^   NOR2XL     0.160   1.363    3.541  
      u_visitor/g845          -            AOI211X1   0.000   1.363    3.541  
      u_visitor/g845          A1 ^ -> Y v  AOI211X1   0.319   1.682    3.860  
      u_visitor/g844          -            CLKINVX1   0.000   1.682    3.860  
      u_visitor/g844          A v -> Y ^   CLKINVX1   0.176   1.857    4.036  
      u_visitor/g842          -            NAND2XL    0.000   1.857    4.036  
      u_visitor/g842          A ^ -> Y v   NAND2XL    0.410   2.268    4.446  
      u_visitor/g829          -            OAI211X1   0.000   2.268    4.446  
      u_visitor/g829          C0 v -> Y ^  OAI211X1   0.104   2.371    4.550  
      u_visitor/g816          -            AOI222XL   0.000   2.371    4.550  
      u_visitor/g816          C0 ^ -> Y v  AOI222XL   0.106   2.478    4.656  
      u_visitor/g814          -            INVXL      0.000   2.478    4.656  
      u_visitor/g814          A v -> Y ^   INVXL      0.065   2.543    4.721  
      u_visitor/count_reg[6]  -            DFFRX1     0.000   2.543    4.721  
      -------------------------------------------------------------------------
     Clock Rise Edge                      0.000
     = Beginpoint Arrival Time            0.000
     Other End Path:
      ----------------------------------------------------------------
      Instance                Arc    Cell    Retime  Arrival  Required  
                                             Delay   Time     Time  
      ----------------------------------------------------------------
      -                       clk ^  -       -       0.000    -2.179  
      u_visitor/count_reg[6]  -      DFFRX1  0.000   0.000    -2.179  
      ----------------------------------------------------------------
Path 12: MET Setup Check with Pin u_visitor/count_reg[6]/CK 
Endpoint:   u_visitor/count_reg[6]/D (^) checked with  leading edge of 'clk'
Beginpoint: u_visitor/count_reg[1]/Q (^) triggered by  leading edge of 'clk'
Path Groups: {clk}
Retime Analysis { Data Path-Slew }
Other End Arrival Time          0.000
- Setup                         0.179
+ Phase Shift                   5.000
- Uncertainty                   0.100
= Required Time                 4.721
- Arrival Time                  2.533
= Slack Time                    2.189
= Slack Time(original)          2.124
     Clock Rise Edge                      0.000
     = Beginpoint Arrival Time            0.000
     Timing Path:
      ------------------------------------------------------------------------
      Instance                Arc          Cell      Retime  Arrival  Required  
                                                     Delay   Time     Time  
      ------------------------------------------------------------------------
      -                       clk ^        -         -       0.000    2.189  
      u_visitor/count_reg[1]  -            DFFRHQX1  0.000   0.000    2.189  
      u_visitor/count_reg[1]  CK ^ -> Q ^  DFFRHQX1  0.372   0.372    2.561  
      u_visitor/g864          -            NAND2XL   0.000   0.372    2.561  
      u_visitor/g864          B ^ -> Y v   NAND2XL   0.190   0.563    2.751  
      u_visitor/g882          -            NOR2BX1   0.000   0.563    2.751  
      u_visitor/g882          B v -> Y ^   NOR2BX1   0.170   0.733    2.921  
      u_visitor/g856          -            NAND2XL   0.000   0.733    2.921  
      u_visitor/g856          B ^ -> Y v   NAND2XL   0.163   0.895    3.084  
      u_visitor/g2            -            NOR2BX1   0.000   0.895    3.084  
      u_visitor/g2            B v -> Y ^   NOR2BX1   0.155   1.050    3.239  
      u_visitor/g850          -            NAND2XL   0.000   1.050    3.239  
      u_visitor/g850          B ^ -> Y v   NAND2XL   0.142   1.193    3.381  
      u_visitor/g846          -            NOR2XL    0.000   1.193    3.381  
      u_visitor/g846          B v -> Y ^   NOR2XL    0.160   1.352    3.541  
      u_visitor/g845          -            AOI211X1  0.000   1.352    3.541  
      u_visitor/g845          A1 ^ -> Y v  AOI211X1  0.319   1.672    3.860  
      u_visitor/g844          -            CLKINVX1  0.000   1.672    3.860  
      u_visitor/g844          A v -> Y ^   CLKINVX1  0.176   1.847    4.036  
      u_visitor/g842          -            NAND2XL   0.000   1.847    4.036  
      u_visitor/g842          A ^ -> Y v   NAND2XL   0.410   2.258    4.446  
      u_visitor/g829          -            OAI211X1  0.000   2.258    4.446  
      u_visitor/g829          C0 v -> Y ^  OAI211X1  0.104   2.361    4.550  
      u_visitor/g816          -            AOI222XL  0.000   2.361    4.550  
      u_visitor/g816          C0 ^ -> Y v  AOI222XL  0.106   2.467    4.656  
      u_visitor/g814          -            INVXL     0.000   2.467    4.656  
      u_visitor/g814          A v -> Y ^   INVXL     0.065   2.533    4.721  
      u_visitor/count_reg[6]  -            DFFRX1    0.000   2.533    4.721  
      ------------------------------------------------------------------------
     Clock Rise Edge                      0.000
     = Beginpoint Arrival Time            0.000
     Other End Path:
      ----------------------------------------------------------------
      Instance                Arc    Cell    Retime  Arrival  Required  
                                             Delay   Time     Time  
      ----------------------------------------------------------------
      -                       clk ^  -       -       0.000    -2.189  
      u_visitor/count_reg[6]  -      DFFRX1  0.000   0.000    -2.189  
      ----------------------------------------------------------------
Path 13: MET Setup Check with Pin u_visitor/count_reg[3]/CK 
Endpoint:   u_visitor/count_reg[3]/D (^) checked with  leading edge of 'clk'
Beginpoint: u_visitor/count_reg[0]/Q (^) triggered by  leading edge of 'clk'
Path Groups: {clk}
Retime Analysis { Data Path-Slew }
Other End Arrival Time          0.000
- Setup                         0.183
+ Phase Shift                   5.000
- Uncertainty                   0.100
= Required Time                 4.717
- Arrival Time                  2.540
= Slack Time                    2.177
= Slack Time(original)          2.146
     Clock Rise Edge                      0.000
     = Beginpoint Arrival Time            0.000
     Timing Path:
      --------------------------------------------------------------------------
      Instance                Arc           Cell       Retime  Arrival  Required  
                                                       Delay   Time     Time  
      --------------------------------------------------------------------------
      -                       clk ^         -          -       0.000    2.177  
      u_visitor/count_reg[0]  -             SDFFRHQX1  0.000   0.000    2.177  
      u_visitor/count_reg[0]  CK ^ -> Q ^   SDFFRHQX1  0.378   0.378    2.555  
      u_visitor/g864          -             NAND2XL    0.000   0.378    2.555  
      u_visitor/g864          A ^ -> Y v    NAND2XL    0.194   0.572    2.749  
      u_visitor/g882          -             NOR2BX1    0.000   0.572    2.749  
      u_visitor/g882          B v -> Y ^    NOR2BX1    0.171   0.742    2.920  
      u_visitor/g856          -             NAND2XL    0.000   0.742    2.920  
      u_visitor/g856          B ^ -> Y v    NAND2XL    0.163   0.905    3.083  
      u_visitor/g2            -             NOR2BX1    0.000   0.905    3.083  
      u_visitor/g2            B v -> Y ^    NOR2BX1    0.155   1.060    3.238  
      u_visitor/g850          -             NAND2XL    0.000   1.060    3.238  
      u_visitor/g850          B ^ -> Y v    NAND2XL    0.142   1.203    3.380  
      u_visitor/g846          -             NOR2XL     0.000   1.203    3.380  
      u_visitor/g846          B v -> Y ^    NOR2XL     0.160   1.363    3.540  
      u_visitor/g845          -             AOI211X1   0.000   1.363    3.540  
      u_visitor/g845          A1 ^ -> Y v   AOI211X1   0.319   1.682    3.859  
      u_visitor/g844          -             CLKINVX1   0.000   1.682    3.859  
      u_visitor/g844          A v -> Y ^    CLKINVX1   0.176   1.857    4.035  
      u_visitor/g842          -             NAND2XL    0.000   1.857    4.035  
      u_visitor/g842          A ^ -> Y v    NAND2XL    0.410   2.268    4.445  
      u_visitor/g824          -             OAI221X1   0.000   2.268    4.445  
      u_visitor/g824          C0 v -> Y ^   OAI221X1   0.121   2.389    4.566  
      u_visitor/g821          -             OAI2BB1XL  0.000   2.389    4.566  
      u_visitor/g821          A1N ^ -> Y ^  OAI2BB1XL  0.151   2.540    4.717  
      u_visitor/count_reg[3]  -             DFFRX1     0.000   2.540    4.717  
      --------------------------------------------------------------------------
     Clock Rise Edge                      0.000
     = Beginpoint Arrival Time            0.000
     Other End Path:
      ----------------------------------------------------------------
      Instance                Arc    Cell    Retime  Arrival  Required  
                                             Delay   Time     Time  
      ----------------------------------------------------------------
      -                       clk ^  -       -       0.000    -2.177  
      u_visitor/count_reg[3]  -      DFFRX1  0.000   0.000    -2.177  
      ----------------------------------------------------------------
Path 14: MET Setup Check with Pin u_visitor/count_reg[5]/CK 
Endpoint:   u_visitor/count_reg[5]/D (^) checked with  leading edge of 'clk'
Beginpoint: u_visitor/count_reg[0]/Q (^) triggered by  leading edge of 'clk'
Path Groups: {clk}
Retime Analysis { Data Path-Slew }
Other End Arrival Time          0.000
- Setup                         0.183
+ Phase Shift                   5.000
- Uncertainty                   0.100
= Required Time                 4.717
- Arrival Time                  2.540
= Slack Time                    2.177
= Slack Time(original)          2.146
     Clock Rise Edge                      0.000
     = Beginpoint Arrival Time            0.000
     Timing Path:
      --------------------------------------------------------------------------
      Instance                Arc           Cell       Retime  Arrival  Required  
                                                       Delay   Time     Time  
      --------------------------------------------------------------------------
      -                       clk ^         -          -       0.000    2.177  
      u_visitor/count_reg[0]  -             SDFFRHQX1  0.000   0.000    2.177  
      u_visitor/count_reg[0]  CK ^ -> Q ^   SDFFRHQX1  0.378   0.378    2.555  
      u_visitor/g864          -             NAND2XL    0.000   0.378    2.555  
      u_visitor/g864          A ^ -> Y v    NAND2XL    0.194   0.572    2.749  
      u_visitor/g882          -             NOR2BX1    0.000   0.572    2.749  
      u_visitor/g882          B v -> Y ^    NOR2BX1    0.171   0.742    2.920  
      u_visitor/g856          -             NAND2XL    0.000   0.742    2.920  
      u_visitor/g856          B ^ -> Y v    NAND2XL    0.163   0.905    3.083  
      u_visitor/g2            -             NOR2BX1    0.000   0.905    3.083  
      u_visitor/g2            B v -> Y ^    NOR2BX1    0.155   1.060    3.238  
      u_visitor/g850          -             NAND2XL    0.000   1.060    3.238  
      u_visitor/g850          B ^ -> Y v    NAND2XL    0.142   1.203    3.380  
      u_visitor/g846          -             NOR2XL     0.000   1.203    3.380  
      u_visitor/g846          B v -> Y ^    NOR2XL     0.160   1.363    3.540  
      u_visitor/g845          -             AOI211X1   0.000   1.363    3.540  
      u_visitor/g845          A1 ^ -> Y v   AOI211X1   0.319   1.682    3.859  
      u_visitor/g844          -             CLKINVX1   0.000   1.682    3.859  
      u_visitor/g844          A v -> Y ^    CLKINVX1   0.176   1.857    4.035  
      u_visitor/g842          -             NAND2XL    0.000   1.857    4.035  
      u_visitor/g842          A ^ -> Y v    NAND2XL    0.410   2.268    4.445  
      u_visitor/g826          -             OAI221X1   0.000   2.268    4.445  
      u_visitor/g826          C0 v -> Y ^   OAI221X1   0.121   2.389    4.566  
      u_visitor/g820          -             OAI2BB1XL  0.000   2.389    4.566  
      u_visitor/g820          A1N ^ -> Y ^  OAI2BB1XL  0.151   2.540    4.717  
      u_visitor/count_reg[5]  -             DFFRX1     0.000   2.540    4.717  
      --------------------------------------------------------------------------
     Clock Rise Edge                      0.000
     = Beginpoint Arrival Time            0.000
     Other End Path:
      ----------------------------------------------------------------
      Instance                Arc    Cell    Retime  Arrival  Required  
                                             Delay   Time     Time  
      ----------------------------------------------------------------
      -                       clk ^  -       -       0.000    -2.177  
      u_visitor/count_reg[5]  -      DFFRX1  0.000   0.000    -2.177  
      ----------------------------------------------------------------
Path 15: MET Setup Check with Pin u_visitor/count_reg[3]/CK 
Endpoint:   u_visitor/count_reg[3]/D (^) checked with  leading edge of 'clk'
Beginpoint: u_visitor/count_reg[1]/Q (^) triggered by  leading edge of 'clk'
Path Groups: {clk}
Retime Analysis { Data Path-Slew }
Other End Arrival Time          0.000
- Setup                         0.183
+ Phase Shift                   5.000
- Uncertainty                   0.100
= Required Time                 4.717
- Arrival Time                  2.530
= Slack Time                    2.187
= Slack Time(original)          2.156
     Clock Rise Edge                      0.000
     = Beginpoint Arrival Time            0.000
     Timing Path:
      --------------------------------------------------------------------------
      Instance                Arc           Cell       Retime  Arrival  Required  
                                                       Delay   Time     Time  
      --------------------------------------------------------------------------
      -                       clk ^         -          -       0.000    2.187  
      u_visitor/count_reg[1]  -             DFFRHQX1   0.000   0.000    2.187  
      u_visitor/count_reg[1]  CK ^ -> Q ^   DFFRHQX1   0.372   0.372    2.559  
      u_visitor/g864          -             NAND2XL    0.000   0.372    2.559  
      u_visitor/g864          B ^ -> Y v    NAND2XL    0.190   0.562    2.750  
      u_visitor/g882          -             NOR2BX1    0.000   0.562    2.750  
      u_visitor/g882          B v -> Y ^    NOR2BX1    0.170   0.733    2.920  
      u_visitor/g856          -             NAND2XL    0.000   0.733    2.920  
      u_visitor/g856          B ^ -> Y v    NAND2XL    0.163   0.895    3.083  
      u_visitor/g2            -             NOR2BX1    0.000   0.895    3.083  
      u_visitor/g2            B v -> Y ^    NOR2BX1    0.155   1.050    3.238  
      u_visitor/g850          -             NAND2XL    0.000   1.050    3.238  
      u_visitor/g850          B ^ -> Y v    NAND2XL    0.142   1.193    3.380  
      u_visitor/g846          -             NOR2XL     0.000   1.193    3.380  
      u_visitor/g846          B v -> Y ^    NOR2XL     0.160   1.352    3.540  
      u_visitor/g845          -             AOI211X1   0.000   1.352    3.540  
      u_visitor/g845          A1 ^ -> Y v   AOI211X1   0.319   1.672    3.859  
      u_visitor/g844          -             CLKINVX1   0.000   1.672    3.859  
      u_visitor/g844          A v -> Y ^    CLKINVX1   0.176   1.847    4.035  
      u_visitor/g842          -             NAND2XL    0.000   1.847    4.035  
      u_visitor/g842          A ^ -> Y v    NAND2XL    0.410   2.258    4.445  
      u_visitor/g824          -             OAI221X1   0.000   2.258    4.445  
      u_visitor/g824          C0 v -> Y ^   OAI221X1   0.121   2.379    4.566  
      u_visitor/g821          -             OAI2BB1XL  0.000   2.379    4.566  
      u_visitor/g821          A1N ^ -> Y ^  OAI2BB1XL  0.151   2.530    4.717  
      u_visitor/count_reg[3]  -             DFFRX1     0.000   2.530    4.717  
      --------------------------------------------------------------------------
     Clock Rise Edge                      0.000
     = Beginpoint Arrival Time            0.000
     Other End Path:
      ----------------------------------------------------------------
      Instance                Arc    Cell    Retime  Arrival  Required  
                                             Delay   Time     Time  
      ----------------------------------------------------------------
      -                       clk ^  -       -       0.000    -2.187  
      u_visitor/count_reg[3]  -      DFFRX1  0.000   0.000    -2.187  
      ----------------------------------------------------------------
Path 16: MET Setup Check with Pin u_visitor/count_reg[5]/CK 
Endpoint:   u_visitor/count_reg[5]/D (^) checked with  leading edge of 'clk'
Beginpoint: u_visitor/count_reg[1]/Q (^) triggered by  leading edge of 'clk'
Path Groups: {clk}
Retime Analysis { Data Path-Slew }
Other End Arrival Time          0.000
- Setup                         0.183
+ Phase Shift                   5.000
- Uncertainty                   0.100
= Required Time                 4.717
- Arrival Time                  2.530
= Slack Time                    2.187
= Slack Time(original)          2.156
     Clock Rise Edge                      0.000
     = Beginpoint Arrival Time            0.000
     Timing Path:
      --------------------------------------------------------------------------
      Instance                Arc           Cell       Retime  Arrival  Required  
                                                       Delay   Time     Time  
      --------------------------------------------------------------------------
      -                       clk ^         -          -       0.000    2.187  
      u_visitor/count_reg[1]  -             DFFRHQX1   0.000   0.000    2.187  
      u_visitor/count_reg[1]  CK ^ -> Q ^   DFFRHQX1   0.372   0.372    2.559  
      u_visitor/g864          -             NAND2XL    0.000   0.372    2.559  
      u_visitor/g864          B ^ -> Y v    NAND2XL    0.190   0.562    2.750  
      u_visitor/g882          -             NOR2BX1    0.000   0.562    2.750  
      u_visitor/g882          B v -> Y ^    NOR2BX1    0.170   0.733    2.920  
      u_visitor/g856          -             NAND2XL    0.000   0.733    2.920  
      u_visitor/g856          B ^ -> Y v    NAND2XL    0.163   0.895    3.083  
      u_visitor/g2            -             NOR2BX1    0.000   0.895    3.083  
      u_visitor/g2            B v -> Y ^    NOR2BX1    0.155   1.050    3.238  
      u_visitor/g850          -             NAND2XL    0.000   1.050    3.238  
      u_visitor/g850          B ^ -> Y v    NAND2XL    0.142   1.193    3.380  
      u_visitor/g846          -             NOR2XL     0.000   1.193    3.380  
      u_visitor/g846          B v -> Y ^    NOR2XL     0.160   1.352    3.540  
      u_visitor/g845          -             AOI211X1   0.000   1.352    3.540  
      u_visitor/g845          A1 ^ -> Y v   AOI211X1   0.319   1.672    3.859  
      u_visitor/g844          -             CLKINVX1   0.000   1.672    3.859  
      u_visitor/g844          A v -> Y ^    CLKINVX1   0.176   1.847    4.035  
      u_visitor/g842          -             NAND2XL    0.000   1.847    4.035  
      u_visitor/g842          A ^ -> Y v    NAND2XL    0.410   2.258    4.445  
      u_visitor/g826          -             OAI221X1   0.000   2.258    4.445  
      u_visitor/g826          C0 v -> Y ^   OAI221X1   0.121   2.379    4.566  
      u_visitor/g820          -             OAI2BB1XL  0.000   2.379    4.566  
      u_visitor/g820          A1N ^ -> Y ^  OAI2BB1XL  0.151   2.530    4.717  
      u_visitor/count_reg[5]  -             DFFRX1     0.000   2.530    4.717  
      --------------------------------------------------------------------------
     Clock Rise Edge                      0.000
     = Beginpoint Arrival Time            0.000
     Other End Path:
      ----------------------------------------------------------------
      Instance                Arc    Cell    Retime  Arrival  Required  
                                             Delay   Time     Time  
      ----------------------------------------------------------------
      -                       clk ^  -       -       0.000    -2.187  
      u_visitor/count_reg[5]  -      DFFRX1  0.000   0.000    -2.187  
      ----------------------------------------------------------------
Path 17: MET Setup Check with Pin u_visitor/count_reg[1]/CK 
Endpoint:   u_visitor/count_reg[1]/D (^) checked with  leading edge of 'clk'
Beginpoint: u_visitor/count_reg[0]/Q (^) triggered by  leading edge of 'clk'
Path Groups: {clk}
Retime Analysis { Data Path-Slew }
Other End Arrival Time          0.000
- Setup                         0.146
+ Phase Shift                   5.000
- Uncertainty                   0.100
= Required Time                 4.754
- Arrival Time                  2.569
= Slack Time                    2.184
= Slack Time(original)          2.165
     Clock Rise Edge                      0.000
     = Beginpoint Arrival Time            0.000
     Timing Path:
      -------------------------------------------------------------------------
      Instance                Arc          Cell       Retime  Arrival  Required  
                                                      Delay   Time     Time  
      -------------------------------------------------------------------------
      -                       clk ^        -          -       0.000    2.184  
      u_visitor/count_reg[0]  -            SDFFRHQX1  0.000   0.000    2.184  
      u_visitor/count_reg[0]  CK ^ -> Q ^  SDFFRHQX1  0.378   0.378    2.562  
      u_visitor/g864          -            NAND2XL    0.000   0.378    2.562  
      u_visitor/g864          A ^ -> Y v   NAND2XL    0.194   0.572    2.756  
      u_visitor/g882          -            NOR2BX1    0.000   0.572    2.756  
      u_visitor/g882          B v -> Y ^   NOR2BX1    0.171   0.742    2.927  
      u_visitor/g856          -            NAND2XL    0.000   0.742    2.927  
      u_visitor/g856          B ^ -> Y v   NAND2XL    0.163   0.905    3.090  
      u_visitor/g2            -            NOR2BX1    0.000   0.905    3.090  
      u_visitor/g2            B v -> Y ^   NOR2BX1    0.155   1.060    3.245  
      u_visitor/g850          -            NAND2XL    0.000   1.060    3.245  
      u_visitor/g850          B ^ -> Y v   NAND2XL    0.142   1.203    3.387  
      u_visitor/g846          -            NOR2XL     0.000   1.203    3.387  
      u_visitor/g846          B v -> Y ^   NOR2XL     0.160   1.363    3.547  
      u_visitor/g845          -            AOI211X1   0.000   1.363    3.547  
      u_visitor/g845          A1 ^ -> Y v  AOI211X1   0.319   1.682    3.866  
      u_visitor/g844          -            CLKINVX1   0.000   1.682    3.866  
      u_visitor/g844          A v -> Y ^   CLKINVX1   0.176   1.857    4.042  
      u_visitor/g842          -            NAND2XL    0.000   1.857    4.042  
      u_visitor/g842          A ^ -> Y v   NAND2XL    0.410   2.268    4.452  
      u_visitor/g839          -            INVX1      0.000   2.268    4.452  
      u_visitor/g839          A v -> Y ^   INVX1      0.147   2.415    4.599  
      u_visitor/g832          -            AOI22X1    0.000   2.415    4.599  
      u_visitor/g832          B1 ^ -> Y v  AOI22X1    0.092   2.507    4.691  
      u_visitor/g831          -            OAI21X1    0.000   2.507    4.691  
      u_visitor/g831          B0 v -> Y ^  OAI21X1    0.062   2.569    4.754  
      u_visitor/count_reg[1]  -            DFFRHQX1   0.000   2.569    4.754  
      -------------------------------------------------------------------------
     Clock Rise Edge                      0.000
     = Beginpoint Arrival Time            0.000
     Other End Path:
      ------------------------------------------------------------------
      Instance                Arc    Cell      Retime  Arrival  Required  
                                               Delay   Time     Time  
      ------------------------------------------------------------------
      -                       clk ^  -         -       0.000    -2.184  
      u_visitor/count_reg[1]  -      DFFRHQX1  0.000   0.000    -2.184  
      ------------------------------------------------------------------
Path 18: MET Setup Check with Pin u_visitor/count_reg[4]/CK 
Endpoint:   u_visitor/count_reg[4]/D (^) checked with  leading edge of 'clk'
Beginpoint: u_visitor/count_reg[0]/Q (^) triggered by  leading edge of 'clk'
Path Groups: {clk}
Retime Analysis { Data Path-Slew }
Other End Arrival Time          0.000
- Setup                         0.144
+ Phase Shift                   5.000
- Uncertainty                   0.100
= Required Time                 4.756
- Arrival Time                  2.552
= Slack Time                    2.204
= Slack Time(original)          2.174
     Clock Rise Edge                      0.000
     = Beginpoint Arrival Time            0.000
     Timing Path:
      -------------------------------------------------------------------------
      Instance                Arc          Cell       Retime  Arrival  Required  
                                                      Delay   Time     Time  
      -------------------------------------------------------------------------
      -                       clk ^        -          -       0.000    2.204  
      u_visitor/count_reg[0]  -            SDFFRHQX1  0.000   0.000    2.204  
      u_visitor/count_reg[0]  CK ^ -> Q ^  SDFFRHQX1  0.378   0.378    2.583  
      u_visitor/g864          -            NAND2XL    0.000   0.378    2.583  
      u_visitor/g864          A ^ -> Y v   NAND2XL    0.194   0.572    2.776  
      u_visitor/g882          -            NOR2BX1    0.000   0.572    2.776  
      u_visitor/g882          B v -> Y ^   NOR2BX1    0.171   0.743    2.947  
      u_visitor/g856          -            NAND2XL    0.000   0.743    2.947  
      u_visitor/g856          B ^ -> Y v   NAND2XL    0.163   0.905    3.110  
      u_visitor/g2            -            NOR2BX1    0.000   0.905    3.110  
      u_visitor/g2            B v -> Y ^   NOR2BX1    0.155   1.060    3.265  
      u_visitor/g850          -            NAND2XL    0.000   1.060    3.265  
      u_visitor/g850          B ^ -> Y v   NAND2XL    0.142   1.203    3.407  
      u_visitor/g846          -            NOR2XL     0.000   1.203    3.407  
      u_visitor/g846          B v -> Y ^   NOR2XL     0.160   1.363    3.567  
      u_visitor/g845          -            AOI211X1   0.000   1.363    3.567  
      u_visitor/g845          A1 ^ -> Y v  AOI211X1   0.319   1.682    3.886  
      u_visitor/g844          -            CLKINVX1   0.000   1.682    3.886  
      u_visitor/g844          A v -> Y ^   CLKINVX1   0.176   1.857    4.062  
      u_visitor/g842          -            NAND2XL    0.000   1.857    4.062  
      u_visitor/g842          A ^ -> Y v   NAND2XL    0.410   2.268    4.472  
      u_visitor/g830          -            OAI211X1   0.000   2.268    4.472  
      u_visitor/g830          C0 v -> Y ^  OAI211X1   0.104   2.371    4.576  
      u_visitor/g815          -            AOI222XL   0.000   2.371    4.576  
      u_visitor/g815          C0 ^ -> Y v  AOI222XL   0.106   2.478    4.682  
      u_visitor/g813          -            INVXL      0.000   2.478    4.682  
      u_visitor/g813          A v -> Y ^   INVXL      0.074   2.552    4.756  
      u_visitor/count_reg[4]  -            DFFRHQX1   0.000   2.552    4.756  
      -------------------------------------------------------------------------
     Clock Rise Edge                      0.000
     = Beginpoint Arrival Time            0.000
     Other End Path:
      ------------------------------------------------------------------
      Instance                Arc    Cell      Retime  Arrival  Required  
                                               Delay   Time     Time  
      ------------------------------------------------------------------
      -                       clk ^  -         -       0.000    -2.204  
      u_visitor/count_reg[4]  -      DFFRHQX1  0.000   0.000    -2.204  
      ------------------------------------------------------------------
Path 19: MET Setup Check with Pin u_visitor/count_reg[2]/CK 
Endpoint:   u_visitor/count_reg[2]/D (^) checked with  leading edge of 'clk'
Beginpoint: u_visitor/count_reg[0]/Q (^) triggered by  leading edge of 'clk'
Path Groups: {clk}
Retime Analysis { Data Path-Slew }
Other End Arrival Time          0.000
- Setup                         0.144
+ Phase Shift                   5.000
- Uncertainty                   0.100
= Required Time                 4.756
- Arrival Time                  2.552
= Slack Time                    2.204
= Slack Time(original)          2.174
     Clock Rise Edge                      0.000
     = Beginpoint Arrival Time            0.000
     Timing Path:
      -------------------------------------------------------------------------
      Instance                Arc          Cell       Retime  Arrival  Required  
                                                      Delay   Time     Time  
      -------------------------------------------------------------------------
      -                       clk ^        -          -       0.000    2.204  
      u_visitor/count_reg[0]  -            SDFFRHQX1  0.000   0.000    2.204  
      u_visitor/count_reg[0]  CK ^ -> Q ^  SDFFRHQX1  0.378   0.378    2.583  
      u_visitor/g864          -            NAND2XL    0.000   0.378    2.583  
      u_visitor/g864          A ^ -> Y v   NAND2XL    0.194   0.572    2.776  
      u_visitor/g882          -            NOR2BX1    0.000   0.572    2.776  
      u_visitor/g882          B v -> Y ^   NOR2BX1    0.171   0.743    2.947  
      u_visitor/g856          -            NAND2XL    0.000   0.743    2.947  
      u_visitor/g856          B ^ -> Y v   NAND2XL    0.163   0.905    3.110  
      u_visitor/g2            -            NOR2BX1    0.000   0.905    3.110  
      u_visitor/g2            B v -> Y ^   NOR2BX1    0.155   1.060    3.265  
      u_visitor/g850          -            NAND2XL    0.000   1.060    3.265  
      u_visitor/g850          B ^ -> Y v   NAND2XL    0.142   1.203    3.407  
      u_visitor/g846          -            NOR2XL     0.000   1.203    3.407  
      u_visitor/g846          B v -> Y ^   NOR2XL     0.160   1.363    3.567  
      u_visitor/g845          -            AOI211X1   0.000   1.363    3.567  
      u_visitor/g845          A1 ^ -> Y v  AOI211X1   0.319   1.682    3.886  
      u_visitor/g844          -            CLKINVX1   0.000   1.682    3.886  
      u_visitor/g844          A v -> Y ^   CLKINVX1   0.176   1.857    4.062  
      u_visitor/g842          -            NAND2XL    0.000   1.857    4.062  
      u_visitor/g842          A ^ -> Y v   NAND2XL    0.410   2.268    4.472  
      u_visitor/g828          -            OAI211X1   0.000   2.268    4.472  
      u_visitor/g828          C0 v -> Y ^  OAI211X1   0.104   2.371    4.576  
      u_visitor/g819          -            AOI222XL   0.000   2.371    4.576  
      u_visitor/g819          C0 ^ -> Y v  AOI222XL   0.106   2.478    4.682  
      u_visitor/g818          -            INVXL      0.000   2.478    4.682  
      u_visitor/g818          A v -> Y ^   INVXL      0.074   2.552    4.756  
      u_visitor/count_reg[2]  -            DFFRHQX1   0.000   2.552    4.756  
      -------------------------------------------------------------------------
     Clock Rise Edge                      0.000
     = Beginpoint Arrival Time            0.000
     Other End Path:
      ------------------------------------------------------------------
      Instance                Arc    Cell      Retime  Arrival  Required  
                                               Delay   Time     Time  
      ------------------------------------------------------------------
      -                       clk ^  -         -       0.000    -2.204  
      u_visitor/count_reg[2]  -      DFFRHQX1  0.000   0.000    -2.204  
      ------------------------------------------------------------------
Path 20: MET Setup Check with Pin u_visitor/count_reg[1]/CK 
Endpoint:   u_visitor/count_reg[1]/D (^) checked with  leading edge of 'clk'
Beginpoint: u_visitor/count_reg[1]/Q (^) triggered by  leading edge of 'clk'
Path Groups: {clk}
Retime Analysis { Data Path-Slew }
Other End Arrival Time          0.000
- Setup                         0.146
+ Phase Shift                   5.000
- Uncertainty                   0.100
= Required Time                 4.754
- Arrival Time                  2.559
= Slack Time                    2.194
= Slack Time(original)          2.175
     Clock Rise Edge                      0.000
     = Beginpoint Arrival Time            0.000
     Timing Path:
      ------------------------------------------------------------------------
      Instance                Arc          Cell      Retime  Arrival  Required  
                                                     Delay   Time     Time  
      ------------------------------------------------------------------------
      -                       clk ^        -         -       0.000    2.194  
      u_visitor/count_reg[1]  -            DFFRHQX1  0.000   0.000    2.194  
      u_visitor/count_reg[1]  CK ^ -> Q ^  DFFRHQX1  0.372   0.372    2.567  
      u_visitor/g864          -            NAND2XL   0.000   0.372    2.567  
      u_visitor/g864          B ^ -> Y v   NAND2XL   0.190   0.562    2.757  
      u_visitor/g882          -            NOR2BX1   0.000   0.562    2.757  
      u_visitor/g882          B v -> Y ^   NOR2BX1   0.170   0.733    2.927  
      u_visitor/g856          -            NAND2XL   0.000   0.733    2.927  
      u_visitor/g856          B ^ -> Y v   NAND2XL   0.163   0.895    3.090  
      u_visitor/g2            -            NOR2BX1   0.000   0.895    3.090  
      u_visitor/g2            B v -> Y ^   NOR2BX1   0.155   1.050    3.245  
      u_visitor/g850          -            NAND2XL   0.000   1.050    3.245  
      u_visitor/g850          B ^ -> Y v   NAND2XL   0.142   1.193    3.387  
      u_visitor/g846          -            NOR2XL    0.000   1.193    3.387  
      u_visitor/g846          B v -> Y ^   NOR2XL    0.160   1.352    3.547  
      u_visitor/g845          -            AOI211X1  0.000   1.352    3.547  
      u_visitor/g845          A1 ^ -> Y v  AOI211X1  0.319   1.672    3.866  
      u_visitor/g844          -            CLKINVX1  0.000   1.672    3.866  
      u_visitor/g844          A v -> Y ^   CLKINVX1  0.176   1.847    4.042  
      u_visitor/g842          -            NAND2XL   0.000   1.847    4.042  
      u_visitor/g842          A ^ -> Y v   NAND2XL   0.410   2.258    4.452  
      u_visitor/g839          -            INVX1     0.000   2.258    4.452  
      u_visitor/g839          A v -> Y ^   INVX1     0.147   2.405    4.599  
      u_visitor/g832          -            AOI22X1   0.000   2.405    4.599  
      u_visitor/g832          B1 ^ -> Y v  AOI22X1   0.092   2.497    4.691  
      u_visitor/g831          -            OAI21X1   0.000   2.497    4.691  
      u_visitor/g831          B0 v -> Y ^  OAI21X1   0.062   2.559    4.754  
      u_visitor/count_reg[1]  -            DFFRHQX1  0.000   2.559    4.754  
      ------------------------------------------------------------------------
     Clock Rise Edge                      0.000
     = Beginpoint Arrival Time            0.000
     Other End Path:
      ------------------------------------------------------------------
      Instance                Arc    Cell      Retime  Arrival  Required  
                                               Delay   Time     Time  
      ------------------------------------------------------------------
      -                       clk ^  -         -       0.000    -2.194  
      u_visitor/count_reg[1]  -      DFFRHQX1  0.000   0.000    -2.194  
      ------------------------------------------------------------------
Path 21: MET Setup Check with Pin u_visitor/count_reg[7]/CK 
Endpoint:   u_visitor/count_reg[7]/D (^) checked with  leading edge of 'clk'
Beginpoint: u_visitor/count_reg[0]/Q (^) triggered by  leading edge of 'clk'
Path Groups: {clk}
Retime Analysis { Data Path-Slew }
Other End Arrival Time          0.000
- Setup                         0.148
+ Phase Shift                   5.000
- Uncertainty                   0.100
= Required Time                 4.752
- Arrival Time                  2.555
= Slack Time                    2.196
= Slack Time(original)          2.181
     Clock Rise Edge                      0.000
     = Beginpoint Arrival Time            0.000
     Timing Path:
      -------------------------------------------------------------------------
      Instance                Arc          Cell       Retime  Arrival  Required  
                                                      Delay   Time     Time  
      -------------------------------------------------------------------------
      -                       clk ^        -          -       0.000    2.196  
      u_visitor/count_reg[0]  -            SDFFRHQX1  0.000   0.000    2.196  
      u_visitor/count_reg[0]  CK ^ -> Q ^  SDFFRHQX1  0.378   0.378    2.574  
      u_visitor/g864          -            NAND2XL    0.000   0.378    2.574  
      u_visitor/g864          A ^ -> Y v   NAND2XL    0.194   0.572    2.768  
      u_visitor/g882          -            NOR2BX1    0.000   0.572    2.768  
      u_visitor/g882          B v -> Y ^   NOR2BX1    0.171   0.742    2.939  
      u_visitor/g856          -            NAND2XL    0.000   0.742    2.939  
      u_visitor/g856          B ^ -> Y v   NAND2XL    0.163   0.905    3.101  
      u_visitor/g2            -            NOR2BX1    0.000   0.905    3.101  
      u_visitor/g2            B v -> Y ^   NOR2BX1    0.155   1.060    3.256  
      u_visitor/g850          -            NAND2XL    0.000   1.060    3.256  
      u_visitor/g850          B ^ -> Y v   NAND2XL    0.142   1.203    3.399  
      u_visitor/g846          -            NOR2XL     0.000   1.203    3.399  
      u_visitor/g846          B v -> Y ^   NOR2XL     0.160   1.363    3.559  
      u_visitor/g845          -            AOI211X1   0.000   1.363    3.559  
      u_visitor/g845          A1 ^ -> Y v  AOI211X1   0.319   1.682    3.878  
      u_visitor/g844          -            CLKINVX1   0.000   1.682    3.878  
      u_visitor/g844          A v -> Y ^   CLKINVX1   0.176   1.857    4.053  
      u_visitor/g842          -            NAND2XL    0.000   1.857    4.053  
      u_visitor/g842          A ^ -> Y v   NAND2XL    0.410   2.268    4.464  
      u_visitor/g835          -            NAND2XL    0.000   2.268    4.464  
      u_visitor/g835          B v -> Y ^   NAND2XL    0.144   2.412    4.608  
      u_visitor/g825          -            OAI21X1    0.000   2.412    4.608  
      u_visitor/g825          A1 ^ -> Y v  OAI21X1    0.076   2.488    4.684  
      u_visitor/g823          -            OAI2BB1XL  0.000   2.488    4.684  
      u_visitor/g823          B0 v -> Y ^  OAI2BB1XL  0.068   2.556    4.752  
      u_visitor/count_reg[7]  -            DFFRHQX1   0.000   2.556    4.752  
      -------------------------------------------------------------------------
     Clock Rise Edge                      0.000
     = Beginpoint Arrival Time            0.000
     Other End Path:
      ------------------------------------------------------------------
      Instance                Arc    Cell      Retime  Arrival  Required  
                                               Delay   Time     Time  
      ------------------------------------------------------------------
      -                       clk ^  -         -       0.000    -2.196  
      u_visitor/count_reg[7]  -      DFFRHQX1  0.000   0.000    -2.196  
      ------------------------------------------------------------------
Path 22: MET Setup Check with Pin u_visitor/count_reg[4]/CK 
Endpoint:   u_visitor/count_reg[4]/D (^) checked with  leading edge of 'clk'
Beginpoint: u_visitor/count_reg[1]/Q (^) triggered by  leading edge of 'clk'
Path Groups: {clk}
Retime Analysis { Data Path-Slew }
Other End Arrival Time          0.000
- Setup                         0.144
+ Phase Shift                   5.000
- Uncertainty                   0.100
= Required Time                 4.756
- Arrival Time                  2.542
= Slack Time                    2.214
= Slack Time(original)          2.184
     Clock Rise Edge                      0.000
     = Beginpoint Arrival Time            0.000
     Timing Path:
      ------------------------------------------------------------------------
      Instance                Arc          Cell      Retime  Arrival  Required  
                                                     Delay   Time     Time  
      ------------------------------------------------------------------------
      -                       clk ^        -         -       0.000    2.215  
      u_visitor/count_reg[1]  -            DFFRHQX1  0.000   0.000    2.215  
      u_visitor/count_reg[1]  CK ^ -> Q ^  DFFRHQX1  0.372   0.372    2.587  
      u_visitor/g864          -            NAND2XL   0.000   0.372    2.587  
      u_visitor/g864          B ^ -> Y v   NAND2XL   0.190   0.563    2.777  
      u_visitor/g882          -            NOR2BX1   0.000   0.563    2.777  
      u_visitor/g882          B v -> Y ^   NOR2BX1   0.170   0.733    2.947  
      u_visitor/g856          -            NAND2XL   0.000   0.733    2.947  
      u_visitor/g856          B ^ -> Y v   NAND2XL   0.163   0.895    3.110  
      u_visitor/g2            -            NOR2BX1   0.000   0.895    3.110  
      u_visitor/g2            B v -> Y ^   NOR2BX1   0.155   1.050    3.265  
      u_visitor/g850          -            NAND2XL   0.000   1.050    3.265  
      u_visitor/g850          B ^ -> Y v   NAND2XL   0.142   1.193    3.407  
      u_visitor/g846          -            NOR2XL    0.000   1.193    3.407  
      u_visitor/g846          B v -> Y ^   NOR2XL    0.160   1.353    3.567  
      u_visitor/g845          -            AOI211X1  0.000   1.353    3.567  
      u_visitor/g845          A1 ^ -> Y v  AOI211X1  0.319   1.672    3.886  
      u_visitor/g844          -            CLKINVX1  0.000   1.672    3.886  
      u_visitor/g844          A v -> Y ^   CLKINVX1  0.176   1.847    4.062  
      u_visitor/g842          -            NAND2XL   0.000   1.847    4.062  
      u_visitor/g842          A ^ -> Y v   NAND2XL   0.410   2.258    4.472  
      u_visitor/g830          -            OAI211X1  0.000   2.258    4.472  
      u_visitor/g830          C0 v -> Y ^  OAI211X1  0.104   2.361    4.576  
      u_visitor/g815          -            AOI222XL  0.000   2.361    4.576  
      u_visitor/g815          C0 ^ -> Y v  AOI222XL  0.106   2.468    4.682  
      u_visitor/g813          -            INVXL     0.000   2.468    4.682  
      u_visitor/g813          A v -> Y ^   INVXL     0.074   2.542    4.756  
      u_visitor/count_reg[4]  -            DFFRHQX1  0.000   2.542    4.756  
      ------------------------------------------------------------------------
     Clock Rise Edge                      0.000
     = Beginpoint Arrival Time            0.000
     Other End Path:
      ------------------------------------------------------------------
      Instance                Arc    Cell      Retime  Arrival  Required  
                                               Delay   Time     Time  
      ------------------------------------------------------------------
      -                       clk ^  -         -       0.000    -2.214  
      u_visitor/count_reg[4]  -      DFFRHQX1  0.000   0.000    -2.214  
      ------------------------------------------------------------------
Path 23: MET Setup Check with Pin u_visitor/count_reg[2]/CK 
Endpoint:   u_visitor/count_reg[2]/D (^) checked with  leading edge of 'clk'
Beginpoint: u_visitor/count_reg[1]/Q (^) triggered by  leading edge of 'clk'
Path Groups: {clk}
Retime Analysis { Data Path-Slew }
Other End Arrival Time          0.000
- Setup                         0.144
+ Phase Shift                   5.000
- Uncertainty                   0.100
= Required Time                 4.756
- Arrival Time                  2.542
= Slack Time                    2.214
= Slack Time(original)          2.184
     Clock Rise Edge                      0.000
     = Beginpoint Arrival Time            0.000
     Timing Path:
      ------------------------------------------------------------------------
      Instance                Arc          Cell      Retime  Arrival  Required  
                                                     Delay   Time     Time  
      ------------------------------------------------------------------------
      -                       clk ^        -         -       0.000    2.215  
      u_visitor/count_reg[1]  -            DFFRHQX1  0.000   0.000    2.215  
      u_visitor/count_reg[1]  CK ^ -> Q ^  DFFRHQX1  0.372   0.372    2.587  
      u_visitor/g864          -            NAND2XL   0.000   0.372    2.587  
      u_visitor/g864          B ^ -> Y v   NAND2XL   0.190   0.563    2.777  
      u_visitor/g882          -            NOR2BX1   0.000   0.563    2.777  
      u_visitor/g882          B v -> Y ^   NOR2BX1   0.170   0.733    2.947  
      u_visitor/g856          -            NAND2XL   0.000   0.733    2.947  
      u_visitor/g856          B ^ -> Y v   NAND2XL   0.163   0.895    3.110  
      u_visitor/g2            -            NOR2BX1   0.000   0.895    3.110  
      u_visitor/g2            B v -> Y ^   NOR2BX1   0.155   1.050    3.265  
      u_visitor/g850          -            NAND2XL   0.000   1.050    3.265  
      u_visitor/g850          B ^ -> Y v   NAND2XL   0.142   1.193    3.407  
      u_visitor/g846          -            NOR2XL    0.000   1.193    3.407  
      u_visitor/g846          B v -> Y ^   NOR2XL    0.160   1.353    3.567  
      u_visitor/g845          -            AOI211X1  0.000   1.353    3.567  
      u_visitor/g845          A1 ^ -> Y v  AOI211X1  0.319   1.672    3.886  
      u_visitor/g844          -            CLKINVX1  0.000   1.672    3.886  
      u_visitor/g844          A v -> Y ^   CLKINVX1  0.176   1.847    4.062  
      u_visitor/g842          -            NAND2XL   0.000   1.847    4.062  
      u_visitor/g842          A ^ -> Y v   NAND2XL   0.410   2.258    4.472  
      u_visitor/g828          -            OAI211X1  0.000   2.258    4.472  
      u_visitor/g828          C0 v -> Y ^  OAI211X1  0.104   2.361    4.576  
      u_visitor/g819          -            AOI222XL  0.000   2.361    4.576  
      u_visitor/g819          C0 ^ -> Y v  AOI222XL  0.106   2.468    4.682  
      u_visitor/g818          -            INVXL     0.000   2.468    4.682  
      u_visitor/g818          A v -> Y ^   INVXL     0.074   2.542    4.756  
      u_visitor/count_reg[2]  -            DFFRHQX1  0.000   2.542    4.756  
      ------------------------------------------------------------------------
     Clock Rise Edge                      0.000
     = Beginpoint Arrival Time            0.000
     Other End Path:
      ------------------------------------------------------------------
      Instance                Arc    Cell      Retime  Arrival  Required  
                                               Delay   Time     Time  
      ------------------------------------------------------------------
      -                       clk ^  -         -       0.000    -2.214  
      u_visitor/count_reg[2]  -      DFFRHQX1  0.000   0.000    -2.214  
      ------------------------------------------------------------------
Path 24: MET Setup Check with Pin u_visitor/count_reg[7]/CK 
Endpoint:   u_visitor/count_reg[7]/D (^) checked with  leading edge of 'clk'
Beginpoint: u_visitor/count_reg[1]/Q (^) triggered by  leading edge of 'clk'
Path Groups: {clk}
Retime Analysis { Data Path-Slew }
Other End Arrival Time          0.000
- Setup                         0.148
+ Phase Shift                   5.000
- Uncertainty                   0.100
= Required Time                 4.752
- Arrival Time                  2.545
= Slack Time                    2.206
= Slack Time(original)          2.190
     Clock Rise Edge                      0.000
     = Beginpoint Arrival Time            0.000
     Timing Path:
      -------------------------------------------------------------------------
      Instance                Arc          Cell       Retime  Arrival  Required  
                                                      Delay   Time     Time  
      -------------------------------------------------------------------------
      -                       clk ^        -          -       0.000    2.206  
      u_visitor/count_reg[1]  -            DFFRHQX1   0.000   0.000    2.206  
      u_visitor/count_reg[1]  CK ^ -> Q ^  DFFRHQX1   0.372   0.372    2.578  
      u_visitor/g864          -            NAND2XL    0.000   0.372    2.578  
      u_visitor/g864          B ^ -> Y v   NAND2XL    0.190   0.562    2.769  
      u_visitor/g882          -            NOR2BX1    0.000   0.562    2.769  
      u_visitor/g882          B v -> Y ^   NOR2BX1    0.170   0.733    2.939  
      u_visitor/g856          -            NAND2XL    0.000   0.733    2.939  
      u_visitor/g856          B ^ -> Y v   NAND2XL    0.163   0.895    3.102  
      u_visitor/g2            -            NOR2BX1    0.000   0.895    3.102  
      u_visitor/g2            B v -> Y ^   NOR2BX1    0.155   1.050    3.256  
      u_visitor/g850          -            NAND2XL    0.000   1.050    3.256  
      u_visitor/g850          B ^ -> Y v   NAND2XL    0.142   1.193    3.399  
      u_visitor/g846          -            NOR2XL     0.000   1.193    3.399  
      u_visitor/g846          B v -> Y ^   NOR2XL     0.160   1.352    3.559  
      u_visitor/g845          -            AOI211X1   0.000   1.352    3.559  
      u_visitor/g845          A1 ^ -> Y v  AOI211X1   0.319   1.672    3.878  
      u_visitor/g844          -            CLKINVX1   0.000   1.672    3.878  
      u_visitor/g844          A v -> Y ^   CLKINVX1   0.176   1.847    4.053  
      u_visitor/g842          -            NAND2XL    0.000   1.847    4.053  
      u_visitor/g842          A ^ -> Y v   NAND2XL    0.410   2.258    4.464  
      u_visitor/g835          -            NAND2XL    0.000   2.258    4.464  
      u_visitor/g835          B v -> Y ^   NAND2XL    0.144   2.402    4.608  
      u_visitor/g825          -            OAI21X1    0.000   2.402    4.608  
      u_visitor/g825          A1 ^ -> Y v  OAI21X1    0.076   2.478    4.684  
      u_visitor/g823          -            OAI2BB1XL  0.000   2.478    4.684  
      u_visitor/g823          B0 v -> Y ^  OAI2BB1XL  0.068   2.545    4.752  
      u_visitor/count_reg[7]  -            DFFRHQX1   0.000   2.545    4.752  
      -------------------------------------------------------------------------
     Clock Rise Edge                      0.000
     = Beginpoint Arrival Time            0.000
     Other End Path:
      ------------------------------------------------------------------
      Instance                Arc    Cell      Retime  Arrival  Required  
                                               Delay   Time     Time  
      ------------------------------------------------------------------
      -                       clk ^  -         -       0.000    -2.206  
      u_visitor/count_reg[7]  -      DFFRHQX1  0.000   0.000    -2.206  
      ------------------------------------------------------------------
Path 25: MET Setup Check with Pin u_visitor/count_reg[6]/CK 
Endpoint:   u_visitor/count_reg[6]/D (^) checked with  leading edge of 'clk'
Beginpoint: u_visitor/count_reg[2]/Q (^) triggered by  leading edge of 'clk'
Path Groups: {clk}
Retime Analysis { Data Path-Slew }
Other End Arrival Time          0.000
- Setup                         0.175
+ Phase Shift                   5.000
- Uncertainty                   0.100
= Required Time                 4.725
- Arrival Time                  2.427
= Slack Time                    2.298
= Slack Time(original)          2.212
     Clock Rise Edge                      0.000
     = Beginpoint Arrival Time            0.000
     Timing Path:
      ------------------------------------------------------------------------
      Instance                Arc          Cell      Retime  Arrival  Required  
                                                     Delay   Time     Time  
      ------------------------------------------------------------------------
      -                       clk ^        -         -       0.000    2.298  
      u_visitor/count_reg[2]  -            DFFRHQX1  0.000   0.000    2.298  
      u_visitor/count_reg[2]  CK ^ -> Q ^  DFFRHQX1  0.385   0.385    2.683  
      u_visitor/g882          -            NOR2BX1   0.000   0.385    2.683  
      u_visitor/g882          AN ^ -> Y ^  NOR2BX1   0.186   0.571    2.869  
      u_visitor/g856          -            NAND2XL   0.000   0.571    2.869  
      u_visitor/g856          B ^ -> Y v   NAND2XL   0.156   0.727    3.026  
      u_visitor/g2            -            NOR2BX1   0.000   0.727    3.026  
      u_visitor/g2            B v -> Y ^   NOR2BX1   0.154   0.881    3.179  
      u_visitor/g850          -            NAND2XL   0.000   0.881    3.179  
      u_visitor/g850          B ^ -> Y v   NAND2XL   0.142   1.023    3.321  
      u_visitor/g846          -            NOR2XL    0.000   1.023    3.321  
      u_visitor/g846          B v -> Y ^   NOR2XL    0.160   1.183    3.481  
      u_visitor/g845          -            AOI211X1  0.000   1.183    3.481  
      u_visitor/g845          A1 ^ -> Y v  AOI211X1  0.319   1.502    3.800  
      u_visitor/g838          -            NOR2XL    0.000   1.502    3.800  
      u_visitor/g838          A v -> Y ^   NOR2XL    0.455   1.957    4.256  
      u_visitor/g836          -            CLKINVX1  0.000   1.957    4.256  
      u_visitor/g836          A ^ -> Y v   CLKINVX1  0.179   2.136    4.434  
      u_visitor/g829          -            OAI211X1  0.000   2.136    4.434  
      u_visitor/g829          A1 v -> Y ^  OAI211X1  0.130   2.266    4.564  
      u_visitor/g816          -            AOI222XL  0.000   2.266    4.564  
      u_visitor/g816          C0 ^ -> Y v  AOI222XL  0.098   2.364    4.662  
      u_visitor/g814          -            INVXL     0.000   2.364    4.662  
      u_visitor/g814          A v -> Y ^   INVXL     0.063   2.427    4.725  
      u_visitor/count_reg[6]  -            DFFRX1    0.000   2.427    4.725  
      ------------------------------------------------------------------------
     Clock Rise Edge                      0.000
     = Beginpoint Arrival Time            0.000
     Other End Path:
      ----------------------------------------------------------------
      Instance                Arc    Cell    Retime  Arrival  Required  
                                             Delay   Time     Time  
      ----------------------------------------------------------------
      -                       clk ^  -       -       0.000    -2.298  
      u_visitor/count_reg[6]  -      DFFRX1  0.000   0.000    -2.298  
      ----------------------------------------------------------------
Path 26: MET Setup Check with Pin u_visitor/count_reg[0]/CK 
Endpoint:   u_visitor/count_reg[0]/SI (^) checked with  leading edge of 'clk'
Beginpoint: u_visitor/count_reg[0]/Q  (^) triggered by  leading edge of 'clk'
Path Groups: {clk}
Retime Analysis { Data Path-Slew }
Other End Arrival Time          0.000
- Setup                         0.256
+ Phase Shift                   5.000
- Uncertainty                   0.100
= Required Time                 4.644
- Arrival Time                  2.415
= Slack Time                    2.229
= Slack Time(original)          2.221
     Clock Rise Edge                      0.000
     = Beginpoint Arrival Time            0.000
     Timing Path:
      -------------------------------------------------------------------------
      Instance                Arc          Cell       Retime  Arrival  Required  
                                                      Delay   Time     Time  
      -------------------------------------------------------------------------
      -                       clk ^        -          -       0.000    2.229  
      u_visitor/count_reg[0]  -            SDFFRHQX1  0.000   0.000    2.229  
      u_visitor/count_reg[0]  CK ^ -> Q ^  SDFFRHQX1  0.378   0.378    2.607  
      u_visitor/g864          -            NAND2XL    0.000   0.378    2.607  
      u_visitor/g864          A ^ -> Y v   NAND2XL    0.194   0.572    2.801  
      u_visitor/g882          -            NOR2BX1    0.000   0.572    2.801  
      u_visitor/g882          B v -> Y ^   NOR2BX1    0.171   0.743    2.971  
      u_visitor/g856          -            NAND2XL    0.000   0.743    2.971  
      u_visitor/g856          B ^ -> Y v   NAND2XL    0.163   0.905    3.134  
      u_visitor/g2            -            NOR2BX1    0.000   0.905    3.134  
      u_visitor/g2            B v -> Y ^   NOR2BX1    0.155   1.060    3.289  
      u_visitor/g850          -            NAND2XL    0.000   1.060    3.289  
      u_visitor/g850          B ^ -> Y v   NAND2XL    0.142   1.203    3.431  
      u_visitor/g846          -            NOR2XL     0.000   1.203    3.431  
      u_visitor/g846          B v -> Y ^   NOR2XL     0.160   1.363    3.591  
      u_visitor/g845          -            AOI211X1   0.000   1.363    3.591  
      u_visitor/g845          A1 ^ -> Y v  AOI211X1   0.319   1.682    3.910  
      u_visitor/g844          -            CLKINVX1   0.000   1.682    3.910  
      u_visitor/g844          A v -> Y ^   CLKINVX1   0.176   1.857    4.086  
      u_visitor/g842          -            NAND2XL    0.000   1.857    4.086  
      u_visitor/g842          A ^ -> Y v   NAND2XL    0.410   2.268    4.496  
      u_visitor/g839          -            INVX1      0.000   2.268    4.496  
      u_visitor/g839          A v -> Y ^   INVX1      0.147   2.415    4.644  
      u_visitor/count_reg[0]  -            SDFFRHQX1  0.000   2.415    4.644  
      -------------------------------------------------------------------------
     Clock Rise Edge                      0.000
     = Beginpoint Arrival Time            0.000
     Other End Path:
      -------------------------------------------------------------------
      Instance                Arc    Cell       Retime  Arrival  Required  
                                                Delay   Time     Time  
      -------------------------------------------------------------------
      -                       clk ^  -          -       0.000    -2.229  
      u_visitor/count_reg[0]  -      SDFFRHQX1  0.000   0.000    -2.229  
      -------------------------------------------------------------------
Path 27: MET Setup Check with Pin u_visitor/count_reg[0]/CK 
Endpoint:   u_visitor/count_reg[0]/SI (^) checked with  leading edge of 'clk'
Beginpoint: u_visitor/count_reg[1]/Q  (^) triggered by  leading edge of 'clk'
Path Groups: {clk}
Retime Analysis { Data Path-Slew }
Other End Arrival Time          0.000
- Setup                         0.256
+ Phase Shift                   5.000
- Uncertainty                   0.100
= Required Time                 4.644
- Arrival Time                  2.405
= Slack Time                    2.239
= Slack Time(original)          2.231
     Clock Rise Edge                      0.000
     = Beginpoint Arrival Time            0.000
     Timing Path:
      -------------------------------------------------------------------------
      Instance                Arc          Cell       Retime  Arrival  Required  
                                                      Delay   Time     Time  
      -------------------------------------------------------------------------
      -                       clk ^        -          -       0.000    2.239  
      u_visitor/count_reg[1]  -            DFFRHQX1   0.000   0.000    2.239  
      u_visitor/count_reg[1]  CK ^ -> Q ^  DFFRHQX1   0.372   0.372    2.611  
      u_visitor/g864          -            NAND2XL    0.000   0.372    2.611  
      u_visitor/g864          B ^ -> Y v   NAND2XL    0.190   0.563    2.801  
      u_visitor/g882          -            NOR2BX1    0.000   0.563    2.801  
      u_visitor/g882          B v -> Y ^   NOR2BX1    0.170   0.733    2.971  
      u_visitor/g856          -            NAND2XL    0.000   0.733    2.971  
      u_visitor/g856          B ^ -> Y v   NAND2XL    0.163   0.895    3.134  
      u_visitor/g2            -            NOR2BX1    0.000   0.895    3.134  
      u_visitor/g2            B v -> Y ^   NOR2BX1    0.155   1.050    3.289  
      u_visitor/g850          -            NAND2XL    0.000   1.050    3.289  
      u_visitor/g850          B ^ -> Y v   NAND2XL    0.142   1.193    3.431  
      u_visitor/g846          -            NOR2XL     0.000   1.193    3.431  
      u_visitor/g846          B v -> Y ^   NOR2XL     0.160   1.353    3.591  
      u_visitor/g845          -            AOI211X1   0.000   1.353    3.591  
      u_visitor/g845          A1 ^ -> Y v  AOI211X1   0.319   1.672    3.910  
      u_visitor/g844          -            CLKINVX1   0.000   1.672    3.910  
      u_visitor/g844          A v -> Y ^   CLKINVX1   0.176   1.847    4.086  
      u_visitor/g842          -            NAND2XL    0.000   1.847    4.086  
      u_visitor/g842          A ^ -> Y v   NAND2XL    0.410   2.258    4.496  
      u_visitor/g839          -            INVX1      0.000   2.258    4.496  
      u_visitor/g839          A v -> Y ^   INVX1      0.147   2.405    4.644  
      u_visitor/count_reg[0]  -            SDFFRHQX1  0.000   2.405    4.644  
      -------------------------------------------------------------------------
     Clock Rise Edge                      0.000
     = Beginpoint Arrival Time            0.000
     Other End Path:
      -------------------------------------------------------------------
      Instance                Arc    Cell       Retime  Arrival  Required  
                                                Delay   Time     Time  
      -------------------------------------------------------------------
      -                       clk ^  -          -       0.000    -2.239  
      u_visitor/count_reg[0]  -      SDFFRHQX1  0.000   0.000    -2.239  
      -------------------------------------------------------------------
Path 28: MET Setup Check with Pin u_visitor/count_reg[3]/CK 
Endpoint:   u_visitor/count_reg[3]/D (^) checked with  leading edge of 'clk'
Beginpoint: u_visitor/count_reg[2]/Q (^) triggered by  leading edge of 'clk'
Path Groups: {clk}
Retime Analysis { Data Path-Slew }
Other End Arrival Time          0.000
- Setup                         0.180
+ Phase Shift                   5.000
- Uncertainty                   0.100
= Required Time                 4.720
- Arrival Time                  2.427
= Slack Time                    2.293
= Slack Time(original)          2.243
     Clock Rise Edge                      0.000
     = Beginpoint Arrival Time            0.000
     Timing Path:
      --------------------------------------------------------------------------
      Instance                Arc           Cell       Retime  Arrival  Required  
                                                       Delay   Time     Time  
      --------------------------------------------------------------------------
      -                       clk ^         -          -       0.000    2.293  
      u_visitor/count_reg[2]  -             DFFRHQX1   0.000   0.000    2.293  
      u_visitor/count_reg[2]  CK ^ -> Q ^   DFFRHQX1   0.385   0.385    2.678  
      u_visitor/g882          -             NOR2BX1    0.000   0.385    2.678  
      u_visitor/g882          AN ^ -> Y ^   NOR2BX1    0.186   0.571    2.865  
      u_visitor/g856          -             NAND2XL    0.000   0.571    2.865  
      u_visitor/g856          B ^ -> Y v    NAND2XL    0.156   0.727    3.021  
      u_visitor/g2            -             NOR2BX1    0.000   0.727    3.021  
      u_visitor/g2            B v -> Y ^    NOR2BX1    0.154   0.881    3.174  
      u_visitor/g850          -             NAND2XL    0.000   0.881    3.174  
      u_visitor/g850          B ^ -> Y v    NAND2XL    0.142   1.023    3.317  
      u_visitor/g846          -             NOR2XL     0.000   1.023    3.317  
      u_visitor/g846          B v -> Y ^    NOR2XL     0.160   1.183    3.476  
      u_visitor/g845          -             AOI211X1   0.000   1.183    3.476  
      u_visitor/g845          A1 ^ -> Y v   AOI211X1   0.319   1.502    3.795  
      u_visitor/g838          -             NOR2XL     0.000   1.502    3.795  
      u_visitor/g838          A v -> Y ^    NOR2XL     0.455   1.957    4.251  
      u_visitor/g836          -             CLKINVX1   0.000   1.957    4.251  
      u_visitor/g836          A ^ -> Y v    CLKINVX1   0.179   2.136    4.430  
      u_visitor/g824          -             OAI221X1   0.000   2.136    4.430  
      u_visitor/g824          A1 v -> Y ^   OAI221X1   0.147   2.284    4.577  
      u_visitor/g821          -             OAI2BB1XL  0.000   2.284    4.577  
      u_visitor/g821          A1N ^ -> Y ^  OAI2BB1XL  0.143   2.427    4.720  
      u_visitor/count_reg[3]  -             DFFRX1     0.000   2.427    4.720  
      --------------------------------------------------------------------------
     Clock Rise Edge                      0.000
     = Beginpoint Arrival Time            0.000
     Other End Path:
      ----------------------------------------------------------------
      Instance                Arc    Cell    Retime  Arrival  Required  
                                             Delay   Time     Time  
      ----------------------------------------------------------------
      -                       clk ^  -       -       0.000    -2.293  
      u_visitor/count_reg[3]  -      DFFRX1  0.000   0.000    -2.293  
      ----------------------------------------------------------------
Path 29: MET Setup Check with Pin u_visitor/count_reg[5]/CK 
Endpoint:   u_visitor/count_reg[5]/D (^) checked with  leading edge of 'clk'
Beginpoint: u_visitor/count_reg[2]/Q (^) triggered by  leading edge of 'clk'
Path Groups: {clk}
Retime Analysis { Data Path-Slew }
Other End Arrival Time          0.000
- Setup                         0.180
+ Phase Shift                   5.000
- Uncertainty                   0.100
= Required Time                 4.720
- Arrival Time                  2.427
= Slack Time                    2.293
= Slack Time(original)          2.243
     Clock Rise Edge                      0.000
     = Beginpoint Arrival Time            0.000
     Timing Path:
      --------------------------------------------------------------------------
      Instance                Arc           Cell       Retime  Arrival  Required  
                                                       Delay   Time     Time  
      --------------------------------------------------------------------------
      -                       clk ^         -          -       0.000    2.293  
      u_visitor/count_reg[2]  -             DFFRHQX1   0.000   0.000    2.293  
      u_visitor/count_reg[2]  CK ^ -> Q ^   DFFRHQX1   0.385   0.385    2.678  
      u_visitor/g882          -             NOR2BX1    0.000   0.385    2.678  
      u_visitor/g882          AN ^ -> Y ^   NOR2BX1    0.186   0.571    2.865  
      u_visitor/g856          -             NAND2XL    0.000   0.571    2.865  
      u_visitor/g856          B ^ -> Y v    NAND2XL    0.156   0.727    3.021  
      u_visitor/g2            -             NOR2BX1    0.000   0.727    3.021  
      u_visitor/g2            B v -> Y ^    NOR2BX1    0.154   0.881    3.174  
      u_visitor/g850          -             NAND2XL    0.000   0.881    3.174  
      u_visitor/g850          B ^ -> Y v    NAND2XL    0.142   1.023    3.317  
      u_visitor/g846          -             NOR2XL     0.000   1.023    3.317  
      u_visitor/g846          B v -> Y ^    NOR2XL     0.160   1.183    3.476  
      u_visitor/g845          -             AOI211X1   0.000   1.183    3.476  
      u_visitor/g845          A1 ^ -> Y v   AOI211X1   0.319   1.502    3.795  
      u_visitor/g838          -             NOR2XL     0.000   1.502    3.795  
      u_visitor/g838          A v -> Y ^    NOR2XL     0.455   1.957    4.251  
      u_visitor/g836          -             CLKINVX1   0.000   1.957    4.251  
      u_visitor/g836          A ^ -> Y v    CLKINVX1   0.179   2.136    4.430  
      u_visitor/g826          -             OAI221X1   0.000   2.136    4.430  
      u_visitor/g826          A1 v -> Y ^   OAI221X1   0.147   2.284    4.577  
      u_visitor/g820          -             OAI2BB1XL  0.000   2.284    4.577  
      u_visitor/g820          A1N ^ -> Y ^  OAI2BB1XL  0.143   2.427    4.720  
      u_visitor/count_reg[5]  -             DFFRX1     0.000   2.427    4.720  
      --------------------------------------------------------------------------
     Clock Rise Edge                      0.000
     = Beginpoint Arrival Time            0.000
     Other End Path:
      ----------------------------------------------------------------
      Instance                Arc    Cell    Retime  Arrival  Required  
                                             Delay   Time     Time  
      ----------------------------------------------------------------
      -                       clk ^  -       -       0.000    -2.293  
      u_visitor/count_reg[5]  -      DFFRX1  0.000   0.000    -2.293  
      ----------------------------------------------------------------
Path 30: MET Setup Check with Pin u_visitor/count_reg[6]/CK 
Endpoint:   u_visitor/count_reg[6]/D (^) checked with  leading edge of 'clk'
Beginpoint: u_visitor/count_reg[0]/Q (^) triggered by  leading edge of 'clk'
Path Groups: {clk}
Retime Analysis { Data Path-Slew }
Other End Arrival Time          0.000
- Setup                         0.215
+ Phase Shift                   5.000
- Uncertainty                   0.100
= Required Time                 4.685
- Arrival Time                  2.433
= Slack Time                    2.251
= Slack Time(original)          2.246
     Clock Rise Edge                      0.000
     = Beginpoint Arrival Time            0.000
     Timing Path:
      -------------------------------------------------------------------------
      Instance                Arc          Cell       Retime  Arrival  Required  
                                                      Delay   Time     Time  
      -------------------------------------------------------------------------
      -                       clk ^        -          -       0.000    2.251  
      u_visitor/count_reg[0]  -            SDFFRHQX1  0.000   0.000    2.251  
      u_visitor/count_reg[0]  CK ^ -> Q ^  SDFFRHQX1  0.378   0.378    2.629  
      u_visitor/g864          -            NAND2XL    0.000   0.378    2.629  
      u_visitor/g864          A ^ -> Y v   NAND2XL    0.194   0.572    2.823  
      u_visitor/g882          -            NOR2BX1    0.000   0.572    2.823  
      u_visitor/g882          B v -> Y ^   NOR2BX1    0.171   0.743    2.994  
      u_visitor/g856          -            NAND2XL    0.000   0.743    2.994  
      u_visitor/g856          B ^ -> Y v   NAND2XL    0.163   0.905    3.156  
      u_visitor/g2            -            NOR2BX1    0.000   0.905    3.156  
      u_visitor/g2            B v -> Y ^   NOR2BX1    0.155   1.060    3.311  
      u_visitor/g850          -            NAND2XL    0.000   1.060    3.311  
      u_visitor/g850          B ^ -> Y v   NAND2XL    0.142   1.203    3.454  
      u_visitor/g846          -            NOR2XL     0.000   1.203    3.454  
      u_visitor/g846          B v -> Y ^   NOR2XL     0.160   1.363    3.614  
      u_visitor/g845          -            AOI211X1   0.000   1.363    3.614  
      u_visitor/g845          A1 ^ -> Y v  AOI211X1   0.319   1.682    3.933  
      u_visitor/g838          -            NOR2XL     0.000   1.682    3.933  
      u_visitor/g838          A v -> Y ^   NOR2XL     0.455   2.137    4.388  
      u_visitor/g816          -            AOI222XL   0.000   2.137    4.388  
      u_visitor/g816          A1 ^ -> Y v  AOI222XL   0.209   2.346    4.597  
      u_visitor/g814          -            INVXL      0.000   2.346    4.597  
      u_visitor/g814          A v -> Y ^   INVXL      0.087   2.434    4.685  
      u_visitor/count_reg[6]  -            DFFRX1     0.000   2.434    4.685  
      -------------------------------------------------------------------------
     Clock Rise Edge                      0.000
     = Beginpoint Arrival Time            0.000
     Other End Path:
      ----------------------------------------------------------------
      Instance                Arc    Cell    Retime  Arrival  Required  
                                             Delay   Time     Time  
      ----------------------------------------------------------------
      -                       clk ^  -       -       0.000    -2.251  
      u_visitor/count_reg[6]  -      DFFRX1  0.000   0.000    -2.251  
      ----------------------------------------------------------------

