###############################################################
#  Generated by:      Cadence Innovus 20.10-p004_1
#  OS:                Linux x86_64(Host ID edatools-server2.iiitd.edu.in)
#  Generated on:      Tue Nov 18 23:44:42 2025
#  Design:            HA
#  Command:           verify_drc > placement_reports/report/placement_DRC_vio.rpt
###############################################################

SHORT: ( Out Of Die ) Regular Wire of Net dehumidifier_on  ( Metal2 )
Bounds : ( 114.915, 117.740 ) ( 115.150, 117.810 )


SHORT: ( Out Of Die ) Regular Wire of Net humidifier_on  ( Metal2 )
Bounds : ( 110.855, 117.740 ) ( 111.040, 117.810 )


SHORT: ( Out Of Die ) Regular Wire of Net lock_status[1]  ( Metal2 )
Bounds : ( 106.790, 117.740 ) ( 106.935, 117.810 )


SHORT: ( Out Of Die ) Regular Wire of Net lock_status[0]  ( Metal2 )
Bounds : ( 102.680, 117.740 ) ( 102.875, 117.810 )


SHORT: ( Out Of Die ) Regular Wire of Net door_locked  ( Metal2 )
Bounds : ( 98.570, 117.740 ) ( 98.815, 117.810 )


SHORT: ( Out Of Die ) Regular Wire of Net lights_on  ( Metal2 )
Bounds : ( 94.325, 117.740 ) ( 94.600, 117.810 )


SHORT: ( Out Of Die ) Regular Wire of Net fan_on  ( Metal2 )
Bounds : ( 90.265, 117.740 ) ( 90.490, 117.810 )


SHORT: ( Out Of Die ) Regular Wire of Net DFT_sdi_1  ( Metal3 )
Bounds : ( 118.610, 117.740 ) ( 119.190, 117.800 )


MAR: ( Minimum Area ) Regular Wire of Net DFT_sdi_1  ( Metal2 )
Bounds : ( 89.390, 101.805 ) ( 89.540, 102.065 )


MAR: ( Minimum Area ) Regular Wire of Net clk  ( Metal2 )
Bounds : ( 89.390, 104.415 ) ( 89.540, 104.675 )


MAR: ( Minimum Area ) Regular Wire of Net volume_level_int[1]  ( Metal2 )
Bounds : ( 90.840, 99.485 ) ( 90.990, 99.745 )


MAR: ( Minimum Area ) Regular Wire of Net lock_status[0]  ( Metal2 )
Bounds : ( 92.290, 99.195 ) ( 92.440, 99.455 )


MAR: ( Minimum Area ) Regular Wire of Net volume_level[2]  ( Metal2 )
Bounds : ( 93.740, 91.365 ) ( 93.890, 91.625 )


MAR: ( Minimum Area ) Regular Wire of Net rst_n  ( Metal2 )
Bounds : ( 93.740, 106.735 ) ( 93.890, 106.995 )


MAR: ( Minimum Area ) Regular Wire of Net scan_en  ( Metal2 )
Bounds : ( 94.320, 89.045 ) ( 94.470, 89.305 )


MAR: ( Minimum Area ) Regular Wire of Net volume_level[2]  ( Metal2 )
Bounds : ( 94.900, 93.975 ) ( 95.050, 94.235 )


MAR: ( Minimum Area ) Regular Wire of Net water_level_r[3]  ( Metal2 )
Bounds : ( 96.060, 104.415 ) ( 96.210, 104.675 )


MAR: ( Minimum Area ) Regular Wire of Net clk  ( Metal2 )
Bounds : ( 101.860, 89.045 ) ( 102.010, 89.305 )


MAR: ( Minimum Area ) Regular Wire of Net scan_en  ( Metal2 )
Bounds : ( 101.860, 93.975 ) ( 102.010, 94.235 )


MAR: ( Minimum Area ) Regular Wire of Net clk  ( Metal2 )
Bounds : ( 101.860, 96.295 ) ( 102.010, 96.555 )


MAR: ( Minimum Area ) Regular Wire of Net clk  ( Metal2 )
Bounds : ( 101.860, 104.705 ) ( 102.010, 104.965 )


MAR: ( Minimum Area ) Regular Wire of Net water_level_r[0]  ( Metal2 )
Bounds : ( 102.440, 94.265 ) ( 102.590, 94.525 )


MAR: ( Minimum Area ) Regular Wire of Net u_water_ctrl/n_3  ( Metal2 )
Bounds : ( 102.440, 101.515 ) ( 102.590, 101.775 )


MAR: ( Minimum Area ) Regular Wire of Net water_level_r[0]  ( Metal2 )
Bounds : ( 102.730, 89.045 ) ( 102.880, 89.305 )


MAR: ( Minimum Area ) Regular Wire of Net water_level_r[2]  ( Metal2 )
Bounds : ( 102.730, 96.295 ) ( 102.880, 96.555 )


MAR: ( Minimum Area ) Regular Wire of Net rst_n  ( Metal2 )
Bounds : ( 104.470, 89.625 ) ( 104.620, 89.885 )


MAR: ( Minimum Area ) Regular Wire of Net water_level_r[0]  ( Metal2 )
Bounds : ( 107.660, 99.485 ) ( 107.810, 99.745 )


MAR: ( Minimum Area ) Regular Wire of Net door_locked  ( Metal2 )
Bounds : ( 76.630, 107.315 ) ( 76.780, 107.575 )


MAR: ( Minimum Area ) Regular Wire of Net door_locked_r_378  ( Metal2 )
Bounds : ( 76.340, 107.025 ) ( 76.490, 107.285 )


SHORT: ( Out Of Die ) Regular Wire of Net tv_on  ( Metal2 )
Bounds : ( 61.555, 117.740 ) ( 61.720, 117.810 )


SHORT: ( Out Of Die ) Regular Wire of Net music_on  ( Metal2 )
Bounds : ( 65.615, 117.740 ) ( 65.830, 117.810 )


SHORT: ( Out Of Die ) Regular Wire of Net volume_level[0]  ( Metal2 )
Bounds : ( 69.675, 117.740 ) ( 69.940, 117.810 )


SHORT: ( Out Of Die ) Regular Wire of Net volume_level[1]  ( Metal2 )
Bounds : ( 73.910, 117.740 ) ( 74.165, 117.810 )


SHORT: ( Out Of Die ) Regular Wire of Net volume_level[2]  ( Metal2 )
Bounds : ( 78.020, 117.740 ) ( 78.225, 117.810 )


SHORT: ( Out Of Die ) Regular Wire of Net volume_level[3]  ( Metal2 )
Bounds : ( 82.130, 117.740 ) ( 82.285, 117.810 )


SHORT: ( Out Of Die ) Regular Wire of Net ac_on  ( Metal2 )
Bounds : ( 86.205, 117.740 ) ( 86.380, 117.810 )


MAR: ( Minimum Area ) Regular Wire of Net clk  ( Metal2 )
Bounds : ( 64.740, 104.415 ) ( 64.890, 104.675 )


MAR: ( Minimum Area ) Regular Wire of Net lock_status[1]  ( Metal2 )
Bounds : ( 83.300, 104.415 ) ( 83.450, 104.675 )


MAR: ( Minimum Area ) Regular Wire of Net lock_status[1]  ( Metal2 )
Bounds : ( 84.460, 107.025 ) ( 84.610, 107.285 )


MAR: ( Minimum Area ) Regular Wire of Net volume_level[3]  ( Metal2 )
Bounds : ( 80.980, 91.365 ) ( 81.130, 91.625 )


MAR: ( Minimum Area ) Regular Wire of Net scan_en  ( Metal2 )
Bounds : ( 77.790, 101.515 ) ( 77.940, 101.775 )


MAR: ( Minimum Area ) Regular Wire of Net tv_on  ( Metal2 )
Bounds : ( 77.210, 96.585 ) ( 77.360, 96.845 )


MAR: ( Minimum Area ) Regular Wire of Net volume_level[0]  ( Metal2 )
Bounds : ( 76.340, 93.975 ) ( 76.490, 94.235 )


MAR: ( Minimum Area ) Regular Wire of Net volume_level_int[0]  ( Metal2 )
Bounds : ( 75.760, 96.295 ) ( 75.910, 96.555 )


MAR: ( Minimum Area ) Regular Wire of Net music_on_int  ( Metal2 )
Bounds : ( 74.890, 94.265 ) ( 75.040, 94.525 )


MAR: ( Minimum Area ) Regular Wire of Net fan_on  ( Metal2 )
Bounds : ( 61.260, 91.655 ) ( 61.410, 91.915 )


MAR: ( Minimum Area ) Regular Wire of Net fan_on_r_376  ( Metal2 )
Bounds : ( 60.970, 91.365 ) ( 61.120, 91.625 )


MAR: ( Minimum Area ) Regular Wire of Net music_on  ( Metal2 )
Bounds : ( 63.580, 93.975 ) ( 63.730, 94.235 )


MAR: ( Minimum Area ) Regular Wire of Net water_pump_on_int  ( Metal2 )
Bounds : ( 64.160, 101.515 ) ( 64.310, 101.775 )


MAR: ( Minimum Area ) Regular Wire of Net tv_on_int  ( Metal2 )
Bounds : ( 64.740, 99.485 ) ( 64.890, 99.745 )


MAR: ( Minimum Area ) Regular Wire of Net water_valve_close  ( Metal2 )
Bounds : ( 65.610, 101.515 ) ( 65.760, 101.775 )


MAR: ( Minimum Area ) Regular Wire of Net rst_n  ( Metal2 )
Bounds : ( 67.060, 94.265 ) ( 67.210, 94.525 )


MAR: ( Minimum Area ) Regular Wire of Net lock_status_int[1]  ( Metal2 )
Bounds : ( 67.930, 89.335 ) ( 68.080, 89.595 )


MAR: ( Minimum Area ) Regular Wire of Net rst_n  ( Metal2 )
Bounds : ( 67.930, 96.295 ) ( 68.080, 96.555 )


MAR: ( Minimum Area ) Regular Wire of Net water_valve_close_int  ( Metal2 )
Bounds : ( 69.380, 101.225 ) ( 69.530, 101.485 )


MAR: ( Minimum Area ) Regular Wire of Net clk  ( Metal2 )
Bounds : ( 69.670, 93.975 ) ( 69.820, 94.235 )


MAR: ( Minimum Area ) Regular Wire of Net rst_n  ( Metal2 )
Bounds : ( 70.250, 88.755 ) ( 70.400, 89.015 )


MAR: ( Minimum Area ) Regular Wire of Net clk  ( Metal2 )
Bounds : ( 70.540, 96.585 ) ( 70.690, 96.845 )


MAR: ( Minimum Area ) Regular Wire of Net rst_n  ( Metal2 )
Bounds : ( 72.570, 99.485 ) ( 72.720, 99.745 )


MAR: ( Minimum Area ) Regular Wire of Net scan_en  ( Metal2 )
Bounds : ( 82.140, 94.265 ) ( 82.290, 94.525 )


MAR: ( Minimum Area ) Regular Wire of Net rst_n  ( Metal2 )
Bounds : ( 83.010, 99.485 ) ( 83.160, 99.745 )


MAR: ( Minimum Area ) Regular Wire of Net rst_n  ( Metal2 )
Bounds : ( 84.460, 91.075 ) ( 84.610, 91.335 )


MAR: ( Minimum Area ) Regular Wire of Net clk  ( Metal2 )
Bounds : ( 85.620, 99.195 ) ( 85.770, 99.455 )


MAR: ( Minimum Area ) Regular Wire of Net clk  ( Metal2 )
Bounds : ( 87.070, 91.365 ) ( 87.220, 91.625 )


MAR: ( Minimum Area ) Regular Wire of Net clk  ( Metal2 )
Bounds : ( 87.650, 88.755 ) ( 87.800, 89.015 )


MAR: ( Minimum Area ) Regular Wire of Net u_water_ctrl/n_13  ( Metal2 )
Bounds : ( 87.940, 101.515 ) ( 88.090, 101.775 )


MAR: ( Minimum Area ) Regular Wire of Net u_entertainment/n_0  ( Metal2 )
Bounds : ( 96.060, 75.995 ) ( 96.210, 76.255 )


MAR: ( Minimum Area ) Regular Wire of Net u_entertainment/n_0  ( Metal2 )
Bounds : ( 95.480, 81.215 ) ( 95.630, 81.475 )


MAR: ( Minimum Area ) Regular Wire of Net volume_cmd_r[1]  ( Metal2 )
Bounds : ( 95.190, 80.925 ) ( 95.340, 81.185 )


MAR: ( Minimum Area ) Regular Wire of Net volume_level_int[1]  ( Metal2 )
Bounds : ( 94.030, 80.925 ) ( 94.180, 81.185 )


MAR: ( Minimum Area ) Regular Wire of Net u_entertainment/n_1  ( Metal2 )
Bounds : ( 92.290, 78.605 ) ( 92.440, 78.865 )


MAR: ( Minimum Area ) Regular Wire of Net rst_n  ( Metal2 )
Bounds : ( 91.710, 85.855 ) ( 91.860, 86.115 )


MAR: ( Minimum Area ) Regular Wire of Net n_1  ( Metal2 )
Bounds : ( 90.840, 78.315 ) ( 90.990, 78.575 )


MAR: ( Minimum Area ) Regular Wire of Net volume_level_int[1]  ( Metal2 )
Bounds : ( 89.390, 83.535 ) ( 89.540, 83.795 )


MAR: ( Minimum Area ) Regular Wire of Net volume_level_int[3]  ( Metal2 )
Bounds : ( 97.510, 75.705 ) ( 97.660, 75.965 )


MAR: ( Minimum Area ) Regular Wire of Net clk  ( Metal2 )
Bounds : ( 98.670, 78.315 ) ( 98.820, 78.575 )


MAR: ( Minimum Area ) Regular Wire of Net clk  ( Metal2 )
Bounds : ( 101.570, 78.605 ) ( 101.720, 78.865 )


MAR: ( Minimum Area ) Regular Wire of Net scan_en  ( Metal2 )
Bounds : ( 101.860, 75.705 ) ( 102.010, 75.965 )


MAR: ( Minimum Area ) Regular Wire of Net scan_en  ( Metal2 )
Bounds : ( 101.860, 83.535 ) ( 102.010, 83.795 )


MAR: ( Minimum Area ) Regular Wire of Net temp_setpoint_r[4]  ( Metal2 )
Bounds : ( 102.440, 75.415 ) ( 102.590, 75.675 )


MAR: ( Minimum Area ) Regular Wire of Net temp_setpoint_r[6]  ( Metal2 )
Bounds : ( 102.440, 78.605 ) ( 102.590, 78.865 )


MAR: ( Minimum Area ) Regular Wire of Net temp_setpoint_r[6]  ( Metal2 )
Bounds : ( 102.440, 83.825 ) ( 102.590, 84.085 )


MAR: ( Minimum Area ) Regular Wire of Net rst_n  ( Metal2 )
Bounds : ( 104.470, 73.965 ) ( 104.620, 74.225 )


CUTSPACING: ( Adjacent Cut Spacing ) Regular Wire of Net temp_setpoint[3] & Regular Wire of Net temp_setpoint_r[2]  ( Via2 )
Bounds : ( 111.145, 68.225 ) ( 111.285, 68.365 )


MAR: ( Minimum Area ) Regular Wire of Net rst_n  ( Metal2 )
Bounds : ( 104.470, 63.525 ) ( 104.620, 63.785 )


MAR: ( Minimum Area ) Regular Wire of Net rst_n  ( Metal2 )
Bounds : ( 104.470, 68.745 ) ( 104.620, 69.005 )


MAR: ( Minimum Area ) Regular Wire of Net temp_setpoint_r[3]  ( Metal2 )
Bounds : ( 105.920, 60.045 ) ( 106.070, 60.305 )


MAR: ( Minimum Area ) Regular Wire of Net u_temp_ctrl/n_16  ( Metal2 )
Bounds : ( 107.370, 64.975 ) ( 107.605, 65.235 )


MAR: ( Minimum Area ) Regular Wire of Net temp_setpoint[3]  ( Metal2 )
Bounds : ( 111.140, 68.165 ) ( 111.290, 68.425 )


MAR: ( Minimum Area ) Regular Wire of Net temp_setpoint_r[3]  ( Metal2 )
Bounds : ( 94.900, 68.455 ) ( 95.050, 68.715 )


MAR: ( Minimum Area ) Regular Wire of Net volume_cmd_r[2]  ( Metal2 )
Bounds : ( 94.610, 70.485 ) ( 94.760, 70.745 )


MAR: ( Minimum Area ) Regular Wire of Net u_temp_ctrl/n_25  ( Metal2 )
Bounds : ( 94.610, 68.165 ) ( 94.760, 68.425 )


MAR: ( Minimum Area ) Regular Wire of Net volume_cmd_r[1]  ( Metal2 )
Bounds : ( 94.030, 70.485 ) ( 94.180, 70.745 )


MAR: ( Minimum Area ) Regular Wire of Net u_entertainment/n_0  ( Metal2 )
Bounds : ( 93.740, 69.905 ) ( 93.890, 70.165 )


MAR: ( Minimum Area ) Regular Wire of Net scan_en  ( Metal2 )
Bounds : ( 90.550, 73.385 ) ( 90.700, 73.645 )


MAR: ( Minimum Area ) Regular Wire of Net temp_setpoint_r[6]  ( Metal2 )
Bounds : ( 90.550, 70.195 ) ( 90.700, 70.455 )


MAR: ( Minimum Area ) Regular Wire of Net temp_setpoint_r[4]  ( Metal2 )
Bounds : ( 90.260, 70.195 ) ( 90.410, 70.455 )


MAR: ( Minimum Area ) Regular Wire of Net u_temp_ctrl/n_33  ( Metal2 )
Bounds : ( 90.260, 69.905 ) ( 90.410, 70.165 )


MAR: ( Minimum Area ) Regular Wire of Net u_entertainment/n_2  ( Metal2 )
Bounds : ( 89.680, 73.385 ) ( 89.830, 73.645 )


MAR: ( Minimum Area ) Regular Wire of Net clk  ( Metal2 )
Bounds : ( 89.390, 73.095 ) ( 89.540, 73.355 )


CUTSPACING: ( Adjacent Cut Spacing ) Regular Wire of Net temp_setpoint_r[4] & Regular Wire of Net temp_setpoint_r[5]  ( Via2 )
Bounds : ( 90.265, 70.255 ) ( 90.405, 70.395 )


MAR: ( Minimum Area ) Regular Wire of Net temp_setpoint_r[5]  ( Metal2 )
Bounds : ( 100.990, 70.195 ) ( 101.140, 70.455 )


MAR: ( Minimum Area ) Regular Wire of Net clk  ( Metal2 )
Bounds : ( 101.860, 68.165 ) ( 102.010, 68.425 )


MAR: ( Minimum Area ) Regular Wire of Net clk  ( Metal2 )
Bounds : ( 101.860, 73.385 ) ( 102.010, 73.645 )


MAR: ( Minimum Area ) Regular Wire of Net temp_setpoint_r[4]  ( Metal2 )
Bounds : ( 102.730, 73.385 ) ( 102.880, 73.645 )


MAR: ( Minimum Area ) Regular Wire of Net temp_setpoint_r[2]  ( Metal2 )
Bounds : ( 102.730, 62.945 ) ( 102.880, 63.205 )


MAR: ( Minimum Area ) Regular Wire of Net u_temp_ctrl/n_45  ( Metal2 )
Bounds : ( 97.510, 65.555 ) ( 97.660, 65.815 )


MAR: ( Minimum Area ) Regular Wire of Net u_temp_ctrl/n_57  ( Metal2 )
Bounds : ( 96.930, 62.655 ) ( 97.080, 62.915 )


MAR: ( Minimum Area ) Regular Wire of Net u_temp_ctrl/n_45  ( Metal2 )
Bounds : ( 96.640, 62.945 ) ( 96.790, 63.205 )


MAR: ( Minimum Area ) Regular Wire of Net u_temp_ctrl/n_58  ( Metal2 )
Bounds : ( 94.320, 64.975 ) ( 94.470, 65.235 )


MAR: ( Minimum Area ) Regular Wire of Net u_temp_ctrl/n_32  ( Metal2 )
Bounds : ( 93.160, 62.945 ) ( 93.310, 63.205 )


MAR: ( Minimum Area ) Regular Wire of Net u_temp_ctrl/n_37  ( Metal2 )
Bounds : ( 91.710, 63.235 ) ( 91.860, 63.495 )


MAR: ( Minimum Area ) Regular Wire of Net u_temp_ctrl/n_31  ( Metal2 )
Bounds : ( 91.130, 60.045 ) ( 91.280, 60.305 )


MAR: ( Minimum Area ) Regular Wire of Net u_temp_ctrl/n_33  ( Metal2 )
Bounds : ( 90.840, 64.975 ) ( 90.990, 65.235 )


MAR: ( Minimum Area ) Regular Wire of Net u_temp_ctrl/n_31  ( Metal2 )
Bounds : ( 89.680, 64.975 ) ( 89.830, 65.235 )


MAR: ( Minimum Area ) Regular Wire of Net u_temp_ctrl/n_19  ( Metal2 )
Bounds : ( 97.800, 64.975 ) ( 97.950, 65.235 )


MAR: ( Minimum Area ) Regular Wire of Net u_temp_ctrl/n_29  ( Metal2 )
Bounds : ( 98.380, 59.175 ) ( 98.530, 59.435 )


MAR: ( Minimum Area ) Regular Wire of Net u_temp_ctrl/n_19  ( Metal2 )
Bounds : ( 98.380, 59.755 ) ( 98.530, 60.015 )


MAR: ( Minimum Area ) Regular Wire of Net u_temp_ctrl/n_28  ( Metal2 )
Bounds : ( 99.250, 59.755 ) ( 99.400, 60.015 )


MAR: ( Minimum Area ) Regular Wire of Net clk  ( Metal2 )
Bounds : ( 101.860, 62.945 ) ( 102.010, 63.205 )


MAR: ( Minimum Area ) Regular Wire of Net u_temp_ctrl/n_24  ( Metal2 )
Bounds : ( 102.730, 65.265 ) ( 102.880, 65.525 )


MAR: ( Minimum Area ) Regular Wire of Net u_temp_ctrl/n_20  ( Metal2 )
Bounds : ( 103.020, 59.755 ) ( 103.170, 60.015 )


MAR: ( Minimum Area ) Regular Wire of Net u_temp_ctrl/n_57  ( Metal2 )
Bounds : ( 103.020, 64.685 ) ( 103.170, 64.945 )


MAR: ( Minimum Area ) Regular Wire of Net u_temp_ctrl/n_20  ( Metal2 )
Bounds : ( 103.020, 65.265 ) ( 103.170, 65.525 )


MAR: ( Minimum Area ) Regular Wire of Net clk  ( Metal2 )
Bounds : ( 77.500, 78.315 ) ( 77.650, 78.575 )


MAR: ( Minimum Area ) Regular Wire of Net scan_en  ( Metal2 )
Bounds : ( 76.920, 83.825 ) ( 77.070, 84.085 )


MAR: ( Minimum Area ) Regular Wire of Net burglar_alarm_out_r_372  ( Metal2 )
Bounds : ( 61.550, 78.895 ) ( 61.700, 79.155 )


MAR: ( Minimum Area ) Regular Wire of Net visitor_count_int[5]  ( Metal2 )
Bounds : ( 59.810, 86.435 ) ( 59.960, 86.695 )


MAR: ( Minimum Area ) Regular Wire of Net clk  ( Metal2 )
Bounds : ( 59.810, 78.025 ) ( 59.960, 78.285 )


CUTSPACING: ( Adjacent Cut Spacing ) Regular Wire of Net scan_en & Regular Wire of Net lock_status_int[0]  ( Via2 )
Bounds : ( 76.925, 83.885 ) ( 77.065, 84.025 )


MAR: ( Minimum Area ) Regular Wire of Net music_on_int  ( Metal2 )
Bounds : ( 68.510, 84.115 ) ( 68.660, 84.375 )


MAR: ( Minimum Area ) Regular Wire of Net scan_en  ( Metal2 )
Bounds : ( 68.800, 85.855 ) ( 68.950, 86.115 )


MAR: ( Minimum Area ) Regular Wire of Net lock_status_int[1]  ( Metal2 )
Bounds : ( 68.800, 86.145 ) ( 68.950, 86.405 )


MAR: ( Minimum Area ) Regular Wire of Net clk  ( Metal2 )
Bounds : ( 69.090, 83.535 ) ( 69.240, 83.795 )


MAR: ( Minimum Area ) Regular Wire of Net rst_n  ( Metal2 )
Bounds : ( 70.540, 80.925 ) ( 70.690, 81.185 )


MAR: ( Minimum Area ) Regular Wire of Net u_humidity/n_5  ( Metal2 )
Bounds : ( 71.120, 78.605 ) ( 71.270, 78.865 )


MAR: ( Minimum Area ) Regular Wire of Net clk  ( Metal2 )
Bounds : ( 71.700, 75.705 ) ( 71.850, 75.965 )


MAR: ( Minimum Area ) Regular Wire of Net music_on_int  ( Metal2 )
Bounds : ( 76.630, 80.925 ) ( 76.780, 81.185 )


MAR: ( Minimum Area ) Regular Wire of Net clk  ( Metal2 )
Bounds : ( 76.630, 86.145 ) ( 76.780, 86.405 )


MAR: ( Minimum Area ) Regular Wire of Net lock_status_int[0]  ( Metal2 )
Bounds : ( 76.920, 83.535 ) ( 77.070, 83.795 )


MAR: ( Minimum Area ) Regular Wire of Net u_humidity/n_4  ( Metal2 )
Bounds : ( 78.080, 75.415 ) ( 78.230, 75.675 )


MAR: ( Minimum Area ) Regular Wire of Net dehumidifier_on_int  ( Metal2 )
Bounds : ( 78.080, 78.895 ) ( 78.230, 79.155 )


MAR: ( Minimum Area ) Regular Wire of Net scan_en  ( Metal2 )
Bounds : ( 79.530, 75.415 ) ( 79.680, 75.675 )


MAR: ( Minimum Area ) Regular Wire of Net dehumidifier_on_int  ( Metal2 )
Bounds : ( 79.530, 75.705 ) ( 79.680, 75.965 )


MAR: ( Minimum Area ) Regular Wire of Net rst_n  ( Metal2 )
Bounds : ( 81.850, 83.245 ) ( 82.000, 83.505 )


MAR: ( Minimum Area ) Regular Wire of Net u_entertainment/n_4  ( Metal2 )
Bounds : ( 82.140, 80.635 ) ( 82.290, 80.895 )


MAR: ( Minimum Area ) Regular Wire of Net scan_en  ( Metal2 )
Bounds : ( 82.430, 85.855 ) ( 82.580, 86.115 )


MAR: ( Minimum Area ) Regular Wire of Net volume_cmd_r[0]  ( Metal2 )
Bounds : ( 84.460, 75.705 ) ( 84.610, 75.965 )


MAR: ( Minimum Area ) Regular Wire of Net volume_level_int[0]  ( Metal2 )
Bounds : ( 85.620, 75.705 ) ( 85.770, 75.965 )


MAR: ( Minimum Area ) Regular Wire of Net clk  ( Metal2 )
Bounds : ( 87.650, 83.535 ) ( 87.800, 83.795 )


MAR: ( Minimum Area ) Regular Wire of Net scan_en  ( Metal2 )
Bounds : ( 88.810, 83.825 ) ( 88.960, 84.085 )


MAR: ( Minimum Area ) Regular Wire of Net clk  ( Metal2 )
Bounds : ( 89.100, 86.145 ) ( 89.250, 86.405 )


MAR: ( Minimum Area ) Regular Wire of Net rst_n  ( Metal2 )
Bounds : ( 63.580, 73.095 ) ( 63.730, 73.355 )


MAR: ( Minimum Area ) Regular Wire of Net n_4  ( Metal2 )
Bounds : ( 63.580, 70.485 ) ( 63.730, 70.745 )


MAR: ( Minimum Area ) Regular Wire of Net scan_en  ( Metal2 )
Bounds : ( 63.580, 70.195 ) ( 63.730, 70.455 )


MAR: ( Minimum Area ) Regular Wire of Net n_4  ( Metal2 )
Bounds : ( 61.550, 73.385 ) ( 61.700, 73.645 )


MAR: ( Minimum Area ) Regular Wire of Net scan_en  ( Metal2 )
Bounds : ( 60.970, 64.975 ) ( 61.120, 65.235 )


MAR: ( Minimum Area ) Regular Wire of Net scan_en  ( Metal2 )
Bounds : ( 59.810, 68.165 ) ( 59.960, 68.425 )


MAR: ( Minimum Area ) Regular Wire of Net window_state_int[0]  ( Metal2 )
Bounds : ( 65.030, 59.755 ) ( 65.180, 60.015 )


MAR: ( Minimum Area ) Regular Wire of Net u_door_lock/n_55  ( Metal2 )
Bounds : ( 65.030, 70.195 ) ( 65.180, 70.455 )


MAR: ( Minimum Area ) Regular Wire of Net u_door_lock/n_55  ( Metal2 )
Bounds : ( 65.610, 67.585 ) ( 65.760, 67.845 )


MAR: ( Minimum Area ) Regular Wire of Net rst_n  ( Metal2 )
Bounds : ( 69.670, 70.485 ) ( 69.820, 70.745 )


MAR: ( Minimum Area ) Regular Wire of Net humidifier_on_int  ( Metal2 )
Bounds : ( 69.960, 73.385 ) ( 70.110, 73.645 )


MAR: ( Minimum Area ) Regular Wire of Net rst_n  ( Metal2 )
Bounds : ( 70.250, 64.975 ) ( 70.400, 65.235 )


MAR: ( Minimum Area ) Regular Wire of Net door_locked_int  ( Metal2 )
Bounds : ( 71.990, 69.905 ) ( 72.140, 70.165 )


MAR: ( Minimum Area ) Regular Wire of Net rst_n  ( Metal2 )
Bounds : ( 83.590, 72.805 ) ( 83.740, 73.065 )


MAR: ( Minimum Area ) Regular Wire of Net u_temp_ctrl/n_15  ( Metal2 )
Bounds : ( 84.380, 62.655 ) ( 84.610, 62.915 )


MAR: ( Minimum Area ) Regular Wire of Net temp_setpoint_r[6]  ( Metal2 )
Bounds : ( 84.740, 62.720 ) ( 84.900, 62.915 )


MAR: ( Minimum Area ) Regular Wire of Net u_temp_ctrl/n_59  ( Metal2 )
Bounds : ( 85.040, 60.045 ) ( 85.190, 60.305 )


MAR: ( Minimum Area ) Regular Wire of Net volume_cmd_r[2]  ( Metal2 )
Bounds : ( 85.330, 70.485 ) ( 85.480, 70.745 )


MAR: ( Minimum Area ) Regular Wire of Net temp_setpoint_r[7]  ( Metal2 )
Bounds : ( 85.620, 64.975 ) ( 85.770, 65.235 )


MAR: ( Minimum Area ) Regular Wire of Net u_temp_ctrl/n_5  ( Metal2 )
Bounds : ( 86.200, 65.265 ) ( 86.350, 65.525 )


MAR: ( Minimum Area ) Regular Wire of Net u_temp_ctrl/n_46  ( Metal2 )
Bounds : ( 86.780, 64.975 ) ( 86.930, 65.235 )


MAR: ( Minimum Area ) Regular Wire of Net u_temp_ctrl/n_31  ( Metal2 )
Bounds : ( 87.650, 62.655 ) ( 87.800, 62.915 )


MAR: ( Minimum Area ) Regular Wire of Net temp_setpoint_r[4]  ( Metal2 )
Bounds : ( 87.940, 62.945 ) ( 88.090, 63.205 )


MAR: ( Minimum Area ) Regular Wire of Net u_temp_ctrl/n_59  ( Metal2 )
Bounds : ( 87.940, 63.235 ) ( 88.090, 63.495 )


MAR: ( Minimum Area ) Regular Wire of Net scan_en  ( Metal2 )
Bounds : ( 69.960, 73.675 ) ( 70.110, 73.935 )


MAR: ( Minimum Area ) Regular Wire of Net volume_level_int[2]  ( Metal2 )
Bounds : ( 82.720, 73.675 ) ( 82.870, 73.935 )


MAR: ( Minimum Area ) Regular Wire of Net lights_on  ( Metal2 )
Bounds : ( 63.580, 88.465 ) ( 63.730, 88.725 )


MAR: ( Minimum Area ) Regular Wire of Net clk  ( Metal2 )
Bounds : ( 35.740, 107.025 ) ( 35.890, 107.285 )


MAR: ( Minimum Area ) Regular Wire of Net visitor_count[1]  ( Metal2 )
Bounds : ( 34.870, 104.415 ) ( 35.020, 104.675 )


SHORT: ( Out Of Die ) Regular Wire of Net window_state[0]  ( Metal2 )
Bounds : ( 53.360, 117.740 ) ( 53.575, 117.810 )


SHORT: ( Out Of Die ) Regular Wire of Net visitor_count[7]  ( Metal2 )
Bounds : ( 49.250, 117.740 ) ( 49.515, 117.810 )


SHORT: ( Out Of Die ) Regular Wire of Net visitor_count[6]  ( Metal2 )
Bounds : ( 45.025, 117.740 ) ( 45.280, 117.810 )


SHORT: ( Out Of Die ) Regular Wire of Net visitor_count[5]  ( Metal2 )
Bounds : ( 40.965, 117.740 ) ( 41.170, 117.810 )


SHORT: ( Out Of Die ) Regular Wire of Net visitor_count[4]  ( Metal2 )
Bounds : ( 36.905, 117.740 ) ( 37.060, 117.810 )


SHORT: ( Out Of Die ) Regular Wire of Net visitor_count[3]  ( Metal2 )
Bounds : ( 32.810, 117.740 ) ( 32.985, 117.810 )


SHORT: ( Out Of Die ) Regular Wire of Net DFT_sdo_2  ( Metal2 )
Bounds : ( 57.470, 117.740 ) ( 57.635, 117.810 )


MAR: ( Minimum Area ) Regular Wire of Net visitor_count[5]  ( Metal2 )
Bounds : ( 39.800, 104.415 ) ( 39.950, 104.675 )


MAR: ( Minimum Area ) Regular Wire of Net scan_en  ( Metal2 )
Bounds : ( 39.800, 104.705 ) ( 39.950, 104.965 )


MAR: ( Minimum Area ) Regular Wire of Net visitor_count[2]  ( Metal2 )
Bounds : ( 39.800, 112.245 ) ( 39.950, 112.505 )


MAR: ( Minimum Area ) Regular Wire of Net visitor_count_int[6]  ( Metal2 )
Bounds : ( 41.250, 104.705 ) ( 41.400, 104.965 )


MAR: ( Minimum Area ) Regular Wire of Net visitor_count[5]  ( Metal2 )
Bounds : ( 41.830, 109.635 ) ( 41.980, 109.895 )


MAR: ( Minimum Area ) Regular Wire of Net rst_n  ( Metal2 )
Bounds : ( 45.310, 109.925 ) ( 45.460, 110.185 )


MAR: ( Minimum Area ) Regular Wire of Net visitor_count[6]  ( Metal2 )
Bounds : ( 45.600, 107.025 ) ( 45.750, 107.285 )


MAR: ( Minimum Area ) Regular Wire of Net rst_n  ( Metal2 )
Bounds : ( 49.080, 104.705 ) ( 49.230, 104.965 )


MAR: ( Minimum Area ) Regular Wire of Net visitor_count[6]  ( Metal2 )
Bounds : ( 52.560, 104.415 ) ( 52.710, 104.675 )


MAR: ( Minimum Area ) Regular Wire of Net visitor_count_int[5]  ( Metal2 )
Bounds : ( 53.140, 109.925 ) ( 53.290, 110.185 )


MAR: ( Minimum Area ) Regular Wire of Net visitor_count[4]  ( Metal2 )
Bounds : ( 54.590, 109.635 ) ( 54.740, 109.895 )


MAR: ( Minimum Area ) Regular Wire of Net scan_en  ( Metal2 )
Bounds : ( 54.590, 109.925 ) ( 54.740, 110.185 )


MAR: ( Minimum Area ) Regular Wire of Net rst_n  ( Metal2 )
Bounds : ( 54.880, 106.735 ) ( 55.030, 106.995 )


MAR: ( Minimum Area ) Regular Wire of Net visitor_count[7]  ( Metal2 )
Bounds : ( 58.070, 104.415 ) ( 58.220, 104.675 )


MAR: ( Minimum Area ) Regular Wire of Net u_visitor/n_4  ( Metal2 )
Bounds : ( 45.600, 96.295 ) ( 45.835, 96.555 )


MAR: ( Minimum Area ) Regular Wire of Net visitor_count_int[6]  ( Metal2 )
Bounds : ( 45.310, 96.295 ) ( 45.460, 96.555 )


MAR: ( Minimum Area ) Regular Wire of Net u_visitor/n_46  ( Metal2 )
Bounds : ( 44.730, 94.265 ) ( 44.880, 94.525 )


MAR: ( Minimum Area ) Regular Wire of Net clk  ( Metal2 )
Bounds : ( 46.180, 101.805 ) ( 46.330, 102.065 )


MAR: ( Minimum Area ) Regular Wire of Net u_visitor/n_30  ( Metal2 )
Bounds : ( 47.920, 91.365 ) ( 48.070, 91.625 )


MAR: ( Minimum Area ) Regular Wire of Net u_visitor/n_43  ( Metal2 )
Bounds : ( 48.500, 93.975 ) ( 48.650, 94.235 )


MAR: ( Minimum Area ) Regular Wire of Net visitor_count_int[6]  ( Metal2 )
Bounds : ( 48.790, 93.685 ) ( 48.945, 93.895 )


MAR: ( Minimum Area ) Regular Wire of Net u_visitor/n_32  ( Metal2 )
Bounds : ( 49.080, 88.755 ) ( 49.230, 89.015 )


MAR: ( Minimum Area ) Regular Wire of Net u_visitor/n_41  ( Metal2 )
Bounds : ( 49.370, 91.365 ) ( 49.520, 91.625 )


MAR: ( Minimum Area ) Regular Wire of Net u_visitor/n_32  ( Metal2 )
Bounds : ( 49.660, 91.075 ) ( 49.810, 91.335 )


MAR: ( Minimum Area ) Regular Wire of Net rst_n  ( Metal2 )
Bounds : ( 51.980, 99.195 ) ( 52.130, 99.455 )


MAR: ( Minimum Area ) Regular Wire of Net u_visitor/n_41  ( Metal2 )
Bounds : ( 52.270, 94.555 ) ( 52.420, 94.815 )


MAR: ( Minimum Area ) Regular Wire of Net visitor_count[4]  ( Metal2 )
Bounds : ( 52.270, 101.805 ) ( 52.420, 102.065 )


MAR: ( Minimum Area ) Regular Wire of Net u_visitor/n_28  ( Metal2 )
Bounds : ( 52.850, 93.975 ) ( 53.000, 94.235 )


MAR: ( Minimum Area ) Regular Wire of Net u_visitor/n_4  ( Metal2 )
Bounds : ( 53.140, 93.685 ) ( 53.295, 93.895 )


MAR: ( Minimum Area ) Regular Wire of Net scan_en  ( Metal2 )
Bounds : ( 53.140, 96.295 ) ( 53.290, 96.555 )


MAR: ( Minimum Area ) Regular Wire of Net visitor_count_int[5]  ( Metal2 )
Bounds : ( 55.460, 91.075 ) ( 55.610, 91.335 )


MAR: ( Minimum Area ) Regular Wire of Net u_visitor/n_28  ( Metal2 )
Bounds : ( 55.750, 90.495 ) ( 55.900, 90.755 )


MAR: ( Minimum Area ) Regular Wire of Net water_pump_on_r_370  ( Metal2 )
Bounds : ( 56.040, 101.225 ) ( 56.190, 101.485 )


MAR: ( Minimum Area ) Regular Wire of Net u_visitor/n_48  ( Metal2 )
Bounds : ( 56.620, 99.485 ) ( 56.770, 99.745 )


MAR: ( Minimum Area ) Regular Wire of Net n_3  ( Metal2 )
Bounds : ( 57.200, 101.515 ) ( 57.350, 101.775 )


MAR: ( Minimum Area ) Regular Wire of Net clk  ( Metal2 )
Bounds : ( 57.780, 102.095 ) ( 57.930, 102.355 )


MAR: ( Minimum Area ) Regular Wire of Net ac_on_r_375  ( Metal2 )
Bounds : ( 58.070, 88.755 ) ( 58.220, 89.015 )


MAR: ( Minimum Area ) Regular Wire of Net rst_n  ( Metal2 )
Bounds : ( 58.650, 96.585 ) ( 58.800, 96.845 )


MAR: ( Minimum Area ) Regular Wire of Net rst_n  ( Metal2 )
Bounds : ( 59.230, 101.805 ) ( 59.380, 102.065 )


MAR: ( Minimum Area ) Regular Wire of Net u_visitor/n_46  ( Metal2 )
Bounds : ( 43.280, 90.785 ) ( 43.430, 91.045 )


MAR: ( Minimum Area ) Regular Wire of Net visitor_count_int[7]  ( Metal2 )
Bounds : ( 42.990, 91.075 ) ( 43.140, 91.335 )


MAR: ( Minimum Area ) Regular Wire of Net u_visitor/n_11  ( Metal2 )
Bounds : ( 42.700, 96.585 ) ( 42.850, 96.845 )


MAR: ( Minimum Area ) Regular Wire of Net u_visitor/n_31  ( Metal2 )
Bounds : ( 42.410, 91.365 ) ( 42.560, 91.625 )


MAR: ( Minimum Area ) Regular Wire of Net visitor_count_int[5]  ( Metal2 )
Bounds : ( 41.250, 88.755 ) ( 41.400, 89.015 )


MAR: ( Minimum Area ) Regular Wire of Net visitor_count_int[4]  ( Metal2 )
Bounds : ( 40.960, 101.515 ) ( 41.110, 101.775 )


MAR: ( Minimum Area ) Regular Wire of Net scan_en  ( Metal2 )
Bounds : ( 31.100, 96.295 ) ( 31.250, 96.555 )


MAR: ( Minimum Area ) Regular Wire of Net u_visitor/n_30  ( Metal2 )
Bounds : ( 31.390, 88.755 ) ( 31.540, 89.015 )


MAR: ( Minimum Area ) Regular Wire of Net visitor_count_int[0]  ( Metal2 )
Bounds : ( 31.970, 96.585 ) ( 32.120, 96.845 )


MAR: ( Minimum Area ) Regular Wire of Net u_visitor/n_30  ( Metal2 )
Bounds : ( 32.545, 93.685 ) ( 32.700, 93.895 )


MAR: ( Minimum Area ) Regular Wire of Net u_visitor/n_42  ( Metal2 )
Bounds : ( 32.840, 91.945 ) ( 32.990, 92.205 )


MAR: ( Minimum Area ) Regular Wire of Net rst_n  ( Metal2 )
Bounds : ( 32.840, 101.515 ) ( 32.990, 101.775 )


MAR: ( Minimum Area ) Regular Wire of Net u_visitor/n_1  ( Metal2 )
Bounds : ( 33.130, 90.785 ) ( 33.280, 91.045 )


MAR: ( Minimum Area ) Regular Wire of Net u_visitor/n_37  ( Metal2 )
Bounds : ( 33.420, 94.555 ) ( 33.570, 94.815 )


MAR: ( Minimum Area ) Regular Wire of Net u_visitor/n_37  ( Metal2 )
Bounds : ( 33.420, 99.485 ) ( 33.570, 99.745 )


MAR: ( Minimum Area ) Regular Wire of Net u_visitor/n_31  ( Metal2 )
Bounds : ( 33.710, 93.975 ) ( 33.860, 94.235 )


MAR: ( Minimum Area ) Regular Wire of Net visitor_count_int[2]  ( Metal2 )
Bounds : ( 34.870, 99.485 ) ( 35.020, 99.745 )


MAR: ( Minimum Area ) Regular Wire of Net u_visitor/n_8  ( Metal2 )
Bounds : ( 36.030, 96.005 ) ( 36.180, 96.265 )


MAR: ( Minimum Area ) Regular Wire of Net u_visitor/n_0  ( Metal2 )
Bounds : ( 36.320, 91.075 ) ( 36.470, 91.335 )


MAR: ( Minimum Area ) Regular Wire of Net u_visitor/n_32  ( Metal2 )
Bounds : ( 37.190, 91.075 ) ( 37.340, 91.335 )


MAR: ( Minimum Area ) Regular Wire of Net visitor_count_int[7]  ( Metal2 )
Bounds : ( 38.350, 94.265 ) ( 38.500, 94.525 )


MAR: ( Minimum Area ) Regular Wire of Net visitor_count_int[6]  ( Metal2 )
Bounds : ( 38.930, 93.975 ) ( 39.080, 94.235 )


MAR: ( Minimum Area ) Regular Wire of Net u_visitor/n_26  ( Metal2 )
Bounds : ( 39.220, 89.045 ) ( 39.370, 89.305 )


MAR: ( Minimum Area ) Regular Wire of Net visitor_count_int[5]  ( Metal2 )
Bounds : ( 39.510, 93.975 ) ( 39.660, 94.235 )


MAR: ( Minimum Area ) Regular Wire of Net visitor_count_int[4]  ( Metal2 )
Bounds : ( 39.510, 96.585 ) ( 39.660, 96.845 )


MAR: ( Minimum Area ) Regular Wire of Net scan_en  ( Metal2 )
Bounds : ( 39.510, 101.515 ) ( 39.660, 101.775 )


MAR: ( Minimum Area ) Regular Wire of Net u_visitor/n_12  ( Metal2 )
Bounds : ( 39.800, 94.555 ) ( 39.950, 94.815 )


MAR: ( Minimum Area ) Regular Wire of Net water_pump_on_r_370  ( Metal2 )
Bounds : ( 9.640, 107.025 ) ( 9.790, 107.285 )


MAR: ( Minimum Area ) Regular Wire of Net water_pump_on  ( Metal2 )
Bounds : ( 9.350, 107.315 ) ( 9.500, 107.575 )


SHORT: ( Out Of Die ) Regular Wire of Net DFT_sdo_1  ( Metal3 )
Bounds : ( -0.070, 117.525 ) ( 0.070, 117.810 )


SHORT: ( Out Of Die ) Regular Wire of Net led_brightness[7]  ( Metal3 )
Bounds : ( -0.070, 113.465 ) ( 0.000, 113.605 )


SHORT: ( Out Of Die ) Regular Wire of Net led_brightness[6]  ( Metal3 )
Bounds : ( -0.070, 109.115 ) ( 0.000, 109.400 )


SHORT: ( Out Of Die ) Regular Wire of Net led_brightness[5]  ( Metal3 )
Bounds : ( -0.070, 105.055 ) ( 0.000, 105.195 )


SHORT: ( Out Of Die ) Regular Wire of Net visitor_count[2]  ( Metal2 )
Bounds : ( 28.700, 117.740 ) ( 28.925, 117.810 )


SHORT: ( Out Of Die ) Regular Wire of Net visitor_count[1]  ( Metal2 )
Bounds : ( 24.590, 117.740 ) ( 24.865, 117.810 )


SHORT: ( Out Of Die ) Regular Wire of Net visitor_count[0]  ( Metal2 )
Bounds : ( 20.375, 117.740 ) ( 20.620, 117.810 )


SHORT: ( Out Of Die ) Regular Wire of Net burglar_alarm_out  ( Metal2 )
Bounds : ( 16.315, 117.740 ) ( 16.510, 117.810 )


SHORT: ( Out Of Die ) Regular Wire of Net water_valve_close  ( Metal2 )
Bounds : ( 12.255, 117.740 ) ( 12.400, 117.810 )


SHORT: ( Out Of Die ) Regular Wire of Net water_pump_on  ( Metal2 )
Bounds : ( 8.150, 117.740 ) ( 8.335, 117.810 )


SHORT: ( Out Of Die ) Regular Wire of Net cooler_on  ( Metal2 )
Bounds : ( 4.040, 117.740 ) ( 4.275, 117.810 )


SHORT: ( Out Of Die ) Regular Wire of Net heater_on  ( Metal2 )
Bounds : ( -0.070, 117.670 ) ( 0.215, 117.810 )


SHORT: ( Out Of Die ) Regular Wire of Net heater_on  ( Metal2 )
Bounds : ( -0.070, 117.160 ) ( 0.000, 117.740 )


SHORT: ( Out Of Die ) Regular Wire of Net DFT_sdo_1  ( Metal3 )
Bounds : ( 0.000, 117.740 ) ( 0.580, 117.810 )


MAR: ( Minimum Area ) Regular Wire of Net heater_on  ( Metal2 )
Bounds : ( 5.000, 104.125 ) ( 5.150, 104.385 )


MAR: ( Minimum Area ) Regular Wire of Net cooler_on  ( Metal2 )
Bounds : ( 5.000, 107.315 ) ( 5.150, 107.575 )


MAR: ( Minimum Area ) Regular Wire of Net heater_on_r_368  ( Metal2 )
Bounds : ( 5.290, 104.415 ) ( 5.440, 104.675 )


MAR: ( Minimum Area ) Regular Wire of Net cooler_on_r_369  ( Metal2 )
Bounds : ( 5.290, 107.025 ) ( 5.440, 107.285 )


MAR: ( Minimum Area ) Regular Wire of Net burglar_alarm_out  ( Metal2 )
Bounds : ( 14.570, 104.125 ) ( 14.720, 104.385 )


MAR: ( Minimum Area ) Regular Wire of Net visitor_count[0]  ( Metal2 )
Bounds : ( 27.040, 112.245 ) ( 27.190, 112.505 )


MAR: ( Minimum Area ) Regular Wire of Net visitor_count_int[2]  ( Metal2 )
Bounds : ( 28.490, 111.955 ) ( 28.640, 112.215 )


MAR: ( Minimum Area ) Regular Wire of Net scan_en  ( Metal2 )
Bounds : ( 29.070, 106.735 ) ( 29.220, 106.995 )


MAR: ( Minimum Area ) Regular Wire of Net visitor_count[2]  ( Metal2 )
Bounds : ( 29.070, 107.025 ) ( 29.220, 107.285 )


MAR: ( Minimum Area ) Regular Wire of Net clk  ( Metal2 )
Bounds : ( 13.700, 91.365 ) ( 13.850, 91.625 )


MAR: ( Minimum Area ) Regular Wire of Net clk  ( Metal2 )
Bounds : ( 12.250, 96.585 ) ( 12.400, 96.845 )


MAR: ( Minimum Area ) Regular Wire of Net led_brightness[6]  ( Metal2 )
Bounds : ( 7.320, 99.195 ) ( 7.470, 99.455 )


MAR: ( Minimum Area ) Regular Wire of Net led_brightness[3]  ( Metal2 )
Bounds : ( 7.030, 91.365 ) ( 7.180, 91.625 )


MAR: ( Minimum Area ) Regular Wire of Net led_brightness[6]  ( Metal2 )
Bounds : ( 6.160, 96.585 ) ( 6.310, 96.845 )


SHORT: ( Out Of Die ) Regular Wire of Net led_brightness[4]  ( Metal3 )
Bounds : ( -0.070, 100.705 ) ( 0.000, 100.990 )


SHORT: ( Out Of Die ) Regular Wire of Net led_brightness[3]  ( Metal3 )
Bounds : ( -0.070, 96.645 ) ( 0.000, 96.785 )


SHORT: ( Out Of Die ) Regular Wire of Net led_brightness[2]  ( Metal3 )
Bounds : ( -0.070, 92.295 ) ( 0.000, 92.580 )


MAR: ( Minimum Area ) Regular Wire of Net system_status[6]  ( Metal2 )
Bounds : ( 5.000, 93.685 ) ( 5.150, 93.945 )


MAR: ( Minimum Area ) Regular Wire of Net water_pump_on_r_370  ( Metal2 )
Bounds : ( 5.290, 93.975 ) ( 5.440, 94.235 )


MAR: ( Minimum Area ) Regular Wire of Net clk  ( Metal2 )
Bounds : ( 13.990, 99.195 ) ( 14.140, 99.455 )


MAR: ( Minimum Area ) Regular Wire of Net rst_n  ( Metal2 )
Bounds : ( 16.310, 91.075 ) ( 16.460, 91.335 )


MAR: ( Minimum Area ) Regular Wire of Net rst_n  ( Metal2 )
Bounds : ( 16.600, 99.485 ) ( 16.750, 99.745 )


MAR: ( Minimum Area ) Regular Wire of Net led_brightness_int[6]  ( Metal2 )
Bounds : ( 17.470, 96.295 ) ( 17.620, 96.555 )


MAR: ( Minimum Area ) Regular Wire of Net clk  ( Metal2 )
Bounds : ( 17.760, 93.975 ) ( 17.910, 94.235 )


MAR: ( Minimum Area ) Regular Wire of Net led_brightness[5]  ( Metal2 )
Bounds : ( 18.920, 96.585 ) ( 19.070, 96.845 )


MAR: ( Minimum Area ) Regular Wire of Net led_brightness[7]  ( Metal2 )
Bounds : ( 20.080, 99.195 ) ( 20.230, 99.455 )


MAR: ( Minimum Area ) Regular Wire of Net u_visitor/n_17  ( Metal2 )
Bounds : ( 22.690, 89.335 ) ( 22.840, 89.595 )


MAR: ( Minimum Area ) Regular Wire of Net visitor_count_int[1]  ( Metal2 )
Bounds : ( 23.560, 96.875 ) ( 23.710, 97.135 )


MAR: ( Minimum Area ) Regular Wire of Net led_brightness[7]  ( Metal2 )
Bounds : ( 23.560, 101.805 ) ( 23.710, 102.065 )


MAR: ( Minimum Area ) Regular Wire of Net visitor_count_int[0]  ( Metal2 )
Bounds : ( 25.010, 99.485 ) ( 25.160, 99.745 )


MAR: ( Minimum Area ) Regular Wire of Net u_visitor/n_10  ( Metal2 )
Bounds : ( 26.170, 88.755 ) ( 26.320, 89.015 )


MAR: ( Minimum Area ) Regular Wire of Net visitor_count_int[1]  ( Metal2 )
Bounds : ( 27.330, 91.365 ) ( 27.480, 91.625 )


MAR: ( Minimum Area ) Regular Wire of Net u_visitor/n_31  ( Metal2 )
Bounds : ( 29.360, 93.975 ) ( 29.510, 94.235 )


MAR: ( Minimum Area ) Regular Wire of Net u_visitor/n_34  ( Metal2 )
Bounds : ( 29.360, 94.555 ) ( 29.510, 94.815 )


MAR: ( Minimum Area ) Regular Wire of Net u_visitor/n_9  ( Metal2 )
Bounds : ( 29.650, 91.075 ) ( 29.800, 91.335 )


MAR: ( Minimum Area ) Regular Wire of Net u_visitor/n_2  ( Metal2 )
Bounds : ( 48.210, 78.315 ) ( 48.360, 78.575 )


MAR: ( Minimum Area ) Regular Wire of Net scan_en  ( Metal2 )
Bounds : ( 47.630, 75.415 ) ( 47.780, 75.675 )


MAR: ( Minimum Area ) Regular Wire of Net u_visitor/n_45  ( Metal2 )
Bounds : ( 45.600, 86.725 ) ( 45.750, 86.985 )


MAR: ( Minimum Area ) Regular Wire of Net u_visitor/n_43  ( Metal2 )
Bounds : ( 45.310, 85.565 ) ( 45.460, 85.825 )


MAR: ( Minimum Area ) Regular Wire of Net u_visitor/n_25  ( Metal2 )
Bounds : ( 45.020, 86.145 ) ( 45.170, 86.405 )


MAR: ( Minimum Area ) Regular Wire of Net u_visitor/n_32  ( Metal2 )
Bounds : ( 49.370, 78.315 ) ( 49.520, 78.575 )


MAR: ( Minimum Area ) Regular Wire of Net u_visitor/n_21  ( Metal2 )
Bounds : ( 49.660, 78.605 ) ( 49.810, 78.865 )


MAR: ( Minimum Area ) Regular Wire of Net u_visitor/n_14  ( Metal2 )
Bounds : ( 51.690, 83.535 ) ( 51.840, 83.795 )


MAR: ( Minimum Area ) Regular Wire of Net SPCASCAN_N7  ( Metal2 )
Bounds : ( 51.980, 78.605 ) ( 52.130, 78.865 )


MAR: ( Minimum Area ) Regular Wire of Net scan_en  ( Metal2 )
Bounds : ( 52.270, 85.855 ) ( 52.420, 86.115 )


MAR: ( Minimum Area ) Regular Wire of Net u_visitor/n_49  ( Metal2 )
Bounds : ( 53.140, 85.855 ) ( 53.290, 86.115 )


MAR: ( Minimum Area ) Regular Wire of Net burglar_alarm_out_int  ( Metal2 )
Bounds : ( 53.430, 78.605 ) ( 53.580, 78.865 )


MAR: ( Minimum Area ) Regular Wire of Net u_visitor/n_2  ( Metal2 )
Bounds : ( 54.010, 80.635 ) ( 54.160, 80.895 )


MAR: ( Minimum Area ) Regular Wire of Net u_visitor/n_14  ( Metal2 )
Bounds : ( 54.300, 80.925 ) ( 54.450, 81.185 )


MAR: ( Minimum Area ) Regular Wire of Net u_visitor/n_21  ( Metal2 )
Bounds : ( 55.460, 81.215 ) ( 55.610, 81.475 )


MAR: ( Minimum Area ) Regular Wire of Net rst_n  ( Metal2 )
Bounds : ( 57.780, 86.145 ) ( 57.930, 86.405 )


MAR: ( Minimum Area ) Regular Wire of Net rst_n  ( Metal2 )
Bounds : ( 58.360, 78.315 ) ( 58.510, 78.575 )


MAR: ( Minimum Area ) Regular Wire of Net clk  ( Metal2 )
Bounds : ( 59.230, 86.145 ) ( 59.380, 86.405 )


MAR: ( Minimum Area ) Regular Wire of Net u_visitor/n_2  ( Metal2 )
Bounds : ( 42.120, 80.925 ) ( 42.270, 81.185 )


MAR: ( Minimum Area ) Regular Wire of Net visitor_count_int[4]  ( Metal2 )
Bounds : ( 42.120, 78.605 ) ( 42.270, 78.865 )


MAR: ( Minimum Area ) Regular Wire of Net rst_n  ( Metal2 )
Bounds : ( 42.120, 75.705 ) ( 42.270, 75.965 )


MAR: ( Minimum Area ) Regular Wire of Net u_visitor/n_36  ( Metal2 )
Bounds : ( 41.830, 80.345 ) ( 41.980, 80.605 )


MAR: ( Minimum Area ) Regular Wire of Net u_visitor/n_26  ( Metal2 )
Bounds : ( 41.540, 83.535 ) ( 41.690, 83.795 )


MAR: ( Minimum Area ) Regular Wire of Net visitor_count_int[4]  ( Metal2 )
Bounds : ( 40.955, 81.505 ) ( 41.110, 81.525 )


MAR: ( Minimum Area ) Regular Wire of Net clk  ( Metal2 )
Bounds : ( 40.670, 75.705 ) ( 40.820, 75.965 )


MAR: ( Minimum Area ) Regular Wire of Net u_visitor/n_12  ( Metal2 )
Bounds : ( 39.800, 78.620 ) ( 40.005, 78.865 )


MAR: ( Minimum Area ) Regular Wire of Net u_visitor/n_14  ( Metal2 )
Bounds : ( 39.510, 78.605 ) ( 39.660, 78.865 )


MAR: ( Minimum Area ) Regular Wire of Net u_visitor/n_32  ( Metal2 )
Bounds : ( 29.940, 78.315 ) ( 30.090, 78.575 )


MAR: ( Minimum Area ) Regular Wire of Net u_visitor/n_40  ( Metal2 )
Bounds : ( 30.520, 77.735 ) ( 30.670, 77.995 )


MAR: ( Minimum Area ) Regular Wire of Net rst_n  ( Metal2 )
Bounds : ( 31.100, 75.705 ) ( 31.250, 75.965 )


MAR: ( Minimum Area ) Regular Wire of Net u_visitor/n_26  ( Metal2 )
Bounds : ( 31.390, 78.315 ) ( 31.540, 78.575 )


MAR: ( Minimum Area ) Regular Wire of Net visitor_count_int[3]  ( Metal2 )
Bounds : ( 32.260, 80.925 ) ( 32.410, 81.185 )


MAR: ( Minimum Area ) Regular Wire of Net u_visitor/n_39  ( Metal2 )
Bounds : ( 32.840, 85.855 ) ( 32.990, 86.115 )


MAR: ( Minimum Area ) Regular Wire of Net u_visitor/n_5  ( Metal2 )
Bounds : ( 33.710, 83.535 ) ( 33.860, 83.795 )


MAR: ( Minimum Area ) Regular Wire of Net scan_en  ( Metal2 )
Bounds : ( 33.710, 85.855 ) ( 33.860, 86.115 )


MAR: ( Minimum Area ) Regular Wire of Net u_visitor/n_6  ( Metal2 )
Bounds : ( 35.370, 78.605 ) ( 35.600, 78.865 )


MAR: ( Minimum Area ) Regular Wire of Net u_visitor/n_40  ( Metal2 )
Bounds : ( 35.740, 75.415 ) ( 35.890, 75.675 )


MAR: ( Minimum Area ) Regular Wire of Net visitor_count_int[3]  ( Metal2 )
Bounds : ( 37.190, 80.635 ) ( 37.340, 80.895 )


MAR: ( Minimum Area ) Regular Wire of Net u_visitor/n_23  ( Metal2 )
Bounds : ( 37.480, 81.215 ) ( 37.630, 81.475 )


MAR: ( Minimum Area ) Regular Wire of Net u_visitor/n_25  ( Metal2 )
Bounds : ( 38.640, 85.855 ) ( 38.790, 86.115 )


MAR: ( Minimum Area ) Regular Wire of Net u_visitor/n_20  ( Metal2 )
Bounds : ( 38.930, 85.855 ) ( 39.080, 86.115 )


MAR: ( Minimum Area ) Regular Wire of Net n_91  ( Metal2 )
Bounds : ( 39.220, 78.605 ) ( 39.370, 78.865 )


MAR: ( Minimum Area ) Regular Wire of Net u_visitor/n_20  ( Metal2 )
Bounds : ( 39.220, 78.895 ) ( 39.370, 79.155 )


MAR: ( Minimum Area ) Regular Wire of Net SPCASCAN_N7  ( Metal2 )
Bounds : ( 51.110, 70.195 ) ( 51.260, 70.455 )


MAR: ( Minimum Area ) Regular Wire of Net u_door_lock/n_7  ( Metal2 )
Bounds : ( 51.110, 63.235 ) ( 51.260, 63.495 )


MAR: ( Minimum Area ) Regular Wire of Net u_door_lock/timeout_counter[2]  ( Metal2 )
Bounds : ( 50.820, 59.465 ) ( 50.970, 59.725 )


MAR: ( Minimum Area ) Regular Wire of Net u_door_lock/n_11  ( Metal2 )
Bounds : ( 49.370, 64.975 ) ( 49.520, 65.235 )


MAR: ( Minimum Area ) Regular Wire of Net rst_n  ( Metal2 )
Bounds : ( 48.500, 60.045 ) ( 48.650, 60.305 )


MAR: ( Minimum Area ) Regular Wire of Net clk  ( Metal2 )
Bounds : ( 47.630, 73.095 ) ( 47.780, 73.355 )


MAR: ( Minimum Area ) Regular Wire of Net u_door_lock/n_30  ( Metal2 )
Bounds : ( 45.310, 70.485 ) ( 45.460, 70.745 )


MAR: ( Minimum Area ) Regular Wire of Net u_door_lock/timeout_counter[2]  ( Metal2 )
Bounds : ( 45.310, 64.975 ) ( 45.460, 65.235 )


MAR: ( Minimum Area ) Regular Wire of Net SPCASCAN_N7  ( Metal2 )
Bounds : ( 51.690, 62.655 ) ( 51.840, 62.915 )


MAR: ( Minimum Area ) Regular Wire of Net u_door_lock/n_36  ( Metal2 )
Bounds : ( 51.690, 70.775 ) ( 51.840, 71.035 )


MAR: ( Minimum Area ) Regular Wire of Net u_door_lock/n_11  ( Metal2 )
Bounds : ( 53.430, 64.975 ) ( 53.580, 65.235 )


MAR: ( Minimum Area ) Regular Wire of Net window_state[0]  ( Metal2 )
Bounds : ( 53.720, 60.045 ) ( 53.870, 60.305 )


MAR: ( Minimum Area ) Regular Wire of Net rst_n  ( Metal2 )
Bounds : ( 53.720, 67.875 ) ( 53.870, 68.135 )


MAR: ( Minimum Area ) Regular Wire of Net SPCASCAN_N6  ( Metal2 )
Bounds : ( 55.460, 65.265 ) ( 55.610, 65.525 )


MAR: ( Minimum Area ) Regular Wire of Net u_door_lock/n_22  ( Metal2 )
Bounds : ( 43.860, 62.945 ) ( 44.010, 63.205 )


MAR: ( Minimum Area ) Regular Wire of Net SPCASCAN_N3  ( Metal2 )
Bounds : ( 42.410, 70.195 ) ( 42.560, 70.455 )


MAR: ( Minimum Area ) Regular Wire of Net u_door_lock/n_1  ( Metal2 )
Bounds : ( 42.410, 68.745 ) ( 42.560, 69.005 )


MAR: ( Minimum Area ) Regular Wire of Net u_door_lock/n_1  ( Metal2 )
Bounds : ( 41.830, 69.905 ) ( 41.980, 70.165 )


MAR: ( Minimum Area ) Regular Wire of Net u_door_lock/n_40  ( Metal2 )
Bounds : ( 41.430, 69.905 ) ( 41.690, 70.090 )


MAR: ( Minimum Area ) Regular Wire of Net u_door_lock/n_41  ( Metal2 )
Bounds : ( 41.250, 73.385 ) ( 41.400, 73.645 )


MAR: ( Minimum Area ) Regular Wire of Net u_door_lock/n_1  ( Metal2 )
Bounds : ( 40.380, 64.975 ) ( 40.530, 65.235 )


MAR: ( Minimum Area ) Regular Wire of Net n_91  ( Metal2 )
Bounds : ( 39.800, 73.095 ) ( 39.950, 73.355 )


MAR: ( Minimum Area ) Regular Wire of Net exit_sensor_r  ( Metal2 )
Bounds : ( 29.940, 70.195 ) ( 30.090, 70.455 )


MAR: ( Minimum Area ) Regular Wire of Net SPCASCAN_N4  ( Metal2 )
Bounds : ( 31.970, 62.945 ) ( 32.120, 63.205 )


MAR: ( Minimum Area ) Regular Wire of Net u_visitor/n_22  ( Metal2 )
Bounds : ( 31.970, 73.385 ) ( 32.120, 73.645 )


MAR: ( Minimum Area ) Regular Wire of Net u_visitor/n_26  ( Metal2 )
Bounds : ( 32.260, 72.805 ) ( 32.410, 73.065 )


MAR: ( Minimum Area ) Regular Wire of Net SPCASCAN_N4  ( Metal2 )
Bounds : ( 32.550, 64.975 ) ( 32.700, 65.235 )


MAR: ( Minimum Area ) Regular Wire of Net u_visitor/entry_prev  ( Metal2 )
Bounds : ( 33.420, 68.455 ) ( 33.570, 68.715 )


MAR: ( Minimum Area ) Regular Wire of Net rst_n  ( Metal2 )
Bounds : ( 34.580, 70.485 ) ( 34.730, 70.745 )


MAR: ( Minimum Area ) Regular Wire of Net scan_en  ( Metal2 )
Bounds : ( 35.160, 59.755 ) ( 35.310, 60.015 )


MAR: ( Minimum Area ) Regular Wire of Net u_door_lock/n_45  ( Metal2 )
Bounds : ( 35.740, 62.365 ) ( 35.890, 62.625 )


MAR: ( Minimum Area ) Regular Wire of Net u_door_lock/n_37  ( Metal2 )
Bounds : ( 36.610, 64.685 ) ( 36.760, 64.945 )


MAR: ( Minimum Area ) Regular Wire of Net u_door_lock/n_1  ( Metal2 )
Bounds : ( 38.350, 67.875 ) ( 38.500, 68.135 )


MAR: ( Minimum Area ) Regular Wire of Net SPCASCAN_N3  ( Metal2 )
Bounds : ( 38.640, 68.165 ) ( 38.790, 68.425 )


MAR: ( Minimum Area ) Regular Wire of Net u_door_lock/n_8  ( Metal2 )
Bounds : ( 38.930, 62.365 ) ( 39.080, 62.625 )


MAR: ( Minimum Area ) Regular Wire of Net SPCASCAN_N4  ( Metal2 )
Bounds : ( 39.220, 62.655 ) ( 39.370, 62.915 )


MAR: ( Minimum Area ) Regular Wire of Net SPCASCAN_N3  ( Metal2 )
Bounds : ( 48.210, 73.675 ) ( 48.360, 73.935 )


MAR: ( Minimum Area ) Regular Wire of Net u_visitor/n_13  ( Metal2 )
Bounds : ( 27.910, 83.825 ) ( 28.060, 84.085 )


MAR: ( Minimum Area ) Regular Wire of Net clk  ( Metal2 )
Bounds : ( 26.750, 86.145 ) ( 26.900, 86.405 )


MAR: ( Minimum Area ) Regular Wire of Net u_visitor/n_14  ( Metal2 )
Bounds : ( 25.880, 80.345 ) ( 26.030, 80.605 )


MAR: ( Minimum Area ) Regular Wire of Net u_visitor/n_9  ( Metal2 )
Bounds : ( 25.300, 80.925 ) ( 25.450, 81.185 )


MAR: ( Minimum Area ) Regular Wire of Net n_7  ( Metal2 )
Bounds : ( 25.010, 75.705 ) ( 25.160, 75.965 )


MAR: ( Minimum Area ) Regular Wire of Net scan_en  ( Metal2 )
Bounds : ( 25.010, 75.415 ) ( 25.160, 75.675 )


MAR: ( Minimum Area ) Regular Wire of Net led_brightness_int[0]  ( Metal2 )
Bounds : ( 23.560, 75.415 ) ( 23.710, 75.675 )


MAR: ( Minimum Area ) Regular Wire of Net u_visitor/n_13  ( Metal2 )
Bounds : ( 22.400, 80.345 ) ( 22.550, 80.605 )


MAR: ( Minimum Area ) Regular Wire of Net u_visitor/n_5  ( Metal2 )
Bounds : ( 22.320, 83.825 ) ( 22.550, 84.085 )


MAR: ( Minimum Area ) Regular Wire of Net u_visitor/n_5  ( Metal2 )
Bounds : ( 21.820, 80.925 ) ( 21.970, 81.185 )


MAR: ( Minimum Area ) Regular Wire of Net led_brightness[1]  ( Metal2 )
Bounds : ( 19.500, 80.925 ) ( 19.650, 81.185 )


MAR: ( Minimum Area ) Regular Wire of Net led_brightness[2]  ( Metal2 )
Bounds : ( 18.630, 86.145 ) ( 18.780, 86.405 )


MAR: ( Minimum Area ) Regular Wire of Net clk  ( Metal2 )
Bounds : ( 18.340, 75.705 ) ( 18.490, 75.965 )


MAR: ( Minimum Area ) Regular Wire of Net led_brightness_int[3]  ( Metal2 )
Bounds : ( 17.180, 85.855 ) ( 17.330, 86.115 )


MAR: ( Minimum Area ) Regular Wire of Net led_brightness_int[2]  ( Metal2 )
Bounds : ( 17.180, 83.825 ) ( 17.330, 84.085 )


MAR: ( Minimum Area ) Regular Wire of Net rst_n  ( Metal2 )
Bounds : ( 16.020, 80.635 ) ( 16.170, 80.895 )


MAR: ( Minimum Area ) Regular Wire of Net rst_n  ( Metal2 )
Bounds : ( 15.730, 75.415 ) ( 15.880, 75.675 )


CUTSPACING: ( Adjacent Cut Spacing ) Regular Wire of Net u_visitor/n_13 & Regular Wire of Net u_visitor/n_14  ( Via2 )
Bounds : ( 27.915, 83.885 ) ( 28.055, 84.025 )


CUTSPACING: ( Adjacent Cut Spacing ) Regular Wire of Net scan_en & Regular Wire of Net n_7  ( Via2 )
Bounds : ( 25.305, 75.765 ) ( 25.445, 75.905 )


MAR: ( Minimum Area ) Regular Wire of Net rst_n  ( Metal2 )
Bounds : ( 28.200, 86.145 ) ( 28.350, 86.405 )


MAR: ( Minimum Area ) Regular Wire of Net u_visitor/n_27  ( Metal2 )
Bounds : ( 28.780, 83.825 ) ( 28.930, 84.085 )


MAR: ( Minimum Area ) Regular Wire of Net visitor_count_int[3]  ( Metal2 )
Bounds : ( 29.070, 75.995 ) ( 29.220, 76.255 )


MAR: ( Minimum Area ) Regular Wire of Net clk  ( Metal2 )
Bounds : ( 13.410, 80.925 ) ( 13.560, 81.185 )


MAR: ( Minimum Area ) Regular Wire of Net led_brightness[0]  ( Metal2 )
Bounds : ( 6.740, 80.925 ) ( 6.890, 81.185 )


MAR: ( Minimum Area ) Regular Wire of Net scan_en  ( Metal2 )
Bounds : ( 6.740, 80.635 ) ( 6.890, 80.895 )


MAR: ( Minimum Area ) Regular Wire of Net led_brightness[3]  ( Metal2 )
Bounds : ( 5.870, 86.145 ) ( 6.020, 86.405 )


MAR: ( Minimum Area ) Regular Wire of Net led_brightness[2]  ( Metal2 )
Bounds : ( 5.870, 83.535 ) ( 6.020, 83.795 )


MAR: ( Minimum Area ) Regular Wire of Net burglar_alarm_out_r_372  ( Metal2 )
Bounds : ( 5.290, 78.315 ) ( 5.440, 78.575 )


MAR: ( Minimum Area ) Regular Wire of Net system_status[7]  ( Metal2 )
Bounds : ( 5.000, 78.025 ) ( 5.150, 78.285 )


SHORT: ( Out Of Die ) Regular Wire of Net system_status[6]  ( Metal3 )
Bounds : ( -0.070, 75.475 ) ( 0.000, 75.760 )


SHORT: ( Out Of Die ) Regular Wire of Net system_status[7]  ( Metal3 )
Bounds : ( -0.070, 79.825 ) ( 0.000, 79.965 )


SHORT: ( Out Of Die ) Regular Wire of Net led_brightness[0]  ( Metal3 )
Bounds : ( -0.070, 83.885 ) ( 0.000, 84.170 )


SHORT: ( Out Of Die ) Regular Wire of Net led_brightness[1]  ( Metal3 )
Bounds : ( -0.070, 88.235 ) ( 0.000, 88.375 )


MAR: ( Minimum Area ) Regular Wire of Net led_brightness_int[6]  ( Metal2 )
Bounds : ( 20.370, 64.685 ) ( 20.520, 64.945 )


MAR: ( Minimum Area ) Regular Wire of Net led_brightness_int[0]  ( Metal2 )
Bounds : ( 20.370, 62.945 ) ( 20.520, 63.205 )


MAR: ( Minimum Area ) Regular Wire of Net rst_n  ( Metal2 )
Bounds : ( 18.920, 70.485 ) ( 19.070, 70.745 )


MAR: ( Minimum Area ) Regular Wire of Net door_locked_r_378  ( Metal2 )
Bounds : ( 18.920, 67.875 ) ( 19.070, 68.135 )


MAR: ( Minimum Area ) Regular Wire of Net led_brightness_int[2]  ( Metal2 )
Bounds : ( 18.920, 64.685 ) ( 19.070, 64.945 )


MAR: ( Minimum Area ) Regular Wire of Net system_status[5]  ( Metal2 )
Bounds : ( 18.630, 67.585 ) ( 18.780, 67.845 )


MAR: ( Minimum Area ) Regular Wire of Net clk  ( Metal2 )
Bounds : ( 18.050, 73.095 ) ( 18.200, 73.355 )


MAR: ( Minimum Area ) Regular Wire of Net clk  ( Metal2 )
Bounds : ( 17.180, 70.485 ) ( 17.330, 70.745 )


MAR: ( Minimum Area ) Regular Wire of Net led_brightness_int[7]  ( Metal2 )
Bounds : ( 16.600, 69.905 ) ( 16.750, 70.165 )


MAR: ( Minimum Area ) Regular Wire of Net led_brightness_int[6]  ( Metal2 )
Bounds : ( 16.600, 60.045 ) ( 16.750, 60.305 )


MAR: ( Minimum Area ) Regular Wire of Net rst_n  ( Metal2 )
Bounds : ( 22.690, 60.045 ) ( 22.840, 60.305 )


MAR: ( Minimum Area ) Regular Wire of Net u_lum_ctrl/n_7  ( Metal2 )
Bounds : ( 23.560, 70.195 ) ( 23.710, 70.455 )


MAR: ( Minimum Area ) Regular Wire of Net u_lum_ctrl/n_1  ( Metal2 )
Bounds : ( 24.430, 73.385 ) ( 24.580, 73.645 )


MAR: ( Minimum Area ) Regular Wire of Net led_brightness_int[0]  ( Metal2 )
Bounds : ( 25.010, 59.465 ) ( 25.160, 59.725 )


MAR: ( Minimum Area ) Regular Wire of Net SPCASCAN_N4  ( Metal2 )
Bounds : ( 25.010, 67.875 ) ( 25.160, 68.135 )


MAR: ( Minimum Area ) Regular Wire of Net scan_en  ( Metal2 )
Bounds : ( 25.880, 73.385 ) ( 26.030, 73.645 )


MAR: ( Minimum Area ) Regular Wire of Net clk  ( Metal2 )
Bounds : ( 27.330, 60.045 ) ( 27.480, 60.305 )


MAR: ( Minimum Area ) Regular Wire of Net scan_en  ( Metal2 )
Bounds : ( 28.490, 70.195 ) ( 28.640, 70.455 )


MAR: ( Minimum Area ) Regular Wire of Net scan_en  ( Metal2 )
Bounds : ( 28.780, 64.975 ) ( 28.930, 65.235 )


MAR: ( Minimum Area ) Regular Wire of Net led_brightness_int[7]  ( Metal2 )
Bounds : ( 28.780, 65.265 ) ( 28.930, 65.525 )


MAR: ( Minimum Area ) Regular Wire of Net clk  ( Metal2 )
Bounds : ( 13.990, 73.095 ) ( 14.140, 73.355 )


MAR: ( Minimum Area ) Regular Wire of Net scan_en  ( Metal2 )
Bounds : ( 13.990, 68.165 ) ( 14.140, 68.425 )


MAR: ( Minimum Area ) Regular Wire of Net u_lum_ctrl/n_3  ( Metal2 )
Bounds : ( 12.540, 68.165 ) ( 12.690, 68.425 )


MAR: ( Minimum Area ) Regular Wire of Net clk  ( Metal2 )
Bounds : ( 12.540, 62.365 ) ( 12.690, 62.625 )


MAR: ( Minimum Area ) Regular Wire of Net u_lum_ctrl/n_5  ( Metal2 )
Bounds : ( 12.250, 70.195 ) ( 12.400, 70.455 )


MAR: ( Minimum Area ) Regular Wire of Net ac_on_r_375  ( Metal2 )
Bounds : ( 10.800, 63.235 ) ( 10.950, 63.495 )


MAR: ( Minimum Area ) Regular Wire of Net scan_en  ( Metal2 )
Bounds : ( 10.510, 64.975 ) ( 10.660, 65.235 )


MAR: ( Minimum Area ) Regular Wire of Net rst_n  ( Metal2 )
Bounds : ( 7.610, 70.485 ) ( 7.760, 70.745 )


MAR: ( Minimum Area ) Regular Wire of Net led_brightness_int[1]  ( Metal2 )
Bounds : ( 6.160, 73.095 ) ( 6.310, 73.355 )


MAR: ( Minimum Area ) Regular Wire of Net clk  ( Metal2 )
Bounds : ( 5.870, 70.485 ) ( 6.020, 70.745 )


MAR: ( Minimum Area ) Regular Wire of Net led_brightness_int[1]  ( Metal2 )
Bounds : ( 5.580, 68.455 ) ( 5.730, 68.715 )


MAR: ( Minimum Area ) Regular Wire of Net led_brightness_int[4]  ( Metal2 )
Bounds : ( 5.290, 69.905 ) ( 5.440, 70.165 )


MAR: ( Minimum Area ) Regular Wire of Net ac_on_r_375  ( Metal2 )
Bounds : ( 5.290, 65.265 ) ( 5.440, 65.525 )


MAR: ( Minimum Area ) Regular Wire of Net fan_on_r_376  ( Metal2 )
Bounds : ( 5.290, 62.655 ) ( 5.440, 62.915 )


MAR: ( Minimum Area ) Regular Wire of Net lights_on_r_377  ( Metal2 )
Bounds : ( 5.290, 60.045 ) ( 5.440, 60.305 )


MAR: ( Minimum Area ) Regular Wire of Net system_status[4]  ( Metal2 )
Bounds : ( 5.000, 65.555 ) ( 5.150, 65.815 )


SHORT: ( Out Of Die ) Regular Wire of Net system_status[3]  ( Metal3 )
Bounds : ( -0.070, 63.005 ) ( 0.000, 63.145 )


SHORT: ( Out Of Die ) Regular Wire of Net system_status[4]  ( Metal3 )
Bounds : ( -0.070, 67.065 ) ( 0.000, 67.350 )


SHORT: ( Out Of Die ) Regular Wire of Net system_status[5]  ( Metal3 )
Bounds : ( -0.070, 71.415 ) ( 0.000, 71.555 )


MAR: ( Minimum Area ) Regular Wire of Net rst_n  ( Metal2 )
Bounds : ( 13.990, 62.655 ) ( 14.140, 62.915 )


MAR: ( Minimum Area ) Regular Wire of Net led_brightness_int[5]  ( Metal2 )
Bounds : ( 17.470, 73.675 ) ( 17.620, 73.935 )


MAR: ( Minimum Area ) Regular Wire of Net u_visitor/n_27  ( Metal2 )
Bounds : ( 29.650, 78.605 ) ( 29.800, 78.865 )


MAR: ( Minimum Area ) Regular Wire of Net u_temp_ctrl/n_14  ( Metal2 )
Bounds : ( 105.340, 57.725 ) ( 105.490, 57.985 )


MAR: ( Minimum Area ) Regular Wire of Net u_temp_ctrl/n_27  ( Metal2 )
Bounds : ( 106.210, 53.085 ) ( 106.360, 53.345 )


MAR: ( Minimum Area ) Regular Wire of Net u_temp_ctrl/n_14  ( Metal2 )
Bounds : ( 108.160, 57.725 ) ( 108.390, 57.985 )


MAR: ( Minimum Area ) Regular Wire of Net rst_n  ( Metal2 )
Bounds : ( 110.560, 53.955 ) ( 110.710, 54.215 )


MAR: ( Minimum Area ) Regular Wire of Net u_temp_ctrl/n_20  ( Metal2 )
Bounds : ( 110.850, 57.145 ) ( 111.000, 57.405 )


MAR: ( Minimum Area ) Regular Wire of Net temp_setpoint_r[2]  ( Metal2 )
Bounds : ( 110.850, 57.725 ) ( 111.000, 57.985 )


MAR: ( Minimum Area ) Regular Wire of Net u_temp_ctrl/n_113  ( Metal2 )
Bounds : ( 111.140, 49.315 ) ( 111.290, 49.575 )


MAR: ( Minimum Area ) Regular Wire of Net u_temp_ctrl/n_36  ( Metal2 )
Bounds : ( 94.610, 57.145 ) ( 94.760, 57.405 )


MAR: ( Minimum Area ) Regular Wire of Net u_temp_ctrl/n_78  ( Metal2 )
Bounds : ( 94.610, 52.215 ) ( 94.760, 52.475 )


MAR: ( Minimum Area ) Regular Wire of Net u_temp_ctrl/n_79  ( Metal2 )
Bounds : ( 94.030, 52.505 ) ( 94.180, 52.765 )


MAR: ( Minimum Area ) Regular Wire of Net u_temp_ctrl/n_71  ( Metal2 )
Bounds : ( 93.450, 54.825 ) ( 93.600, 55.085 )


MAR: ( Minimum Area ) Regular Wire of Net u_temp_ctrl/n_11  ( Metal2 )
Bounds : ( 93.160, 54.535 ) ( 93.310, 54.795 )


MAR: ( Minimum Area ) Regular Wire of Net u_temp_ctrl/n_40  ( Metal2 )
Bounds : ( 91.710, 58.015 ) ( 91.860, 58.275 )


MAR: ( Minimum Area ) Regular Wire of Net u_temp_ctrl/n_32  ( Metal2 )
Bounds : ( 91.710, 57.435 ) ( 91.860, 57.695 )


MAR: ( Minimum Area ) Regular Wire of Net u_temp_ctrl/n_11  ( Metal2 )
Bounds : ( 90.760, 54.535 ) ( 90.990, 54.795 )


MAR: ( Minimum Area ) Regular Wire of Net temp_sensor_r[6]  ( Metal2 )
Bounds : ( 95.190, 52.505 ) ( 95.340, 52.765 )


MAR: ( Minimum Area ) Regular Wire of Net u_temp_ctrl/n_41  ( Metal2 )
Bounds : ( 96.930, 54.825 ) ( 97.080, 55.085 )


MAR: ( Minimum Area ) Regular Wire of Net u_temp_ctrl/n_29  ( Metal2 )
Bounds : ( 97.220, 54.535 ) ( 97.370, 54.795 )


MAR: ( Minimum Area ) Regular Wire of Net temp_setpoint_r[5]  ( Metal2 )
Bounds : ( 97.510, 54.535 ) ( 97.660, 54.795 )


MAR: ( Minimum Area ) Regular Wire of Net u_temp_ctrl/n_28  ( Metal2 )
Bounds : ( 99.830, 57.725 ) ( 99.980, 57.985 )


MAR: ( Minimum Area ) Regular Wire of Net scan_en  ( Metal2 )
Bounds : ( 101.860, 54.825 ) ( 102.010, 55.085 )


MAR: ( Minimum Area ) Regular Wire of Net u_temp_ctrl/n_32  ( Metal2 )
Bounds : ( 102.150, 51.925 ) ( 102.300, 52.185 )


MAR: ( Minimum Area ) Regular Wire of Net temp_sensor_r[7]  ( Metal2 )
Bounds : ( 102.440, 54.535 ) ( 102.590, 54.795 )


MAR: ( Minimum Area ) Regular Wire of Net u_temp_ctrl/n_16  ( Metal2 )
Bounds : ( 102.730, 52.215 ) ( 102.880, 52.475 )


MAR: ( Minimum Area ) Regular Wire of Net temp_sensor_r[7]  ( Metal2 )
Bounds : ( 102.730, 47.285 ) ( 102.880, 47.545 )


MAR: ( Minimum Area ) Regular Wire of Net u_temp_ctrl/n_51  ( Metal2 )
Bounds : ( 93.950, 44.095 ) ( 94.180, 44.355 )


MAR: ( Minimum Area ) Regular Wire of Net u_temp_ctrl/n_79  ( Metal2 )
Bounds : ( 93.450, 49.315 ) ( 93.600, 49.575 )


MAR: ( Minimum Area ) Regular Wire of Net u_temp_ctrl/n_82  ( Metal2 )
Bounds : ( 92.580, 49.315 ) ( 92.730, 49.575 )


MAR: ( Minimum Area ) Regular Wire of Net u_temp_ctrl/n_43  ( Metal2 )
Bounds : ( 91.710, 46.995 ) ( 91.860, 47.255 )


MAR: ( Minimum Area ) Regular Wire of Net temp_sensor_r[5]  ( Metal2 )
Bounds : ( 91.130, 47.285 ) ( 91.280, 47.545 )


MAR: ( Minimum Area ) Regular Wire of Net temp_sensor_r[4]  ( Metal2 )
Bounds : ( 96.350, 47.285 ) ( 96.500, 47.545 )


MAR: ( Minimum Area ) Regular Wire of Net u_temp_ctrl/n_50  ( Metal2 )
Bounds : ( 96.640, 46.995 ) ( 96.790, 47.255 )


MAR: ( Minimum Area ) Regular Wire of Net u_temp_ctrl/n_84  ( Metal2 )
Bounds : ( 97.800, 49.025 ) ( 97.950, 49.285 )


MAR: ( Minimum Area ) Regular Wire of Net u_temp_ctrl/n_70  ( Metal2 )
Bounds : ( 98.380, 49.605 ) ( 98.530, 49.865 )


MAR: ( Minimum Area ) Regular Wire of Net u_temp_ctrl/n_66  ( Metal2 )
Bounds : ( 99.250, 44.095 ) ( 99.400, 44.355 )


MAR: ( Minimum Area ) Regular Wire of Net u_temp_ctrl/n_70  ( Metal2 )
Bounds : ( 99.830, 44.675 ) ( 99.980, 44.935 )


MAR: ( Minimum Area ) Regular Wire of Net clk  ( Metal2 )
Bounds : ( 101.860, 47.285 ) ( 102.010, 47.545 )


MAR: ( Minimum Area ) Regular Wire of Net u_temp_ctrl/n_27  ( Metal2 )
Bounds : ( 101.860, 49.605 ) ( 102.010, 49.865 )


MAR: ( Minimum Area ) Regular Wire of Net u_temp_ctrl/n_20  ( Metal2 )
Bounds : ( 102.440, 49.895 ) ( 102.590, 50.155 )


CUTSPACING: ( Adjacent Cut Spacing ) Regular Wire of Net scan_en & Regular Wire of Net clk  ( Via2 )
Bounds : ( 113.175, 36.615 ) ( 113.315, 36.755 )


MAR: ( Minimum Area ) Regular Wire of Net temp_setpoint_r[1]  ( Metal2 )
Bounds : ( 104.470, 31.335 ) ( 104.620, 31.595 )


MAR: ( Minimum Area ) Regular Wire of Net u_temp_ctrl/n_113  ( Metal2 )
Bounds : ( 106.500, 39.165 ) ( 106.650, 39.425 )


MAR: ( Minimum Area ) Regular Wire of Net temp_sensor_r[3]  ( Metal2 )
Bounds : ( 106.790, 38.875 ) ( 106.940, 39.135 )


MAR: ( Minimum Area ) Regular Wire of Net temp_setpoint_r[1]  ( Metal2 )
Bounds : ( 107.370, 31.335 ) ( 107.520, 31.595 )


MAR: ( Minimum Area ) Regular Wire of Net u_temp_ctrl/n_47  ( Metal2 )
Bounds : ( 110.560, 38.585 ) ( 110.710, 38.845 )


MAR: ( Minimum Area ) Regular Wire of Net u_temp_ctrl/n_113  ( Metal2 )
Bounds : ( 110.560, 39.165 ) ( 110.710, 39.425 )


MAR: ( Minimum Area ) Regular Wire of Net u_temp_ctrl/n_53  ( Metal2 )
Bounds : ( 103.020, 39.165 ) ( 103.170, 39.425 )


MAR: ( Minimum Area ) Regular Wire of Net u_temp_ctrl/n_3  ( Metal2 )
Bounds : ( 95.190, 36.845 ) ( 95.340, 37.105 )


MAR: ( Minimum Area ) Regular Wire of Net u_temp_ctrl/n_52  ( Metal2 )
Bounds : ( 94.900, 36.555 ) ( 95.050, 36.815 )


MAR: ( Minimum Area ) Regular Wire of Net u_temp_ctrl/n_4  ( Metal2 )
Bounds : ( 94.320, 37.135 ) ( 94.470, 37.395 )


MAR: ( Minimum Area ) Regular Wire of Net temp_sensor_r[2]  ( Metal2 )
Bounds : ( 94.030, 37.135 ) ( 94.180, 37.395 )


MAR: ( Minimum Area ) Regular Wire of Net temp_sensor_r[3]  ( Metal2 )
Bounds : ( 93.740, 36.555 ) ( 93.890, 36.815 )


MAR: ( Minimum Area ) Regular Wire of Net temp_sensor_r[4]  ( Metal2 )
Bounds : ( 91.420, 41.775 ) ( 91.570, 42.035 )


MAR: ( Minimum Area ) Regular Wire of Net u_temp_ctrl/n_44  ( Metal2 )
Bounds : ( 90.840, 42.065 ) ( 90.990, 42.325 )


MAR: ( Minimum Area ) Regular Wire of Net temp_sensor_r[4]  ( Metal2 )
Bounds : ( 90.840, 38.875 ) ( 90.990, 39.135 )


MAR: ( Minimum Area ) Regular Wire of Net u_temp_ctrl/n_61  ( Metal2 )
Bounds : ( 90.550, 36.860 ) ( 90.755, 37.105 )


MAR: ( Minimum Area ) Regular Wire of Net u_temp_ctrl/n_80  ( Metal2 )
Bounds : ( 89.970, 37.135 ) ( 90.120, 37.395 )


MAR: ( Minimum Area ) Regular Wire of Net u_temp_ctrl/n_72  ( Metal2 )
Bounds : ( 89.390, 36.845 ) ( 89.540, 37.105 )


MAR: ( Minimum Area ) Regular Wire of Net temp_sensor_r[3]  ( Metal2 )
Bounds : ( 95.190, 38.875 ) ( 95.340, 39.135 )


MAR: ( Minimum Area ) Regular Wire of Net temp_sensor_r[5]  ( Metal2 )
Bounds : ( 96.350, 42.065 ) ( 96.500, 42.325 )


MAR: ( Minimum Area ) Regular Wire of Net u_temp_ctrl/n_50  ( Metal2 )
Bounds : ( 96.640, 41.485 ) ( 96.790, 41.745 )


MAR: ( Minimum Area ) Regular Wire of Net u_temp_ctrl/n_2  ( Metal2 )
Bounds : ( 99.830, 42.645 ) ( 99.980, 42.905 )


MAR: ( Minimum Area ) Regular Wire of Net clk  ( Metal2 )
Bounds : ( 101.860, 36.845 ) ( 102.010, 37.105 )


MAR: ( Minimum Area ) Regular Wire of Net scan_en  ( Metal2 )
Bounds : ( 101.860, 41.775 ) ( 102.010, 42.035 )


MAR: ( Minimum Area ) Regular Wire of Net temp_sensor_r[5]  ( Metal2 )
Bounds : ( 102.440, 42.065 ) ( 102.590, 42.325 )


MAR: ( Minimum Area ) Regular Wire of Net temp_sensor_r[5]  ( Metal2 )
Bounds : ( 102.730, 36.845 ) ( 102.880, 37.105 )


MAR: ( Minimum Area ) Regular Wire of Net u_temp_ctrl/n_54  ( Metal2 )
Bounds : ( 103.310, 38.875 ) ( 103.460, 39.135 )


MAR: ( Minimum Area ) Regular Wire of Net temp_sensor[6]  ( Metal2 )
Bounds : ( 103.890, 42.065 ) ( 104.040, 42.325 )


MAR: ( Minimum Area ) Regular Wire of Net temp_setpoint_r[0]  ( Metal2 )
Bounds : ( 94.610, 31.335 ) ( 94.760, 31.595 )


MAR: ( Minimum Area ) Regular Wire of Net u_temp_ctrl/n_22  ( Metal2 )
Bounds : ( 93.740, 31.625 ) ( 93.890, 31.885 )


MAR: ( Minimum Area ) Regular Wire of Net u_temp_ctrl/n_4  ( Metal2 )
Bounds : ( 92.870, 33.655 ) ( 93.020, 33.915 )


MAR: ( Minimum Area ) Regular Wire of Net u_temp_ctrl/n_61  ( Metal2 )
Bounds : ( 92.000, 34.525 ) ( 92.150, 34.785 )


MAR: ( Minimum Area ) Regular Wire of Net u_temp_ctrl/n_23  ( Metal2 )
Bounds : ( 89.390, 31.335 ) ( 89.540, 31.595 )


MAR: ( Minimum Area ) Regular Wire of Net u_temp_ctrl/n_17  ( Metal2 )
Bounds : ( 95.765, 29.065 ) ( 95.920, 29.275 )


MAR: ( Minimum Area ) Regular Wire of Net u_temp_ctrl/n_35  ( Metal2 )
Bounds : ( 97.510, 33.365 ) ( 97.660, 33.625 )


MAR: ( Minimum Area ) Regular Wire of Net u_temp_ctrl/n_22  ( Metal2 )
Bounds : ( 98.380, 31.625 ) ( 98.530, 31.885 )


MAR: ( Minimum Area ) Regular Wire of Net scan_en  ( Metal2 )
Bounds : ( 101.860, 33.945 ) ( 102.010, 34.205 )


MAR: ( Minimum Area ) Regular Wire of Net temp_sensor_r[4]  ( Metal2 )
Bounds : ( 102.440, 33.655 ) ( 102.590, 33.915 )


MAR: ( Minimum Area ) Regular Wire of Net u_burglar/delay_counter[5]  ( Metal2 )
Bounds : ( 79.240, 47.575 ) ( 79.390, 47.835 )


MAR: ( Minimum Area ) Regular Wire of Net u_temp_ctrl/n_18  ( Metal2 )
Bounds : ( 78.660, 52.505 ) ( 78.810, 52.765 )


MAR: ( Minimum Area ) Regular Wire of Net u_temp_ctrl/n_90  ( Metal2 )
Bounds : ( 78.370, 52.215 ) ( 78.520, 52.475 )


MAR: ( Minimum Area ) Regular Wire of Net u_temp_ctrl/n_93  ( Metal2 )
Bounds : ( 77.500, 52.795 ) ( 77.650, 53.055 )


MAR: ( Minimum Area ) Regular Wire of Net u_temp_ctrl/n_91  ( Metal2 )
Bounds : ( 76.050, 49.025 ) ( 76.200, 49.285 )


MAR: ( Minimum Area ) Regular Wire of Net u_temp_ctrl/n_93  ( Metal2 )
Bounds : ( 74.890, 57.725 ) ( 75.040, 57.985 )


MAR: ( Minimum Area ) Regular Wire of Net u_temp_ctrl/n_88  ( Metal2 )
Bounds : ( 79.450, 49.315 ) ( 79.680, 49.575 )


MAR: ( Minimum Area ) Regular Wire of Net u_temp_ctrl/n_87  ( Metal2 )
Bounds : ( 79.820, 49.315 ) ( 79.970, 49.575 )


MAR: ( Minimum Area ) Regular Wire of Net u_temp_ctrl/n_89  ( Metal2 )
Bounds : ( 81.850, 52.215 ) ( 82.000, 52.475 )


MAR: ( Minimum Area ) Regular Wire of Net u_temp_ctrl/n_83  ( Metal2 )
Bounds : ( 82.140, 44.095 ) ( 82.290, 44.355 )


MAR: ( Minimum Area ) Regular Wire of Net u_temp_ctrl/n_56  ( Metal2 )
Bounds : ( 83.010, 54.535 ) ( 83.160, 54.795 )


MAR: ( Minimum Area ) Regular Wire of Net u_temp_ctrl/n_83  ( Metal2 )
Bounds : ( 83.590, 54.245 ) ( 83.740, 54.505 )


MAR: ( Minimum Area ) Regular Wire of Net u_temp_ctrl/n_76  ( Metal2 )
Bounds : ( 83.590, 54.535 ) ( 83.740, 54.795 )


MAR: ( Minimum Area ) Regular Wire of Net u_temp_ctrl/n_76  ( Metal2 )
Bounds : ( 84.380, 57.435 ) ( 84.610, 57.695 )


MAR: ( Minimum Area ) Regular Wire of Net u_temp_ctrl/n_75  ( Metal2 )
Bounds : ( 84.740, 57.500 ) ( 84.900, 57.695 )


MAR: ( Minimum Area ) Regular Wire of Net u_temp_ctrl/n_81  ( Metal2 )
Bounds : ( 85.330, 47.285 ) ( 85.480, 47.545 )


MAR: ( Minimum Area ) Regular Wire of Net u_temp_ctrl/n_12  ( Metal2 )
Bounds : ( 85.620, 49.315 ) ( 85.855, 49.575 )


MAR: ( Minimum Area ) Regular Wire of Net u_temp_ctrl/n_63  ( Metal2 )
Bounds : ( 85.910, 44.095 ) ( 86.060, 44.355 )


MAR: ( Minimum Area ) Regular Wire of Net u_temp_ctrl/n_55  ( Metal2 )
Bounds : ( 85.910, 46.995 ) ( 86.060, 47.255 )


MAR: ( Minimum Area ) Regular Wire of Net u_temp_ctrl/n_12  ( Metal2 )
Bounds : ( 86.490, 47.285 ) ( 86.640, 47.545 )


MAR: ( Minimum Area ) Regular Wire of Net u_temp_ctrl/n_7  ( Metal2 )
Bounds : ( 87.070, 54.825 ) ( 87.255, 55.025 )


MAR: ( Minimum Area ) Regular Wire of Net u_temp_ctrl/n_63  ( Metal2 )
Bounds : ( 87.070, 57.725 ) ( 87.220, 57.985 )


MAR: ( Minimum Area ) Regular Wire of Net u_temp_ctrl/n_11  ( Metal2 )
Bounds : ( 87.360, 54.535 ) ( 87.510, 54.795 )


MAR: ( Minimum Area ) Regular Wire of Net u_temp_ctrl/n_59  ( Metal2 )
Bounds : ( 87.650, 57.435 ) ( 87.800, 57.695 )


MAR: ( Minimum Area ) Regular Wire of Net u_temp_ctrl/n_46  ( Metal2 )
Bounds : ( 88.230, 52.505 ) ( 88.380, 52.765 )


MAR: ( Minimum Area ) Regular Wire of Net u_temp_ctrl/n_87  ( Metal2 )
Bounds : ( 88.810, 49.895 ) ( 88.960, 50.155 )


MAR: ( Minimum Area ) Regular Wire of Net u_temp_ctrl/n_90  ( Metal2 )
Bounds : ( 73.730, 52.215 ) ( 73.880, 52.475 )


MAR: ( Minimum Area ) Regular Wire of Net scan_en  ( Metal2 )
Bounds : ( 70.830, 47.285 ) ( 70.980, 47.545 )


MAR: ( Minimum Area ) Regular Wire of Net n_90  ( Metal2 )
Bounds : ( 70.830, 46.995 ) ( 70.980, 47.255 )


MAR: ( Minimum Area ) Regular Wire of Net cooler_on_int  ( Metal2 )
Bounds : ( 70.540, 49.605 ) ( 70.700, 49.805 )


MAR: ( Minimum Area ) Regular Wire of Net rst_n  ( Metal2 )
Bounds : ( 70.250, 54.825 ) ( 70.400, 55.085 )


MAR: ( Minimum Area ) Regular Wire of Net rst_n  ( Metal2 )
Bounds : ( 69.960, 57.435 ) ( 70.110, 57.695 )


MAR: ( Minimum Area ) Regular Wire of Net u_burglar/delay_counter[5]  ( Metal2 )
Bounds : ( 69.960, 44.095 ) ( 70.110, 44.355 )


MAR: ( Minimum Area ) Regular Wire of Net u_burglar/n_18  ( Metal2 )
Bounds : ( 69.090, 44.095 ) ( 69.240, 44.355 )


MAR: ( Minimum Area ) Regular Wire of Net u_burglar/n_39  ( Metal2 )
Bounds : ( 68.220, 49.025 ) ( 68.370, 49.285 )


MAR: ( Minimum Area ) Regular Wire of Net u_burglar/n_39  ( Metal2 )
Bounds : ( 67.350, 52.505 ) ( 67.500, 52.765 )


MAR: ( Minimum Area ) Regular Wire of Net u_burglar/n_12  ( Metal2 )
Bounds : ( 67.060, 49.315 ) ( 67.210, 49.575 )


MAR: ( Minimum Area ) Regular Wire of Net u_burglar/delay_counter[5]  ( Metal2 )
Bounds : ( 65.610, 47.285 ) ( 65.760, 47.545 )


MAR: ( Minimum Area ) Regular Wire of Net u_temp_ctrl/n_18  ( Metal2 )
Bounds : ( 65.320, 57.435 ) ( 65.555, 57.695 )


MAR: ( Minimum Area ) Regular Wire of Net u_temp_ctrl/n_92  ( Metal2 )
Bounds : ( 65.320, 54.535 ) ( 65.470, 54.795 )


MAR: ( Minimum Area ) Regular Wire of Net u_burglar/delay_counter[6]  ( Metal2 )
Bounds : ( 65.320, 47.285 ) ( 65.470, 47.545 )


MAR: ( Minimum Area ) Regular Wire of Net heater_on_int  ( Metal2 )
Bounds : ( 65.030, 57.500 ) ( 65.190, 57.695 )


MAR: ( Minimum Area ) Regular Wire of Net u_burglar/n_26  ( Metal2 )
Bounds : ( 65.030, 46.705 ) ( 65.180, 46.965 )


MAR: ( Minimum Area ) Regular Wire of Net n_0  ( Metal2 )
Bounds : ( 63.870, 54.535 ) ( 64.020, 54.795 )


MAR: ( Minimum Area ) Regular Wire of Net u_burglar/n_29  ( Metal2 )
Bounds : ( 63.290, 49.315 ) ( 63.440, 49.575 )


MAR: ( Minimum Area ) Regular Wire of Net u_burglar/delay_counter[6]  ( Metal2 )
Bounds : ( 60.390, 52.795 ) ( 60.540, 53.055 )


MAR: ( Minimum Area ) Regular Wire of Net scan_en  ( Metal2 )
Bounds : ( 60.390, 54.245 ) ( 60.540, 54.505 )


MAR: ( Minimum Area ) Regular Wire of Net scan_en  ( Metal2 )
Bounds : ( 61.550, 58.015 ) ( 61.700, 58.275 )


MAR: ( Minimum Area ) Regular Wire of Net u_burglar/delay_counter[7]  ( Metal2 )
Bounds : ( 62.130, 44.095 ) ( 62.280, 44.355 )


MAR: ( Minimum Area ) Regular Wire of Net u_burglar/n_18  ( Metal2 )
Bounds : ( 66.480, 47.285 ) ( 66.630, 47.545 )


MAR: ( Minimum Area ) Regular Wire of Net u_burglar/n_1  ( Metal2 )
Bounds : ( 77.790, 39.505 ) ( 77.945, 39.715 )


MAR: ( Minimum Area ) Regular Wire of Net u_burglar/n_10  ( Metal2 )
Bounds : ( 77.500, 39.165 ) ( 77.650, 39.425 )


MAR: ( Minimum Area ) Regular Wire of Net u_burglar/delay_counter[3]  ( Metal2 )
Bounds : ( 76.630, 39.165 ) ( 76.780, 39.425 )


MAR: ( Minimum Area ) Regular Wire of Net u_burglar/n_3  ( Metal2 )
Bounds : ( 76.630, 36.555 ) ( 76.780, 36.815 )


MAR: ( Minimum Area ) Regular Wire of Net u_burglar/n_2  ( Metal2 )
Bounds : ( 78.080, 31.335 ) ( 78.230, 31.595 )


MAR: ( Minimum Area ) Regular Wire of Net rst_n  ( Metal2 )
Bounds : ( 78.660, 33.945 ) ( 78.810, 34.205 )


MAR: ( Minimum Area ) Regular Wire of Net u_burglar/n_3  ( Metal2 )
Bounds : ( 78.950, 31.335 ) ( 79.100, 31.595 )


MAR: ( Minimum Area ) Regular Wire of Net u_burglar/delay_counter[2]  ( Metal2 )
Bounds : ( 79.240, 31.045 ) ( 79.395, 31.255 )


MAR: ( Minimum Area ) Regular Wire of Net u_burglar/delay_counter[3]  ( Metal2 )
Bounds : ( 80.980, 33.365 ) ( 81.130, 33.625 )


MAR: ( Minimum Area ) Regular Wire of Net u_temp_ctrl/n_81  ( Metal2 )
Bounds : ( 81.270, 41.775 ) ( 81.420, 42.035 )


MAR: ( Minimum Area ) Regular Wire of Net u_temp_ctrl/n_85  ( Metal2 )
Bounds : ( 81.270, 42.355 ) ( 81.420, 42.615 )


MAR: ( Minimum Area ) Regular Wire of Net u_temp_ctrl/n_86  ( Metal2 )
Bounds : ( 83.300, 38.585 ) ( 83.450, 38.845 )


MAR: ( Minimum Area ) Regular Wire of Net u_temp_ctrl/n_81  ( Metal2 )
Bounds : ( 83.300, 39.165 ) ( 83.450, 39.425 )


MAR: ( Minimum Area ) Regular Wire of Net u_temp_ctrl/n_80  ( Metal2 )
Bounds : ( 83.880, 39.165 ) ( 84.030, 39.425 )


MAR: ( Minimum Area ) Regular Wire of Net temp_sensor_r[5]  ( Metal2 )
Bounds : ( 87.070, 38.875 ) ( 87.220, 39.135 )


MAR: ( Minimum Area ) Regular Wire of Net temp_sensor_r[5]  ( Metal2 )
Bounds : ( 88.230, 42.065 ) ( 88.380, 42.325 )


MAR: ( Minimum Area ) Regular Wire of Net u_burglar/n_33  ( Metal2 )
Bounds : ( 74.020, 33.655 ) ( 74.170, 33.915 )


MAR: ( Minimum Area ) Regular Wire of Net u_burglar/n_25  ( Metal2 )
Bounds : ( 73.730, 39.165 ) ( 73.880, 39.425 )


MAR: ( Minimum Area ) Regular Wire of Net u_burglar/n_33  ( Metal2 )
Bounds : ( 73.150, 39.745 ) ( 73.300, 40.005 )


MAR: ( Minimum Area ) Regular Wire of Net u_burglar/n_24  ( Metal2 )
Bounds : ( 73.150, 30.755 ) ( 73.300, 31.015 )


MAR: ( Minimum Area ) Regular Wire of Net u_burglar/n_14  ( Metal2 )
Bounds : ( 72.860, 39.165 ) ( 73.010, 39.425 )


MAR: ( Minimum Area ) Regular Wire of Net u_burglar/n_14  ( Metal2 )
Bounds : ( 72.860, 31.335 ) ( 73.010, 31.595 )


MAR: ( Minimum Area ) Regular Wire of Net u_burglar/delay_counter[2]  ( Metal2 )
Bounds : ( 72.570, 33.945 ) ( 72.720, 34.205 )


MAR: ( Minimum Area ) Regular Wire of Net scan_en  ( Metal2 )
Bounds : ( 72.570, 33.655 ) ( 72.720, 33.915 )


MAR: ( Minimum Area ) Regular Wire of Net u_burglar/delay_counter[5]  ( Metal2 )
Bounds : ( 70.830, 41.485 ) ( 70.980, 41.745 )


MAR: ( Minimum Area ) Regular Wire of Net u_burglar/delay_counter[4]  ( Metal2 )
Bounds : ( 66.480, 38.875 ) ( 66.630, 39.135 )


MAR: ( Minimum Area ) Regular Wire of Net u_burglar/n_18  ( Metal2 )
Bounds : ( 66.480, 38.295 ) ( 66.630, 38.555 )


MAR: ( Minimum Area ) Regular Wire of Net u_burglar/delay_counter[6]  ( Metal2 )
Bounds : ( 66.190, 42.355 ) ( 66.340, 42.615 )


MAR: ( Minimum Area ) Regular Wire of Net u_burglar/delay_counter[4]  ( Metal2 )
Bounds : ( 65.900, 42.355 ) ( 66.050, 42.615 )


MAR: ( Minimum Area ) Regular Wire of Net u_burglar/delay_counter[5]  ( Metal2 )
Bounds : ( 65.610, 42.065 ) ( 65.760, 42.325 )


MAR: ( Minimum Area ) Regular Wire of Net u_burglar/n_11  ( Metal2 )
Bounds : ( 65.610, 38.875 ) ( 65.760, 39.135 )


MAR: ( Minimum Area ) Regular Wire of Net u_burglar/n_7  ( Metal2 )
Bounds : ( 65.610, 33.655 ) ( 65.845, 33.915 )


MAR: ( Minimum Area ) Regular Wire of Net u_burglar/n_6  ( Metal2 )
Bounds : ( 65.320, 33.655 ) ( 65.470, 33.915 )


MAR: ( Minimum Area ) Regular Wire of Net u_burglar/n_6  ( Metal2 )
Bounds : ( 65.030, 42.355 ) ( 65.180, 42.615 )


MAR: ( Minimum Area ) Regular Wire of Net u_burglar/delay_counter[4]  ( Metal2 )
Bounds : ( 63.580, 38.875 ) ( 63.730, 39.135 )


MAR: ( Minimum Area ) Regular Wire of Net SPCASCAN_N0  ( Metal2 )
Bounds : ( 60.100, 31.335 ) ( 60.250, 31.595 )


MAR: ( Minimum Area ) Regular Wire of Net u_burglar/delay_counter[4]  ( Metal2 )
Bounds : ( 60.100, 38.875 ) ( 60.250, 39.135 )


MAR: ( Minimum Area ) Regular Wire of Net u_burglar/n_23  ( Metal2 )
Bounds : ( 60.970, 33.365 ) ( 61.120, 33.625 )


MAR: ( Minimum Area ) Regular Wire of Net u_burglar/n_16  ( Metal2 )
Bounds : ( 62.130, 33.945 ) ( 62.280, 34.205 )


MAR: ( Minimum Area ) Regular Wire of Net u_burglar/n_17  ( Metal2 )
Bounds : ( 63.000, 39.455 ) ( 63.150, 39.715 )


MAR: ( Minimum Area ) Regular Wire of Net u_burglar/n_23  ( Metal2 )
Bounds : ( 63.290, 31.335 ) ( 63.440, 31.595 )


MAR: ( Minimum Area ) Regular Wire of Net u_burglar/n_16  ( Metal2 )
Bounds : ( 63.290, 36.265 ) ( 63.440, 36.525 )


MAR: ( Minimum Area ) Regular Wire of Net u_temp_ctrl/n_85  ( Metal2 )
Bounds : ( 81.850, 43.805 ) ( 82.000, 44.065 )


MAR: ( Minimum Area ) Regular Wire of Net u_temp_ctrl/n_65  ( Metal2 )
Bounds : ( 88.230, 43.805 ) ( 88.380, 44.065 )


MAR: ( Minimum Area ) Regular Wire of Net temp_sensor_r[4]  ( Metal2 )
Bounds : ( 102.730, 28.435 ) ( 102.880, 28.695 )


MAR: ( Minimum Area ) Regular Wire of Net clk  ( Metal2 )
Bounds : ( 101.860, 28.435 ) ( 102.010, 28.695 )


MAR: ( Minimum Area ) Regular Wire of Net rst_n  ( Metal2 )
Bounds : ( 100.700, 21.765 ) ( 100.850, 22.025 )


MAR: ( Minimum Area ) Regular Wire of Net u_temp_ctrl/n_17  ( Metal2 )
Bounds : ( 99.540, 28.435 ) ( 99.775, 28.695 )


MAR: ( Minimum Area ) Regular Wire of Net temp_sensor_r[0]  ( Metal2 )
Bounds : ( 99.250, 28.435 ) ( 99.400, 28.695 )


MAR: ( Minimum Area ) Regular Wire of Net clk  ( Metal2 )
Bounds : ( 98.090, 21.185 ) ( 98.240, 21.445 )


MAR: ( Minimum Area ) Regular Wire of Net scan_en  ( Metal2 )
Bounds : ( 98.090, 18.285 ) ( 98.240, 18.545 )


MAR: ( Minimum Area ) Regular Wire of Net clk  ( Metal2 )
Bounds : ( 97.800, 15.965 ) ( 97.950, 16.225 )


MAR: ( Minimum Area ) Regular Wire of Net temp_sensor_r[0]  ( Metal2 )
Bounds : ( 96.930, 28.725 ) ( 97.080, 28.985 )


MAR: ( Minimum Area ) Regular Wire of Net u_temp_ctrl/n_30  ( Metal2 )
Bounds : ( 96.640, 28.145 ) ( 96.790, 28.405 )


MAR: ( Minimum Area ) Regular Wire of Net scan_en  ( Metal2 )
Bounds : ( 95.480, 20.895 ) ( 95.630, 21.155 )


MAR: ( Minimum Area ) Regular Wire of Net music_on_cmd_r  ( Metal2 )
Bounds : ( 95.480, 17.995 ) ( 95.630, 18.255 )


MAR: ( Minimum Area ) Regular Wire of Net rst_n  ( Metal2 )
Bounds : ( 93.740, 17.415 ) ( 93.890, 17.675 )


MAR: ( Minimum Area ) Regular Wire of Net u_temp_ctrl/n_23  ( Metal2 )
Bounds : ( 92.210, 28.725 ) ( 92.440, 28.985 )


MAR: ( Minimum Area ) Regular Wire of Net rst_n  ( Metal2 )
Bounds : ( 104.470, 27.855 ) ( 104.620, 28.115 )


MAR: ( Minimum Area ) Regular Wire of Net rst_n  ( Metal2 )
Bounds : ( 106.790, 17.415 ) ( 106.940, 17.675 )


MAR: ( Minimum Area ) Regular Wire of Net temp_sensor_r[1]  ( Metal2 )
Bounds : ( 108.530, 17.995 ) ( 108.680, 18.255 )


MAR: ( Minimum Area ) Regular Wire of Net temp_sensor_r[2]  ( Metal2 )
Bounds : ( 108.530, 23.215 ) ( 108.680, 23.475 )


MAR: ( Minimum Area ) Regular Wire of Net temp_sensor_r[1]  ( Metal2 )
Bounds : ( 108.820, 21.185 ) ( 108.970, 21.445 )


MAR: ( Minimum Area ) Regular Wire of Net scan_en  ( Metal2 )
Bounds : ( 109.110, 15.675 ) ( 109.260, 15.935 )


MAR: ( Minimum Area ) Regular Wire of Net scan_en  ( Metal2 )
Bounds : ( 109.110, 23.505 ) ( 109.260, 23.765 )


MAR: ( Minimum Area ) Regular Wire of Net clk  ( Metal2 )
Bounds : ( 109.400, 17.995 ) ( 109.550, 18.255 )


MAR: ( Minimum Area ) Regular Wire of Net volume_cmd_r[2]  ( Metal2 )
Bounds : ( 102.730, 5.525 ) ( 102.880, 5.785 )


MAR: ( Minimum Area ) Regular Wire of Net rst_n  ( Metal2 )
Bounds : ( 100.990, 6.105 ) ( 101.140, 6.365 )


MAR: ( Minimum Area ) Regular Wire of Net volume_cmd_r[1]  ( Metal2 )
Bounds : ( 98.090, 7.555 ) ( 98.240, 7.815 )


MAR: ( Minimum Area ) Regular Wire of Net scan_en  ( Metal2 )
Bounds : ( 97.510, 7.845 ) ( 97.660, 8.105 )


MAR: ( Minimum Area ) Regular Wire of Net rst_n  ( Metal2 )
Bounds : ( 96.640, 12.195 ) ( 96.790, 12.455 )


MAR: ( Minimum Area ) Regular Wire of Net window_sensor_r  ( Metal2 )
Bounds : ( 92.870, 5.525 ) ( 93.020, 5.785 )


MAR: ( Minimum Area ) Regular Wire of Net scan_en  ( Metal2 )
Bounds : ( 92.290, 5.235 ) ( 92.440, 5.495 )


MAR: ( Minimum Area ) Regular Wire of Net scan_en  ( Metal2 )
Bounds : ( 90.840, 10.455 ) ( 90.990, 10.715 )


MAR: ( Minimum Area ) Regular Wire of Net window_auto_mode_r  ( Metal2 )
Bounds : ( 90.260, 10.745 ) ( 90.410, 11.005 )


SHORT: ( Out Of Die ) Regular Wire of Net clk  ( Metal3 )
Bounds : ( 118.610, -0.070 ) ( 119.190, 0.000 )


SHORT: ( Out Of Die ) Regular Wire of Net window_manual_close  ( Metal2 )
Bounds : ( 93.455, -0.070 ) ( 93.715, 0.000 )


SHORT: ( Out Of Die ) Regular Wire of Net tv_on_cmd  ( Metal2 )
Bounds : ( 97.805, -0.070 ) ( 97.970, 0.000 )


SHORT: ( Out Of Die ) Regular Wire of Net music_on_cmd  ( Metal2 )
Bounds : ( 102.085, -0.070 ) ( 102.295, 0.000 )


SHORT: ( Out Of Die ) Regular Wire of Net volume_cmd[0]  ( Metal2 )
Bounds : ( 106.215, -0.070 ) ( 106.480, 0.000 )


SHORT: ( Out Of Die ) Regular Wire of Net volume_cmd[1]  ( Metal2 )
Bounds : ( 110.565, -0.070 ) ( 110.740, 0.000 )


SHORT: ( Out Of Die ) Regular Wire of Net volume_cmd[2]  ( Metal2 )
Bounds : ( 114.855, -0.070 ) ( 115.055, 0.000 )


MAR: ( Minimum Area ) Regular Wire of Net clk  ( Metal2 )
Bounds : ( 103.600, 5.525 ) ( 103.750, 5.785 )


MAR: ( Minimum Area ) Regular Wire of Net volume_cmd_r[2]  ( Metal2 )
Bounds : ( 104.760, 12.775 ) ( 104.910, 13.035 )


MAR: ( Minimum Area ) Regular Wire of Net volume_cmd_r[3]  ( Metal2 )
Bounds : ( 107.950, 7.555 ) ( 108.100, 7.815 )


MAR: ( Minimum Area ) Regular Wire of Net u_burglar/n_24  ( Metal2 )
Bounds : ( 74.310, 26.405 ) ( 74.460, 26.665 )


MAR: ( Minimum Area ) Regular Wire of Net rst_n  ( Metal2 )
Bounds : ( 73.730, 16.545 ) ( 73.880, 16.805 )


MAR: ( Minimum Area ) Regular Wire of Net scan_en  ( Metal2 )
Bounds : ( 72.860, 26.405 ) ( 73.010, 26.665 )


MAR: ( Minimum Area ) Regular Wire of Net clk  ( Metal2 )
Bounds : ( 71.120, 15.965 ) ( 71.270, 16.225 )


MAR: ( Minimum Area ) Regular Wire of Net scan_en  ( Metal2 )
Bounds : ( 70.540, 28.435 ) ( 70.690, 28.695 )


MAR: ( Minimum Area ) Regular Wire of Net clk  ( Metal2 )
Bounds : ( 70.540, 21.185 ) ( 70.690, 21.445 )


MAR: ( Minimum Area ) Regular Wire of Net u_window/n_8  ( Metal2 )
Bounds : ( 63.870, 17.995 ) ( 64.020, 18.255 )


MAR: ( Minimum Area ) Regular Wire of Net u_window/n_10  ( Metal2 )
Bounds : ( 64.160, 17.705 ) ( 64.310, 17.965 )


MAR: ( Minimum Area ) Regular Wire of Net u_burglar/n_13  ( Metal2 )
Bounds : ( 64.160, 26.405 ) ( 64.310, 26.665 )


MAR: ( Minimum Area ) Regular Wire of Net u_window/n_10  ( Metal2 )
Bounds : ( 64.740, 21.185 ) ( 64.890, 21.445 )


MAR: ( Minimum Area ) Regular Wire of Net window_manual_close_r  ( Metal2 )
Bounds : ( 66.190, 15.740 ) ( 66.350, 15.935 )


MAR: ( Minimum Area ) Regular Wire of Net n_88  ( Metal2 )
Bounds : ( 66.190, 20.895 ) ( 66.340, 21.155 )


MAR: ( Minimum Area ) Regular Wire of Net scan_en  ( Metal2 )
Bounds : ( 66.190, 21.185 ) ( 66.340, 21.445 )


MAR: ( Minimum Area ) Regular Wire of Net u_burglar/n_8  ( Metal2 )
Bounds : ( 67.060, 23.505 ) ( 67.210, 23.765 )


MAR: ( Minimum Area ) Regular Wire of Net window_manual_open_r  ( Metal2 )
Bounds : ( 67.350, 18.285 ) ( 67.500, 18.545 )


MAR: ( Minimum Area ) Regular Wire of Net window_state_int[1]  ( Metal2 )
Bounds : ( 67.640, 17.995 ) ( 67.790, 18.255 )


MAR: ( Minimum Area ) Regular Wire of Net u_window/n_0  ( Metal2 )
Bounds : ( 67.930, 17.995 ) ( 68.080, 18.255 )


MAR: ( Minimum Area ) Regular Wire of Net u_burglar/n_2  ( Metal2 )
Bounds : ( 76.050, 28.435 ) ( 76.285, 28.695 )


MAR: ( Minimum Area ) Regular Wire of Net clk  ( Metal2 )
Bounds : ( 76.920, 23.215 ) ( 77.070, 23.475 )


MAR: ( Minimum Area ) Regular Wire of Net window_manual_close  ( Metal2 )
Bounds : ( 80.400, 15.965 ) ( 80.550, 16.225 )


MAR: ( Minimum Area ) Regular Wire of Net clk  ( Metal2 )
Bounds : ( 80.690, 26.115 ) ( 80.840, 26.375 )


MAR: ( Minimum Area ) Regular Wire of Net window_manual_open_r  ( Metal2 )
Bounds : ( 81.850, 15.965 ) ( 82.000, 16.225 )


MAR: ( Minimum Area ) Regular Wire of Net scan_en  ( Metal2 )
Bounds : ( 81.850, 20.895 ) ( 82.000, 21.155 )


MAR: ( Minimum Area ) Regular Wire of Net scan_en  ( Metal2 )
Bounds : ( 82.430, 15.675 ) ( 82.580, 15.935 )


MAR: ( Minimum Area ) Regular Wire of Net clk  ( Metal2 )
Bounds : ( 84.170, 21.185 ) ( 84.320, 21.445 )


MAR: ( Minimum Area ) Regular Wire of Net motion_sensor_r  ( Metal2 )
Bounds : ( 72.570, 5.525 ) ( 72.720, 5.785 )


MAR: ( Minimum Area ) Regular Wire of Net scan_en  ( Metal2 )
Bounds : ( 71.700, 7.845 ) ( 71.850, 8.105 )


MAR: ( Minimum Area ) Regular Wire of Net rst_n  ( Metal2 )
Bounds : ( 63.000, 6.975 ) ( 63.150, 7.235 )


MAR: ( Minimum Area ) Regular Wire of Net humidity_sensor[6]  ( Metal2 )
Bounds : ( 62.710, 10.745 ) ( 62.860, 11.005 )


MAR: ( Minimum Area ) Regular Wire of Net scan_en  ( Metal2 )
Bounds : ( 60.680, 10.455 ) ( 60.830, 10.715 )


MAR: ( Minimum Area ) Regular Wire of Net clk  ( Metal2 )
Bounds : ( 60.390, 7.555 ) ( 60.540, 7.815 )


SHORT: ( Out Of Die ) Regular Wire of Net humidity_sensor[7]  ( Metal2 )
Bounds : ( 63.775, -0.070 ) ( 64.015, 0.000 )


SHORT: ( Out Of Die ) Regular Wire of Net motion_sensor  ( Metal2 )
Bounds : ( 67.935, -0.070 ) ( 68.175, 0.000 )


SHORT: ( Out Of Die ) Regular Wire of Net door_sensor  ( Metal2 )
Bounds : ( 72.285, -0.070 ) ( 72.430, 0.000 )


SHORT: ( Out Of Die ) Regular Wire of Net window_sensor  ( Metal2 )
Bounds : ( 76.545, -0.070 ) ( 76.775, 0.000 )


SHORT: ( Out Of Die ) Regular Wire of Net alarm_arm  ( Metal2 )
Bounds : ( 80.695, -0.070 ) ( 80.945, 0.000 )


SHORT: ( Out Of Die ) Regular Wire of Net window_auto_mode  ( Metal2 )
Bounds : ( 85.045, -0.070 ) ( 85.200, 0.000 )


MAR: ( Minimum Area ) Regular Wire of Net clk  ( Metal2 )
Bounds : ( 69.670, 12.775 ) ( 69.820, 13.035 )


MAR: ( Minimum Area ) Regular Wire of Net window_sensor  ( Metal2 )
Bounds : ( 78.950, 5.525 ) ( 79.100, 5.785 )


MAR: ( Minimum Area ) Regular Wire of Net alarm_arm_r  ( Metal2 )
Bounds : ( 80.400, 12.775 ) ( 80.550, 13.035 )


MAR: ( Minimum Area ) Regular Wire of Net humidity_sensor_r[0]  ( Metal2 )
Bounds : ( 80.980, 7.555 ) ( 81.130, 7.815 )


MAR: ( Minimum Area ) Regular Wire of Net scan_en  ( Metal2 )
Bounds : ( 80.980, 13.065 ) ( 81.130, 13.325 )


MAR: ( Minimum Area ) Regular Wire of Net rst_n  ( Metal2 )
Bounds : ( 82.140, 11.325 ) ( 82.290, 11.585 )


MAR: ( Minimum Area ) Regular Wire of Net window_manual_open  ( Metal2 )
Bounds : ( 88.810, 10.745 ) ( 88.960, 11.005 )


MAR: ( Minimum Area ) Regular Wire of Net rst_n  ( Metal2 )
Bounds : ( 89.100, 6.975 ) ( 89.250, 7.235 )


SHORT: ( Out Of Die ) Regular Wire of Net window_manual_open  ( Metal2 )
Bounds : ( 89.315, -0.070 ) ( 89.535, 0.000 )


MAR: ( Minimum Area ) Regular Wire of Net u_door_lock/n_49  ( Metal2 )
Bounds : ( 44.730, 52.215 ) ( 44.880, 52.475 )


MAR: ( Minimum Area ) Regular Wire of Net u_door_lock/timeout_counter[6]  ( Metal2 )
Bounds : ( 45.600, 52.215 ) ( 45.750, 52.475 )


MAR: ( Minimum Area ) Regular Wire of Net u_door_lock/n_54  ( Metal2 )
Bounds : ( 47.920, 49.895 ) ( 48.070, 50.155 )


MAR: ( Minimum Area ) Regular Wire of Net scan_en  ( Metal2 )
Bounds : ( 48.210, 54.535 ) ( 48.360, 54.795 )


MAR: ( Minimum Area ) Regular Wire of Net burglar_alarm_out_int  ( Metal2 )
Bounds : ( 49.370, 52.795 ) ( 49.520, 53.055 )


MAR: ( Minimum Area ) Regular Wire of Net cooler_on_r_369  ( Metal2 )
Bounds : ( 50.820, 54.245 ) ( 50.970, 54.505 )


MAR: ( Minimum Area ) Regular Wire of Net u_door_lock/state[1]  ( Metal2 )
Bounds : ( 51.110, 46.995 ) ( 51.260, 47.255 )


MAR: ( Minimum Area ) Regular Wire of Net scan_en  ( Metal2 )
Bounds : ( 51.110, 47.285 ) ( 51.260, 47.545 )


MAR: ( Minimum Area ) Regular Wire of Net n_0  ( Metal2 )
Bounds : ( 51.980, 54.535 ) ( 52.130, 54.795 )


MAR: ( Minimum Area ) Regular Wire of Net heater_on_r_368  ( Metal2 )
Bounds : ( 51.980, 58.015 ) ( 52.130, 58.275 )


MAR: ( Minimum Area ) Regular Wire of Net clk  ( Metal2 )
Bounds : ( 52.560, 55.115 ) ( 52.710, 55.375 )


MAR: ( Minimum Area ) Regular Wire of Net n_2  ( Metal2 )
Bounds : ( 53.140, 57.725 ) ( 53.290, 57.985 )


MAR: ( Minimum Area ) Regular Wire of Net clk  ( Metal2 )
Bounds : ( 53.720, 57.145 ) ( 53.870, 57.405 )


MAR: ( Minimum Area ) Regular Wire of Net rst_n  ( Metal2 )
Bounds : ( 54.010, 54.825 ) ( 54.160, 55.085 )


MAR: ( Minimum Area ) Regular Wire of Net burglar_alarm_out_int  ( Metal2 )
Bounds : ( 54.300, 46.995 ) ( 54.450, 47.255 )


MAR: ( Minimum Area ) Regular Wire of Net u_burglar/n_22  ( Metal2 )
Bounds : ( 54.850, 49.315 ) ( 55.030, 49.490 )


MAR: ( Minimum Area ) Regular Wire of Net rst_n  ( Metal2 )
Bounds : ( 55.170, 57.435 ) ( 55.320, 57.695 )


MAR: ( Minimum Area ) Regular Wire of Net u_burglar/n_37  ( Metal2 )
Bounds : ( 55.750, 47.285 ) ( 55.900, 47.545 )


MAR: ( Minimum Area ) Regular Wire of Net u_door_lock/n_49  ( Metal2 )
Bounds : ( 44.150, 49.025 ) ( 44.300, 49.285 )


MAR: ( Minimum Area ) Regular Wire of Net u_door_lock/n_24  ( Metal2 )
Bounds : ( 43.860, 57.725 ) ( 44.010, 57.985 )


MAR: ( Minimum Area ) Regular Wire of Net u_door_lock/n_30  ( Metal2 )
Bounds : ( 43.570, 57.435 ) ( 43.720, 57.695 )


MAR: ( Minimum Area ) Regular Wire of Net u_door_lock/n_31  ( Metal2 )
Bounds : ( 43.280, 57.145 ) ( 43.430, 57.405 )


MAR: ( Minimum Area ) Regular Wire of Net clk  ( Metal2 )
Bounds : ( 43.280, 46.995 ) ( 43.430, 47.255 )


MAR: ( Minimum Area ) Regular Wire of Net u_door_lock/n_46  ( Metal2 )
Bounds : ( 41.830, 52.505 ) ( 41.980, 52.765 )


MAR: ( Minimum Area ) Regular Wire of Net u_door_lock/state[1]  ( Metal2 )
Bounds : ( 41.250, 44.095 ) ( 41.400, 44.355 )


MAR: ( Minimum Area ) Regular Wire of Net u_door_lock/timeout_counter[2]  ( Metal2 )
Bounds : ( 40.670, 57.725 ) ( 40.820, 57.985 )


MAR: ( Minimum Area ) Regular Wire of Net u_door_lock/n_20  ( Metal2 )
Bounds : ( 40.670, 44.385 ) ( 40.820, 44.645 )


MAR: ( Minimum Area ) Regular Wire of Net clk  ( Metal2 )
Bounds : ( 40.380, 54.825 ) ( 40.530, 55.085 )


MAR: ( Minimum Area ) Regular Wire of Net u_door_lock/n_18  ( Metal2 )
Bounds : ( 40.380, 44.095 ) ( 40.530, 44.355 )


CUTSPACING: ( Adjacent Cut Spacing ) Regular Wire of Net u_door_lock/timeout_counter[6] & Regular Wire of Net u_door_lock/n_0  ( Via2 )
Bounds : ( 38.935, 47.345 ) ( 39.075, 47.485 )


MAR: ( Minimum Area ) Regular Wire of Net u_door_lock/n_15  ( Metal2 )
Bounds : ( 31.390, 44.385 ) ( 31.540, 44.645 )


MAR: ( Minimum Area ) Regular Wire of Net u_door_lock/n_6  ( Metal2 )
Bounds : ( 32.260, 44.095 ) ( 32.410, 44.355 )


MAR: ( Minimum Area ) Regular Wire of Net u_door_lock/timeout_counter[5]  ( Metal2 )
Bounds : ( 34.000, 52.505 ) ( 34.150, 52.765 )


MAR: ( Minimum Area ) Regular Wire of Net u_door_lock/n_47  ( Metal2 )
Bounds : ( 34.870, 46.705 ) ( 35.020, 46.965 )


MAR: ( Minimum Area ) Regular Wire of Net u_door_lock/n_42  ( Metal2 )
Bounds : ( 34.870, 49.025 ) ( 35.020, 49.285 )


MAR: ( Minimum Area ) Regular Wire of Net u_door_lock/n_28  ( Metal2 )
Bounds : ( 35.160, 44.385 ) ( 35.320, 44.585 )


MAR: ( Minimum Area ) Regular Wire of Net u_door_lock/n_48  ( Metal2 )
Bounds : ( 35.160, 49.025 ) ( 35.420, 49.210 )


MAR: ( Minimum Area ) Regular Wire of Net u_door_lock/n_50  ( Metal2 )
Bounds : ( 36.320, 54.535 ) ( 36.470, 54.795 )


MAR: ( Minimum Area ) Regular Wire of Net u_door_lock/n_48  ( Metal2 )
Bounds : ( 36.610, 52.215 ) ( 36.760, 52.475 )


MAR: ( Minimum Area ) Regular Wire of Net u_door_lock/n_50  ( Metal2 )
Bounds : ( 36.900, 51.925 ) ( 37.050, 52.185 )


MAR: ( Minimum Area ) Regular Wire of Net scan_en  ( Metal2 )
Bounds : ( 37.770, 54.535 ) ( 37.920, 54.795 )


MAR: ( Minimum Area ) Regular Wire of Net u_door_lock/n_3  ( Metal2 )
Bounds : ( 38.640, 47.285 ) ( 38.790, 47.545 )


MAR: ( Minimum Area ) Regular Wire of Net u_door_lock/n_0  ( Metal2 )
Bounds : ( 38.930, 47.285 ) ( 39.080, 47.545 )


MAR: ( Minimum Area ) Regular Wire of Net u_door_lock/n_18  ( Metal2 )
Bounds : ( 38.930, 47.575 ) ( 39.080, 47.835 )


MAR: ( Minimum Area ) Regular Wire of Net u_door_lock/timeout_counter[5]  ( Metal2 )
Bounds : ( 38.930, 52.505 ) ( 39.080, 52.765 )


MAR: ( Minimum Area ) Regular Wire of Net u_door_lock/timeout_counter[6]  ( Metal2 )
Bounds : ( 39.510, 47.285 ) ( 39.660, 47.545 )


MAR: ( Minimum Area ) Regular Wire of Net u_door_lock/n_0  ( Metal2 )
Bounds : ( 39.800, 53.085 ) ( 39.950, 53.345 )


MAR: ( Minimum Area ) Regular Wire of Net u_door_lock/n_14  ( Metal2 )
Bounds : ( 39.800, 58.305 ) ( 39.950, 58.565 )


MAR: ( Minimum Area ) Regular Wire of Net u_burglar/n_12  ( Metal2 )
Bounds : ( 55.170, 31.335 ) ( 55.320, 31.595 )


MAR: ( Minimum Area ) Regular Wire of Net u_burglar/n_19  ( Metal2 )
Bounds : ( 54.590, 33.655 ) ( 54.740, 33.915 )


MAR: ( Minimum Area ) Regular Wire of Net u_burglar/n_5  ( Metal2 )
Bounds : ( 53.720, 31.915 ) ( 53.870, 32.175 )


MAR: ( Minimum Area ) Regular Wire of Net u_door_lock/state[1]  ( Metal2 )
Bounds : ( 52.560, 38.585 ) ( 52.710, 38.845 )


MAR: ( Minimum Area ) Regular Wire of Net clk  ( Metal2 )
Bounds : ( 51.980, 39.165 ) ( 52.130, 39.425 )


MAR: ( Minimum Area ) Regular Wire of Net rst_n  ( Metal2 )
Bounds : ( 51.980, 36.555 ) ( 52.130, 36.815 )


MAR: ( Minimum Area ) Regular Wire of Net SPCASCAN_N5  ( Metal2 )
Bounds : ( 47.050, 36.555 ) ( 47.200, 36.815 )


MAR: ( Minimum Area ) Regular Wire of Net u_door_lock/n_32  ( Metal2 )
Bounds : ( 45.600, 38.875 ) ( 45.750, 39.135 )


MAR: ( Minimum Area ) Regular Wire of Net u_door_lock/n_32  ( Metal2 )
Bounds : ( 44.730, 42.355 ) ( 44.880, 42.615 )


MAR: ( Minimum Area ) Regular Wire of Net u_door_lock/n_30  ( Metal2 )
Bounds : ( 44.730, 41.775 ) ( 44.880, 42.035 )


MAR: ( Minimum Area ) Regular Wire of Net u_burglar/n_19  ( Metal2 )
Bounds : ( 55.460, 31.915 ) ( 55.610, 32.175 )


MAR: ( Minimum Area ) Regular Wire of Net u_burglar/n_12  ( Metal2 )
Bounds : ( 55.750, 39.165 ) ( 55.900, 39.425 )


MAR: ( Minimum Area ) Regular Wire of Net SPCASCAN_N5  ( Metal2 )
Bounds : ( 56.040, 31.335 ) ( 56.190, 31.595 )


MAR: ( Minimum Area ) Regular Wire of Net u_burglar/delay_counter[4]  ( Metal2 )
Bounds : ( 56.040, 33.945 ) ( 56.190, 34.205 )


MAR: ( Minimum Area ) Regular Wire of Net u_burglar/n_32  ( Metal2 )
Bounds : ( 57.780, 41.775 ) ( 57.930, 42.035 )


MAR: ( Minimum Area ) Regular Wire of Net scan_en  ( Metal2 )
Bounds : ( 58.070, 36.845 ) ( 58.220, 37.105 )


MAR: ( Minimum Area ) Regular Wire of Net u_burglar/n_26  ( Metal2 )
Bounds : ( 58.070, 42.065 ) ( 58.220, 42.325 )


MAR: ( Minimum Area ) Regular Wire of Net u_burglar/delay_counter[7]  ( Metal2 )
Bounds : ( 58.360, 42.065 ) ( 58.510, 42.325 )


MAR: ( Minimum Area ) Regular Wire of Net u_door_lock/n_19  ( Metal2 )
Bounds : ( 44.150, 41.775 ) ( 44.300, 42.035 )


MAR: ( Minimum Area ) Regular Wire of Net u_door_lock/state[0]  ( Metal2 )
Bounds : ( 44.150, 39.165 ) ( 44.300, 39.425 )


MAR: ( Minimum Area ) Regular Wire of Net scan_en  ( Metal2 )
Bounds : ( 44.150, 38.875 ) ( 44.300, 39.135 )


MAR: ( Minimum Area ) Regular Wire of Net u_door_lock/n_2  ( Metal2 )
Bounds : ( 43.860, 31.625 ) ( 44.095, 31.885 )


MAR: ( Minimum Area ) Regular Wire of Net u_door_lock/n_34  ( Metal2 )
Bounds : ( 42.990, 33.365 ) ( 43.140, 33.625 )


MAR: ( Minimum Area ) Regular Wire of Net rst_n  ( Metal2 )
Bounds : ( 40.960, 36.555 ) ( 41.110, 36.815 )


MAR: ( Minimum Area ) Regular Wire of Net u_door_lock/state[1]  ( Metal2 )
Bounds : ( 40.670, 31.625 ) ( 40.820, 31.885 )


MAR: ( Minimum Area ) Regular Wire of Net u_door_lock/n_20  ( Metal2 )
Bounds : ( 40.660, 39.165 ) ( 40.820, 39.365 )


MAR: ( Minimum Area ) Regular Wire of Net u_door_lock/n_21  ( Metal2 )
Bounds : ( 40.300, 39.165 ) ( 40.530, 39.425 )


MAR: ( Minimum Area ) Regular Wire of Net u_door_lock/n_3  ( Metal2 )
Bounds : ( 30.520, 33.655 ) ( 30.670, 33.915 )


MAR: ( Minimum Area ) Regular Wire of Net u_door_lock/n_13  ( Metal2 )
Bounds : ( 31.390, 39.165 ) ( 31.540, 39.425 )


MAR: ( Minimum Area ) Regular Wire of Net u_door_lock/state[1]  ( Metal2 )
Bounds : ( 31.680, 34.235 ) ( 31.830, 34.495 )


MAR: ( Minimum Area ) Regular Wire of Net door_unlock_cmd_r  ( Metal2 )
Bounds : ( 35.160, 31.335 ) ( 35.310, 31.595 )


MAR: ( Minimum Area ) Regular Wire of Net u_door_lock/n_3  ( Metal2 )
Bounds : ( 35.450, 36.555 ) ( 35.600, 36.815 )


MAR: ( Minimum Area ) Regular Wire of Net u_door_lock/n_16  ( Metal2 )
Bounds : ( 37.770, 38.875 ) ( 37.920, 39.135 )


MAR: ( Minimum Area ) Regular Wire of Net u_door_lock/n_17  ( Metal2 )
Bounds : ( 38.060, 38.875 ) ( 38.295, 39.135 )


MAR: ( Minimum Area ) Regular Wire of Net door_lock_cmd_r  ( Metal2 )
Bounds : ( 38.640, 31.335 ) ( 38.790, 31.595 )


MAR: ( Minimum Area ) Regular Wire of Net u_door_lock/n_17  ( Metal2 )
Bounds : ( 38.930, 33.945 ) ( 39.080, 34.205 )


MAR: ( Minimum Area ) Regular Wire of Net u_door_lock/n_3  ( Metal2 )
Bounds : ( 39.220, 31.915 ) ( 39.370, 32.175 )


MAR: ( Minimum Area ) Regular Wire of Net u_door_lock/n_27  ( Metal2 )
Bounds : ( 39.800, 31.335 ) ( 39.950, 31.595 )


MAR: ( Minimum Area ) Regular Wire of Net u_door_lock/n_30  ( Metal2 )
Bounds : ( 41.540, 43.805 ) ( 41.690, 44.065 )


MAR: ( Minimum Area ) Regular Wire of Net u_burglar/n_37  ( Metal2 )
Bounds : ( 54.590, 43.805 ) ( 54.740, 44.065 )


MAR: ( Minimum Area ) Regular Wire of Net rst_n  ( Metal2 )
Bounds : ( 17.180, 49.605 ) ( 17.330, 49.865 )


SHORT: ( Out Of Die ) Regular Wire of Net system_status[1]  ( Metal3 )
Bounds : ( -0.070, 54.595 ) ( 0.000, 54.735 )


SHORT: ( Out Of Die ) Regular Wire of Net system_status[0]  ( Metal3 )
Bounds : ( -0.070, 50.245 ) ( 0.000, 50.530 )


SHORT: ( Out Of Die ) Regular Wire of Net DFT_sdi_2  ( Metal3 )
Bounds : ( -0.070, 46.185 ) ( 0.000, 46.325 )


MAR: ( Minimum Area ) Regular Wire of Net system_status[0]  ( Metal2 )
Bounds : ( 5.000, 51.925 ) ( 5.150, 52.185 )


MAR: ( Minimum Area ) Regular Wire of Net cooler_on_r_369  ( Metal2 )
Bounds : ( 5.290, 52.215 ) ( 5.440, 52.475 )


MAR: ( Minimum Area ) Regular Wire of Net heater_on_r_368  ( Metal2 )
Bounds : ( 5.580, 54.825 ) ( 5.730, 55.085 )


MAR: ( Minimum Area ) Regular Wire of Net clk  ( Metal2 )
Bounds : ( 6.450, 44.385 ) ( 6.600, 44.645 )


MAR: ( Minimum Area ) Regular Wire of Net fan_on_int  ( Metal2 )
Bounds : ( 7.610, 57.725 ) ( 7.760, 57.985 )


MAR: ( Minimum Area ) Regular Wire of Net light_cmd_r  ( Metal2 )
Bounds : ( 8.190, 47.285 ) ( 8.340, 47.545 )


MAR: ( Minimum Area ) Regular Wire of Net rst_n  ( Metal2 )
Bounds : ( 12.540, 57.435 ) ( 12.690, 57.695 )


MAR: ( Minimum Area ) Regular Wire of Net fan_cmd_r  ( Metal2 )
Bounds : ( 12.830, 44.095 ) ( 12.980, 44.355 )


MAR: ( Minimum Area ) Regular Wire of Net u_lum_ctrl/n_3  ( Metal2 )
Bounds : ( 13.410, 54.535 ) ( 13.645, 54.795 )


MAR: ( Minimum Area ) Regular Wire of Net clk  ( Metal2 )
Bounds : ( 13.990, 57.145 ) ( 14.140, 57.405 )


MAR: ( Minimum Area ) Regular Wire of Net clk  ( Metal2 )
Bounds : ( 14.570, 46.995 ) ( 14.720, 47.255 )


MAR: ( Minimum Area ) Regular Wire of Net fan_on_r_376  ( Metal2 )
Bounds : ( 15.730, 58.015 ) ( 15.880, 58.275 )


MAR: ( Minimum Area ) Regular Wire of Net scan_en  ( Metal2 )
Bounds : ( 16.890, 52.215 ) ( 17.040, 52.475 )


MAR: ( Minimum Area ) Regular Wire of Net ac_on_int  ( Metal2 )
Bounds : ( 17.470, 52.505 ) ( 17.620, 52.765 )


MAR: ( Minimum Area ) Regular Wire of Net exit_sensor  ( Metal2 )
Bounds : ( 18.920, 52.505 ) ( 19.070, 52.765 )


MAR: ( Minimum Area ) Regular Wire of Net ac_on_int  ( Metal2 )
Bounds : ( 19.500, 49.025 ) ( 19.650, 49.285 )


MAR: ( Minimum Area ) Regular Wire of Net u_door_lock/n_6  ( Metal2 )
Bounds : ( 20.370, 44.095 ) ( 20.605, 44.355 )


MAR: ( Minimum Area ) Regular Wire of Net clk  ( Metal2 )
Bounds : ( 20.370, 46.995 ) ( 20.520, 47.255 )


MAR: ( Minimum Area ) Regular Wire of Net u_door_lock/attempt_counter[0]  ( Metal2 )
Bounds : ( 21.240, 49.025 ) ( 21.390, 49.285 )


MAR: ( Minimum Area ) Regular Wire of Net n_7  ( Metal2 )
Bounds : ( 26.460, 57.725 ) ( 26.610, 57.985 )


MAR: ( Minimum Area ) Regular Wire of Net u_door_lock/n_38  ( Metal2 )
Bounds : ( 26.750, 47.285 ) ( 26.900, 47.545 )


MAR: ( Minimum Area ) Regular Wire of Net u_door_lock/n_15  ( Metal2 )
Bounds : ( 27.040, 44.385 ) ( 27.190, 44.645 )


MAR: ( Minimum Area ) Regular Wire of Net scan_en  ( Metal2 )
Bounds : ( 28.200, 47.285 ) ( 28.350, 47.545 )


MAR: ( Minimum Area ) Regular Wire of Net u_door_lock/n_39  ( Metal2 )
Bounds : ( 28.200, 49.315 ) ( 28.350, 49.575 )


MAR: ( Minimum Area ) Regular Wire of Net clk  ( Metal2 )
Bounds : ( 28.200, 52.505 ) ( 28.350, 52.765 )


SHORT: ( Out Of Die ) Regular Wire of Net pin_input[3]  ( Metal3 )
Bounds : ( -0.070, 41.835 ) ( 0.000, 42.120 )


SHORT: ( Out Of Die ) Regular Wire of Net pin_input[2]  ( Metal3 )
Bounds : ( -0.070, 37.775 ) ( 0.000, 37.915 )


SHORT: ( Out Of Die ) Regular Wire of Net pin_input[1]  ( Metal3 )
Bounds : ( -0.070, 33.425 ) ( 0.000, 33.710 )


SHORT: ( Out Of Die ) Regular Wire of Net pin_input[0]  ( Metal3 )
Bounds : ( -0.070, 29.365 ) ( 0.000, 29.505 )


MAR: ( Minimum Area ) Regular Wire of Net scan_en  ( Metal2 )
Bounds : ( 6.160, 36.555 ) ( 6.310, 36.815 )


MAR: ( Minimum Area ) Regular Wire of Net DFT_sdi_2  ( Metal2 )
Bounds : ( 6.450, 42.065 ) ( 6.600, 42.325 )


MAR: ( Minimum Area ) Regular Wire of Net rst_n  ( Metal2 )
Bounds : ( 14.570, 33.075 ) ( 14.720, 33.335 )


MAR: ( Minimum Area ) Regular Wire of Net rst_n  ( Metal2 )
Bounds : ( 14.570, 42.645 ) ( 14.720, 42.905 )


MAR: ( Minimum Area ) Regular Wire of Net pin_input_r[3]  ( Metal2 )
Bounds : ( 16.310, 42.065 ) ( 16.460, 42.325 )


MAR: ( Minimum Area ) Regular Wire of Net pin_input_r[2]  ( Metal2 )
Bounds : ( 16.600, 36.845 ) ( 16.750, 37.105 )


MAR: ( Minimum Area ) Regular Wire of Net clk  ( Metal2 )
Bounds : ( 17.180, 33.655 ) ( 17.330, 33.915 )


MAR: ( Minimum Area ) Regular Wire of Net clk  ( Metal2 )
Bounds : ( 17.180, 42.065 ) ( 17.330, 42.325 )


MAR: ( Minimum Area ) Regular Wire of Net clk  ( Metal2 )
Bounds : ( 17.470, 36.845 ) ( 17.620, 37.105 )


MAR: ( Minimum Area ) Regular Wire of Net u_door_lock/n_9  ( Metal2 )
Bounds : ( 21.820, 42.355 ) ( 21.970, 42.615 )


MAR: ( Minimum Area ) Regular Wire of Net pin_input_r[1]  ( Metal2 )
Bounds : ( 22.110, 38.875 ) ( 22.260, 39.135 )


MAR: ( Minimum Area ) Regular Wire of Net u_door_lock/attempt_counter[0]  ( Metal2 )
Bounds : ( 22.400, 41.775 ) ( 22.550, 42.035 )


MAR: ( Minimum Area ) Regular Wire of Net light_sensor_r[5]  ( Metal2 )
Bounds : ( 22.690, 33.655 ) ( 22.840, 33.915 )


MAR: ( Minimum Area ) Regular Wire of Net u_lum_ctrl/n_1  ( Metal2 )
Bounds : ( 22.980, 33.655 ) ( 23.215, 33.915 )


MAR: ( Minimum Area ) Regular Wire of Net light_sensor_r[7]  ( Metal2 )
Bounds : ( 25.300, 33.655 ) ( 25.450, 33.915 )


MAR: ( Minimum Area ) Regular Wire of Net u_door_lock/n_19  ( Metal2 )
Bounds : ( 25.590, 42.065 ) ( 25.740, 42.325 )


MAR: ( Minimum Area ) Regular Wire of Net rst_n  ( Metal2 )
Bounds : ( 27.910, 36.555 ) ( 28.060, 36.815 )


MAR: ( Minimum Area ) Regular Wire of Net SPCASCAN_N1  ( Metal2 )
Bounds : ( 28.200, 38.875 ) ( 28.350, 39.135 )


MAR: ( Minimum Area ) Regular Wire of Net u_door_lock/attempt_counter[0]  ( Metal2 )
Bounds : ( 28.490, 42.065 ) ( 28.640, 42.325 )


MAR: ( Minimum Area ) Regular Wire of Net fan_on_int  ( Metal2 )
Bounds : ( 5.870, 43.805 ) ( 6.020, 44.065 )


MAR: ( Minimum Area ) Regular Wire of Net clk  ( Metal2 )
Bounds : ( 29.650, 36.555 ) ( 29.800, 36.815 )


MAR: ( Minimum Area ) Regular Wire of Net scan_en  ( Metal2 )
Bounds : ( 29.650, 49.315 ) ( 29.800, 49.575 )


MAR: ( Minimum Area ) Regular Wire of Net exit_sensor_r  ( Metal2 )
Bounds : ( 29.650, 49.605 ) ( 29.800, 49.865 )


MAR: ( Minimum Area ) Regular Wire of Net DFT_sdo_1  ( Metal2 )
Bounds : ( 46.760, 15.675 ) ( 46.910, 15.935 )


MAR: ( Minimum Area ) Regular Wire of Net u_window/n_8  ( Metal2 )
Bounds : ( 40.960, 20.605 ) ( 41.110, 20.865 )


MAR: ( Minimum Area ) Regular Wire of Net rst_n  ( Metal2 )
Bounds : ( 40.670, 17.415 ) ( 40.820, 17.675 )


MAR: ( Minimum Area ) Regular Wire of Net window_auto_mode_r  ( Metal2 )
Bounds : ( 40.380, 21.185 ) ( 40.530, 21.445 )


MAR: ( Minimum Area ) Regular Wire of Net u_humidity/n_2  ( Metal2 )
Bounds : ( 40.370, 15.740 ) ( 40.530, 15.935 )


MAR: ( Minimum Area ) Regular Wire of Net clk  ( Metal2 )
Bounds : ( 39.220, 26.405 ) ( 39.370, 26.665 )


MAR: ( Minimum Area ) Regular Wire of Net light_sensor_r[6]  ( Metal2 )
Bounds : ( 36.030, 20.895 ) ( 36.180, 21.155 )


MAR: ( Minimum Area ) Regular Wire of Net scan_en  ( Metal2 )
Bounds : ( 34.870, 18.285 ) ( 35.020, 18.545 )


MAR: ( Minimum Area ) Regular Wire of Net clk  ( Metal2 )
Bounds : ( 34.290, 28.435 ) ( 34.440, 28.695 )


MAR: ( Minimum Area ) Regular Wire of Net light_sensor_r[6]  ( Metal2 )
Bounds : ( 34.290, 17.995 ) ( 34.440, 18.255 )


MAR: ( Minimum Area ) Regular Wire of Net rst_n  ( Metal2 )
Bounds : ( 32.260, 16.545 ) ( 32.410, 16.805 )


MAR: ( Minimum Area ) Regular Wire of Net rst_n  ( Metal2 )
Bounds : ( 31.680, 27.855 ) ( 31.830, 28.115 )


MAR: ( Minimum Area ) Regular Wire of Net u_window/n_9  ( Metal2 )
Bounds : ( 30.195, 23.505 ) ( 30.380, 23.705 )


MAR: ( Minimum Area ) Regular Wire of Net rst_n  ( Metal2 )
Bounds : ( 47.920, 20.895 ) ( 48.070, 21.155 )


MAR: ( Minimum Area ) Regular Wire of Net SPCASCAN_N0  ( Metal2 )
Bounds : ( 51.110, 22.925 ) ( 51.260, 23.185 )


MAR: ( Minimum Area ) Regular Wire of Net u_humidity/n_5  ( Metal2 )
Bounds : ( 51.870, 16.330 ) ( 52.130, 16.590 )


MAR: ( Minimum Area ) Regular Wire of Net u_humidity/n_1  ( Metal2 )
Bounds : ( 52.270, 16.255 ) ( 52.420, 16.515 )


MAR: ( Minimum Area ) Regular Wire of Net u_window/n_12  ( Metal2 )
Bounds : ( 52.560, 21.185 ) ( 52.710, 21.445 )


MAR: ( Minimum Area ) Regular Wire of Net rst_n  ( Metal2 )
Bounds : ( 53.430, 23.505 ) ( 53.580, 23.765 )


MAR: ( Minimum Area ) Regular Wire of Net SPCASCAN_N0  ( Metal2 )
Bounds : ( 54.010, 20.895 ) ( 54.160, 21.155 )


MAR: ( Minimum Area ) Regular Wire of Net scan_en  ( Metal2 )
Bounds : ( 54.010, 21.185 ) ( 54.160, 21.445 )


MAR: ( Minimum Area ) Regular Wire of Net humidity_sensor_r[3]  ( Metal2 )
Bounds : ( 55.170, 15.965 ) ( 55.320, 16.225 )


MAR: ( Minimum Area ) Regular Wire of Net u_humidity/n_2  ( Metal2 )
Bounds : ( 55.460, 15.675 ) ( 55.610, 15.935 )


MAR: ( Minimum Area ) Regular Wire of Net u_burglar/n_5  ( Metal2 )
Bounds : ( 56.330, 26.115 ) ( 56.480, 26.375 )


MAR: ( Minimum Area ) Regular Wire of Net u_burglar/n_13  ( Metal2 )
Bounds : ( 57.490, 26.405 ) ( 57.640, 26.665 )


MAR: ( Minimum Area ) Regular Wire of Net u_burglar/n_20  ( Metal2 )
Bounds : ( 58.940, 26.115 ) ( 59.090, 26.375 )


MAR: ( Minimum Area ) Regular Wire of Net clk  ( Metal2 )
Bounds : ( 46.470, 7.555 ) ( 46.620, 7.815 )


MAR: ( Minimum Area ) Regular Wire of Net humidity_sensor_r[0]  ( Metal2 )
Bounds : ( 45.890, 10.745 ) ( 46.040, 11.005 )


MAR: ( Minimum Area ) Regular Wire of Net rst_n  ( Metal2 )
Bounds : ( 44.150, 11.325 ) ( 44.300, 11.585 )


MAR: ( Minimum Area ) Regular Wire of Net humidity_sensor[2]  ( Metal2 )
Bounds : ( 37.190, 7.555 ) ( 37.340, 7.815 )


MAR: ( Minimum Area ) Regular Wire of Net scan_en  ( Metal2 )
Bounds : ( 34.290, 13.065 ) ( 34.440, 13.325 )


MAR: ( Minimum Area ) Regular Wire of Net clk  ( Metal2 )
Bounds : ( 34.000, 10.745 ) ( 34.150, 11.005 )


MAR: ( Minimum Area ) Regular Wire of Net light_sensor_r[4]  ( Metal2 )
Bounds : ( 34.000, 5.525 ) ( 34.150, 5.785 )


MAR: ( Minimum Area ) Regular Wire of Net door_lock_cmd_r  ( Metal2 )
Bounds : ( 33.710, 12.775 ) ( 33.860, 13.035 )


MAR: ( Minimum Area ) Regular Wire of Net light_sensor_r[5]  ( Metal2 )
Bounds : ( 33.130, 10.745 ) ( 33.280, 11.005 )


MAR: ( Minimum Area ) Regular Wire of Net rst_n  ( Metal2 )
Bounds : ( 32.260, 6.105 ) ( 32.410, 6.365 )


MAR: ( Minimum Area ) Regular Wire of Net rst_n  ( Metal2 )
Bounds : ( 31.390, 11.325 ) ( 31.540, 11.585 )


SHORT: ( Out Of Die ) Regular Wire of Net humidity_sensor[5]  ( Metal2 )
Bounds : ( 55.175, -0.070 ) ( 55.405, 0.000 )


SHORT: ( Out Of Die ) Regular Wire of Net humidity_sensor[4]  ( Metal2 )
Bounds : ( 51.010, -0.070 ) ( 51.255, 0.000 )


SHORT: ( Out Of Die ) Regular Wire of Net humidity_sensor[3]  ( Metal2 )
Bounds : ( 46.750, -0.070 ) ( 46.905, 0.000 )


SHORT: ( Out Of Die ) Regular Wire of Net humidity_sensor[2]  ( Metal2 )
Bounds : ( 42.415, -0.070 ) ( 42.635, 0.000 )


SHORT: ( Out Of Die ) Regular Wire of Net humidity_sensor[1]  ( Metal2 )
Bounds : ( 38.240, -0.070 ) ( 38.495, 0.000 )


SHORT: ( Out Of Die ) Regular Wire of Net humidity_sensor[0]  ( Metal2 )
Bounds : ( 33.980, -0.070 ) ( 34.145, 0.000 )


MAR: ( Minimum Area ) Regular Wire of Net humidity_sensor_r[2]  ( Metal2 )
Bounds : ( 47.630, 5.525 ) ( 47.780, 5.785 )


MAR: ( Minimum Area ) Regular Wire of Net clk  ( Metal2 )
Bounds : ( 47.630, 10.745 ) ( 47.780, 11.005 )


MAR: ( Minimum Area ) Regular Wire of Net humidity_sensor_r[5]  ( Metal2 )
Bounds : ( 48.500, 10.745 ) ( 48.650, 11.005 )


MAR: ( Minimum Area ) Regular Wire of Net rst_n  ( Metal2 )
Bounds : ( 50.240, 11.325 ) ( 50.390, 11.585 )


MAR: ( Minimum Area ) Regular Wire of Net humidity_sensor[5]  ( Metal2 )
Bounds : ( 56.910, 10.745 ) ( 57.060, 11.005 )


MAR: ( Minimum Area ) Regular Wire of Net humidity_sensor_r[3]  ( Metal2 )
Bounds : ( 57.490, 5.525 ) ( 57.640, 5.785 )


MAR: ( Minimum Area ) Regular Wire of Net fan_cmd_r  ( Metal2 )
Bounds : ( 16.310, 26.405 ) ( 16.460, 26.665 )


MAR: ( Minimum Area ) Regular Wire of Net light_cmd  ( Metal2 )
Bounds : ( 15.730, 21.185 ) ( 15.880, 21.445 )


MAR: ( Minimum Area ) Regular Wire of Net light_sensor_r[0]  ( Metal2 )
Bounds : ( 15.150, 23.215 ) ( 15.300, 23.475 )


MAR: ( Minimum Area ) Regular Wire of Net rst_n  ( Metal2 )
Bounds : ( 15.150, 16.545 ) ( 15.300, 16.805 )


MAR: ( Minimum Area ) Regular Wire of Net u_window/n_1  ( Metal2 )
Bounds : ( 14.280, 23.215 ) ( 14.430, 23.475 )


MAR: ( Minimum Area ) Regular Wire of Net light_sensor_r[1]  ( Metal2 )
Bounds : ( 11.090, 23.505 ) ( 11.240, 23.765 )


SHORT: ( Out Of Die ) Regular Wire of Net door_unlock_cmd  ( Metal3 )
Bounds : ( -0.070, 25.015 ) ( 0.000, 25.300 )


SHORT: ( Out Of Die ) Regular Wire of Net door_lock_cmd  ( Metal3 )
Bounds : ( -0.070, 20.955 ) ( 0.000, 21.095 )


SHORT: ( Out Of Die ) Regular Wire of Net light_cmd  ( Metal3 )
Bounds : ( -0.070, 16.605 ) ( 0.000, 16.890 )


MAR: ( Minimum Area ) Regular Wire of Net fan_on_int  ( Metal2 )
Bounds : ( 6.450, 26.405 ) ( 6.600, 26.665 )


MAR: ( Minimum Area ) Regular Wire of Net fan_cmd  ( Metal2 )
Bounds : ( 7.900, 26.405 ) ( 8.050, 26.665 )


MAR: ( Minimum Area ) Regular Wire of Net light_sensor[0]  ( Metal2 )
Bounds : ( 8.480, 15.965 ) ( 8.630, 16.225 )


MAR: ( Minimum Area ) Regular Wire of Net light_sensor_r[2]  ( Metal2 )
Bounds : ( 10.800, 23.215 ) ( 10.950, 23.475 )


MAR: ( Minimum Area ) Regular Wire of Net ac_cmd_r  ( Metal2 )
Bounds : ( 16.310, 28.435 ) ( 16.460, 28.695 )


MAR: ( Minimum Area ) Regular Wire of Net light_sensor_r[0]  ( Metal2 )
Bounds : ( 16.890, 15.965 ) ( 17.040, 16.225 )


MAR: ( Minimum Area ) Regular Wire of Net pin_input_r[0]  ( Metal2 )
Bounds : ( 17.180, 21.185 ) ( 17.330, 21.445 )


MAR: ( Minimum Area ) Regular Wire of Net scan_en  ( Metal2 )
Bounds : ( 17.760, 20.895 ) ( 17.910, 21.155 )


MAR: ( Minimum Area ) Regular Wire of Net u_window/n_1  ( Metal2 )
Bounds : ( 18.630, 23.215 ) ( 18.780, 23.475 )


MAR: ( Minimum Area ) Regular Wire of Net u_window/n_4  ( Metal2 )
Bounds : ( 18.920, 22.925 ) ( 19.070, 23.185 )


MAR: ( Minimum Area ) Regular Wire of Net u_lum_ctrl/n_2  ( Metal2 )
Bounds : ( 19.210, 28.435 ) ( 19.445, 28.695 )


MAR: ( Minimum Area ) Regular Wire of Net u_window/n_6  ( Metal2 )
Bounds : ( 22.400, 22.925 ) ( 22.550, 23.185 )


MAR: ( Minimum Area ) Regular Wire of Net clk  ( Metal2 )
Bounds : ( 23.560, 17.995 ) ( 23.710, 18.255 )


MAR: ( Minimum Area ) Regular Wire of Net SPCASCAN_N1  ( Metal2 )
Bounds : ( 23.560, 28.435 ) ( 23.710, 28.695 )


MAR: ( Minimum Area ) Regular Wire of Net window_manual_close_r  ( Metal2 )
Bounds : ( 24.140, 15.965 ) ( 24.290, 16.225 )


MAR: ( Minimum Area ) Regular Wire of Net u_window/n_4  ( Metal2 )
Bounds : ( 27.620, 21.185 ) ( 27.770, 21.445 )


MAR: ( Minimum Area ) Regular Wire of Net u_window/n_7  ( Metal2 )
Bounds : ( 27.620, 21.475 ) ( 27.770, 21.735 )


MAR: ( Minimum Area ) Regular Wire of Net scan_en  ( Metal2 )
Bounds : ( 27.910, 26.115 ) ( 28.060, 26.375 )


MAR: ( Minimum Area ) Regular Wire of Net door_unlock_cmd_r  ( Metal2 )
Bounds : ( 28.490, 26.405 ) ( 28.640, 26.665 )


MAR: ( Minimum Area ) Regular Wire of Net light_sensor_r[7]  ( Metal2 )
Bounds : ( 29.360, 23.505 ) ( 29.510, 23.765 )


MAR: ( Minimum Area ) Regular Wire of Net rst_n  ( Metal2 )
Bounds : ( 15.150, 12.195 ) ( 15.300, 12.455 )


SHORT: ( Out Of Die ) Regular Wire of Net entry_sensor  ( Metal3 )
Bounds : ( 0.000, -0.070 ) ( 0.580, 0.000 )


SHORT: ( Out Of Die ) Regular Wire of Net fan_cmd  ( Metal3 )
Bounds : ( -0.070, 12.545 ) ( 0.000, 12.685 )


SHORT: ( Out Of Die ) Regular Wire of Net ac_cmd  ( Metal3 )
Bounds : ( -0.070, 8.195 ) ( 0.000, 8.480 )


SHORT: ( Out Of Die ) Regular Wire of Net exit_sensor  ( Metal3 )
Bounds : ( -0.070, 4.135 ) ( 0.000, 4.275 )


SHORT: ( Out Of Die ) Regular Wire of Net light_sensor[6]  ( Metal2 )
Bounds : ( 25.470, -0.070 ) ( 25.735, 0.000 )


SHORT: ( Out Of Die ) Regular Wire of Net light_sensor[5]  ( Metal2 )
Bounds : ( 21.210, -0.070 ) ( 21.385, 0.000 )


SHORT: ( Out Of Die ) Regular Wire of Net light_sensor[4]  ( Metal2 )
Bounds : ( 16.895, -0.070 ) ( 17.095, 0.000 )


SHORT: ( Out Of Die ) Regular Wire of Net light_sensor[3]  ( Metal2 )
Bounds : ( 12.700, -0.070 ) ( 12.975, 0.000 )


SHORT: ( Out Of Die ) Regular Wire of Net light_sensor[2]  ( Metal2 )
Bounds : ( 8.445, -0.070 ) ( 8.625, 0.000 )


SHORT: ( Out Of Die ) Regular Wire of Net light_sensor[1]  ( Metal2 )
Bounds : ( 4.135, -0.070 ) ( 4.325, 0.000 )


SHORT: ( Out Of Die ) Regular Wire of Net light_sensor[0]  ( Metal2 )
Bounds : ( -0.070, 0.000 ) ( 0.000, 0.580 )


SHORT: ( Out Of Die ) Regular Wire of Net light_sensor[0]  ( Metal2 )
Bounds : ( -0.070, -0.070 ) ( 0.215, 0.070 )


SHORT: ( Out Of Die ) Regular Wire of Net entry_sensor  ( Metal3 )
Bounds : ( -0.070, -0.070 ) ( 0.070, 0.215 )


MAR: ( Minimum Area ) Regular Wire of Net clk  ( Metal2 )
Bounds : ( 6.450, 10.745 ) ( 6.600, 11.005 )


MAR: ( Minimum Area ) Regular Wire of Net scan_en  ( Metal2 )
Bounds : ( 6.740, 5.235 ) ( 6.890, 5.495 )


MAR: ( Minimum Area ) Regular Wire of Net light_sensor_r[0]  ( Metal2 )
Bounds : ( 7.030, 12.775 ) ( 7.180, 13.035 )


MAR: ( Minimum Area ) Regular Wire of Net light_sensor_r[3]  ( Metal2 )
Bounds : ( 17.180, 5.525 ) ( 17.330, 5.785 )


MAR: ( Minimum Area ) Regular Wire of Net scan_en  ( Metal2 )
Bounds : ( 17.760, 10.455 ) ( 17.910, 10.715 )


MAR: ( Minimum Area ) Regular Wire of Net clk  ( Metal2 )
Bounds : ( 18.050, 5.525 ) ( 18.200, 5.785 )


MAR: ( Minimum Area ) Regular Wire of Net scan_en  ( Metal2 )
Bounds : ( 23.560, 5.235 ) ( 23.710, 5.495 )


MAR: ( Minimum Area ) Regular Wire of Net entry_sensor_r  ( Metal2 )
Bounds : ( 23.850, 12.775 ) ( 24.000, 13.035 )


MAR: ( Minimum Area ) Regular Wire of Net light_sensor[4]  ( Metal2 )
Bounds : ( 25.590, 5.525 ) ( 25.740, 5.785 )


MAR: ( Minimum Area ) Regular Wire of Net rst_n  ( Metal2 )
Bounds : ( 25.590, 12.195 ) ( 25.740, 12.455 )


SHORT: ( Out Of Die ) Regular Wire of Net light_sensor[7]  ( Metal2 )
Bounds : ( 29.655, -0.070 ) ( 29.865, 0.000 )


SHORT: ( Out Of Die ) Regular Wire of Net humidity_sensor[6]  ( Metal2 )
Bounds : ( 59.520, -0.070 ) ( 59.665, 0.000 )


MAR: ( Minimum Area ) Regular Wire of Net clk  ( Metal2 )
Bounds : ( 59.520, 12.775 ) ( 59.670, 13.035 )


MAR: ( Minimum Area ) Regular Wire of Net window_state_int[1]  ( Metal2 )
Bounds : ( 59.520, 23.505 ) ( 59.670, 23.765 )


MAR: ( Minimum Area ) Regular Wire of Net SPCASCAN_N5  ( Metal2 )
Bounds : ( 59.520, 31.335 ) ( 59.670, 31.595 )


MAR: ( Minimum Area ) Regular Wire of Net u_burglar/n_35  ( Metal2 )
Bounds : ( 59.520, 49.895 ) ( 59.670, 50.155 )


SHORT: ( Out Of Die ) Regular Wire of Net system_status[2]  ( Metal3 )
Bounds : ( -0.070, 58.655 ) ( 0.000, 58.940 )


SHORT: ( Out Of Die ) Regular Wire of Net volume_cmd[3]  ( Metal2 )
Bounds : ( 118.975, -0.070 ) ( 119.250, 0.070 )


SHORT: ( Out Of Die ) Regular Wire of Net DFT_sdo_2  ( Metal2 )
Bounds : ( 118.975, 117.670 ) ( 119.260, 117.810 )


SHORT: ( Out Of Die ) Regular Wire of Net volume_cmd[3]  ( Metal2 )
Bounds : ( 119.190, 0.000 ) ( 119.250, 0.580 )


SHORT: ( Out Of Die ) Regular Wire of Net DFT_sdo_2  ( Metal2 )
Bounds : ( 119.190, 117.160 ) ( 119.260, 117.740 )


SHORT: ( Out Of Die ) Regular Wire of Net clk  ( Metal3 )
Bounds : ( 119.120, -0.070 ) ( 119.260, 0.215 )


SHORT: ( Out Of Die ) Regular Wire of Net DFT_sdi_1  ( Metal3 )
Bounds : ( 119.120, 117.525 ) ( 119.260, 117.800 )


SHORT: ( Out Of Die ) Regular Wire of Net rst_n  ( Metal3 )
Bounds : ( 119.190, 4.715 ) ( 119.260, 4.975 )


SHORT: ( Out Of Die ) Regular Wire of Net temp_sensor[0]  ( Metal3 )
Bounds : ( 119.190, 9.645 ) ( 119.260, 9.880 )


SHORT: ( Out Of Die ) Regular Wire of Net temp_sensor[1]  ( Metal3 )
Bounds : ( 119.190, 14.575 ) ( 119.260, 14.785 )


SHORT: ( Out Of Die ) Regular Wire of Net temp_sensor[2]  ( Metal3 )
Bounds : ( 119.190, 19.505 ) ( 119.260, 19.690 )


SHORT: ( Out Of Die ) Regular Wire of Net temp_sensor[3]  ( Metal3 )
Bounds : ( 119.190, 24.435 ) ( 119.260, 24.595 )


SHORT: ( Out Of Die ) Regular Wire of Net temp_sensor[4]  ( Metal3 )
Bounds : ( 119.190, 29.365 ) ( 119.260, 29.505 )


SHORT: ( Out Of Die ) Regular Wire of Net temp_sensor[5]  ( Metal3 )
Bounds : ( 119.190, 34.270 ) ( 119.260, 34.435 )


SHORT: ( Out Of Die ) Regular Wire of Net temp_sensor[6]  ( Metal3 )
Bounds : ( 119.190, 39.175 ) ( 119.260, 39.365 )


SHORT: ( Out Of Die ) Regular Wire of Net temp_sensor[7]  ( Metal3 )
Bounds : ( 119.190, 44.080 ) ( 119.260, 44.295 )


SHORT: ( Out Of Die ) Regular Wire of Net temp_setpoint[0]  ( Metal3 )
Bounds : ( 119.190, 48.985 ) ( 119.260, 49.225 )


SHORT: ( Out Of Die ) Regular Wire of Net temp_setpoint[1]  ( Metal3 )
Bounds : ( 119.190, 53.890 ) ( 119.260, 54.155 )


SHORT: ( Out Of Die ) Regular Wire of Net temp_setpoint[2]  ( Metal3 )
Bounds : ( 119.190, 58.655 ) ( 119.260, 58.935 )


SHORT: ( Out Of Die ) Regular Wire of Net temp_setpoint[3]  ( Metal3 )
Bounds : ( 119.190, 63.585 ) ( 119.260, 63.840 )


SHORT: ( Out Of Die ) Regular Wire of Net temp_setpoint[4]  ( Metal3 )
Bounds : ( 119.190, 68.515 ) ( 119.260, 68.745 )


SHORT: ( Out Of Die ) Regular Wire of Net temp_setpoint[5]  ( Metal3 )
Bounds : ( 119.190, 73.445 ) ( 119.260, 73.650 )


SHORT: ( Out Of Die ) Regular Wire of Net temp_setpoint[6]  ( Metal3 )
Bounds : ( 119.190, 78.375 ) ( 119.260, 78.560 )


SHORT: ( Out Of Die ) Regular Wire of Net temp_setpoint[7]  ( Metal3 )
Bounds : ( 119.190, 83.305 ) ( 119.260, 83.465 )


SHORT: ( Out Of Die ) Regular Wire of Net water_level[0]  ( Metal3 )
Bounds : ( 119.190, 88.230 ) ( 119.260, 88.375 )


SHORT: ( Out Of Die ) Regular Wire of Net water_level[1]  ( Metal3 )
Bounds : ( 119.190, 93.135 ) ( 119.260, 93.305 )


SHORT: ( Out Of Die ) Regular Wire of Net water_level[2]  ( Metal3 )
Bounds : ( 119.190, 98.040 ) ( 119.260, 98.235 )


SHORT: ( Out Of Die ) Regular Wire of Net water_level[3]  ( Metal3 )
Bounds : ( 119.190, 102.945 ) ( 119.260, 103.165 )


SHORT: ( Out Of Die ) Regular Wire of Net scan_en  ( Metal3 )
Bounds : ( 119.190, 107.850 ) ( 119.260, 108.095 )


  Total Violations : 1000 Viols.
