
Cadence Innovus(TM) Implementation System.
Copyright 2020 Cadence Design Systems, Inc. All rights reserved worldwide.

Version:	v20.10-p004_1, built Thu May 7 20:02:41 PDT 2020
Options:	
Date:		Mon Nov 17 01:21:51 2025
Host:		edatools-server2.iiitd.edu.in (x86_64 w/Linux 2.6.32-754.35.1.el6.x86_64) (18cores*72cpus*Intel(R) Xeon(R) Gold 6354 CPU @ 3.00GHz 39936KB)
OS:		Red Hat Enterprise Linux Server release 6.10 (Santiago)

License:
		invs	Innovus Implementation System	20.1	checkout succeeded
		8 CPU jobs allowed with the current license(s). Use setMultiCpuUsage to set your required CPU count.
Change the soft stacksize limit to 0.2%RAM (1033 mbytes). Set global soft_stack_size_limit to change the value.

**INFO:  MMMC transition support version v31-84 

<CMD> set_global _enable_mmmc_by_default_flow      $CTE::mmmc_default
<CMD> suppressMessage ENCEXT-2799
<CMD> getVersion
<CMD> getVersion
<CMD> getVersion
[INFO] Loading PVS 19.13 fill procedures
<CMD> win
<CMD> set init_gnd_net VSS
<CMD> set init_io_file pin_location.io
<CMD> set init_lef_file gsclib090_translated_ref.lef
<CMD> set init_mmmc_file rtl_module.view
<CMD> set init_pwr_net VDD
<CMD> set init_top_cell HA
<CMD> set init_verilog synthesised_netlist.v
<CMD> init_design
#% Begin Load MMMC data ... (date=11/17 01:22:19, mem=516.6M)
#% End Load MMMC data ... (date=11/17 01:22:19, total cpu=0:00:00.0, real=0:00:00.0, peak res=516.8M, current mem=516.8M)

Loading LEF file gsclib090_translated_ref.lef ...
**WARN: (IMPLF-155):	ViaRule only supports routing/cut layer, but poly layer found for viaRule 'M1_POv', 
**WARN: (IMPLF-155):	ViaRule only supports routing/cut layer, but poly layer found for viaRule 'M1_DIFF', 
**WARN: (IMPLF-155):	ViaRule only supports routing/cut layer, but poly layer found for viaRule 'M1_PSUB', 
**WARN: (IMPLF-155):	ViaRule only supports routing/cut layer, but poly layer found for viaRule 'M1_PIMP', 
**WARN: (IMPLF-155):	ViaRule only supports routing/cut layer, but poly layer found for viaRule 'M1_NIMP', 
**WARN: (IMPLF-155):	ViaRule only supports routing/cut layer, but poly layer found for viaRule 'M1_NWELL', 
**WARN: (IMPLF-155):	ViaRule only supports routing/cut layer, but poly layer found for viaRule 'M1_PO', 
**WARN: (IMPLF-155):	ViaRule only supports routing/cut layer, but poly layer found for viaRule 'M1_DIFFc', 
**WARN: (IMPLF-155):	ViaRule only supports routing/cut layer, but poly layer found for viaRule 'M1_POLYc', 
**WARN: (IMPLF-105):	The layer 'Oxide' specified in SAMENET spacing
rule is neither a routing layer nor a cut layer. The rule is ignored.
**WARN: (IMPLF-105):	The layer 'Poly' specified in SAMENET spacing
rule is neither a routing layer nor a cut layer. The rule is ignored.
Set DBUPerIGU to M2 pitch 580.
**WARN: (IMPLF-200):	Pin 'A' in macro 'ANTENNA' has no ANTENNAGATEAREA value defined. The library data is incomplete and some process antenna rules will not be checked correctly.
Type 'man IMPLF-200' for more detail.

viaInitial starts at Mon Nov 17 01:22:19 2025
viaInitial ends at Mon Nov 17 01:22:19 2025

##  Check design process and node:  
##  Both design process and tech node are not set.

Loading view definition file from rtl_module.view
Reading timing_lib1 timing library '/home/mukka25170/cmos65/90nm/Physical_design/pd_0.5/slow.lib' ...
Read 479 cells in library 'slow' 
*** End library_loading (cpu=0.03min, real=0.03min, mem=21.0M, fe_cpu=0.25min, fe_real=0.50min, fe_mem=873.4M) ***
#% Begin Load netlist data ... (date=11/17 01:22:21, mem=534.9M)
*** Begin netlist parsing (mem=873.4M) ***
**WARN: (IMPVL-159):	Pin 'VDD' of cell 'XOR3XL' is defined in LEF but not in the timing library.
Type 'man IMPVL-159' for more detail.
**WARN: (IMPVL-159):	Pin 'VSS' of cell 'XOR3XL' is defined in LEF but not in the timing library.
Type 'man IMPVL-159' for more detail.
**WARN: (IMPVL-159):	Pin 'VDD' of cell 'XOR3X1' is defined in LEF but not in the timing library.
Type 'man IMPVL-159' for more detail.
**WARN: (IMPVL-159):	Pin 'VSS' of cell 'XOR3X1' is defined in LEF but not in the timing library.
Type 'man IMPVL-159' for more detail.
**WARN: (IMPVL-159):	Pin 'VSS' of cell 'XOR2XL' is defined in LEF but not in the timing library.
Type 'man IMPVL-159' for more detail.
**WARN: (IMPVL-159):	Pin 'VDD' of cell 'XOR2XL' is defined in LEF but not in the timing library.
Type 'man IMPVL-159' for more detail.
**WARN: (IMPVL-159):	Pin 'VSS' of cell 'XOR2X4' is defined in LEF but not in the timing library.
Type 'man IMPVL-159' for more detail.
**WARN: (IMPVL-159):	Pin 'VDD' of cell 'XOR2X4' is defined in LEF but not in the timing library.
Type 'man IMPVL-159' for more detail.
**WARN: (IMPVL-159):	Pin 'VSS' of cell 'XOR2X2' is defined in LEF but not in the timing library.
Type 'man IMPVL-159' for more detail.
**WARN: (IMPVL-159):	Pin 'VDD' of cell 'XOR2X2' is defined in LEF but not in the timing library.
Type 'man IMPVL-159' for more detail.
**WARN: (IMPVL-159):	Pin 'VSS' of cell 'XOR2X1' is defined in LEF but not in the timing library.
Type 'man IMPVL-159' for more detail.
**WARN: (IMPVL-159):	Pin 'VDD' of cell 'XOR2X1' is defined in LEF but not in the timing library.
Type 'man IMPVL-159' for more detail.
**WARN: (IMPVL-159):	Pin 'VSS' of cell 'XNOR3XL' is defined in LEF but not in the timing library.
Type 'man IMPVL-159' for more detail.
**WARN: (IMPVL-159):	Pin 'VDD' of cell 'XNOR3XL' is defined in LEF but not in the timing library.
Type 'man IMPVL-159' for more detail.
**WARN: (IMPVL-159):	Pin 'VDD' of cell 'XNOR3X1' is defined in LEF but not in the timing library.
Type 'man IMPVL-159' for more detail.
**WARN: (IMPVL-159):	Pin 'VSS' of cell 'XNOR3X1' is defined in LEF but not in the timing library.
Type 'man IMPVL-159' for more detail.
**WARN: (IMPVL-159):	Pin 'VSS' of cell 'XNOR2XL' is defined in LEF but not in the timing library.
Type 'man IMPVL-159' for more detail.
**WARN: (IMPVL-159):	Pin 'VDD' of cell 'XNOR2XL' is defined in LEF but not in the timing library.
Type 'man IMPVL-159' for more detail.
**WARN: (IMPVL-159):	Pin 'VSS' of cell 'XNOR2X4' is defined in LEF but not in the timing library.
Type 'man IMPVL-159' for more detail.
**WARN: (IMPVL-159):	Pin 'VDD' of cell 'XNOR2X4' is defined in LEF but not in the timing library.
Type 'man IMPVL-159' for more detail.
**WARN: (EMS-27):	Message (IMPVL-159) has exceeded the current message display limit of 20.
To increase the message display limit, refer to the product command reference manual.
Created 479 new cells from 1 timing libraries.
Reading netlist ...
Backslashed names will retain backslash and a trailing blank character.
Reading verilog netlist 'synthesised_netlist.v'

*** Memory Usage v#1 (Current mem = 873.395M, initial mem = 273.965M) ***
*** End netlist parsing (cpu=0:00:00.0, real=0:00:00.0, mem=873.4M) ***
#% End Load netlist data ... (date=11/17 01:22:21, total cpu=0:00:00.0, real=0:00:00.0, peak res=542.1M, current mem=542.1M)
Set top cell to HA.
Hooked 479 DB cells to tlib cells.
Starting recursive module instantiation check.
No recursion found.
Building hierarchical netlist for Cell HA ...
*** Netlist is unique.
** info: there are 498 modules.
** info: there are 446 stdCell insts.

*** Memory Usage v#1 (Current mem = 914.816M, initial mem = 273.965M) ***
Reading IO assignment file "pin_location.io" ...
**WARN: (IMPFP-710):	File version 0 is too old.
IO file version '0' is too old, will try to place io cell any way.
**WARN: (IMPFP-3961):	The techSite 'pad' has no related standard cells in LEF/OA library. Cannot make calculations for this site type unless standard cell models of this type exist in the LEF/OA library. If the SITE is not used by the library you can ignore this warning or remove the SITE definition from the LEF/OA to avoid this message.
Type 'man IMPFP-3961' for more detail.
**WARN: (IMPFP-3961):	The techSite 'corner' has no related standard cells in LEF/OA library. Cannot make calculations for this site type unless standard cell models of this type exist in the LEF/OA library. If the SITE is not used by the library you can ignore this warning or remove the SITE definition from the LEF/OA to avoid this message.
Type 'man IMPFP-3961' for more detail.
Horizontal Layer M1 offset = 290 (derived)
Vertical Layer M2 offset = 290 (derived)
Generated pitch 0.29 in Metal8 is different from 0.87 defined in technology file in unpreferred direction.
Set Default Net Delay as 1000 ps.
Set Default Net Load as 0.5 pF. 
Set Default Input Pin Transition as 0.1 ps.
Extraction setup Started 
Initializing multi-corner RC extraction with 1 active RC Corners ...
**WARN: (IMPEXT-2773):	The via resistance between layers M0 and M1 could not be determined from the LEF technology file because the via resistance specification is missing. A default of 4 Ohms will be used as via resistance between these layers.
Type 'man IMPEXT-2773' for more detail.
**WARN: (IMPEXT-2776):	The via resistance between layers M1 and M2 is not defined in the capacitance table file. The via resistance of 1.4 Ohms defined in the LEF technology file will be used as via resistance between these layers.
Type 'man IMPEXT-2776' for more detail.
**WARN: (IMPEXT-2776):	The via resistance between layers M2 and M3 is not defined in the capacitance table file. The via resistance of 1.4 Ohms defined in the LEF technology file will be used as via resistance between these layers.
Type 'man IMPEXT-2776' for more detail.
**WARN: (IMPEXT-2776):	The via resistance between layers M3 and M4 is not defined in the capacitance table file. The via resistance of 1.4 Ohms defined in the LEF technology file will be used as via resistance between these layers.
Type 'man IMPEXT-2776' for more detail.
**WARN: (IMPEXT-2776):	The via resistance between layers M4 and M5 is not defined in the capacitance table file. The via resistance of 1.4 Ohms defined in the LEF technology file will be used as via resistance between these layers.
Type 'man IMPEXT-2776' for more detail.
**WARN: (IMPEXT-2776):	The via resistance between layers M5 and M6 is not defined in the capacitance table file. The via resistance of 1.4 Ohms defined in the LEF technology file will be used as via resistance between these layers.
Type 'man IMPEXT-2776' for more detail.
**WARN: (IMPEXT-2776):	The via resistance between layers M6 and M7 is not defined in the capacitance table file. The via resistance of 1.4 Ohms defined in the LEF technology file will be used as via resistance between these layers.
Type 'man IMPEXT-2776' for more detail.
**WARN: (IMPEXT-2776):	The via resistance between layers M7 and M8 is not defined in the capacitance table file. The via resistance of 0.35 Ohms defined in the LEF technology file will be used as via resistance between these layers.
Type 'man IMPEXT-2776' for more detail.
**WARN: (IMPEXT-2776):	The via resistance between layers M8 and M9 is not defined in the capacitance table file. The via resistance of 0.35 Ohms defined in the LEF technology file will be used as via resistance between these layers.
Type 'man IMPEXT-2776' for more detail.
**WARN: (IMPEXT-2766):	The sheet resistance for layer M1 is not defined in the cap table. Therefore, the LEF value 0.08 will be used instead. To avoid this message, update the relevant cap table to include the sheet resistance for the specified layer and read it back in.
**WARN: (IMPEXT-2766):	The sheet resistance for layer M2 is not defined in the cap table. Therefore, the LEF value 0.06 will be used instead. To avoid this message, update the relevant cap table to include the sheet resistance for the specified layer and read it back in.
**WARN: (IMPEXT-2766):	The sheet resistance for layer M3 is not defined in the cap table. Therefore, the LEF value 0.06 will be used instead. To avoid this message, update the relevant cap table to include the sheet resistance for the specified layer and read it back in.
**WARN: (IMPEXT-2766):	The sheet resistance for layer M4 is not defined in the cap table. Therefore, the LEF value 0.06 will be used instead. To avoid this message, update the relevant cap table to include the sheet resistance for the specified layer and read it back in.
**WARN: (IMPEXT-2766):	The sheet resistance for layer M5 is not defined in the cap table. Therefore, the LEF value 0.06 will be used instead. To avoid this message, update the relevant cap table to include the sheet resistance for the specified layer and read it back in.
**WARN: (IMPEXT-2766):	The sheet resistance for layer M6 is not defined in the cap table. Therefore, the LEF value 0.06 will be used instead. To avoid this message, update the relevant cap table to include the sheet resistance for the specified layer and read it back in.
**WARN: (IMPEXT-2766):	The sheet resistance for layer M7 is not defined in the cap table. Therefore, the LEF value 0.06 will be used instead. To avoid this message, update the relevant cap table to include the sheet resistance for the specified layer and read it back in.
**WARN: (IMPEXT-2766):	The sheet resistance for layer M8 is not defined in the cap table. Therefore, the LEF value 0.02 will be used instead. To avoid this message, update the relevant cap table to include the sheet resistance for the specified layer and read it back in.
**WARN: (IMPEXT-2766):	The sheet resistance for layer M9 is not defined in the cap table. Therefore, the LEF value 0.02 will be used instead. To avoid this message, update the relevant cap table to include the sheet resistance for the specified layer and read it back in.
Summary of Active RC-Corners : 
 
 Analysis View: view1
    RC-Corner Name        : default_rc_corner
    RC-Corner Index       : 0
    RC-Corner Temperature : 25 Celsius
    RC-Corner Cap Table   : ''
    RC-Corner PreRoute Res Factor         : 1
    RC-Corner PreRoute Cap Factor         : 1
    RC-Corner PostRoute Res Factor        : 1 {1 1 1}
    RC-Corner PostRoute Cap Factor        : 1 {1 1 1}
    RC-Corner PostRoute XCap Factor       : 1 {1 1 1}
    RC-Corner PreRoute Clock Res Factor   : 1	[Derived from Cap Table]
    RC-Corner PreRoute Clock Cap Factor   : 1	[Derived from Cap Table]
    RC-Corner PostRoute Clock Cap Factor  : 1 {1 1 1} 	[Derived from postRoute_cap (effortLevel low)]
    RC-Corner PostRoute Clock Res Factor  : 1 {1 1 1} 	[Derived from postRoute_res (effortLevel low)]
Updating RC grid for preRoute extraction ...
Initializing multi-corner resistance tables ...
*Info: initialize multi-corner CTS.
Reading timing constraints file '/home/mukka25170/cmos65/90nm/Physical_design/pd_0.5/constraints.sdc' ...
Current (total cpu=0:00:17.2, real=0:00:32.0, peak res=737.7M, current mem=737.7M)
**WARN: (TCLNL-330):	set_input_delay on clock root 'clk' is not supported. You should use the -source option to set_clock_latency to provide this offset. You can also use the global timing_allow_input_delay_on_clock_source to allow set_input_delay assertion to have an effect on clock source paths beginning at this clock root. (File /home/mukka25170/cmos65/90nm/Physical_design/pd_0.5/constraints.sdc, Line 11).

INFO (CTE): Reading of timing constraints file /home/mukka25170/cmos65/90nm/Physical_design/pd_0.5/constraints.sdc completed, with 1 WARNING
Ending "Constraint file reading stats" (total cpu=0:00:00.0, real=0:00:00.0, peak res=755.5M, current mem=755.5M)
Current (total cpu=0:00:17.3, real=0:00:32.0, peak res=755.5M, current mem=755.5M)
Total number of combinational cells: 317
Total number of sequential cells: 152
Total number of tristate cells: 10
Total number of level shifter cells: 0
Total number of power gating cells: 0
Total number of isolation cells: 0
Total number of power switch cells: 0
Total number of pulse generator cells: 0
Total number of always on buffers: 0
Total number of retention cells: 0
List of usable buffers: BUFX2 BUFX12 BUFX16 BUFX20 CLKBUFX2 BUFX3 BUFX4 BUFX6 BUFX8 CLKBUFX12 CLKBUFX16 CLKBUFX20 CLKBUFX3 CLKBUFX4 CLKBUFX6 CLKBUFX8
Total number of usable buffers: 16
List of unusable buffers:
Total number of unusable buffers: 0
List of usable inverters: CLKINVX1 CLKINVX2 CLKINVX12 CLKINVX16 CLKINVX20 CLKINVX3 CLKINVX4 CLKINVX6 CLKINVX8 INVX1 INVX2 INVX12 INVX16 INVX20 INVXL INVX3 INVX4 INVX6 INVX8
Total number of usable inverters: 19
List of unusable inverters:
Total number of unusable inverters: 0
List of identified usable delay cells: DLY1X1 DLY1X4 DLY2X1 DLY2X4 DLY3X1 DLY3X4 DLY4X1 DLY4X4
Total number of identified usable delay cells: 8
List of identified unusable delay cells:
Total number of identified unusable delay cells: 0

*** Summary of all messages that are not suppressed in this session:
Severity  ID               Count  Summary                                  
WARNING   IMPLF-155            9  ViaRule only supports routing/cut layer,...
WARNING   IMPLF-200            1  Pin '%s' in macro '%s' has no ANTENNAGAT...
WARNING   IMPLF-105            2  The layer '%s' specified in SAMENET spac...
WARNING   IMPFP-710            1  File version %s is too old.              
WARNING   IMPFP-3961           2  The techSite '%s' has no related standar...
WARNING   IMPEXT-2766          9  The sheet resistance for layer %s is not...
WARNING   IMPEXT-2773          1  The via resistance between layers %s and...
WARNING   IMPEXT-2776          8  The via resistance between layers %s and...
WARNING   IMPVL-159          958  Pin '%s' of cell '%s' is defined in LEF ...
WARNING   TCLNL-330            1  set_input_delay on clock root '%s' is no...
*** Message Summary: 992 warning(s), 0 error(s)

<CMD> setDesignMode -process 90 -flowEffort standard
##  Process: 90            (User Set)               
##     Node: (not set)                           

##  Check design process and node:  
##  Design tech node is not set.

Applying the recommended capacitance filtering threshold values for 90nm process node: total_c_th=0, relative_c_th=1 and coupling_c_th=0.2.
	These values will be used by all post-route extraction engines, including TQuantus, IQuantus and Quantus QRC extraction.
	Capacitance filtering mode(-capFilterMode option of the setExtractRCMode) is 'relAndCoup' for all engines.
	The accuracy mode for postRoute effortLevel low extraction will be set to 'standard'.
	Default value for EffortLevel(-effortLevel option of the setExtractRCMode) in postRoute extraction mode is 'low'.
<CMD> checkDesign -physicalLibrary
Creating directory checkDesign.
Design check done.
Report saved in file checkDesign/HA.main.htm.ascii
*** Message Summary: 0 warning(s), 0 error(s)

<CMD> checkDesign -timingLibrary
Design check done.
Report saved in file checkDesign/HA.main.htm.ascii
*** Message Summary: 0 warning(s), 0 error(s)

<CMD> checkDesign -netlist
############################################################################
# Innovus Netlist Design Rule Check
# Mon Nov 17 01:22:23 2025

############################################################################
Design: HA

------ Design Summary:
Total Standard Cell Number   (cells) : 446
Total Block Cell Number      (cells) : 0
Total I/O Pad Cell Number    (cells) : 0
Total Standard Cell Area     ( um^2) : 6074.88
Total Block Cell Area        ( um^2) : 0.00
Total I/O Pad Cell Area      ( um^2) : 0.00

------ Design Statistics:

Number of Instances            : 446
Number of Non-uniquified Insts : 429
Number of Nets                 : 528
Average number of Pins per Net : 3.88
Maximum number of Pins in Net  : 159

------ I/O Port summary

Number of Primary I/O Ports    : 113
Number of Input Ports          : 66
Number of Output Ports         : 47
Number of Bidirectional Ports  : 0
Number of Power/Ground Ports   : 0
Number of Floating Ports                     *: 1
Number of Ports Connected to Multiple Pads   *: 0
Number of Ports Connected to Core Instances   : 112
**WARN: (IMPREPO-200):	There are 1 Floating Ports in the top design.
**WARN: (IMPREPO-202):	There are 112 Ports connected to core instances.

------ Design Rule Checking:

Number of Output Pins connect to Power/Ground *: 0
Number of Insts with Input Pins tied together ?: 0
Number of TieHi/Lo term nets not connected to instance's PG terms ?: 0
Number of Input/InOut Floating Pins            : 0
Number of Output Floating Pins                 : 0
Number of Output Term Marked TieHi/Lo         *: 0

Number of nets with tri-state drivers          : 0
Number of nets with parallel drivers           : 0
Number of nets with multiple drivers           : 0
Number of nets with no driver (No FanIn)       : 0
Number of Output Floating nets (No FanOut)     : 4
Number of High Fanout nets (>50)               : 3
**WARN: (IMPREPO-227):	There are 3 High Fanout nets (>50).
Design check done.
Report saved in file checkDesign/HA.main.htm.ascii

*** Summary of all messages that are not suppressed in this session:
Severity  ID               Count  Summary                                  
WARNING   IMPREPO-227          1  There are %d High Fanout nets (>50).     
WARNING   IMPREPO-200          1  There are %d Floating Ports in the top d...
WARNING   IMPREPO-202          1  There are %d Ports connected to core ins...
*** Message Summary: 3 warning(s), 0 error(s)

<CMD> check_timing
AAE DB initialization (MEM=1161.79 CPU=0:00:00.0 REAL=0:00:00.0) 
#################################################################################
# Design Stage: PreRoute
# Design Name: HA
# Design Mode: 90nm
# Analysis Mode: MMMC Non-OCV 
# Parasitics Mode: No SPEF/RCDB
# Signoff Settings: SI Off 
#################################################################################
Calculate delays in Single mode...
Start delay calculation (fullDC) (1 T). (MEM=1179.11)
siFlow : Timing analysis mode is single, using late cdB files
Total number of fetched objects 521
End delay calculation. (MEM=1240.07 CPU=0:00:00.9 REAL=0:00:00.0)
End delay calculation (fullDC). (MEM=1212.99 CPU=0:00:02.3 REAL=0:00:03.0)
     +-----------------------------------------------------------+ 
     |                   TIMING CHECK SUMMARY                    | 
     |-----------------------------------------------------------| 
     |       Warning        |   Warning Description   |  Number  | 
     |                      |                         |    of    | 
     |                      |                         | Warnings | 
     |----------------------+-------------------------+----------| 
     | ideal_clock_waveform | Clock waveform is ideal |        1 | 
     | no_drive             | No drive assertion      |       66 | 
     +-----------------------------------------------------------+ 
<CMD> getIoFlowFlag
<CMD> setIoFlowFlag 0
<CMD> floorPlan -site gsclib090site -r 1 0.5 4.06 4.06 4.06 4.06
**WARN: (IMPFP-3961):	The techSite 'pad' has no related standard cells in LEF/OA library. Cannot make calculations for this site type unless standard cell models of this type exist in the LEF/OA library. If the SITE is not used by the library you can ignore this warning or remove the SITE definition from the LEF/OA to avoid this message.
Type 'man IMPFP-3961' for more detail.
**WARN: (IMPFP-3961):	The techSite 'corner' has no related standard cells in LEF/OA library. Cannot make calculations for this site type unless standard cell models of this type exist in the LEF/OA library. If the SITE is not used by the library you can ignore this warning or remove the SITE definition from the LEF/OA to avoid this message.
Type 'man IMPFP-3961' for more detail.
Horizontal Layer M1 offset = 290 (derived)
Vertical Layer M2 offset = 290 (derived)
Generated pitch 0.29 in Metal8 is different from 0.87 defined in technology file in unpreferred direction.
**WARN: (IMPFP-325):	Floorplan of the design is resized. All current floorplan objects are automatically derived based on specified new floorplan. This may change blocks, fixed standard cells, existing routes and blockages.
<CMD> addRing -skip_via_on_wire_shape Noshape -skip_via_on_pin Standardcell -center 1 -stacked_via_top_layer Metal9 -type core_rings -jog_distance 0.435 -threshold 0.435 -nets {VSS VDD} -follow core -stacked_via_bottom_layer Metal1 -layer {bottom Metal8 top Metal8 right Metal9 left Metal9} -width 1.25 -spacing 0.4
#% Begin addRing (date=11/17 01:22:26, mem=805.7M)
**WARN: (IMPPP-4022):	Option "-stacked_via_top_layer" is obsolete and has been replaced by "setAddRingMode -stacked_via_top_layer". The obsolete option still works in this release, but to avoid this warning and to ensure compatibility with future releases, update your script to use "setAddRingMode -stacked_via_top_layer layerName"..
**WARN: (IMPPP-4022):	Option "-stacked_via_bottom_layer" is obsolete and has been replaced by "setAddRingMode -stacked_via_bottom_layer". The obsolete option still works in this release, but to avoid this warning and to ensure compatibility with future releases, update your script to use "setAddRingMode -stacked_via_bottom_layer layerName"..

Loading cell geometries (cpu: 0:00:00.0, real: 0:00:00.0, peak mem: 1160.0M)
Ring generation is complete.
vias are now being generated.
addRing created 8 wires.
ViaGen created 8 vias, deleted 0 via to avoid violation.
+--------+----------------+----------------+
|  Layer |     Created    |     Deleted    |
+--------+----------------+----------------+
| Metal8 |        4       |       NA       |
|  Via8  |        8       |        0       |
| Metal9 |        4       |       NA       |
+--------+----------------+----------------+
#% End addRing (date=11/17 01:22:26, total cpu=0:00:00.0, real=0:00:00.0, peak res=807.8M, current mem=807.8M)
<CMD> addStripe -skip_via_on_wire_shape Noshape -block_ring_top_layer_limit Metal9 -max_same_layer_jog_length 0.88 -padcore_ring_bottom_layer_limit Metal7 -number_of_sets 10 -skip_via_on_pin Standardcell -stacked_via_top_layer Metal9 -padcore_ring_top_layer_limit Metal9 -spacing 0.4 -merge_stripes_value 0.435 -layer Metal8 -block_ring_bottom_layer_limit Metal7 -width 0.44 -nets {VDD VSS} -stacked_via_bottom_layer Metal1
#% Begin addStripe (date=11/17 01:22:26, mem=807.8M)
**WARN: (IMPPP-4022):	Option "-stacked_via_top_layer" is obsolete and has been replaced by "setAddStripeMode -stacked_via_top_layer". The obsolete option still works in this release, but to avoid this warning and to ensure compatibility with future releases, update your script to use "setAddStripeMode -stacked_via_top_layer layerName"..
**WARN: (IMPPP-4022):	Option "-stacked_via_bottom_layer" is obsolete and has been replaced by "setAddStripeMode -stacked_via_bottom_layer". The obsolete option still works in this release, but to avoid this warning and to ensure compatibility with future releases, update your script to use "setAddStripeMode -stacked_via_bottom_layer layerName"..

Initialize fgc environment(mem: 1160.0M) ...  fail and won't use fgc to check drc(cpu: 0:00:00.0, real: 0:00:00.0, peak mem: 1160.0M)
Loading cell geometries (cpu: 0:00:00.0, real: 0:00:00.0, peak mem: 1160.0M)
Loading wires (cpu: 0:00:00.0, real: 0:00:00.0, peak mem: 1160.0M)
Loading via instances (cpu: 0:00:00.0, real: 0:00:00.0, peak mem: 1160.0M)
Starting stripe generation ...
Non-Default Mode Option Settings :
  NONE
Stripe generation is complete.
vias are now being generated.
addStripe created 40 wires.
ViaGen created 40 vias, deleted 0 via to avoid violation.
+--------+----------------+----------------+
|  Layer |     Created    |     Deleted    |
+--------+----------------+----------------+
| Metal8 |       20       |       NA       |
|  Via8  |       40       |        0       |
| Metal9 |       20       |       NA       |
+--------+----------------+----------------+
#% End addStripe (date=11/17 01:22:26, total cpu=0:00:00.0, real=0:00:00.0, peak res=809.1M, current mem=809.1M)
Set Using Default Delay Limit as 1000.
<CMD> set delaycal_use_default_delay_limit 1000
<CMD> setDelayCalMode -reportOutBound true
<CMD> globalNetConnect VDD -type pgpin -pin VDD -override -verbose -netlistOverride
446 new pwr-pin connections were made to global net 'VDD'.
<CMD> globalNetConnect VSS -type pgpin -pin VSS -override -verbose -netlistOverride
446 new gnd-pin connections were made to global net 'VSS'.
<CMD> sroute -nets {VDD VSS} -allowLayerChange 1 -layerChangeRange {Metal1 Metal9}
#% Begin sroute (date=11/17 01:22:26, mem=779.9M)
*** Begin SPECIAL ROUTE on Mon Nov 17 01:22:26 2025 ***
SPECIAL ROUTE ran on directory: /home/mukka25170/cmos65/90nm/Physical_design/routing/routing_0.5
SPECIAL ROUTE ran on machine: edatools-server2.iiitd.edu.in (Linux 2.6.32-754.35.1.el6.x86_64 Xeon 800Mhz)

Begin option processing ...
srouteConnectPowerBump set to false
routeSelectNet set to "VDD VSS"
routeSpecial set to true
srouteBottomLayerLimit set to 1
srouteConnectConverterPin set to false
srouteFollowCorePinEnd set to 3
srouteJogControl set to "preferWithChanges differentLayer"
sroutePadPinAllPorts set to true
sroutePreserveExistingRoutes set to true
srouteRoutePowerBarPortOnBothDir set to true
srouteTopLayerLimit set to 9
End option processing: cpu: 0:00:00, real: 0:00:00, peak: 2197.00 megs.

Reading DB technology information...
Finished reading DB technology information.
Reading floorplan and netlist information...
Finished reading floorplan and netlist information.
Read in 19 layers, 9 routing layers, 1 overlap layer
Read in 1 nondefault rule, 0 used
Read in 487 macros, 64 used
Read in 63 components
  63 core components: 63 unplaced, 0 placed, 0 fixed
Read in 113 physical pins
  113 physical pins: 0 unplaced, 0 placed, 113 fixed
Read in 112 nets
Read in 2 special nets, 2 routed
Read in 239 terminals
2 nets selected.

Begin power routing ...
**WARN: (IMPSR-1254):	Cannot find any block pin of net VDD. Check netlist, or change option to include the pin.
**WARN: (IMPSR-1256):	Cannot find any CORE class pad pin of net VDD. Change routing area or layer to include the expected pin, or check netlist, or change port class in the technology file.
Type 'man IMPSR-1256' for more detail.
Cannot find any AREAIO class pad pin of net VDD. Check net list, or change port class in the technology file, or change option to include pin in given range.
**WARN: (IMPSR-1254):	Cannot find any block pin of net VSS. Check netlist, or change option to include the pin.
**WARN: (IMPSR-1256):	Cannot find any CORE class pad pin of net VSS. Change routing area or layer to include the expected pin, or check netlist, or change port class in the technology file.
Type 'man IMPSR-1256' for more detail.
Cannot find any AREAIO class pad pin of net VSS. Check net list, or change port class in the technology file, or change option to include pin in given range.
**WARN: (IMPPP-531):	ViaGen Warning: SPACING rule violation, no via created on layer Via7 at (113.75, 3.88) (114.25, 4.29).
**WARN: (IMPPP-531):	ViaGen Warning: SPACING rule violation, no via created on layer Via7 at (101.56, 3.88) (102.06, 4.29).
**WARN: (IMPPP-531):	ViaGen Warning: SPACING rule violation, no via created on layer Via7 at (89.36, 3.88) (89.86, 4.29).
**WARN: (IMPPP-531):	ViaGen Warning: SPACING rule violation, no via created on layer Via7 at (77.17, 3.88) (77.67, 4.29).
**WARN: (IMPPP-531):	ViaGen Warning: SPACING rule violation, no via created on layer Via7 at (64.97, 3.88) (65.47, 4.29).
**WARN: (IMPPP-531):	ViaGen Warning: SPACING rule violation, no via created on layer Via7 at (52.78, 3.88) (53.28, 4.29).
**WARN: (IMPPP-531):	ViaGen Warning: SPACING rule violation, no via created on layer Via7 at (40.58, 3.88) (41.08, 4.29).
**WARN: (IMPPP-531):	ViaGen Warning: SPACING rule violation, no via created on layer Via7 at (28.39, 3.88) (28.89, 4.29).
**WARN: (IMPPP-531):	ViaGen Warning: SPACING rule violation, no via created on layer Via7 at (16.19, 3.88) (16.69, 4.29).
**WARN: (IMPPP-531):	ViaGen Warning: SPACING rule violation, no via created on layer Via7 at (4.00, 3.88) (4.50, 4.29).
**WARN: (IMPPP-531):	ViaGen Warning: SPACING rule violation, no via created on layer Via7 at (52.78, 113.45) (53.28, 113.86).
**WARN: (IMPPP-531):	ViaGen Warning: SPACING rule violation, no via created on layer Via7 at (64.97, 113.45) (65.47, 113.86).
**WARN: (IMPPP-531):	ViaGen Warning: SPACING rule violation, no via created on layer Via7 at (77.17, 113.45) (77.67, 113.86).
**WARN: (IMPPP-531):	ViaGen Warning: SPACING rule violation, no via created on layer Via7 at (89.36, 113.45) (89.86, 113.86).
**WARN: (IMPPP-531):	ViaGen Warning: SPACING rule violation, no via created on layer Via7 at (101.56, 113.45) (102.06, 113.86).
**WARN: (IMPPP-531):	ViaGen Warning: SPACING rule violation, no via created on layer Via7 at (113.75, 113.45) (114.25, 113.86).
**WARN: (IMPPP-531):	ViaGen Warning: SPACING rule violation, no via created on layer Via7 at (40.58, 113.45) (41.08, 113.86).
**WARN: (IMPPP-531):	ViaGen Warning: SPACING rule violation, no via created on layer Via7 at (28.39, 113.45) (28.89, 113.86).
**WARN: (IMPPP-531):	ViaGen Warning: SPACING rule violation, no via created on layer Via7 at (16.19, 113.45) (16.69, 113.86).
**WARN: (IMPPP-531):	ViaGen Warning: SPACING rule violation, no via created on layer Via7 at (4.00, 113.45) (4.50, 113.86).
CPU time for FollowPin 0 seconds
CPU time for FollowPin 0 seconds
**WARN: (EMS-27):	Message (IMPPP-531) has exceeded the current message display limit of 20.
To increase the message display limit, refer to the product command reference manual.
  Number of IO ports routed: 0
  Number of Block ports routed: 0
  Number of Stripe ports routed: 0
  Number of Core ports routed: 86
  Number of Pad ports routed: 0
  Number of Power Bump ports routed: 0
  Number of Followpin connections: 43
End power routing: cpu: 0:00:01, real: 0:00:01, peak: 2238.00 megs.



 Begin updating DB with routing results ...
 Updating DB with 113 io pins ...
 Updating DB with 0 via definition ...Extracting standard cell pins and blockage ...... 
Pin and blockage extraction finished

sroute created 135 wires.
ViaGen created 3558 vias, deleted 0 via to avoid violation.
+--------+----------------+----------------+
|  Layer |     Created    |     Deleted    |
+--------+----------------+----------------+
| Metal1 |       129      |       NA       |
|  Via1  |       496      |        0       |
|  Via2  |       496      |        0       |
|  Via3  |       496      |        0       |
|  Via4  |       496      |        0       |
| Metal5 |        6       |       NA       |
|  Via5  |       496      |        0       |
|  Via6  |       496      |        0       |
|  Via7  |       496      |        0       |
|  Via8  |       86       |        0       |
+--------+----------------+----------------+
#% End sroute (date=11/17 01:22:27, total cpu=0:00:00.7, real=0:00:01.0, peak res=814.2M, current mem=814.2M)
<CMD> specifyScanChain scan1 -start DFT_sdi_1 -stop DFT_sdo_1
<CMD> specifyScanChain scan2 -start DFT_sdi_2 -stop DFT_sdo_2
<CMD> report_timing -early -view {view1} -max_paths 100 > $report_dir/hold_analysis_before_placement.txt
#################################################################################
# Design Stage: PreRoute
# Design Name: HA
# Design Mode: 90nm
# Analysis Mode: MMMC Non-OCV 
# Parasitics Mode: No SPEF/RCDB
# Signoff Settings: SI Off 
#################################################################################
Calculate delays in Single mode...
Start delay calculation (fullDC) (1 T). (MEM=1177.37)
**WARN: (IMPESI-3106):	Delay calculation extrapolated slew on multiple instances in the design, which could reduce the accuracy. To know the details of actual and bound values, refer to the outbound reports named: ./HA.dc.outbound.slew.{early|late}.<view-name>.txt.
Total number of fetched objects 521
End delay calculation. (MEM=1250.29 CPU=0:00:00.1 REAL=0:00:00.0)
End delay calculation (fullDC). (MEM=1250.29 CPU=0:00:00.1 REAL=0:00:00.0)
<CMD> report_timing -late  -max_paths 100 > $report_dir/setup_analysis_before_placement.txt
#################################################################################
# Design Stage: PreRoute
# Design Name: HA
# Design Mode: 90nm
# Analysis Mode: MMMC Non-OCV 
# Parasitics Mode: No SPEF/RCDB
# Signoff Settings: SI Off 
#################################################################################
Calculate delays in Single mode...
Start delay calculation (fullDC) (1 T). (MEM=1234.08)
Total number of fetched objects 521
End delay calculation. (MEM=1269.36 CPU=0:00:01.7 REAL=0:00:02.0)
End delay calculation (fullDC). (MEM=1269.36 CPU=0:00:01.8 REAL=0:00:02.0)
<CMD> report_timing > $report_dir/timing_report.rpt
<CMD> report_timing -retime path_slew_propagation -max_path 50 -nworst 50 -path_type full_clock > $report_dir/pba.rpt
**WARN: (IMPESI-3025):	Delay calculation was forced to extrapolate the slew on instance u_visitor/count_reg[3], Cell type : SDFFRHQX2, Arc : CK^->Q^ because it's outside the characterized table range. The actual slew is 0.0030 ns and the lower bound in the table is 0.0600 ns. In some cases, extrapolation can reduce the accuracy of delay calculation.
**WARN: (IMPESI-3025):	Delay calculation was forced to extrapolate the slew on instance u_visitor/count_reg[5], Cell type : SDFFRHQX2, Arc : CK^->Q^ because it's outside the characterized table range. The actual slew is 0.0030 ns and the lower bound in the table is 0.0600 ns. In some cases, extrapolation can reduce the accuracy of delay calculation.
**WARN: (IMPESI-3025):	Delay calculation was forced to extrapolate the slew on instance u_visitor/count_reg[7], Cell type : SDFFRHQX1, Arc : CK^->Q^ because it's outside the characterized table range. The actual slew is 0.0030 ns and the lower bound in the table is 0.0600 ns. In some cases, extrapolation can reduce the accuracy of delay calculation.
**WARN: (IMPESI-3025):	Delay calculation was forced to extrapolate the slew on instance temp_setpoint_r_reg[3], Cell type : SDFFRHQX4, Arc : CK^->Qv because it's outside the characterized table range. The actual slew is 0.0030 ns and the lower bound in the table is 0.0600 ns. In some cases, extrapolation can reduce the accuracy of delay calculation.
**WARN: (IMPESI-3025):	Delay calculation was forced to extrapolate the slew on instance temp_setpoint_r_reg[2], Cell type : SDFFRHQX4, Arc : CK^->Qv because it's outside the characterized table range. The actual slew is 0.0030 ns and the lower bound in the table is 0.0600 ns. In some cases, extrapolation can reduce the accuracy of delay calculation.
**WARN: (IMPESI-3025):	Delay calculation was forced to extrapolate the slew on instance u_visitor/count_reg[1], Cell type : SDFFRHQX2, Arc : CK^->Q^ because it's outside the characterized table range. The actual slew is 0.0030 ns and the lower bound in the table is 0.0600 ns. In some cases, extrapolation can reduce the accuracy of delay calculation.
**WARN: (IMPESI-3025):	Delay calculation was forced to extrapolate the slew on instance temp_setpoint_r_reg[1], Cell type : SDFFRHQX4, Arc : CK^->Q^ because it's outside the characterized table range. The actual slew is 0.0030 ns and the lower bound in the table is 0.0600 ns. In some cases, extrapolation can reduce the accuracy of delay calculation.
**WARN: (IMPESI-3025):	Delay calculation was forced to extrapolate the slew on instance temp_setpoint_r_reg[2], Cell type : SDFFRHQX4, Arc : CK^->Q^ because it's outside the characterized table range. The actual slew is 0.0030 ns and the lower bound in the table is 0.0600 ns. In some cases, extrapolation can reduce the accuracy of delay calculation.
**WARN: (IMPESI-3025):	Delay calculation was forced to extrapolate the slew on instance temp_setpoint_r_reg[1], Cell type : SDFFRHQX4, Arc : CK^->Qv because it's outside the characterized table range. The actual slew is 0.0030 ns and the lower bound in the table is 0.0600 ns. In some cases, extrapolation can reduce the accuracy of delay calculation.
INFO: Path Based Analysis (PBA) performed on total '50' paths
<CMD> report_power -rail_analysis_format VS -outfile placement_reports/power.rpt

Power Net Detected:
        Voltage	    Name
             0V	    VSS
           0.9V	    VDD
Using Power View: view1.

Begin Power Analysis

             0V	    VSS
           0.9V	    VDD

Begin Processing Timing Library for Power Calculation

Begin Processing Timing Library for Power Calculation



Begin Processing Power Net/Grid for Power Calculation

Ended Processing Power Net/Grid for Power Calculation: (cpu=0:00:00, real=0:00:00, mem(process/total/peak)=863.37MB/2333.48MB/863.38MB)

Begin Processing Timing Window Data for Power Calculation

clk(555.556MHz) Ended Processing Timing Window Data for Power Calculation: (cpu=0:00:00, real=0:00:00, mem(process/total/peak)=863.62MB/2333.48MB/863.62MB)

Begin Processing User Attributes

Ended Processing User Attributes: (cpu=0:00:00, real=0:00:00, mem(process/total/peak)=863.70MB/2333.48MB/863.70MB)

Begin Processing Signal Activity


Starting Levelizing
2025-Nov-17 01:22:29 (2025-Nov-16 19:52:29 GMT)
2025-Nov-17 01:22:29 (2025-Nov-16 19:52:29 GMT): 10%
2025-Nov-17 01:22:29 (2025-Nov-16 19:52:29 GMT): 20%
2025-Nov-17 01:22:29 (2025-Nov-16 19:52:29 GMT): 30%
2025-Nov-17 01:22:29 (2025-Nov-16 19:52:29 GMT): 40%
2025-Nov-17 01:22:29 (2025-Nov-16 19:52:29 GMT): 50%
2025-Nov-17 01:22:29 (2025-Nov-16 19:52:29 GMT): 60%
2025-Nov-17 01:22:29 (2025-Nov-16 19:52:29 GMT): 70%
2025-Nov-17 01:22:29 (2025-Nov-16 19:52:29 GMT): 80%
2025-Nov-17 01:22:29 (2025-Nov-16 19:52:29 GMT): 90%

Finished Levelizing
2025-Nov-17 01:22:29 (2025-Nov-16 19:52:29 GMT)

Starting Activity Propagation
2025-Nov-17 01:22:29 (2025-Nov-16 19:52:29 GMT)
** INFO:  (VOLTUS_POWR-1356): No default input activity has been set. Defaulting to 0.2.
Use 'set_default_switching_activity -input_activity' command to change the default activity value.

2025-Nov-17 01:22:29 (2025-Nov-16 19:52:29 GMT): 10%
2025-Nov-17 01:22:29 (2025-Nov-16 19:52:29 GMT): 20%
2025-Nov-17 01:22:29 (2025-Nov-16 19:52:29 GMT): 30%
2025-Nov-17 01:22:29 (2025-Nov-16 19:52:29 GMT): 40%
2025-Nov-17 01:22:29 (2025-Nov-16 19:52:29 GMT): 50%
2025-Nov-17 01:22:29 (2025-Nov-16 19:52:29 GMT): 60%
2025-Nov-17 01:22:29 (2025-Nov-16 19:52:29 GMT): 70%
2025-Nov-17 01:22:29 (2025-Nov-16 19:52:29 GMT): 80%
2025-Nov-17 01:22:29 (2025-Nov-16 19:52:29 GMT): 90%

Finished Activity Propagation
2025-Nov-17 01:22:29 (2025-Nov-16 19:52:29 GMT)
Ended Processing Signal Activity: (cpu=0:00:00, real=0:00:00, mem(process/total/peak)=864.03MB/2333.48MB/864.03MB)

Begin Power Computation

      ----------------------------------------------------------
      # of cell(s) missing both power/leakage table: 0
      # of cell(s) missing power table: 0
      # of cell(s) missing leakage table: 0
      # of MSMV cell(s) missing power_level: 0
      ----------------------------------------------------------



Starting Calculating power
2025-Nov-17 01:22:29 (2025-Nov-16 19:52:29 GMT)
 ... Calculating switching power
2025-Nov-17 01:22:29 (2025-Nov-16 19:52:29 GMT): 10%
2025-Nov-17 01:22:29 (2025-Nov-16 19:52:29 GMT): 20%
2025-Nov-17 01:22:29 (2025-Nov-16 19:52:29 GMT): 30%
2025-Nov-17 01:22:29 (2025-Nov-16 19:52:29 GMT): 40%
2025-Nov-17 01:22:29 (2025-Nov-16 19:52:29 GMT): 50%
 ... Calculating internal and leakage power
2025-Nov-17 01:22:29 (2025-Nov-16 19:52:29 GMT): 60%
2025-Nov-17 01:22:29 (2025-Nov-16 19:52:29 GMT): 70%
2025-Nov-17 01:22:29 (2025-Nov-16 19:52:29 GMT): 80%
2025-Nov-17 01:22:29 (2025-Nov-16 19:52:29 GMT): 90%

Finished Calculating power
2025-Nov-17 01:22:29 (2025-Nov-16 19:52:29 GMT)
Ended Power Computation: (cpu=0:00:00, real=0:00:00, mem(process/total/peak)=864.61MB/2333.48MB/864.61MB)

Begin Processing User Attributes

Ended Processing User Attributes: (cpu=0:00:00, real=0:00:00, mem(process/total/peak)=864.68MB/2333.48MB/864.68MB)

Ended Power Analysis: (cpu=0:00:00, real=0:00:00, mem(process/total/peak)=864.68MB/2333.48MB/864.68MB)

Begin Boundary Leakage Calculation
Ended Boundary Leakage Calculation: (cpu=0:00:00, real=0:00:00,
mem(process/total/peak)=864.68MB/2333.48MB/864.68MB)
Begin Static Power Report Generation
*



Total Power
-----------------------------------------------------------------------------------------
Total Internal Power:        4.19575255 	   91.8474%
Total Switching Power:       0.33293966 	    7.2882%
Total Leakage Power:         0.03948362 	    0.8643%
Total Power:                 4.56817578
-----------------------------------------------------------------------------------------
Ended Static Power Report Generation: (cpu=0:00:00, real=0:00:00,
mem(process/total/peak)=865.16MB/2333.48MB/865.16MB)


Output file is placement_reports/power.rpt.
<CMD> report_area -detail > placement_reports/area.rpt
<CMD> reportGateCount -level 5 -limit 100 > placement_reports/gate_count.rpt
Gate area 2.2707 um^2
[0] HA Gates=2675 Cells=446 Area=6074.9 um^2
<CMD> setPlaceMode -fp false
<CMD> getPlaceMode -place_hierarchical_flow -quiet
<CMD> report_message -start_cmd
<CMD> getRouteMode -maxRouteLayer -quiet
<CMD> getRouteMode -user -maxRouteLayer
<CMD> getPlaceMode -user -maxRouteLayer
<CMD> getPlaceMode -quiet -adaptiveFlowMode
<CMD> getPlaceMode -timingDriven -quiet
<CMD> getPlaceMode -adaptive -quiet
<CMD> getPlaceMode -relaxSoftBlockageMode -quiet
<CMD> getPlaceMode -user -relaxSoftBlockageMode
<CMD> getPlaceMode -ignoreScan -quiet
<CMD> getPlaceMode -user -ignoreScan
<CMD> getPlaceMode -repairPlace -quiet
<CMD> getPlaceMode -user -repairPlace
<CMD> getPlaceMode -inPlaceOptMode -quiet
<CMD> getPlaceMode -quiet -bypassFlowEffortHighChecking
<CMD> getDesignMode -quiet -siPrevention
<CMD> getPlaceMode -exp_slack_driven -quiet
<CMD> um::push_snapshot_stack
<CMD> getDesignMode -quiet -flowEffort
<CMD> getDesignMode -highSpeedCore -quiet
<CMD> getPlaceMode -quiet -adaptive
<CMD> set spgFlowInInitialPlace 1
<CMD> getPlaceMode -sdpAlignment -quiet
<CMD> getPlaceMode -softGuide -quiet
<CMD> getPlaceMode -useSdpGroup -quiet
<CMD> getPlaceMode -sdpAlignment -quiet
<CMD> getPlaceMode -enableDbSaveAreaPadding -quiet
<CMD> getPlaceMode -quiet -wireLenOptEffort
<CMD> getPlaceMode -sdpPlace -quiet
<CMD> getPlaceMode -exp_slack_driven -quiet
<CMD> getPlaceMode -sdpPlace -quiet
<CMD> getPlaceMode -groupHighLevelClkGate -quiet
<CMD_INTERNAL> setvar spgRptErrorForScanConnection 0
<CMD> getPlaceMode -place_global_exp_allow_missing_scan_chain -quiet
*** Scan Trace Summary (runtime: cpu: 0:00:00.0 , real: 0:00:00.0): 
Successfully traced 2 scan chains (total 158 scan bits).
*** Scan Sanity Check Summary:
*** 2 scan chains passed sanity check.
<CMD> getPlaceMode -place_check_library -quiet
<CMD> getPlaceMode -trimView -quiet
<CMD> getPlaceMode -expTrimOptBeforeTDGP -quiet
<CMD> getPlaceMode -quiet -useNonTimingDeleteBufferTree
<CMD> getPlaceMode -congEffort -quiet
<CMD> getPlaceMode -relaxSoftBlockageMode -quiet
<CMD> getPlaceMode -user -relaxSoftBlockageMode
<CMD> getPlaceMode -ignoreScan -quiet
<CMD> getPlaceMode -user -ignoreScan
<CMD> getPlaceMode -repairPlace -quiet
<CMD> getPlaceMode -user -repairPlace
<CMD> getPlaceMode -congEffort -quiet
<CMD> getPlaceMode -fp -quiet
<CMD> getPlaceMode -timingDriven -quiet
<CMD> getPlaceMode -user -timingDriven
<CMD> getPlaceMode -fastFp -quiet
<CMD> getPlaceMode -clusterMode -quiet
<CMD> get_proto_model -type_match {flex_module flex_instgroup} -committed -name -tcl
<CMD> getPlaceMode -inPlaceOptMode -quiet
<CMD> getPlaceMode -quiet -bypassFlowEffortHighChecking
<CMD> getPlaceMode -ultraCongEffortFlow -quiet
<CMD> getPlaceMode -forceTiming -quiet
<CMD> getPlaceMode -fp -quiet
<CMD> getPlaceMode -fastfp -quiet
<CMD> getPlaceMode -timingDriven -quiet
<CMD> getPlaceMode -fp -quiet
<CMD> getPlaceMode -fastfp -quiet
<CMD> getPlaceMode -powerDriven -quiet
<CMD> getExtractRCMode -quiet -engine
<CMD> getAnalysisMode -quiet -clkSrcPath
<CMD> getAnalysisMode -quiet -clockPropagation
<CMD> getAnalysisMode -quiet -cppr
<CMD> setExtractRCMode -engine preRoute
<CMD> setAnalysisMode -clkSrcPath false -clockPropagation forcedIdeal
<CMD> getPlaceMode -exp_slack_driven -quiet
<CMD_INTERNAL> isAnalysisModeSetup
<CMD> getPlaceMode -quiet -place_global_exp_solve_unbalance_path
<CMD> getPlaceMode -quiet -NMPsuppressInfo
<CMD> getPlaceMode -quiet -place_global_exp_wns_focus_v2
<CMD> getPlaceMode -enableDistPlace -quiet
<CMD> getPlaceMode -quiet -clusterMode
<CMD> getPlaceMode -wl_budget_mode -quiet
<CMD> setPlaceMode -reset -place_global_exp_balance_buffer_chain
<CMD> getPlaceMode -wl_budget_mode -quiet
<CMD> setPlaceMode -reset -place_global_exp_balance_pipeline
<CMD> getPlaceMode -place_global_exp_balance_buffer_chain -quiet
<CMD> getPlaceMode -place_global_exp_balance_pipeline -quiet
<CMD> getPlaceMode -tdgpMemFlow -quiet
<CMD> getPlaceMode -user -resetCombineRFLevel
<CMD> getPlaceMode -quiet -resetCombineRFLevel
<CMD> setPlaceMode -resetCombineRFLevel 1000
<CMD_INTERNAL> setvar spgSpeedupBuildVSM 1
<CMD> getPlaceMode -tdgpResetCteTG -quiet
<CMD> getPlaceMode -macroPlaceMode -quiet
<CMD> getPlaceMode -enableDistPlace -quiet
<CMD> getPlaceMode -exp_slack_driven -quiet
<CMD> getPlaceMode -place_global_ignore_spare -quiet
<CMD> getPlaceMode -enableDistPlace -quiet
<CMD> getPlaceMode -quiet -expNewFastMode
<CMD> setPlaceMode -expHiddenFastMode 1
<CMD> setPlaceMode -reset -ignoreScan
<CMD> getPlaceMode -quiet -place_global_exp_auto_finish_floorplan
<CMD_INTERNAL> colorizeGeometry
Extracting standard cell pins and blockage ...... 
Pin and blockage extraction finished
<CMD> getPlaceMode -quiet -IOSlackAdjust
*** Starting placeDesign default flow ***
<CMD> getPlaceMode -tdgpCteZeroDelayModeDelBuf -quiet
<CMD> set_global timing_enable_zero_delay_analysis_mode true
<CMD> getPlaceMode -quiet -useNonTimingDeleteBufferTree
<CMD> getPlaceMode -quiet -prePlaceOptSimplifyNetlist
<CMD> getPlaceMode -quiet -enablePrePlaceOptimizations
<CMD> getPlaceMode -quiet -prePlaceOptDecloneInv
<CMD> deleteBufferTree -decloneInv
*** Start deleteBufferTree ***
Info: Detect buffers to remove automatically.
Analyzing netlist ...
Updating netlist

*summary: 0 instances (buffers/inverters) removed
*** Finish deleteBufferTree (0:00:00.0) ***
<CMD> getPlaceMode -tdgpCteZeroDelayModeDelBuf -quiet
<CMD> set_global timing_enable_zero_delay_analysis_mode false
<CMD> getAnalysisMode -quiet -honorClockDomains
<CMD> getPlaceMode -honorUserPathGroup -quiet
<CMD> getAnalysisMode -quiet -honorClockDomains
**INFO: Enable pre-place timing setting for timing analysis
Set Using Default Delay Limit as 101.
**WARN: (IMPDC-1629):	The default delay limit was set to 101. This is less than the default of 1000 and may result in inaccurate delay calculation for nets with a fanout higher than the setting.  If needed, the default delay limit may be adjusted by running the command 'set delaycal_use_default_delay_limit'.
<CMD> set delaycal_use_default_delay_limit 101
Set Default Net Delay as 0 ps.
<CMD> set delaycal_default_net_delay 0
Set Default Net Load as 0 pF. 
<CMD> set delaycal_default_net_load 0
<CMD> set delaycal_default_net_load_ignore_for_ilm 0
<CMD> getAnalysisMode -clkSrcPath -quiet
<CMD> getAnalysisMode -clockPropagation -quiet
<CMD> getAnalysisMode -checkType -quiet
<CMD> buildTimingGraph
<CMD> getDelayCalMode -ignoreNetLoad -quiet
<CMD> getDelayCalMode -ignoreNetLoad -quiet
<CMD> setDelayCalMode -ignoreNetLoad true -quiet
**INFO: Analyzing IO path groups for slack adjustment
<CMD> get_global timing_enable_path_group_priority
<CMD> get_global timing_constraint_enable_group_path_resetting
<CMD> set_global timing_enable_path_group_priority false
<CMD> set_global timing_constraint_enable_group_path_resetting false
<CMD> getOptMode -allowPreCTSClkSrcPaths -quiet
<CMD> set_global _is_ipo_interactive_path_groups 1
<CMD> group_path -name in2reg_tmp.15350 -from {0xcbc 0xcbf} -to 0xcc0 -ignore_source_of_trigger_arc
<CMD> getOptMode -allowPreCTSClkSrcPaths -quiet
<CMD> set_global _is_ipo_interactive_path_groups 1
<CMD> group_path -name in2out_tmp.15350 -from {0xcc3 0xcc6} -to 0xcc7 -ignore_source_of_trigger_arc
<CMD> set_global _is_ipo_interactive_path_groups 1
<CMD> group_path -name reg2reg_tmp.15350 -from 0xcc9 -to 0xcca
<CMD> set_global _is_ipo_interactive_path_groups 1
<CMD> group_path -name reg2out_tmp.15350 -from 0xccd -to 0xcce
<CMD> setPathGroupOptions reg2reg_tmp.15350 -effortLevel high
Effort level <high> specified for reg2reg_tmp.15350 path_group
AAE DB initialization (MEM=1202.52 CPU=0:00:00.0 REAL=0:00:00.0) 
#################################################################################
# Design Stage: PreRoute
# Design Name: HA
# Design Mode: 90nm
# Analysis Mode: MMMC Non-OCV 
# Parasitics Mode: No SPEF/RCDB
# Signoff Settings: SI Off 
#################################################################################
Calculate delays in Single mode...
Start delay calculation (fullDC) (1 T). (MEM=1202.52)
<CMD_INTERNAL> isAnalysisModeSetup
<CMD> getAnalysisMode -analysisType -quiet
siFlow : Timing analysis mode is single, using late cdB files
<CMD_INTERNAL> isAnalysisModeSetup
<CMD> all_setup_analysis_views
<CMD> all_hold_analysis_views
<CMD> get_analysis_view $view -delay_corner
<CMD> get_delay_corner $dcCorner -power_domain_list
<CMD> get_delay_corner $dcCorner -library_set
<CMD> get_delay_corner $dcCorner -late_library_set
<CMD> get_library_set $lateLibSetName -si
<CMD> get_delay_corner $dcCorner -early_library_set
<CMD> get_library_set $earlyLibSetName -si
Total number of fetched objects 521
End delay calculation. (MEM=1293.49 CPU=0:00:00.1 REAL=0:00:00.0)
End delay calculation (fullDC). (MEM=1266.41 CPU=0:00:02.2 REAL=0:00:02.0)
<CMD> reset_path_group -name reg2out_tmp.15350
<CMD> set_global _is_ipo_interactive_path_groups 0
<CMD> reset_path_group -name in2reg_tmp.15350
<CMD> set_global _is_ipo_interactive_path_groups 0
<CMD> reset_path_group -name in2out_tmp.15350
<CMD> set_global _is_ipo_interactive_path_groups 0
<CMD> reset_path_group -name reg2reg_tmp.15350
<CMD> set_global _is_ipo_interactive_path_groups 0
**INFO: Disable pre-place timing setting for timing analysis
<CMD> setDelayCalMode -ignoreNetLoad false
Set Using Default Delay Limit as 1000.
<CMD> set delaycal_use_default_delay_limit 1000
Set Default Net Delay as 1000 ps.
<CMD> set delaycal_default_net_delay 1000ps
Set Default Net Load as 0.5 pF. 
<CMD> set delaycal_default_net_load 0.5pf
<CMD> set delaycal_default_net_load_ignore_for_ilm 0
<CMD> all_setup_analysis_views
<CMD> getPlaceMode -place_global_exp_ignore_low_effort_path_groups -quiet
<CMD> getPlaceMode -exp_slack_driven -quiet
<CMD> getAnalysisMode -quiet -honorClockDomains
**INFO: Pre-place timing setting for timing analysis already disabled
<CMD> getPlaceMode -ignoreUnproperPowerInit -quiet
<CMD> getPlaceMode -quiet -expSkipGP
Deleted 0 physical inst  (cell - / prefix -).
INFO: #ExclusiveGroups=0
INFO: There are no Exclusive Groups.
*** Starting "NanoPlace(TM) placement v#2 (mem=1252.2M)" ...
<CMD> setDelayCalMode -engine feDc
*** Build Buffered Sizing Timing Model
(cpu=0:00:00.8 mem=1252.2M) ***
*** Build Virtual Sizing Timing Model
(cpu=0:00:01.0 mem=1252.2M) ***
No user-set net weight.
Net fanout histogram:
2		: 264 (50.7%) nets
3		: 134 (25.7%) nets
4     -	14	: 120 (23.0%) nets
15    -	39	: 0 (0.0%) nets
40    -	79	: 0 (0.0%) nets
80    -	159	: 3 (0.6%) nets
160   -	319	: 0 (0.0%) nets
320   -	639	: 0 (0.0%) nets
640   -	1279	: 0 (0.0%) nets
1280  -	2559	: 0 (0.0%) nets
2560  -	5119	: 0 (0.0%) nets
5120+		: 0 (0.0%) nets
Options: timingDriven clkGateAware ignoreScan pinGuide congEffort=auto gpeffort=medium 
*** Scan Trace Summary (runtime: cpu: 0:00:00.0 , real: 0:00:00.0): 
Successfully traced 2 scan chains (total 158 scan bits).
*** Scan Sanity Check Summary:
*** 2 scan chains passed sanity check.
#std cell=446 (0 fixed + 446 movable) #buf cell=0 #inv cell=66 #block=0 (0 floating + 0 preplaced)
#ioInst=0 #net=509 #term=1875 #term/net=3.68, #fixedIo=113, #floatIo=0, #fixedPin=110, #floatPin=0
stdCell: 446 single + 0 double + 0 multi
Total standard cell length = 2.3275 (mm), area = 0.0061 (mm^2)
Estimated cell power/ground rail width = 0.408 um
Average module density = 0.524.
Density for the design = 0.524.
       = stdcell_area 8026 sites (6075 um^2) / alloc_area 15314 sites (11591 um^2).
Pin Density = 0.1166.
            = total # of pins 1875 / total area 16086.
=== lastAutoLevel = 7 
Clock gating cells determined by native netlist tracing.
<CMD> createBasicPathGroups -quiet
Iteration  1: Total net bbox = 9.830e+03 (4.77e+03 5.06e+03)
              Est.  stn bbox = 1.054e+04 (5.13e+03 5.41e+03)
              cpu = 0:00:00.0 real = 0:00:00.0 mem = 1264.3M
Iteration  2: Total net bbox = 9.830e+03 (4.77e+03 5.06e+03)
              Est.  stn bbox = 1.054e+04 (5.13e+03 5.41e+03)
              cpu = 0:00:00.0 real = 0:00:00.0 mem = 1264.3M
Iteration  3: Total net bbox = 7.843e+03 (3.22e+03 4.63e+03)
              Est.  stn bbox = 9.133e+03 (3.86e+03 5.27e+03)
              cpu = 0:00:00.1 real = 0:00:00.0 mem = 1266.7M
Active setup views:
    view1
Iteration  4: Total net bbox = 7.736e+03 (3.20e+03 4.54e+03)
              Est.  stn bbox = 9.022e+03 (3.84e+03 5.18e+03)
              cpu = 0:00:00.0 real = 0:00:00.0 mem = 1266.7M
Iteration  5: Total net bbox = 7.847e+03 (3.28e+03 4.56e+03)
              Est.  stn bbox = 9.200e+03 (3.94e+03 5.26e+03)
              cpu = 0:00:00.1 real = 0:00:00.0 mem = 1266.7M
Iteration  6: Total net bbox = 8.553e+03 (3.59e+03 4.96e+03)
              Est.  stn bbox = 9.957e+03 (4.29e+03 5.67e+03)
              cpu = 0:00:00.2 real = 0:00:00.0 mem = 1266.7M
Iteration  7: Total net bbox = 9.038e+03 (3.92e+03 5.11e+03)
              Est.  stn bbox = 1.050e+04 (4.65e+03 5.85e+03)
              cpu = 0:00:00.4 real = 0:00:00.0 mem = 1266.7M
Iteration  8: Total net bbox = 9.785e+03 (4.37e+03 5.42e+03)
              Est.  stn bbox = 1.126e+04 (5.10e+03 6.16e+03)
              cpu = 0:00:00.4 real = 0:00:01.0 mem = 1267.7M
Iteration  9: Total net bbox = 1.015e+04 (4.67e+03 5.48e+03)
              Est.  stn bbox = 1.164e+04 (5.41e+03 6.22e+03)
              cpu = 0:00:00.9 real = 0:00:01.0 mem = 1268.7M
<CMD> psp::embedded_egr_init_
<CMD> psp::embedded_egr_term_
Iteration 10: Total net bbox = 1.025e+04 (4.78e+03 5.47e+03)
              Est.  stn bbox = 1.174e+04 (5.53e+03 6.22e+03)
              cpu = 0:00:00.1 real = 0:00:00.0 mem = 1269.7M
Iteration 11: Total net bbox = 1.025e+04 (4.78e+03 5.47e+03)
              Est.  stn bbox = 1.174e+04 (5.53e+03 6.22e+03)
              cpu = 0:00:00.0 real = 0:00:00.0 mem = 1269.7M
Iteration 12: Total net bbox = 1.025e+04 (4.78e+03 5.47e+03)
              Est.  stn bbox = 1.174e+04 (5.53e+03 6.22e+03)
              cpu = 0:00:00.0 real = 0:00:00.0 mem = 1269.7M
*** cost = 1.025e+04 (4.78e+03 5.47e+03) (cpu for global=0:00:02.2) real=0:00:04.0***
Info: 0 clock gating cells identified, 0 (on average) moved 0/2
<CMD> reset_path_group
<CMD> set_global _is_ipo_interactive_path_groups 0
Solver runtime cpu: 0:00:02.0 real: 0:00:02.0
Core Placement runtime cpu: 0:00:02.1 real: 0:00:03.0
<CMD> scanReorder
*** Scan Trace Summary (runtime: cpu: 0:00:00.0 , real: 0:00:00.0): 
Successfully traced 2 scan chains (total 158 scan bits).
*** Scan Skip Mode Summary:
*** Scan Trace Summary (runtime: cpu: 0:00:00.0 , real: 0:00:00.0): 
Successfully traced 2 scan chains (total 158 scan bits).
*** Scan Sanity Check Summary:
*** 2 scan chains passed sanity check.
*** Summary: Scan Reorder within scan chain
Initial total scan wire length:     5870.178 (floating:     5618.900)
Final   total scan wire length:     2896.227 (floating:     2644.949)
Improvement:     2973.951   percent 50.66 (floating improvement:     2973.951   percent 52.93)
Initial scan reorder max long connection: not available for -stitchChainsAfterFreeMerging
Final   scan reorder max long connection:       75.844
Total net length = 1.168e+04 (5.491e+03 6.188e+03) (ext = 4.529e+03)
*** End of ScanReorder (cpu=0:00:00.0, real=0:00:00.0, mem=1461.7M) ***
*** Starting refinePlace (0:00:29.0 mem=1477.7M) ***
Total net bbox length = 1.201e+04 (5.955e+03 6.051e+03) (ext = 2.471e+03)
Move report: Detail placement moves 446 insts, mean move: 1.60 um, max move: 18.61 um
	Max move on inst (window_auto_mode_r_reg): (79.31, 10.24) --> (70.18, 19.72)
	Runtime: CPU: 0:00:00.0 REAL: 0:00:00.0 MEM: 1477.7MB
Summary Report:
Instances move: 446 (out of 446 movable)
Instances flipped: 0
Mean displacement: 1.60 um
Max displacement: 18.61 um (Instance: window_auto_mode_r_reg) (79.3145, 10.2435) -> (70.18, 19.72)
	Length: 42 sites, height: 1 rows, site name: gsclib090site, cell type: SDFFRHQX4
Total net bbox length = 1.107e+04 (5.004e+03 6.062e+03) (ext = 2.479e+03)
Runtime: CPU: 0:00:00.0 REAL: 0:00:00.0 MEM: 1477.7MB
*** Finished refinePlace (0:00:29.0 mem=1477.7M) ***
*** End of Placement (cpu=0:00:03.4, real=0:00:05.0, mem=1477.7M) ***
default core: bins with density > 0.750 =  0.00 % ( 0 / 25 )
Density distribution unevenness ratio = 7.693%
*** Free Virtual Timing Model ...(mem=1477.7M)
<CMD> setDelayCalMode -engine aae
<CMD> all_setup_analysis_views
<CMD> getPlaceMode -exp_slack_driven -quiet
<CMD> set_global timing_enable_path_group_priority $gpsPrivate::optSave_ctePGPriority
<CMD> set_global timing_constraint_enable_group_path_resetting $gpsPrivate::optSave_ctePGResetting
<CMD> getPlaceMode -quiet -tdgpAdjustNetWeightBySlack
<CMD> get_ccopt_clock_trees *
<CMD> getPlaceMode -exp_insert_guidance_clock_tree -quiet
<CMD> getPlaceMode -exp_cluster_based_high_fanout_buffering -quiet
<CMD> getPlaceMode -place_global_exp_incr_skp_preserve_mode_v2 -quiet
<CMD> getPlaceMode -quiet -place_global_exp_netlist_balance_flow
<CMD> getPlaceMode -quiet -timingEffort
<CMD> getAnalysisMode -quiet -honorClockDomains
<CMD> getPlaceMode -honorUserPathGroup -quiet
<CMD> getAnalysisMode -quiet -honorClockDomains
**INFO: Enable pre-place timing setting for timing analysis
Set Using Default Delay Limit as 101.
**WARN: (IMPDC-1629):	The default delay limit was set to 101. This is less than the default of 1000 and may result in inaccurate delay calculation for nets with a fanout higher than the setting.  If needed, the default delay limit may be adjusted by running the command 'set delaycal_use_default_delay_limit'.
<CMD> set delaycal_use_default_delay_limit 101
Set Default Net Delay as 0 ps.
<CMD> set delaycal_default_net_delay 0
Set Default Net Load as 0 pF. 
<CMD> set delaycal_default_net_load 0
<CMD> set delaycal_default_net_load_ignore_for_ilm 0
<CMD> getAnalysisMode -clkSrcPath -quiet
<CMD> getAnalysisMode -clockPropagation -quiet
<CMD> getAnalysisMode -checkType -quiet
<CMD> buildTimingGraph
<CMD> getDelayCalMode -ignoreNetLoad -quiet
<CMD> getDelayCalMode -ignoreNetLoad -quiet
<CMD> setDelayCalMode -ignoreNetLoad true -quiet
**INFO: Analyzing IO path groups for slack adjustment
<CMD> get_global timing_enable_path_group_priority
<CMD> get_global timing_constraint_enable_group_path_resetting
<CMD> set_global timing_enable_path_group_priority false
<CMD> set_global timing_constraint_enable_group_path_resetting false
<CMD> getOptMode -allowPreCTSClkSrcPaths -quiet
<CMD> set_global _is_ipo_interactive_path_groups 1
<CMD> group_path -name in2reg_tmp.15350 -from {0xcd8 0xcdb} -to 0xcdc -ignore_source_of_trigger_arc
<CMD> getOptMode -allowPreCTSClkSrcPaths -quiet
<CMD> set_global _is_ipo_interactive_path_groups 1
<CMD> group_path -name in2out_tmp.15350 -from {0xcdf 0xce2} -to 0xce3 -ignore_source_of_trigger_arc
<CMD> set_global _is_ipo_interactive_path_groups 1
<CMD> group_path -name reg2reg_tmp.15350 -from 0xce5 -to 0xce6
<CMD> set_global _is_ipo_interactive_path_groups 1
<CMD> group_path -name reg2out_tmp.15350 -from 0xce9 -to 0xcea
<CMD> setPathGroupOptions reg2reg_tmp.15350 -effortLevel high
Effort level <high> specified for reg2reg_tmp.15350 path_group
#################################################################################
# Design Stage: PreRoute
# Design Name: HA
# Design Mode: 90nm
# Analysis Mode: MMMC Non-OCV 
# Parasitics Mode: No SPEF/RCDB
# Signoff Settings: SI Off 
#################################################################################
Calculate delays in Single mode...
Start delay calculation (fullDC) (1 T). (MEM=1477.72)
Total number of fetched objects 521
End delay calculation. (MEM=1471.92 CPU=0:00:00.1 REAL=0:00:00.0)
End delay calculation (fullDC). (MEM=1471.92 CPU=0:00:00.1 REAL=0:00:00.0)
<CMD> reset_path_group -name reg2out_tmp.15350
<CMD> set_global _is_ipo_interactive_path_groups 0
<CMD> reset_path_group -name in2reg_tmp.15350
<CMD> set_global _is_ipo_interactive_path_groups 0
<CMD> reset_path_group -name in2out_tmp.15350
<CMD> set_global _is_ipo_interactive_path_groups 0
<CMD> reset_path_group -name reg2reg_tmp.15350
<CMD> set_global _is_ipo_interactive_path_groups 0
**INFO: Disable pre-place timing setting for timing analysis
<CMD> setDelayCalMode -ignoreNetLoad false
Set Using Default Delay Limit as 1000.
<CMD> set delaycal_use_default_delay_limit 1000
Set Default Net Delay as 1000 ps.
<CMD> set delaycal_default_net_delay 1000ps
Set Default Net Load as 0.5 pF. 
<CMD> set delaycal_default_net_load 0.5pf
<CMD> set delaycal_default_net_load_ignore_for_ilm 0
<CMD> all_setup_analysis_views
<CMD> getPlaceMode -place_global_exp_ignore_low_effort_path_groups -quiet
<CMD> getPlaceMode -exp_slack_driven -quiet
<CMD> getPlaceMode -quiet -cong_repair_commit_clock_net_route_attr
<CMD> getPlaceMode -enableDbSaveAreaPadding -quiet
<CMD> getPlaceMode -quiet -wireLenOptEffort
<CMD> setPlaceMode -reset -improveWithPsp
<CMD> getPlaceMode -quiet -debugGlobalPlace
<CMD> getPlaceMode -congRepair -quiet
<CMD> getPlaceMode -fp -quiet
<CMD> getPlaceMode -user -rplaceIncrNPClkGateAwareMode
<CMD> getPlaceMode -user -congRepairMaxIter
<CMD> getPlaceMode -quiet -congRepairPDClkGateMode4
<CMD> setPlaceMode -rplaceIncrNPClkGateAwareMode 4
<CMD> getPlaceMode -quiet -expCongRepairPDOneLoop
<CMD> setPlaceMode -congRepairMaxIter 1
<CMD> getPlaceMode -quickCTS -quiet
<CMD> get_proto_model -type_match {flex_module flex_instgroup} -committed -name -tcl
<CMD> getPlaceMode -congRepairForceTrialRoute -quiet
<CMD> getPlaceMode -user -congRepairForceTrialRoute
<CMD> setPlaceMode -congRepairForceTrialRoute true
<CMD> ::goMC::is_advanced_metrics_collection_enabled
<CMD> congRepair
Info: Disable timing driven in postCTS congRepair.

Starting congRepair ...
Collecting buffer chain nets ...
[NR-eGR] Track table information for default rule: 
[NR-eGR] Metal1 has no routable track
[NR-eGR] Metal2 has single uniform track structure
[NR-eGR] Metal3 has single uniform track structure
[NR-eGR] Metal4 has single uniform track structure
[NR-eGR] Metal5 has single uniform track structure
[NR-eGR] Metal6 has single uniform track structure
[NR-eGR] Metal7 has single uniform track structure
[NR-eGR] Metal8 has single uniform track structure
[NR-eGR] Metal9 has single uniform track structure
[NR-eGR] Started Read PG Shapes ( Curr Mem: 1457.71 MB )
[NR-eGR] Read 6770 PG shapes
[NR-eGR] Finished Read PG Shapes ( CPU: 0.00 sec, Real: 0.00 sec, Curr Mem: 1457.71 MB )
[NR-eGR] #Routing Blockages  : 0
[NR-eGR] #Instance Blockages : 0
[NR-eGR] #PG Blockages       : 6770
[NR-eGR] #Halo Blockages     : 0
[NR-eGR] #Boundary Blockages : 0
[NR-eGR] Num Prerouted Nets = 0  Num Prerouted Wires = 0
[NR-eGR] Read numTotalNets=521  numIgnoredNets=0
[NR-eGR] There are 1 clock nets ( 0 with NDR ).
[NR-eGR] ============ Routing rule table ============
[NR-eGR] Rule id: 0  Nets: 521 
[NR-eGR] ========================================
[NR-eGR] 
[NR-eGR] Layer group 1: route 521 net(s) in layer range [2, 9]
[NR-eGR] Early Global Route overflow of layer group 1: 0.00% H + 0.00% V. EstWL: 1.389303e+04um
[NR-eGR] Congestion Analysis By layer: (blocked Gcells are excluded) 
[NR-eGR]                        OverCon            
[NR-eGR]                         #Gcell     %Gcell
[NR-eGR]       Layer                (0)    OverCon 
[NR-eGR] ----------------------------------------------
[NR-eGR]  Metal1  (1)         0( 0.00%)   ( 0.00%) 
[NR-eGR]  Metal2  (2)         0( 0.00%)   ( 0.00%) 
[NR-eGR]  Metal3  (3)         0( 0.00%)   ( 0.00%) 
[NR-eGR]  Metal4  (4)         0( 0.00%)   ( 0.00%) 
[NR-eGR]  Metal5  (5)         0( 0.00%)   ( 0.00%) 
[NR-eGR]  Metal6  (6)         0( 0.00%)   ( 0.00%) 
[NR-eGR]  Metal7  (7)         0( 0.00%)   ( 0.00%) 
[NR-eGR]  Metal8  (8)         0( 0.00%)   ( 0.00%) 
[NR-eGR]  Metal9  (9)         0( 0.00%)   ( 0.00%) 
[NR-eGR] ----------------------------------------------
[NR-eGR] Total                0( 0.00%)   ( 0.00%) 
[NR-eGR] 
[NR-eGR] Overflow after Early Global Route (GR compatible) 0.00% H + 0.00% V
[NR-eGR] Overflow after Early Global Route 0.00% H + 0.00% V
Early Global Route congestion estimation runtime: 0.08 seconds, mem = 1457.7M
Local HotSpot Analysis: normalized max congestion hotspot area = 0.00, normalized total congestion hotspot area = 0.00 (area is in unit of 4 std-cell row bins)
Skipped repairing congestion.
[NR-eGR] Started Export DB wires ( Curr Mem: 1457.71 MB )
[NR-eGR] Started Export all nets ( Curr Mem: 1457.71 MB )
[NR-eGR] Finished Export all nets ( CPU: 0.01 sec, Real: 0.01 sec, Curr Mem: 1457.71 MB )
[NR-eGR] Started Set wire vias ( Curr Mem: 1457.71 MB )
[NR-eGR] Finished Set wire vias ( CPU: 0.00 sec, Real: 0.00 sec, Curr Mem: 1457.71 MB )
[NR-eGR] Finished Export DB wires ( CPU: 0.01 sec, Real: 0.02 sec, Curr Mem: 1457.71 MB )
[NR-eGR] --------------------------------------------------------------------------
[NR-eGR] Metal1  (1F) length: 0.000000e+00um, number of vias: 1933
[NR-eGR] Metal2  (2V) length: 7.712495e+03um, number of vias: 3267
[NR-eGR] Metal3  (3H) length: 6.479195e+03um, number of vias: 95
[NR-eGR] Metal4  (4V) length: 3.833050e+02um, number of vias: 0
[NR-eGR] Metal5  (5H) length: 0.000000e+00um, number of vias: 0
[NR-eGR] Metal6  (6V) length: 0.000000e+00um, number of vias: 0
[NR-eGR] Metal7  (7H) length: 0.000000e+00um, number of vias: 0
[NR-eGR] Metal8  (8V) length: 0.000000e+00um, number of vias: 0
[NR-eGR] Metal9  (9H) length: 0.000000e+00um, number of vias: 0
[NR-eGR] Total length: 1.457499e+04um, number of vias: 5295
[NR-eGR] --------------------------------------------------------------------------
[NR-eGR] Total eGR-routed clock nets wire length: 1.115920e+03um 
[NR-eGR] --------------------------------------------------------------------------
Early Global Route wiring runtime: 0.04 seconds, mem = 1457.7M
Tdgp not successfully inited but do clear! skip clearing
End of congRepair (cpu=0:00:00.1, real=0:00:00.0)
<CMD> ::goMC::is_advanced_metrics_collection_enabled
<CMD> ::goMC::is_advanced_metrics_collection_enabled
<CMD> ::goMC::is_advanced_metrics_collection_enabled
<CMD> setPlaceMode -reset -congRepairForceTrialRoute
<CMD> getPlaceMode -quiet -congRepairPDClkGateMode4
<CMD> setPlaceMode -reset -rplaceIncrNPClkGateAwareMode
<CMD> setPlaceMode -reset -congRepairMaxIter
<CMD> getPlaceMode -congRepairCleanupPadding -quiet
<CMD> getPlaceMode -quiet -wireLenOptEffort
<CMD> all_setup_analysis_views
<CMD> getPlaceMode -exp_slack_driven -quiet
<CMD> set_global timing_enable_path_group_priority $gpsPrivate::optSave_ctePGPriority
<CMD> set_global timing_constraint_enable_group_path_resetting $gpsPrivate::optSave_ctePGResetting
<CMD> getPlaceMode -place_global_exp_incr_skp_preserve_mode_v2 -quiet
<CMD> getPlaceMode -quiet -place_global_exp_netlist_balance_flow
<CMD> getPlaceMode -quiet -timingEffort
<CMD> getPlaceMode -tdgpDumpStageTiming -quiet
*** Finishing placeDesign default flow ***
<CMD> getPlaceMode -quiet -tdgpAdjustNetWeightBySlack
**placeDesign ... cpu = 0: 0: 6, real = 0: 0: 7, mem = 1247.7M **
<CMD> getPlaceMode -trimView -quiet
<CMD> getOptMode -quiet -viewOptPolishing
<CMD> getOptMode -quiet -fastViewOpt
<CMD_INTERNAL> spInternalUse deleteViewOptManager
<CMD_INTERNAL> spInternalUse tdgp clearSkpData
Tdgp not successfully inited but do clear! skip clearing
<CMD> setAnalysisMode -clkSrcPath true -clockPropagation sdcControl
<CMD> getPlaceMode -exp_slack_driven -quiet
<CMD> setExtractRCMode -engine preRoute
<CMD> setPlaceMode -reset -relaxSoftBlockageMode
<CMD> setPlaceMode -reset -ignoreScan
<CMD> setPlaceMode -reset -repairPlace
<CMD> getPlaceMode -quiet -NMPsuppressInfo
<CMD_INTERNAL> setvar spgSpeedupBuildVSM 0
<CMD> getPlaceMode -macroPlaceMode -quiet
<CMD> getPlaceMode -exp_slack_driven -quiet
<CMD> getPlaceMode -enableDistPlace -quiet
<CMD> getPlaceMode -place_global_ignore_spare -quiet
<CMD> getPlaceMode -tdgpMemFlow -quiet
<CMD> setPlaceMode -reset -resetCombineRFLevel
<CMD> getPlaceMode -enableDistPlace -quiet
<CMD> getPlaceMode -quiet -clusterMode
<CMD> getPlaceMode -quiet -place_global_exp_solve_unbalance_path
<CMD> getPlaceMode -enableDistPlace -quiet
<CMD> setPlaceMode -reset -expHiddenFastMode
<CMD> getPlaceMode -tcg2Pass -quiet
<CMD> getPlaceMode -quiet -wireLenOptEffort
<CMD> getPlaceMode -fp -quiet
<CMD> getPlaceMode -fastfp -quiet
<CMD> getPlaceMode -doRPlace -quiet
<CMD> getPlaceMode -RTCPlaceDesignFlow -quiet
<CMD> getPlaceMode -quickCTS -quiet
<CMD> set spgFlowInInitialPlace 0
<CMD> getPlaceMode -user -maxRouteLayer
<CMD_INTERNAL> spInternalUse TDGP resetIgnoreNetLoad
<CMD> getPlaceMode -place_global_exp_balance_pipeline -quiet
<CMD> getDesignMode -quiet -flowEffort
<CMD> report_message -end_cmd

*** Summary of all messages that are not suppressed in this session:
Severity  ID               Count  Summary                                  
WARNING   IMPDC-1629           2  The default delay limit was set to %d. T...
*** Message Summary: 2 warning(s), 0 error(s)

<CMD> um::create_snapshot -name final -auto min
<CMD> um::pop_snapshot_stack
<CMD> um::create_snapshot -name place_design
<CMD> getPlaceMode -exp_slack_driven -quiet
<CMD> extractRC
Extraction called for design 'HA' of instances=446 and nets=536 using extraction engine 'preRoute' .
PreRoute RC Extraction called for design HA.
RC Extraction called in multi-corner(1) mode.
**WARN: (IMPEXT-6197):	The Cap table file is not specified. This will result in lower parasitic accuracy when using preRoute extraction or postRoute extraction with effort level 'low'. It is recommended to generate the Cap table file using the 'generateCapTbl' command and specify it before extraction using 'create_rc_corner/update_rc_corner -cap_table'.
Type 'man IMPEXT-6197' for more detail.
RCMode: PreRoute
      RC Corner Indexes            0   
Capacitance Scaling Factor   : 1.00000 
Resistance Scaling Factor    : 1.00000 
Clock Cap. Scaling Factor    : 1.00000 
Clock Res. Scaling Factor    : 1.00000 
Shrink Factor                : 1.00000
PreRoute extraction is honoring NDR/Shielding/ExtraSpace for clock nets.
Updating RC grid for preRoute extraction ...
Initializing multi-corner resistance tables ...
PreRoute RC Extraction DONE (CPU Time: 0:00:00.0  Real Time: 0:00:00.0  MEM: 1247.715M)
<CMD> rcOut -spef rtl_module.spef
<CMD> write_sdf -ideal_clock_network $report_dir/report/physical_design_rtl_moduleoptimum.sdf
**WARN: (SDF-808):	The software is currently operating in a high performance mode which optimizes the handling of multiple timing arcs between input and output pin pairs. With the current settings, the SDF file generated will contain the same delay information for all of these arcs. To have the SDF recalculated with explicit pin pair data, you should use the option '-recompute_delay_calc'. This setting is recommended for generating SDF for functional  simulation applications.
#################################################################################
# Design Stage: PreRoute
# Design Name: HA
# Design Mode: 90nm
# Analysis Mode: MMMC Non-OCV 
# Parasitics Mode: No SPEF/RCDB
# Signoff Settings: SI Off 
#################################################################################
Start delay calculation (fullDC) (1 T). (MEM=1251.49)
Total number of fetched objects 521
End delay calculation. (MEM=1323.94 CPU=0:00:02.2 REAL=0:00:03.0)
End delay calculation (fullDC). (MEM=1323.94 CPU=0:00:04.3 REAL=0:00:05.0)
**WARN: (SDF-802):	The sum of the Setup and Hold sides of the SETUPHOLD check on pin volume_cmd_r_reg\[2\]/RN is negative - which is illegal in SDF V3.0. The negative side of the SETUPHOLD will be postively adjusted so that the resulting sum is zero. This will result in a more conservative analysis of the adjusted check.  Negative SETUPHOLD sums maybe an indication of a characterization problem in your timing libraries. You can set the timing global timing_write_sdf_allow_negative_setuphold_sum to 'true' to loosen this restriction.
**WARN: (SDF-802):	The sum of the Setup and Hold sides of the SETUPHOLD check on pin volume_cmd_r_reg\[3\]/RN is negative - which is illegal in SDF V3.0. The negative side of the SETUPHOLD will be postively adjusted so that the resulting sum is zero. This will result in a more conservative analysis of the adjusted check.  Negative SETUPHOLD sums maybe an indication of a characterization problem in your timing libraries. You can set the timing global timing_write_sdf_allow_negative_setuphold_sum to 'true' to loosen this restriction.
<CMD> verify_drc > placement_reports/report/placement_DRC_vio.rpt
 *** Starting Verify DRC (MEM: 1315.7) ***

  VERIFY DRC ...... Starting Verification
  VERIFY DRC ...... Initializing
  VERIFY DRC ...... Deleting Existing Violations
  VERIFY DRC ...... Creating Sub-Areas
  VERIFY DRC ...... Using new threading
**WARN: (IMPVFG-1103):	VERIFY DRC did not complete: Number of violations exceeds the Error Limit [1000]

  Verification Complete : 1000 Viols.

 Violation Summary By Layer and Type:

	            Mar outOfDie   AdjCut   Totals
	Metal2      873       63        0      936
	Via2          0        0        7        7
	Metal3        0       57        0       57
	Totals      873      120        7     1000

 *** End Verify DRC (CPU: 0:00:00.2  ELAPSED TIME: 0.00  MEM: 0.0M) ***

<CMD> verifyConnectivity > placement_reports/report/post_detailedRoute_verifyConnectivity.rpt
VERIFY_CONNECTIVITY use new engine.

******** Start: VERIFY CONNECTIVITY ********
Start Time: Mon Nov 17 01:22:41 2025

Design Name: HA
Database Units: 2000
Design Boundary: (0.0000, 0.0000) (119.1900, 117.7400)
Error Limit = 1000; Warning Limit = 50
Check all nets
Net clk: Found a geometry with bounding box (118.61,-0.07) (119.19,0.07) outside the design boundary.
Violations for such geometries will be reported.

Begin Summary 
  Found no problems or warnings.
End Summary

End Time: Mon Nov 17 01:22:41 2025
Time Elapsed: 0:00:00.0

******** End: VERIFY CONNECTIVITY ********
  Verification Complete : 0 Viols.  0 Wrngs.
  (CPU Time: 0:00:00.0  MEM: 0.000M)

<CMD> reportRoute > placement_reports/report/postDetailRoute_reportRoute.rpt
*** Statistics for net list HA ***
Number of cells      = 446
Number of nets       = 521
Number of tri-nets   = 0
Number of degen nets = 0
Number of pins       = 2045
Number of i/os       = 113

Number of nets with    2 terms = 264 (50.7%)
Number of nets with    3 terms = 134 (25.7%)
Number of nets with    4 terms = 51 (9.8%)
Number of nets with    5 terms = 22 (4.2%)
Number of nets with    6 terms = 24 (4.6%)
Number of nets with    7 terms = 13 (2.5%)
Number of nets with    8 terms = 4 (0.8%)
Number of nets with    9 terms = 3 (0.6%)
Number of nets with >=10 terms = 6 (1.2%)

*** 63 Primitives used:
Primitive MXI2XL (14 insts)
Primitive CLKAND2X3 (1 insts)
Primitive NAND4XL (2 insts)
Primitive SDFFRHQX2 (6 insts)
Primitive SDFFRHQX8 (29 insts)
Primitive OAI2BB1XL (1 insts)
Primitive CLKINVX8 (16 insts)
Primitive NAND2X2 (2 insts)
Primitive AOI32X1 (3 insts)
Primitive NAND2X4 (1 insts)
Primitive NOR3BXL (1 insts)
Primitive AOI21XL (7 insts)
Primitive AOI22X1 (1 insts)
Primitive CLKINVX2 (2 insts)
Primitive NOR2BXL (3 insts)
Primitive NOR2XL (28 insts)
Primitive INVX1 (18 insts)
Primitive SDFFSHQX1 (2 insts)
Primitive NAND3XL (1 insts)
Primitive NAND2BXL (1 insts)
Primitive NOR4X1 (3 insts)
Primitive AO22X1 (2 insts)
Primitive SDFFRXL (2 insts)
Primitive NOR3X1 (5 insts)
Primitive AO21X1 (2 insts)
Primitive NAND3BX1 (4 insts)
Primitive AOI31X1 (5 insts)
Primitive INVXL (12 insts)
Primitive NOR3BX1 (1 insts)
Primitive NOR2X1 (6 insts)
Primitive OAI31XL (1 insts)
Primitive AOI21X1 (15 insts)
Primitive OAI32X1 (2 insts)
Primitive OAI21XL (2 insts)
Primitive OAI22X1 (3 insts)
Primitive NOR2BX1 (2 insts)
Primitive OA21XL (1 insts)
Primitive SDFFRHQX1 (50 insts)
Primitive NAND2XL (27 insts)
Primitive SDFFRHQX4 (61 insts)
Primitive NAND3X1 (1 insts)
Primitive XNOR2XL (2 insts)
Primitive SDFFRX1 (8 insts)
Primitive NAND2BX1 (14 insts)
Primitive AOI211X1 (5 insts)
Primitive CLKINVX1 (18 insts)
Primitive OAI31X1 (3 insts)
Primitive OAI221X1 (1 insts)
Primitive OAI21X1 (15 insts)
Primitive NAND2X1 (4 insts)
Primitive XOR2XL (1 insts)
Primitive MX2X1 (5 insts)
Primitive OAI211X1 (5 insts)
Primitive AND2X1 (1 insts)
Primitive AOI2BB1X1 (2 insts)
Primitive OR2X1 (2 insts)
Primitive OAI222XL (4 insts)
Primitive CLKXOR2X1 (2 insts)
Primitive NOR2X2 (2 insts)
Primitive NOR2BX2 (1 insts)
Primitive NAND4BXL (1 insts)
Primitive NAND3X2 (1 insts)
Primitive OAI2BB1X1 (3 insts)
************
*** Net length and connection length statistics (cell HA) ***

Total net length = 1.139e+04 (5.166e+03 6.223e+03)

Avg net length = 2.186e+01 (sigma = 2.508e+01)
Sqrt of avg square net length = 3.327e+01

Avg connection length = 7.473e+00 (sigma = 9.406e+00)
Sqrt of avg square connection length = 1.201e+01

Net and connection length distribution:

[length   range   ]      #net #connection
[0.00e+00 5.80e+00]:       91      188
[5.80e+00 1.16e+01]:      125      177
[1.16e+01 1.74e+01]:       80       67
[1.74e+01 2.32e+01]:       71       33
[2.32e+01 2.90e+01]:       41       16
[2.90e+01 3.48e+01]:       33       11
[3.48e+01 4.06e+01]:       18        7
[4.06e+01 4.64e+01]:       15        7
[4.64e+01 5.22e+01]:        6        5
[5.22e+01 5.80e+01]:        7        5
[5.80e+01 6.38e+01]:        5        1
[6.38e+01 6.96e+01]:        5        1
[6.96e+01 7.54e+01]:        3        1
[7.54e+01 8.12e+01]:        2        0
[8.12e+01 8.70e+01]:        6        2
[8.70e+01 9.28e+01]:        3        0
[9.28e+01 9.86e+01]:        2        0
[9.86e+01 1.04e+02]:        3        0
[1.10e+02 1.16e+02]:        1        0
[1.45e+02 1.51e+02]:        1        0
[2.15e+02 2.20e+02]:        1        0
[2.20e+02 2.26e+02]:        1        0
[2.26e+02 2.32e+02]:        1        0


Total number of long connections = 0
Io: nrCon=0


Total length: 1.457e+04um, number of vias: 5295
M1(H) length: 0.000e+00um, number of vias: 1933
M2(V) length: 7.712e+03um, number of vias: 3267
M3(H) length: 6.479e+03um, number of vias: 95
M4(V) length: 3.833e+02um, number of vias: 0
M5(H) length: 0.000e+00um, number of vias: 0
M6(V) length: 0.000e+00um, number of vias: 0
M7(H) length: 0.000e+00um, number of vias: 0
M8(V) length: 0.000e+00um, number of vias: 0
M9(H) length: 0.000e+00um

<CMD> reportWire > placement_reports/report/postDetailRoute_reportWire.rpt
<CMD> summaryReport -outdir placement_reports/report/summaryReport
Creating directory placement_reports/report/summaryReport.
Start to collect the design information.
Build netlist information for Cell HA.
Finished collecting the design information.
Generating standard cells used in the design report.
Analyze library ... 
Analyze netlist ... 
Generate no-driven nets information report.
Analyze timing ... 
Analyze floorplan/placement ... 
Analysis Routing ...
Report saved in file placement_reports/report/summaryReport/HA.main.htm.ascii
<CMD> report_timing -early -view {view1} -max_paths 100 > $report_dir/timing/timing_post_PnR_early.txt
#################################################################################
# Design Stage: PreRoute
# Design Name: HA
# Design Mode: 90nm
# Analysis Mode: MMMC Non-OCV 
# Parasitics Mode: No SPEF/RCDB
# Signoff Settings: SI Off 
#################################################################################
Calculate delays in Single mode...
Start delay calculation (fullDC) (1 T). (MEM=1327.73)
Total number of fetched objects 521
End delay calculation. (MEM=1322.01 CPU=0:00:00.1 REAL=0:00:00.0)
End delay calculation (fullDC). (MEM=1322.01 CPU=0:00:00.1 REAL=0:00:00.0)
<CMD> report_timing -late  -max_paths 100 > $report_dir/timing/timing_post_PnR_late.txt
#################################################################################
# Design Stage: PreRoute
# Design Name: HA
# Design Mode: 90nm
# Analysis Mode: MMMC Non-OCV 
# Parasitics Mode: No SPEF/RCDB
# Signoff Settings: SI Off 
#################################################################################
Calculate delays in Single mode...
Start delay calculation (fullDC) (1 T). (MEM=1305.8)
Total number of fetched objects 521
End delay calculation. (MEM=1341.09 CPU=0:00:00.1 REAL=0:00:00.0)
End delay calculation (fullDC). (MEM=1341.09 CPU=0:00:00.1 REAL=0:00:00.0)
<CMD> report_area -detail > placement_reports/area/area.rpt
<CMD> reportGateCount -level 5 -limit 100 -outfile placement_reports/gates/gate_count.rpt
Gate area 2.2707 um^2
[0] HA Gates=2675 Cells=446 Area=6074.9 um^2
<CMD> report_power -rail_analysis_format VS -outfile placement_reports/power/power.rpt
Using Power View: view1.

Begin Power Analysis

             0V	    VSS
           0.9V	    VDD

Begin Processing Timing Library for Power Calculation

Begin Processing Timing Library for Power Calculation



Begin Processing Power Net/Grid for Power Calculation

Ended Processing Power Net/Grid for Power Calculation: (cpu=0:00:00, real=0:00:00, mem(process/total/peak)=933.60MB/2405.20MB/933.60MB)

Begin Processing Timing Window Data for Power Calculation

Ended Processing Timing Window Data for Power Calculation: (cpu=0:00:00, real=0:00:00, mem(process/total/peak)=933.60MB/2405.20MB/933.60MB)

Begin Processing User Attributes

Ended Processing User Attributes: (cpu=0:00:00, real=0:00:00, mem(process/total/peak)=933.60MB/2405.20MB/933.60MB)

Begin Processing Signal Activity


Starting Levelizing
2025-Nov-17 01:22:41 (2025-Nov-16 19:52:41 GMT)
2025-Nov-17 01:22:41 (2025-Nov-16 19:52:41 GMT): 10%
2025-Nov-17 01:22:41 (2025-Nov-16 19:52:41 GMT): 20%
2025-Nov-17 01:22:41 (2025-Nov-16 19:52:41 GMT): 30%
2025-Nov-17 01:22:41 (2025-Nov-16 19:52:41 GMT): 40%
2025-Nov-17 01:22:41 (2025-Nov-16 19:52:41 GMT): 50%
2025-Nov-17 01:22:41 (2025-Nov-16 19:52:41 GMT): 60%
2025-Nov-17 01:22:41 (2025-Nov-16 19:52:41 GMT): 70%
2025-Nov-17 01:22:41 (2025-Nov-16 19:52:41 GMT): 80%
2025-Nov-17 01:22:41 (2025-Nov-16 19:52:41 GMT): 90%

Finished Levelizing
2025-Nov-17 01:22:41 (2025-Nov-16 19:52:41 GMT)

Starting Activity Propagation
2025-Nov-17 01:22:41 (2025-Nov-16 19:52:41 GMT)
2025-Nov-17 01:22:41 (2025-Nov-16 19:52:41 GMT): 10%
2025-Nov-17 01:22:41 (2025-Nov-16 19:52:41 GMT): 20%
2025-Nov-17 01:22:41 (2025-Nov-16 19:52:41 GMT): 30%
2025-Nov-17 01:22:41 (2025-Nov-16 19:52:41 GMT): 40%
2025-Nov-17 01:22:41 (2025-Nov-16 19:52:41 GMT): 50%
2025-Nov-17 01:22:41 (2025-Nov-16 19:52:41 GMT): 60%
2025-Nov-17 01:22:41 (2025-Nov-16 19:52:41 GMT): 70%

Finished Activity Propagation
2025-Nov-17 01:22:41 (2025-Nov-16 19:52:41 GMT)
Ended Processing Signal Activity: (cpu=0:00:00, real=0:00:00, mem(process/total/peak)=933.60MB/2405.20MB/933.60MB)

Begin Power Computation

      ----------------------------------------------------------
      # of cell(s) missing both power/leakage table: 0
      # of cell(s) missing power table: 0
      # of cell(s) missing leakage table: 0
      # of MSMV cell(s) missing power_level: 0
      ----------------------------------------------------------



Starting Calculating power
2025-Nov-17 01:22:41 (2025-Nov-16 19:52:41 GMT)
 ... Calculating switching power
2025-Nov-17 01:22:41 (2025-Nov-16 19:52:41 GMT): 10%
2025-Nov-17 01:22:41 (2025-Nov-16 19:52:41 GMT): 20%
2025-Nov-17 01:22:41 (2025-Nov-16 19:52:41 GMT): 30%
2025-Nov-17 01:22:41 (2025-Nov-16 19:52:41 GMT): 40%
2025-Nov-17 01:22:41 (2025-Nov-16 19:52:41 GMT): 50%
 ... Calculating internal and leakage power
2025-Nov-17 01:22:41 (2025-Nov-16 19:52:41 GMT): 60%
2025-Nov-17 01:22:41 (2025-Nov-16 19:52:41 GMT): 70%
2025-Nov-17 01:22:41 (2025-Nov-16 19:52:41 GMT): 80%
2025-Nov-17 01:22:41 (2025-Nov-16 19:52:41 GMT): 90%

Finished Calculating power
2025-Nov-17 01:22:41 (2025-Nov-16 19:52:41 GMT)
Ended Power Computation: (cpu=0:00:00, real=0:00:00, mem(process/total/peak)=933.60MB/2405.20MB/933.60MB)

Begin Processing User Attributes

Ended Processing User Attributes: (cpu=0:00:00, real=0:00:00, mem(process/total/peak)=933.60MB/2405.20MB/933.60MB)

Ended Power Analysis: (cpu=0:00:00, real=0:00:00, mem(process/total/peak)=933.60MB/2405.20MB/933.60MB)

Begin Boundary Leakage Calculation
Ended Boundary Leakage Calculation: (cpu=0:00:00, real=0:00:00,
mem(process/total/peak)=933.60MB/2405.20MB/933.60MB)
Begin Static Power Report Generation
*



Total Power
-----------------------------------------------------------------------------------------
Total Internal Power:        4.19983550 	   88.3076%
Total Switching Power:       0.51659846 	   10.8622%
Total Leakage Power:         0.03948362 	    0.8302%
Total Power:                 4.75591752
-----------------------------------------------------------------------------------------
Ended Static Power Report Generation: (cpu=0:00:00, real=0:00:00,
mem(process/total/peak)=933.60MB/2405.20MB/933.60MB)


Output file is placement_reports/power/power.rpt.
**WARN: The setCCOptMode/set_ccopt_mode command is obsolete and will be removed in a future release. This command still works in this release, but to avoid this warning and to ensure compatibility with future releases, transition to set_ccopt_property.
<CMD> create_ccopt_clock_tree_spec -file ccopt_new.spec -keep_all_sdc_clocks -views view1
Creating clock tree spec for modes (timing configs): sdc1
extract_clock_generator_skew_groups=true: create_ccopt_clock_tree_spec will generate skew groups with a name prefix of "_clock_gen" to balance clock generator connected flops with the clock generator they drive.
Reset timing graph...
Ignoring AAE DB Resetting ...
Reset timing graph done.
Ignoring AAE DB Resetting ...
Analyzing clock structure...
Analyzing clock structure done.
Reset timing graph...
Ignoring AAE DB Resetting ...
Reset timing graph done.
Wrote: ccopt_new.spec
<CMD> get_ccopt_clock_trees
<CMD_INTERNAL> ccopt_check_and_flatten_ilms_no_restore
<CMD> set_ccopt_property cts_is_sdc_clock_root -pin clk true
<CMD> create_ccopt_clock_tree -name clk -source clk -no_skew_group
Extracting original clock gating for clk...
  clock_tree clk contains 158 sinks and 0 clock gates.
  Extraction for clk complete.
Extracting original clock gating for clk done.
<CMD> set_ccopt_property clock_period -pin clk 1.8
<CMD> create_ccopt_skew_group -name clk/sdc1 -sources clk -auto_sinks
The skew group clk/sdc1 was created. It contains 158 sinks and 1 sources.
<CMD> set_ccopt_property include_source_latency -skew_group clk/sdc1 true
<CMD> set_ccopt_property extracted_from_clock_name -skew_group clk/sdc1 clk
<CMD> set_ccopt_property extracted_from_constraint_mode_name -skew_group clk/sdc1 sdc1
<CMD> set_ccopt_property extracted_from_delay_corners -skew_group clk/sdc1 delay1
<CMD> check_ccopt_clock_tree_convergence
Checking clock tree convergence...
Checking clock tree convergence done.
<CMD> get_ccopt_property auto_design_state_for_ilms
<CMD> ccopt_design -check_prerequisites
#% Begin ccopt_design (date=11/17 01:22:42, mem=900.1M)
Runtime...
**INFO: User's settings:
setNanoRouteMode -drouteUseMinSpacingForBlockage    auto
setNanoRouteMode -extractThirdPartyCompatible       false
setNanoRouteMode -routeStrictlyHonorNonDefaultRule  false
setDesignMode -flowEffort                           standard
setDesignMode -process                              90
setExtractRCMode -coupling_c_th                     0.2
setExtractRCMode -engine                            preRoute
setExtractRCMode -relative_c_th                     1
setExtractRCMode -total_c_th                        0
setDelayCalMode -engine                             aae
setDelayCalMode -ignoreNetLoad                      false
setDelayCalMode -reportOutBound                     true
setOptMode -preserveAllSequential                   true
setPlaceMode -place_design_floorplan_mode           false

(ccopt_design): CTS Engine: auto. Used Spec: pre-existing CCOPT spec.
Placement constraints of type 'region' or 'fence' will not be downgraded to 'guide' because the property change_fences_to_guides has been set to false.
Set place::cacheFPlanSiteMark to 1
'setDesignMode -flowEffort standard' => 'setOptMode -usefulSkewCCOpt standard' 
Using CCOpt effort standard.
CCOpt::Phase::Initialization...
Check Prerequisites...
Leaving CCOpt scope - CheckPlace...
Begin checking placement ... (start mem=1267.9M, init mem=1291.9M)
*info: Placed = 446           
*info: Unplaced = 0           
Placement Density:49.89%(6075/12175)
Placement Density (including fixed std cells):49.89%(6075/12175)
Finished checkPlace (total: cpu=0:00:00.0, real=0:00:00.0; vio checks: cpu=0:00:00.0, real=0:00:00.0; mem=1291.9M)
Leaving CCOpt scope - CheckPlace done. (took cpu=0:00:00.0 real=0:00:00.0)
Validating CTS configuration...
Checking module port directions...
Checking module port directions done. (took cpu=0:00:00.0 real=0:00:00.0)
Non-default CCOpt properties:
buffer_cells is set for at least one object
expand_multi_child_regions is set for at least one object
recluster_to_reduce_power is set for at least one object
route_type is set for at least one object
Using cell based legalization.
Route type trimming info:
  No route type modifications were made.
**WARN: (IMPCCOPT-1285):	The lib cell 'CLKINVX3' specified in the buffer_cells property  isn't a buffer..  This cell will not be used when synthesizing -clock_tree clk -power_domain auto-default.
**WARN: (IMPCCOPT-1285):	The lib cell 'CLKINVX2' specified in the buffer_cells property  isn't a buffer..  This cell will not be used when synthesizing -clock_tree clk -power_domain auto-default.
**WARN: (IMPCCOPT-1285):	The lib cell 'CLKINVX8' specified in the buffer_cells property  isn't a buffer..  This cell will not be used when synthesizing -clock_tree clk -power_domain auto-default.
**WARN: (IMPCCOPT-1285):	The lib cell 'CLKINVX12' specified in the buffer_cells property  isn't a buffer..  This cell will not be used when synthesizing -clock_tree clk -power_domain auto-default.
**WARN: (IMPCCOPT-1285):	The lib cell 'CLKINVX16' specified in the buffer_cells property  isn't a buffer..  This cell will not be used when synthesizing -clock_tree clk -power_domain auto-default.
Clock tree balancer configuration for clock_tree clk:
Non-default CCOpt properties:
  expand_multi_child_regions: true (default: false)
  recluster_to_reduce_power: true (default: false)
  route_type (leaf): default_route_type_leaf (default: default)
  route_type (trunk): default_route_type_nonleaf (default: default)
  route_type (top): default_route_type_nonleaf (default: default)
For power domain auto-default:
  Buffers:     {CLKBUFX16 CLKBUFX12 CLKBUFX8 CLKBUFX3 CLKBUFX2}
  Inverters:   {INVX20 INVX16 INVX12 INVX8 INVX6 INVX2 INVX1 CLKINVX1}
  Clock gates (with test): TLATNTSCAX20 TLATNTSCAX16 TLATNTSCAX12 TLATNTSCAX8 TLATNTSCAX6 TLATNTSCAX4 TLATNTSCAX3 TLATNTSCAX2 
  Clock gates   (no test): TLATNCAX20 TLATNCAX16 TLATNCAX12 TLATNCAX8 TLATNCAX6 TLATNCAX4 TLATNCAX3 TLATNCAX2 
  Unblocked area available for placement of any clock cells in power_domain auto-default: 12175.493um^2
Top Routing info:
  Route-type name: default_route_type_nonleaf; Top/bottom preferred layer name: Metal4/Metal3; 
  Unshielded; Mask Constraint: 0; Source: route_type.
Trunk Routing info:
  Route-type name: default_route_type_nonleaf; Top/bottom preferred layer name: Metal4/Metal3; 
  Unshielded; Preferred extra space: 1; Mask Constraint: 0; Source: route_type.
Leaf Routing info:
  Route-type name: default_route_type_leaf; Top/bottom preferred layer name: Metal4/Metal3; 
  Unshielded; Preferred extra space: 1; Mask Constraint: 0; Source: route_type.
For timing_corner delay1:both, late and power domain auto-default:
  Slew time target (leaf):    0.196ns
  Slew time target (trunk):   0.196ns
  Slew time target (top):     0.196ns (Note: no nets are considered top nets in this clock tree)
  Buffer unit delay: 0.135ns
  Buffer max distance: 1256.812um
Fastest wire driving cells and distances:
  Buffer    : {lib_cell:CLKBUFX16, fastest_considered_half_corner=delay1:both.late, optimalDrivingDistance=1256.812um, saturatedSlew=0.167ns, speed=4969.600um per ns, cellArea=16.863um^2 per 1000um}
  Inverter  : {lib_cell:INVX20, fastest_considered_half_corner=delay1:both.late, optimalDrivingDistance=1137.241um, saturatedSlew=0.169ns, speed=7096.667um per ns, cellArea=17.305um^2 per 1000um}
  Clock gate (with test): {lib_cell:TLATNTSCAX20, fastest_considered_half_corner=delay1:both.late, optimalDrivingDistance=1249.655um, saturatedSlew=0.172ns, speed=2105.923um per ns, cellArea=34.524um^2 per 1000um}
  Clock gate   (no test): {lib_cell:TLATNCAX20, fastest_considered_half_corner=delay1:both.late, optimalDrivingDistance=1255.593um, saturatedSlew=0.172ns, speed=2155.155um per ns, cellArea=31.950um^2 per 1000um}


Logic Sizing Table:

----------------------------------------------------------
Cell    Instance count    Source    Eligible library cells
----------------------------------------------------------
  (empty table)
----------------------------------------------------------


Clock tree balancer configuration for skew_group clk/sdc1:
  Sources:                     pin clk
  Total number of sinks:       158
  Delay constrained sinks:     158
  Non-leaf sinks:              0
  Ignore pins:                 0
 Timing corner delay1:both.late:
  Skew target:                 0.135ns
**WARN: (IMPCCOPT-1361):	Routing configuration for top nets in clock tree clk: preferred layers Metal3-Metal4 are outside NanoRoute configured layer range. This is likely to cause routing correlation issues.
**WARN: (IMPCCOPT-1361):	Routing configuration for trunk nets in clock tree clk: preferred layers Metal3-Metal4 are outside NanoRoute configured layer range. This is likely to cause routing correlation issues.
**WARN: (IMPCCOPT-1361):	Routing configuration for leaf nets in clock tree clk: preferred layers Metal3-Metal4 are outside NanoRoute configured layer range. This is likely to cause routing correlation issues.
Primary reporting skew groups are:
skew_group clk/sdc1 with 158 clock sinks

Clock DAG stats initial state:
  cell counts      : b=0, i=0, icg=0, nicg=0, l=0, total=0
  cell areas       : b=0.000um^2, i=0.000um^2, icg=0.000um^2, nicg=0.000um^2, l=0.000um^2, total=0.000um^2
  hp wire lengths  : top=0.000um, trunk=0.000um, leaf=0.000um, total=0.000um
No ideal or dont_touch nets found in the clock tree
No dont_touch hnets found in the clock tree
Validating CTS configuration done. (took cpu=0:00:00.9 real=0:00:00.9)
CCOpt configuration status: all checks passed.
Innovus will update I/O latencies
Found 0 ideal nets, 0 pins with transition annotations, 0 instances with delay annotations, 0 nets with delay annotations, refer to logv for details.

Check Prerequisites done. (took cpu=0:00:01.0 real=0:00:01.0)
CCOpt::Phase::Initialization done. (took cpu=0:00:01.0 real=0:00:01.0)
Set place::cacheFPlanSiteMark to 0

*** Summary of all messages that are not suppressed in this session:
Severity  ID               Count  Summary                                  
WARNING   IMPCCOPT-1285        5  The lib cell '%s' specified in %s %s. %s...
WARNING   IMPCCOPT-1361        3  Routing configuration for %s nets in clo...
*** Message Summary: 8 warning(s), 0 error(s)

#% End ccopt_design (date=11/17 01:22:43, total cpu=0:00:01.0, real=0:00:01.0, peak res=912.3M, current mem=912.3M)
<CMD> ccopt_design
#% Begin ccopt_design (date=11/17 01:22:43, mem=912.3M)
**INFO: User's settings:
setNanoRouteMode -drouteUseMinSpacingForBlockage    auto
setNanoRouteMode -extractThirdPartyCompatible       false
setNanoRouteMode -routeStrictlyHonorNonDefaultRule  false
setDesignMode -flowEffort                           standard
setDesignMode -process                              90
setExtractRCMode -coupling_c_th                     0.2
setExtractRCMode -engine                            preRoute
setExtractRCMode -relative_c_th                     1
setExtractRCMode -total_c_th                        0
setDelayCalMode -engine                             aae
setDelayCalMode -ignoreNetLoad                      false
setDelayCalMode -reportOutBound                     true
setOptMode -preserveAllSequential                   true
setPlaceMode -place_design_floorplan_mode           false

(ccopt_design): CTS Engine: auto. Used Spec: pre-existing CCOPT spec.
Not setting up route_type 'default_route_type_nonleaf' from CTS mode settings, as it has already been done
Not setting up route_type 'default_route_type_leaf' from CTS mode settings, as it has already been done
Placement constraints of type 'region' or 'fence' will not be downgraded to 'guide' because the property change_fences_to_guides has been set to false.
Set place::cacheFPlanSiteMark to 1
'setDesignMode -flowEffort standard' => 'setOptMode -usefulSkewCCOpt standard' 
Using CCOpt effort standard.
CCOpt::Phase::Initialization...
Check Prerequisites...
Leaving CCOpt scope - CheckPlace...
Begin checking placement ... (start mem=1297.6M, init mem=1297.6M)
*info: Placed = 446           
*info: Unplaced = 0           
Placement Density:49.89%(6075/12175)
Placement Density (including fixed std cells):49.89%(6075/12175)
Finished checkPlace (total: cpu=0:00:00.0, real=0:00:00.0; vio checks: cpu=0:00:00.0, real=0:00:00.0; mem=1297.6M)
Leaving CCOpt scope - CheckPlace done. (took cpu=0:00:00.0 real=0:00:00.0)
Innovus will update I/O latencies
Found 0 ideal nets, 0 pins with transition annotations, 0 instances with delay annotations, 0 nets with delay annotations, refer to logv for details.

Check Prerequisites done. (took cpu=0:00:00.0 real=0:00:00.0)
CCOpt::Phase::Initialization done. (took cpu=0:00:00.0 real=0:00:00.0)
Executing ccopt post-processing.
Synthesizing clock trees with CCOpt...
CCOpt::Phase::PreparingToBalance...
Leaving CCOpt scope - Initializing power interface...
Leaving CCOpt scope - Initializing power interface done. (took cpu=0:00:00.0 real=0:00:00.0)
Found 0 advancing pin insertion delay (0.000% of 158 clock tree sinks)
Found 0 delaying pin insertion delay (0.000% of 158 clock tree sinks)
Leaving CCOpt scope - optDesignGlobalRouteStep...
[NR-eGR] Track table information for default rule: 
[NR-eGR] Metal1 has no routable track
[NR-eGR] Metal2 has single uniform track structure
[NR-eGR] Metal3 has single uniform track structure
[NR-eGR] Metal4 has single uniform track structure
[NR-eGR] Metal5 has single uniform track structure
[NR-eGR] Metal6 has single uniform track structure
[NR-eGR] Metal7 has single uniform track structure
[NR-eGR] Metal8 has single uniform track structure
[NR-eGR] Metal9 has single uniform track structure
[NR-eGR] Started Read PG Shapes ( Curr Mem: 1339.20 MB )
[NR-eGR] Read 6770 PG shapes
[NR-eGR] Finished Read PG Shapes ( CPU: 0.00 sec, Real: 0.00 sec, Curr Mem: 1339.20 MB )
[NR-eGR] #Routing Blockages  : 0
[NR-eGR] #Instance Blockages : 0
[NR-eGR] #PG Blockages       : 6770
[NR-eGR] #Halo Blockages     : 0
[NR-eGR] #Boundary Blockages : 0
[NR-eGR] Num Prerouted Nets = 0  Num Prerouted Wires = 0
[NR-eGR] Read numTotalNets=521  numIgnoredNets=0
[NR-eGR] There are 1 clock nets ( 0 with NDR ).
[NR-eGR] ============ Routing rule table ============
[NR-eGR] Rule id: 0  Nets: 521 
[NR-eGR] ========================================
[NR-eGR] 
[NR-eGR] Layer group 1: route 521 net(s) in layer range [2, 9]
[NR-eGR] Early Global Route overflow of layer group 1: 0.00% H + 0.00% V. EstWL: 1.389303e+04um
[NR-eGR] Congestion Analysis By layer: (blocked Gcells are excluded) 
[NR-eGR]                        OverCon            
[NR-eGR]                         #Gcell     %Gcell
[NR-eGR]       Layer                (0)    OverCon 
[NR-eGR] ----------------------------------------------
[NR-eGR]  Metal1  (1)         0( 0.00%)   ( 0.00%) 
[NR-eGR]  Metal2  (2)         0( 0.00%)   ( 0.00%) 
[NR-eGR]  Metal3  (3)         0( 0.00%)   ( 0.00%) 
[NR-eGR]  Metal4  (4)         0( 0.00%)   ( 0.00%) 
[NR-eGR]  Metal5  (5)         0( 0.00%)   ( 0.00%) 
[NR-eGR]  Metal6  (6)         0( 0.00%)   ( 0.00%) 
[NR-eGR]  Metal7  (7)         0( 0.00%)   ( 0.00%) 
[NR-eGR]  Metal8  (8)         0( 0.00%)   ( 0.00%) 
[NR-eGR]  Metal9  (9)         0( 0.00%)   ( 0.00%) 
[NR-eGR] ----------------------------------------------
[NR-eGR] Total                0( 0.00%)   ( 0.00%) 
[NR-eGR] 
[NR-eGR] Overflow after Early Global Route (GR compatible) 0.00% H + 0.00% V
[NR-eGR] Overflow after Early Global Route 0.00% H + 0.00% V
[NR-eGR] Started Export DB wires ( Curr Mem: 1340.20 MB )
[NR-eGR] Started Export all nets ( Curr Mem: 1340.20 MB )
[NR-eGR] Finished Export all nets ( CPU: 0.00 sec, Real: 0.01 sec, Curr Mem: 1340.20 MB )
[NR-eGR] Started Set wire vias ( Curr Mem: 1340.20 MB )
[NR-eGR] Finished Set wire vias ( CPU: 0.00 sec, Real: 0.00 sec, Curr Mem: 1340.20 MB )
[NR-eGR] Finished Export DB wires ( CPU: 0.00 sec, Real: 0.01 sec, Curr Mem: 1340.20 MB )
[NR-eGR] --------------------------------------------------------------------------
[NR-eGR] Metal1  (1F) length: 0.000000e+00um, number of vias: 1933
[NR-eGR] Metal2  (2V) length: 7.712495e+03um, number of vias: 3267
[NR-eGR] Metal3  (3H) length: 6.479195e+03um, number of vias: 95
[NR-eGR] Metal4  (4V) length: 3.833050e+02um, number of vias: 0
[NR-eGR] Metal5  (5H) length: 0.000000e+00um, number of vias: 0
[NR-eGR] Metal6  (6V) length: 0.000000e+00um, number of vias: 0
[NR-eGR] Metal7  (7H) length: 0.000000e+00um, number of vias: 0
[NR-eGR] Metal8  (8V) length: 0.000000e+00um, number of vias: 0
[NR-eGR] Metal9  (9H) length: 0.000000e+00um, number of vias: 0
[NR-eGR] Total length: 1.457499e+04um, number of vias: 5295
[NR-eGR] --------------------------------------------------------------------------
[NR-eGR] Total eGR-routed clock nets wire length: 1.115920e+03um 
[NR-eGR] --------------------------------------------------------------------------
[NR-eGR] Finished Early Global Route kernel ( CPU: 0.10 sec, Real: 0.11 sec, Curr Mem: 1340.20 MB )
Leaving CCOpt scope - optDesignGlobalRouteStep done. (took cpu=0:00:00.1 real=0:00:00.1)
Rebuilding timing graph...
Rebuilding timing graph done.
Legalization setup...
Using cell based legalization.
Legalization setup done. (took cpu=0:00:00.0 real=0:00:00.0)
Validating CTS configuration...
Checking module port directions...
Checking module port directions done. (took cpu=0:00:00.0 real=0:00:00.0)
Non-default CCOpt properties:
buffer_cells is set for at least one object
cts_merge_clock_gates is set for at least one object
cts_merge_clock_logic is set for at least one object
expand_multi_child_regions is set for at least one object
recluster_to_reduce_power is set for at least one object
route_type is set for at least one object
Route type trimming info:
  No route type modifications were made.
**WARN: (IMPCCOPT-1285):	The lib cell 'CLKINVX3' specified in the buffer_cells property  isn't a buffer..  This cell will not be used when synthesizing -clock_tree clk -power_domain auto-default.
**WARN: (IMPCCOPT-1285):	The lib cell 'CLKINVX2' specified in the buffer_cells property  isn't a buffer..  This cell will not be used when synthesizing -clock_tree clk -power_domain auto-default.
**WARN: (IMPCCOPT-1285):	The lib cell 'CLKINVX8' specified in the buffer_cells property  isn't a buffer..  This cell will not be used when synthesizing -clock_tree clk -power_domain auto-default.
**WARN: (IMPCCOPT-1285):	The lib cell 'CLKINVX12' specified in the buffer_cells property  isn't a buffer..  This cell will not be used when synthesizing -clock_tree clk -power_domain auto-default.
**WARN: (IMPCCOPT-1285):	The lib cell 'CLKINVX16' specified in the buffer_cells property  isn't a buffer..  This cell will not be used when synthesizing -clock_tree clk -power_domain auto-default.
Updating RC grid for preRoute extraction ...
Initializing multi-corner resistance tables ...
Clock tree balancer configuration for clock_tree clk:
Non-default CCOpt properties:
  cts_merge_clock_gates: true (default: false)
  cts_merge_clock_logic: true (default: false)
  expand_multi_child_regions: true (default: false)
  recluster_to_reduce_power: true (default: false)
  route_type (leaf): default_route_type_leaf (default: default)
  route_type (trunk): default_route_type_nonleaf (default: default)
  route_type (top): default_route_type_nonleaf (default: default)
For power domain auto-default:
  Buffers:     {CLKBUFX16 CLKBUFX12 CLKBUFX8 CLKBUFX3 CLKBUFX2}
  Inverters:   {INVX20 INVX16 INVX12 INVX8 INVX6 INVX2 INVX1 CLKINVX1}
  Clock gates (with test): TLATNTSCAX20 TLATNTSCAX16 TLATNTSCAX12 TLATNTSCAX8 TLATNTSCAX6 TLATNTSCAX4 TLATNTSCAX3 TLATNTSCAX2 
  Clock gates   (no test): TLATNCAX20 TLATNCAX16 TLATNCAX12 TLATNCAX8 TLATNCAX6 TLATNCAX4 TLATNCAX3 TLATNCAX2 
  Unblocked area available for placement of any clock cells in power_domain auto-default: 12175.493um^2
Top Routing info:
  Route-type name: default_route_type_nonleaf; Top/bottom preferred layer name: Metal4/Metal3; 
  Unshielded; Mask Constraint: 0; Source: route_type.
Trunk Routing info:
  Route-type name: default_route_type_nonleaf; Top/bottom preferred layer name: Metal4/Metal3; 
  Unshielded; Preferred extra space: 1; Mask Constraint: 0; Source: route_type.
Leaf Routing info:
  Route-type name: default_route_type_leaf; Top/bottom preferred layer name: Metal4/Metal3; 
  Unshielded; Preferred extra space: 1; Mask Constraint: 0; Source: route_type.
For timing_corner delay1:both, late and power domain auto-default:
  Slew time target (leaf):    0.196ns
  Slew time target (trunk):   0.196ns
  Slew time target (top):     0.196ns (Note: no nets are considered top nets in this clock tree)
  Buffer unit delay: 0.135ns
  Buffer max distance: 1256.812um
Fastest wire driving cells and distances:
  Buffer    : {lib_cell:CLKBUFX16, fastest_considered_half_corner=delay1:both.late, optimalDrivingDistance=1256.812um, saturatedSlew=0.167ns, speed=4969.600um per ns, cellArea=16.863um^2 per 1000um}
  Inverter  : {lib_cell:INVX20, fastest_considered_half_corner=delay1:both.late, optimalDrivingDistance=1137.241um, saturatedSlew=0.169ns, speed=7096.667um per ns, cellArea=17.305um^2 per 1000um}
  Clock gate (with test): {lib_cell:TLATNTSCAX20, fastest_considered_half_corner=delay1:both.late, optimalDrivingDistance=1249.655um, saturatedSlew=0.172ns, speed=2105.923um per ns, cellArea=34.524um^2 per 1000um}
  Clock gate   (no test): {lib_cell:TLATNCAX20, fastest_considered_half_corner=delay1:both.late, optimalDrivingDistance=1255.593um, saturatedSlew=0.172ns, speed=2155.155um per ns, cellArea=31.950um^2 per 1000um}


Logic Sizing Table:

----------------------------------------------------------
Cell    Instance count    Source    Eligible library cells
----------------------------------------------------------
  (empty table)
----------------------------------------------------------


Clock tree balancer configuration for skew_group clk/sdc1:
  Sources:                     pin clk
  Total number of sinks:       158
  Delay constrained sinks:     158
  Non-leaf sinks:              0
  Ignore pins:                 0
 Timing corner delay1:both.late:
  Skew target:                 0.135ns
**WARN: (IMPCCOPT-1361):	Routing configuration for top nets in clock tree clk: preferred layers Metal3-Metal4 are outside NanoRoute configured layer range. This is likely to cause routing correlation issues.
**WARN: (IMPCCOPT-1361):	Routing configuration for trunk nets in clock tree clk: preferred layers Metal3-Metal4 are outside NanoRoute configured layer range. This is likely to cause routing correlation issues.
**WARN: (IMPCCOPT-1361):	Routing configuration for leaf nets in clock tree clk: preferred layers Metal3-Metal4 are outside NanoRoute configured layer range. This is likely to cause routing correlation issues.
Primary reporting skew groups are:
skew_group clk/sdc1 with 158 clock sinks

Clock DAG stats initial state:
  cell counts      : b=0, i=0, icg=0, nicg=0, l=0, total=0
  cell areas       : b=0.000um^2, i=0.000um^2, icg=0.000um^2, nicg=0.000um^2, l=0.000um^2, total=0.000um^2
  hp wire lengths  : top=0.000um, trunk=0.000um, leaf=0.000um, total=0.000um
No ideal or dont_touch nets found in the clock tree
No dont_touch hnets found in the clock tree
Validating CTS configuration done. (took cpu=0:00:00.9 real=0:00:00.9)
CCOpt configuration status: all checks passed.
Adding exclusion drivers to pins that are effective_sink_type exclude...
    Adding exclusion drivers (these will be instances of the smallest area library cells).
  No exclusion drivers are needed.
Adding exclusion drivers to pins that are effective_sink_type exclude done.
Antenna diode management...
  Found 0 antenna diodes in the clock trees.
  
Antenna diode management done.
Adding driver cells for primary IOs...
  
  ----------------------------------------------------------------------------------------------
  CCOpt reported the following when adding drivers below input ports and above output ports     
  ----------------------------------------------------------------------------------------------
    (empty table)
  ----------------------------------------------------------------------------------------------
  
  
Adding driver cells for primary IOs done.
Adding driver cell for primary IO roots...
Adding driver cell for primary IO roots done.
Maximizing clock DAG abstraction...
Maximizing clock DAG abstraction done.
CCOpt::Phase::PreparingToBalance done. (took cpu=0:00:01.1 real=0:00:01.1)
Synthesizing clock trees...
  Preparing To Balance...
  Merging duplicate siblings in DAG...
    Clock DAG stats before merging:
      cell counts      : b=0, i=0, icg=0, nicg=0, l=0, total=0
      cell areas       : b=0.000um^2, i=0.000um^2, icg=0.000um^2, nicg=0.000um^2, l=0.000um^2, total=0.000um^2
      hp wire lengths  : top=0.000um, trunk=0.000um, leaf=0.000um, total=0.000um
    Resynthesising clock tree into netlist...
      Reset timing graph...
Ignoring AAE DB Resetting ...
      Reset timing graph done.
    Resynthesising clock tree into netlist done.
    
    Disconnecting clock tree from netlist...
    Disconnecting clock tree from netlist done.
  Merging duplicate siblings in DAG done.
  Preparing To Balance done. (took cpu=0:00:00.0 real=0:00:00.0)
  CCOpt::Phase::Construction...
  Stage::Clustering...
  Clustering...
    Initialize for clustering...
    Clock DAG stats before clustering:
      cell counts      : b=0, i=0, icg=0, nicg=0, l=0, total=0
      cell areas       : b=0.000um^2, i=0.000um^2, icg=0.000um^2, nicg=0.000um^2, l=0.000um^2, total=0.000um^2
      hp wire lengths  : top=0.000um, trunk=0.000um, leaf=0.000um, total=0.000um
    Computing max distances from locked parents...
      Computing distance_from_locked_parent_restrictions for 0 nodes driven by 0 locked parents
    Computing max distances from locked parents done.
    Initialize for clustering done. (took cpu=0:00:00.0 real=0:00:00.0)
    Bottom-up phase...
    Clustering clock_tree clk...
    Clustering clock_tree clk done.
    Clock DAG stats after bottom-up phase:
      cell counts      : b=2, i=0, icg=0, nicg=0, l=0, total=2
      cell areas       : b=42.386um^2, i=0.000um^2, icg=0.000um^2, nicg=0.000um^2, l=0.000um^2, total=42.386um^2
      hp wire lengths  : top=0.000um, trunk=0.000um, leaf=311.750um, total=311.750um
    Clock DAG library cell distribution after bottom-up phase {count}:
       Bufs: CLKBUFX16: 2 
    Bottom-up phase done. (took cpu=0:00:00.0 real=0:00:00.0)
    Legalizing clock trees...
    Resynthesising clock tree into netlist...
      Reset timing graph...
Ignoring AAE DB Resetting ...
      Reset timing graph done.
    Resynthesising clock tree into netlist done.
    Commiting net attributes....
    Commiting net attributes. done.
    Leaving CCOpt scope - ClockRefiner...
    Performing a single pass refine place with checks partially disabled for clock sinks and datapath.
*** Starting refinePlace (0:00:37.0 mem=1390.7M) ***
Total net bbox length = 1.123e+04 (5.060e+03 6.166e+03) (ext = 2.481e+03)
Move report: Detail placement moves 1 insts, mean move: 2.32 um, max move: 2.32 um
	Max move on inst (volume_cmd_r_reg[3]): (97.15, 6.67) --> (94.83, 6.67)
	Runtime: CPU: 0:00:00.0 REAL: 0:00:00.0 MEM: 1390.7MB
Summary Report:
Instances move: 1 (out of 448 movable)
Instances flipped: 0
Mean displacement: 2.32 um
Max displacement: 2.32 um (Instance: volume_cmd_r_reg[3]) (97.15, 6.67) -> (94.83, 6.67)
	Length: 42 sites, height: 1 rows, site name: gsclib090site, cell type: SDFFRHQX4
Total net bbox length = 1.123e+04 (5.060e+03 6.166e+03) (ext = 2.483e+03)
Runtime: CPU: 0:00:00.0 REAL: 0:00:00.0 MEM: 1390.7MB
*** Finished refinePlace (0:00:37.0 mem=1390.7M) ***
    ClockRefiner summary
    All clock instances: Moved 1, flipped 0 and cell swapped 0 (out of a total of 160).
    The largest move was 2.32 um for volume_cmd_r_reg[3].
    Leaving CCOpt scope - ClockRefiner done. (took cpu=0:00:00.0 real=0:00:00.1)
    Disconnecting clock tree from netlist...
    Disconnecting clock tree from netlist done.
    Clock tree timing engine global stage delay update for delay1:both.late...
    Clock tree timing engine global stage delay update for delay1:both.late done. (took cpu=0:00:00.0 real=0:00:00.0)
    
    Clock tree legalization - Histogram:
    ====================================
    
    --------------------------------
    Movement (um)    Number of cells
    --------------------------------
      (empty table)
    --------------------------------
    
    
    Clock tree legalization - There are no Movements:
    =================================================
    
    ---------------------------------------------
    Movement (um)    Desired     Achieved    Node
                     location    location    
    ---------------------------------------------
      (empty table)
    ---------------------------------------------
    
    Legalizing clock trees done. (took cpu=0:00:00.1 real=0:00:00.1)
    Clock DAG stats after 'Clustering':
      cell counts      : b=2, i=0, icg=0, nicg=0, l=0, total=2
      cell areas       : b=42.386um^2, i=0.000um^2, icg=0.000um^2, nicg=0.000um^2, l=0.000um^2, total=42.386um^2
      cell capacitance : b=0.021pF, i=0.000pF, icg=0.000pF, nicg=0.000pF, l=0.000pF, total=0.021pF
      sink capacitance : count=158, total=0.274pF, avg=0.002pF, sd=0.000pF, min=0.002pF, max=0.002pF
      wire capacitance : top=0.000pF, trunk=0.009pF, leaf=0.127pF, total=0.135pF
      wire lengths     : top=0.000um, trunk=73.370um, leaf=1127.662um, total=1201.032um
      hp wire lengths  : top=0.000um, trunk=0.000um, leaf=311.750um, total=311.750um
    Clock DAG net violations after 'Clustering': none
    Clock DAG primary half-corner transition distribution after 'Clustering':
      Trunk : target=0.196ns count=1 avg=0.003ns sd=0.000ns min=0.003ns max=0.003ns {1 <= 0.118ns, 0 <= 0.157ns, 0 <= 0.176ns, 0 <= 0.186ns, 0 <= 0.196ns}
      Leaf  : target=0.196ns count=2 avg=0.128ns sd=0.002ns min=0.127ns max=0.129ns {0 <= 0.118ns, 2 <= 0.157ns, 0 <= 0.176ns, 0 <= 0.186ns, 0 <= 0.196ns}
    Clock DAG library cell distribution after 'Clustering' {count}:
       Bufs: CLKBUFX16: 2 
    Primary reporting skew groups after 'Clustering':
      skew_group clk/sdc1: insertion delay [min=0.178, max=0.185, avg=0.182, sd=0.002], skew [0.007 vs 0.135], 100% {0.178, 0.185} (wid=0.007 ws=0.006) (gid=0.178 gs=0.001)
    Skew group summary after 'Clustering':
      skew_group clk/sdc1: insertion delay [min=0.178, max=0.185, avg=0.182, sd=0.002], skew [0.007 vs 0.135], 100% {0.178, 0.185} (wid=0.007 ws=0.006) (gid=0.178 gs=0.001)
    Legalizer API calls during this step: 22 succeeded with high effort: 22 succeeded with medium effort: 0 succeeded with low effort: 0 succeeded with basic effort: 0 succeeded with basic unbounded effort: 0
  Clustering done. (took cpu=0:00:00.1 real=0:00:00.1)
  Looking for fanout violations...
  Looking for fanout violations done.
  CongRepair After Initial Clustering...
  Reset timing graph...
Ignoring AAE DB Resetting ...
  Reset timing graph done.
  Leaving CCOpt scope - Early Global Route...
  Clock implementation routing...
Net route status summary:
  Clock:         3 (unrouted=3, trialRouted=0, noStatus=0, routed=0, fixed=0, [crossesIlmBoundary=0, tooFewTerms=0, (crossesIlmBoundary AND tooFewTerms=0)])
  Non-clock:  2531 (unrouted=2011, trialRouted=520, noStatus=0, routed=0, fixed=0, [crossesIlmBoundary=0, tooFewTerms=2011, (crossesIlmBoundary AND tooFewTerms=0)])
    Routing using eGR only...
      Early Global Route - eGR only step...
(ccopt eGR): There are 3 nets for routing of which 3 have one or more fixed wires.
(ccopt eGR): Start to route 3 all nets
[NR-eGR] Track table information for default rule: 
[NR-eGR] Metal1 has no routable track
[NR-eGR] Metal2 has single uniform track structure
[NR-eGR] Metal3 has single uniform track structure
[NR-eGR] Metal4 has single uniform track structure
[NR-eGR] Metal5 has single uniform track structure
[NR-eGR] Metal6 has single uniform track structure
[NR-eGR] Metal7 has single uniform track structure
[NR-eGR] Metal8 has single uniform track structure
[NR-eGR] Metal9 has single uniform track structure
[NR-eGR] Started Read PG Shapes ( Curr Mem: 1390.66 MB )
[NR-eGR] Read 8694 PG shapes
[NR-eGR] Finished Read PG Shapes ( CPU: 0.01 sec, Real: 0.00 sec, Curr Mem: 1390.66 MB )
[NR-eGR] #Routing Blockages  : 0
[NR-eGR] #Instance Blockages : 0
[NR-eGR] #PG Blockages       : 8694
[NR-eGR] #Halo Blockages     : 0
[NR-eGR] #Boundary Blockages : 0
[NR-eGR] Num Prerouted Nets = 0  Num Prerouted Wires = 0
[NR-eGR] Read numTotalNets=523  numIgnoredNets=520
[NR-eGR] Connected 0 must-join pins/ports
[NR-eGR] There are 3 clock nets ( 3 with NDR ).
[NR-eGR] ============ Routing rule table ============
[NR-eGR] Rule id: 0  Nets: 3 
[NR-eGR] Rule id: 1  Nets: 0 
[NR-eGR] ========================================
[NR-eGR] 
[NR-eGR] Layer group 1: route 3 net(s) in layer range [3, 4]
[NR-eGR] Early Global Route overflow of layer group 1: 0.00% H + 0.00% V. EstWL: 1.169280e+03um
[NR-eGR] Create a new net group with 2 nets and layer range [3, 6]
[NR-eGR] Layer group 2: route 2 net(s) in layer range [3, 6]
[NR-eGR] Early Global Route overflow of layer group 2: 0.00% H + 0.00% V. EstWL: 1.169280e+03um
[NR-eGR] Create a new net group with 2 nets and layer range [3, 8]
[NR-eGR] Layer group 3: route 2 net(s) in layer range [3, 8]
[NR-eGR] Early Global Route overflow of layer group 3: 0.00% H + 0.00% V. EstWL: 1.169280e+03um
[NR-eGR] Create a new net group with 2 nets and layer range [3, 9]
[NR-eGR] Layer group 4: route 2 net(s) in layer range [3, 9]
[NR-eGR] Early Global Route overflow of layer group 4: 0.00% H + 0.00% V. EstWL: 1.169280e+03um
[NR-eGR] Create a new net group with 1 nets and layer range [2, 9]
[NR-eGR] Layer group 5: route 1 net(s) in layer range [2, 9]
[NR-eGR] Early Global Route overflow of layer group 5: 0.00% H + 0.00% V. EstWL: 1.699110e+03um
[NR-eGR] Congestion Analysis By layer: (blocked Gcells are excluded) 
[NR-eGR]                        OverCon            
[NR-eGR]                         #Gcell     %Gcell
[NR-eGR]       Layer                (0)    OverCon 
[NR-eGR] ----------------------------------------------
[NR-eGR]  Metal1  (1)         0( 0.00%)   ( 0.00%) 
[NR-eGR]  Metal2  (2)         0( 0.00%)   ( 0.00%) 
[NR-eGR]  Metal3  (3)         0( 0.00%)   ( 0.00%) 
[NR-eGR]  Metal4  (4)         0( 0.00%)   ( 0.00%) 
[NR-eGR]  Metal5  (5)         0( 0.00%)   ( 0.00%) 
[NR-eGR]  Metal6  (6)         0( 0.00%)   ( 0.00%) 
[NR-eGR]  Metal7  (7)         0( 0.00%)   ( 0.00%) 
[NR-eGR]  Metal8  (8)         0( 0.00%)   ( 0.00%) 
[NR-eGR]  Metal9  (9)         0( 0.00%)   ( 0.00%) 
[NR-eGR] ----------------------------------------------
[NR-eGR] Total                0( 0.00%)   ( 0.00%) 
[NR-eGR] 
[NR-eGR] Overflow after Early Global Route (GR compatible) 0.00% H + 0.00% V
[NR-eGR] Overflow after Early Global Route 0.00% H + 0.00% V
[NR-eGR] Started Export DB wires ( Curr Mem: 1390.66 MB )
[NR-eGR] Started Export all nets ( Curr Mem: 1390.66 MB )
[NR-eGR] Finished Export all nets ( CPU: 0.00 sec, Real: 0.00 sec, Curr Mem: 1390.66 MB )
[NR-eGR] Started Set wire vias ( Curr Mem: 1390.66 MB )
[NR-eGR] Finished Set wire vias ( CPU: 0.00 sec, Real: 0.00 sec, Curr Mem: 1390.66 MB )
[NR-eGR] Finished Export DB wires ( CPU: 0.00 sec, Real: 0.00 sec, Curr Mem: 1390.66 MB )
[NR-eGR] --------------------------------------------------------------------------
[NR-eGR] Metal1  (1F) length: 0.000000e+00um, number of vias: 1937
[NR-eGR] Metal2  (2V) length: 7.293155e+03um, number of vias: 3133
[NR-eGR] Metal3  (3H) length: 6.426415e+03um, number of vias: 227
[NR-eGR] Metal4  (4V) length: 9.154550e+02um, number of vias: 11
[NR-eGR] Metal5  (5H) length: 3.538000e+01um, number of vias: 0
[NR-eGR] Metal6  (6V) length: 0.000000e+00um, number of vias: 0
[NR-eGR] Metal7  (7H) length: 0.000000e+00um, number of vias: 0
[NR-eGR] Metal8  (8V) length: 0.000000e+00um, number of vias: 0
[NR-eGR] Metal9  (9H) length: 0.000000e+00um, number of vias: 0
[NR-eGR] Total length: 1.467040e+04um, number of vias: 5308
[NR-eGR] --------------------------------------------------------------------------
[NR-eGR] Total eGR-routed clock nets wire length: 1.211330e+03um 
[NR-eGR] --------------------------------------------------------------------------
[NR-eGR] Report for selected net(s) only.
[NR-eGR] Metal1  (1H) length: 0.000000e+00um, number of vias: 162
[NR-eGR] Metal2  (2V) length: 1.835700e+02um, number of vias: 188
[NR-eGR] Metal3  (3H) length: 4.582000e+02um, number of vias: 134
[NR-eGR] Metal4  (4V) length: 5.341800e+02um, number of vias: 11
[NR-eGR] Metal5  (5H) length: 3.538000e+01um, number of vias: 0
[NR-eGR] Metal6  (6V) length: 0.000000e+00um, number of vias: 0
[NR-eGR] Metal7  (7H) length: 0.000000e+00um, number of vias: 0
[NR-eGR] Metal8  (8V) length: 0.000000e+00um, number of vias: 0
[NR-eGR] Metal9  (9H) length: 0.000000e+00um, number of vias: 0
[NR-eGR] Total length: 1.211330e+03um, number of vias: 495
[NR-eGR] --------------------------------------------------------------------------
[NR-eGR] Total routed clock nets wire length: 1.211330e+03um, number of vias: 495
[NR-eGR] --------------------------------------------------------------------------
[NR-eGR] Finished Early Global Route kernel ( CPU: 0.16 sec, Real: 0.15 sec, Curr Mem: 1390.66 MB )
      Early Global Route - eGR only step done. (took cpu=0:00:00.2 real=0:00:00.2)
    Routing using eGR only done.
Net route status summary:
  Clock:         3 (unrouted=0, trialRouted=0, noStatus=0, routed=3, fixed=0, [crossesIlmBoundary=0, tooFewTerms=0, (crossesIlmBoundary AND tooFewTerms=0)])
  Non-clock:  2531 (unrouted=2011, trialRouted=520, noStatus=0, routed=0, fixed=0, [crossesIlmBoundary=0, tooFewTerms=2011, (crossesIlmBoundary AND tooFewTerms=0)])

CCOPT: Done with clock implementation routing.

  Clock implementation routing done.
  CCOpt: Starting congestion repair using flow wrapper...
    Congestion Repair...
Info: Disable timing driven in postCTS congRepair.

Starting congRepair ...
Collecting buffer chain nets ...
[NR-eGR] Track table information for default rule: 
[NR-eGR] Metal1 has no routable track
[NR-eGR] Metal2 has single uniform track structure
[NR-eGR] Metal3 has single uniform track structure
[NR-eGR] Metal4 has single uniform track structure
[NR-eGR] Metal5 has single uniform track structure
[NR-eGR] Metal6 has single uniform track structure
[NR-eGR] Metal7 has single uniform track structure
[NR-eGR] Metal8 has single uniform track structure
[NR-eGR] Metal9 has single uniform track structure
[NR-eGR] Started Read PG Shapes ( Curr Mem: 1390.66 MB )
[NR-eGR] Read 6770 PG shapes
[NR-eGR] Finished Read PG Shapes ( CPU: 0.00 sec, Real: 0.00 sec, Curr Mem: 1390.66 MB )
[NR-eGR] #Routing Blockages  : 0
[NR-eGR] #Instance Blockages : 0
[NR-eGR] #PG Blockages       : 6770
[NR-eGR] #Halo Blockages     : 0
[NR-eGR] #Boundary Blockages : 0
[NR-eGR] Num Prerouted Nets = 3  Num Prerouted Wires = 520
[NR-eGR] Read numTotalNets=523  numIgnoredNets=3
[NR-eGR] ============ Routing rule table ============
[NR-eGR] Rule id: 0  Nets: 0 
[NR-eGR] Rule id: 1  Nets: 520 
[NR-eGR] ========================================
[NR-eGR] 
[NR-eGR] Layer group 1: route 520 net(s) in layer range [2, 9]
[NR-eGR] Early Global Route overflow of layer group 1: 0.00% H + 0.00% V. EstWL: 1.282815e+04um
[NR-eGR] Congestion Analysis By layer: (blocked Gcells are excluded) 
[NR-eGR]                        OverCon            
[NR-eGR]                         #Gcell     %Gcell
[NR-eGR]       Layer                (0)    OverCon 
[NR-eGR] ----------------------------------------------
[NR-eGR]  Metal1  (1)         0( 0.00%)   ( 0.00%) 
[NR-eGR]  Metal2  (2)         0( 0.00%)   ( 0.00%) 
[NR-eGR]  Metal3  (3)         0( 0.00%)   ( 0.00%) 
[NR-eGR]  Metal4  (4)         0( 0.00%)   ( 0.00%) 
[NR-eGR]  Metal5  (5)         0( 0.00%)   ( 0.00%) 
[NR-eGR]  Metal6  (6)         0( 0.00%)   ( 0.00%) 
[NR-eGR]  Metal7  (7)         0( 0.00%)   ( 0.00%) 
[NR-eGR]  Metal8  (8)         0( 0.00%)   ( 0.00%) 
[NR-eGR]  Metal9  (9)         0( 0.00%)   ( 0.00%) 
[NR-eGR] ----------------------------------------------
[NR-eGR] Total                0( 0.00%)   ( 0.00%) 
[NR-eGR] 
[NR-eGR] Overflow after Early Global Route (GR compatible) 0.00% H + 0.00% V
[NR-eGR] Overflow after Early Global Route 0.00% H + 0.00% V
Early Global Route congestion estimation runtime: 0.09 seconds, mem = 1390.7M
Local HotSpot Analysis: normalized max congestion hotspot area = 0.00, normalized total congestion hotspot area = 0.00 (area is in unit of 4 std-cell row bins)
Skipped repairing congestion.
[NR-eGR] Started Export DB wires ( Curr Mem: 1390.66 MB )
[NR-eGR] Started Export all nets ( Curr Mem: 1390.66 MB )
[NR-eGR] Finished Export all nets ( CPU: 0.00 sec, Real: 0.01 sec, Curr Mem: 1390.66 MB )
[NR-eGR] Started Set wire vias ( Curr Mem: 1390.66 MB )
[NR-eGR] Finished Set wire vias ( CPU: 0.01 sec, Real: 0.00 sec, Curr Mem: 1390.66 MB )
[NR-eGR] Finished Export DB wires ( CPU: 0.01 sec, Real: 0.01 sec, Curr Mem: 1390.66 MB )
[NR-eGR] --------------------------------------------------------------------------
[NR-eGR] Metal1  (1F) length: 0.000000e+00um, number of vias: 1937
[NR-eGR] Metal2  (2V) length: 7.121730e+03um, number of vias: 3093
[NR-eGR] Metal3  (3H) length: 6.375375e+03um, number of vias: 247
[NR-eGR] Metal4  (4V) length: 1.039430e+03um, number of vias: 22
[NR-eGR] Metal5  (5H) length: 1.181750e+02um, number of vias: 0
[NR-eGR] Metal6  (6V) length: 0.000000e+00um, number of vias: 0
[NR-eGR] Metal7  (7H) length: 0.000000e+00um, number of vias: 0
[NR-eGR] Metal8  (8V) length: 0.000000e+00um, number of vias: 0
[NR-eGR] Metal9  (9H) length: 0.000000e+00um, number of vias: 0
[NR-eGR] Total length: 1.465471e+04um, number of vias: 5299
[NR-eGR] --------------------------------------------------------------------------
[NR-eGR] Total eGR-routed clock nets wire length: 0.000000e+00um 
[NR-eGR] --------------------------------------------------------------------------
Early Global Route wiring runtime: 0.04 seconds, mem = 1390.7M
Tdgp not successfully inited but do clear! skip clearing
End of congRepair (cpu=0:00:00.1, real=0:00:00.0)
    Congestion Repair done. (took cpu=0:00:00.1 real=0:00:00.1)
  CCOpt: Starting congestion repair using flow wrapper done.
  Leaving CCOpt scope - Early Global Route done. (took cpu=0:00:00.3 real=0:00:00.3)
  Leaving CCOpt scope - extractRC...
  Updating RC parasitics by calling: "extractRC -noRouteCheck"...
Extraction called for design 'HA' of instances=448 and nets=2534 using extraction engine 'preRoute' .
PreRoute RC Extraction called for design HA.
RC Extraction called in multi-corner(1) mode.
**WARN: (IMPEXT-6197):	The Cap table file is not specified. This will result in lower parasitic accuracy when using preRoute extraction or postRoute extraction with effort level 'low'. It is recommended to generate the Cap table file using the 'generateCapTbl' command and specify it before extraction using 'create_rc_corner/update_rc_corner -cap_table'.
Type 'man IMPEXT-6197' for more detail.
RCMode: PreRoute
      RC Corner Indexes            0   
Capacitance Scaling Factor   : 1.00000 
Resistance Scaling Factor    : 1.00000 
Clock Cap. Scaling Factor    : 1.00000 
Clock Res. Scaling Factor    : 1.00000 
Shrink Factor                : 1.00000
PreRoute extraction is honoring NDR/Shielding/ExtraSpace for clock nets.
Updating RC grid for preRoute extraction ...
Initializing multi-corner resistance tables ...
PreRoute RC Extraction DONE (CPU Time: 0:00:00.0  Real Time: 0:00:00.0  MEM: 1390.660M)
  Updating RC parasitics by calling: "extractRC -noRouteCheck" done.
  Leaving CCOpt scope - extractRC done. (took cpu=0:00:00.0 real=0:00:00.0)
  Clock tree timing engine global stage delay update for delay1:both.late...
  Clock tree timing engine global stage delay update for delay1:both.late done. (took cpu=0:00:00.0 real=0:00:00.0)
  Clock DAG stats after clustering cong repair call:
    cell counts      : b=2, i=0, icg=0, nicg=0, l=0, total=2
    cell areas       : b=42.386um^2, i=0.000um^2, icg=0.000um^2, nicg=0.000um^2, l=0.000um^2, total=42.386um^2
    cell capacitance : b=0.021pF, i=0.000pF, icg=0.000pF, nicg=0.000pF, l=0.000pF, total=0.021pF
    sink capacitance : count=158, total=0.274pF, avg=0.002pF, sd=0.000pF, min=0.002pF, max=0.002pF
    wire capacitance : top=0.000pF, trunk=0.009pF, leaf=0.127pF, total=0.136pF
    wire lengths     : top=0.000um, trunk=73.370um, leaf=1127.662um, total=1201.032um
    hp wire lengths  : top=0.000um, trunk=0.000um, leaf=311.750um, total=311.750um
  Clock DAG net violations after clustering cong repair call: none
  Clock DAG primary half-corner transition distribution after clustering cong repair call:
    Trunk : target=0.196ns count=1 avg=0.003ns sd=0.000ns min=0.003ns max=0.003ns {1 <= 0.118ns, 0 <= 0.157ns, 0 <= 0.176ns, 0 <= 0.186ns, 0 <= 0.196ns}
    Leaf  : target=0.196ns count=2 avg=0.128ns sd=0.002ns min=0.127ns max=0.129ns {0 <= 0.118ns, 2 <= 0.157ns, 0 <= 0.176ns, 0 <= 0.186ns, 0 <= 0.196ns}
  Clock DAG library cell distribution after clustering cong repair call {count}:
     Bufs: CLKBUFX16: 2 
  Primary reporting skew groups after clustering cong repair call:
    skew_group clk/sdc1: insertion delay [min=0.179, max=0.185, avg=0.182, sd=0.002], skew [0.007 vs 0.135], 100% {0.179, 0.185} (wid=0.007 ws=0.006) (gid=0.179 gs=0.001)
  Skew group summary after clustering cong repair call:
    skew_group clk/sdc1: insertion delay [min=0.179, max=0.185, avg=0.182, sd=0.002], skew [0.007 vs 0.135], 100% {0.179, 0.185} (wid=0.007 ws=0.006) (gid=0.179 gs=0.001)
  CongRepair After Initial Clustering done. (took cpu=0:00:00.4 real=0:00:00.4)
  Stage::Clustering done. (took cpu=0:00:00.5 real=0:00:00.5)
  Stage::DRV Fixing...
  Fixing clock tree slew time and max cap violations...
    Fixing clock tree overload: ...20% ...40% ...60% ...80% ...100% 
    Clock DAG stats after 'Fixing clock tree slew time and max cap violations':
      cell counts      : b=2, i=0, icg=0, nicg=0, l=0, total=2
      cell areas       : b=42.386um^2, i=0.000um^2, icg=0.000um^2, nicg=0.000um^2, l=0.000um^2, total=42.386um^2
      cell capacitance : b=0.021pF, i=0.000pF, icg=0.000pF, nicg=0.000pF, l=0.000pF, total=0.021pF
      sink capacitance : count=158, total=0.274pF, avg=0.002pF, sd=0.000pF, min=0.002pF, max=0.002pF
      wire capacitance : top=0.000pF, trunk=0.009pF, leaf=0.127pF, total=0.136pF
      wire lengths     : top=0.000um, trunk=73.370um, leaf=1127.662um, total=1201.032um
      hp wire lengths  : top=0.000um, trunk=0.000um, leaf=311.750um, total=311.750um
    Clock DAG net violations after 'Fixing clock tree slew time and max cap violations': none
    Clock DAG primary half-corner transition distribution after 'Fixing clock tree slew time and max cap violations':
      Trunk : target=0.196ns count=1 avg=0.003ns sd=0.000ns min=0.003ns max=0.003ns {1 <= 0.118ns, 0 <= 0.157ns, 0 <= 0.176ns, 0 <= 0.186ns, 0 <= 0.196ns}
      Leaf  : target=0.196ns count=2 avg=0.128ns sd=0.002ns min=0.127ns max=0.129ns {0 <= 0.118ns, 2 <= 0.157ns, 0 <= 0.176ns, 0 <= 0.186ns, 0 <= 0.196ns}
    Clock DAG library cell distribution after 'Fixing clock tree slew time and max cap violations' {count}:
       Bufs: CLKBUFX16: 2 
    Primary reporting skew groups after 'Fixing clock tree slew time and max cap violations':
      skew_group clk/sdc1: insertion delay [min=0.179, max=0.185], skew [0.007 vs 0.135]
    Skew group summary after 'Fixing clock tree slew time and max cap violations':
      skew_group clk/sdc1: insertion delay [min=0.179, max=0.185], skew [0.007 vs 0.135]
    Legalizer API calls during this step: 0 succeeded with high effort: 0 succeeded with medium effort: 0 succeeded with low effort: 0 succeeded with basic effort: 0 succeeded with basic unbounded effort: 0
  Fixing clock tree slew time and max cap violations done. (took cpu=0:00:00.0 real=0:00:00.0)
  Fixing clock tree slew time and max cap violations - detailed pass...
    Fixing clock tree overload: ...20% ...40% ...60% ...80% ...100% 
    Clock DAG stats after 'Fixing clock tree slew time and max cap violations - detailed pass':
      cell counts      : b=2, i=0, icg=0, nicg=0, l=0, total=2
      cell areas       : b=42.386um^2, i=0.000um^2, icg=0.000um^2, nicg=0.000um^2, l=0.000um^2, total=42.386um^2
      cell capacitance : b=0.021pF, i=0.000pF, icg=0.000pF, nicg=0.000pF, l=0.000pF, total=0.021pF
      sink capacitance : count=158, total=0.274pF, avg=0.002pF, sd=0.000pF, min=0.002pF, max=0.002pF
      wire capacitance : top=0.000pF, trunk=0.009pF, leaf=0.127pF, total=0.136pF
      wire lengths     : top=0.000um, trunk=73.370um, leaf=1127.662um, total=1201.032um
      hp wire lengths  : top=0.000um, trunk=0.000um, leaf=311.750um, total=311.750um
    Clock DAG net violations after 'Fixing clock tree slew time and max cap violations - detailed pass': none
    Clock DAG primary half-corner transition distribution after 'Fixing clock tree slew time and max cap violations - detailed pass':
      Trunk : target=0.196ns count=1 avg=0.003ns sd=0.000ns min=0.003ns max=0.003ns {1 <= 0.118ns, 0 <= 0.157ns, 0 <= 0.176ns, 0 <= 0.186ns, 0 <= 0.196ns}
      Leaf  : target=0.196ns count=2 avg=0.128ns sd=0.002ns min=0.127ns max=0.129ns {0 <= 0.118ns, 2 <= 0.157ns, 0 <= 0.176ns, 0 <= 0.186ns, 0 <= 0.196ns}
    Clock DAG library cell distribution after 'Fixing clock tree slew time and max cap violations - detailed pass' {count}:
       Bufs: CLKBUFX16: 2 
    Primary reporting skew groups after 'Fixing clock tree slew time and max cap violations - detailed pass':
      skew_group clk/sdc1: insertion delay [min=0.179, max=0.185, avg=0.182, sd=0.002], skew [0.007 vs 0.135], 100% {0.179, 0.185} (wid=0.007 ws=0.006) (gid=0.179 gs=0.001)
    Skew group summary after 'Fixing clock tree slew time and max cap violations - detailed pass':
      skew_group clk/sdc1: insertion delay [min=0.179, max=0.185, avg=0.182, sd=0.002], skew [0.007 vs 0.135], 100% {0.179, 0.185} (wid=0.007 ws=0.006) (gid=0.179 gs=0.001)
    Legalizer API calls during this step: 0 succeeded with high effort: 0 succeeded with medium effort: 0 succeeded with low effort: 0 succeeded with basic effort: 0 succeeded with basic unbounded effort: 0
  Fixing clock tree slew time and max cap violations - detailed pass done. (took cpu=0:00:00.0 real=0:00:00.0)
  Stage::DRV Fixing done. (took cpu=0:00:00.0 real=0:00:00.0)
  Stage::Insertion Delay Reduction...
  Removing unnecessary root buffering...
    Clock DAG stats after 'Removing unnecessary root buffering':
      cell counts      : b=2, i=0, icg=0, nicg=0, l=0, total=2
      cell areas       : b=42.386um^2, i=0.000um^2, icg=0.000um^2, nicg=0.000um^2, l=0.000um^2, total=42.386um^2
      cell capacitance : b=0.021pF, i=0.000pF, icg=0.000pF, nicg=0.000pF, l=0.000pF, total=0.021pF
      sink capacitance : count=158, total=0.274pF, avg=0.002pF, sd=0.000pF, min=0.002pF, max=0.002pF
      wire capacitance : top=0.000pF, trunk=0.009pF, leaf=0.127pF, total=0.136pF
      wire lengths     : top=0.000um, trunk=73.370um, leaf=1127.662um, total=1201.032um
      hp wire lengths  : top=0.000um, trunk=0.000um, leaf=311.750um, total=311.750um
    Clock DAG net violations after 'Removing unnecessary root buffering': none
    Clock DAG primary half-corner transition distribution after 'Removing unnecessary root buffering':
      Trunk : target=0.196ns count=1 avg=0.003ns sd=0.000ns min=0.003ns max=0.003ns {1 <= 0.118ns, 0 <= 0.157ns, 0 <= 0.176ns, 0 <= 0.186ns, 0 <= 0.196ns}
      Leaf  : target=0.196ns count=2 avg=0.128ns sd=0.002ns min=0.127ns max=0.129ns {0 <= 0.118ns, 2 <= 0.157ns, 0 <= 0.176ns, 0 <= 0.186ns, 0 <= 0.196ns}
    Clock DAG library cell distribution after 'Removing unnecessary root buffering' {count}:
       Bufs: CLKBUFX16: 2 
    Primary reporting skew groups after 'Removing unnecessary root buffering':
      skew_group clk/sdc1: insertion delay [min=0.179, max=0.185], skew [0.007 vs 0.135]
    Skew group summary after 'Removing unnecessary root buffering':
      skew_group clk/sdc1: insertion delay [min=0.179, max=0.185], skew [0.007 vs 0.135]
    Legalizer API calls during this step: 0 succeeded with high effort: 0 succeeded with medium effort: 0 succeeded with low effort: 0 succeeded with basic effort: 0 succeeded with basic unbounded effort: 0
  Removing unnecessary root buffering done. (took cpu=0:00:00.0 real=0:00:00.0)
  Removing unconstrained drivers...
    Clock DAG stats after 'Removing unconstrained drivers':
      cell counts      : b=2, i=0, icg=0, nicg=0, l=0, total=2
      cell areas       : b=42.386um^2, i=0.000um^2, icg=0.000um^2, nicg=0.000um^2, l=0.000um^2, total=42.386um^2
      cell capacitance : b=0.021pF, i=0.000pF, icg=0.000pF, nicg=0.000pF, l=0.000pF, total=0.021pF
      sink capacitance : count=158, total=0.274pF, avg=0.002pF, sd=0.000pF, min=0.002pF, max=0.002pF
      wire capacitance : top=0.000pF, trunk=0.009pF, leaf=0.127pF, total=0.136pF
      wire lengths     : top=0.000um, trunk=73.370um, leaf=1127.662um, total=1201.032um
      hp wire lengths  : top=0.000um, trunk=0.000um, leaf=311.750um, total=311.750um
    Clock DAG net violations after 'Removing unconstrained drivers': none
    Clock DAG primary half-corner transition distribution after 'Removing unconstrained drivers':
      Trunk : target=0.196ns count=1 avg=0.003ns sd=0.000ns min=0.003ns max=0.003ns {1 <= 0.118ns, 0 <= 0.157ns, 0 <= 0.176ns, 0 <= 0.186ns, 0 <= 0.196ns}
      Leaf  : target=0.196ns count=2 avg=0.128ns sd=0.002ns min=0.127ns max=0.129ns {0 <= 0.118ns, 2 <= 0.157ns, 0 <= 0.176ns, 0 <= 0.186ns, 0 <= 0.196ns}
    Clock DAG library cell distribution after 'Removing unconstrained drivers' {count}:
       Bufs: CLKBUFX16: 2 
    Primary reporting skew groups after 'Removing unconstrained drivers':
      skew_group clk/sdc1: insertion delay [min=0.179, max=0.185], skew [0.007 vs 0.135]
    Skew group summary after 'Removing unconstrained drivers':
      skew_group clk/sdc1: insertion delay [min=0.179, max=0.185], skew [0.007 vs 0.135]
    Legalizer API calls during this step: 0 succeeded with high effort: 0 succeeded with medium effort: 0 succeeded with low effort: 0 succeeded with basic effort: 0 succeeded with basic unbounded effort: 0
  Removing unconstrained drivers done. (took cpu=0:00:00.0 real=0:00:00.0)
  Reducing insertion delay 1...
    Clock DAG stats after 'Reducing insertion delay 1':
      cell counts      : b=2, i=0, icg=0, nicg=0, l=0, total=2
      cell areas       : b=42.386um^2, i=0.000um^2, icg=0.000um^2, nicg=0.000um^2, l=0.000um^2, total=42.386um^2
      cell capacitance : b=0.021pF, i=0.000pF, icg=0.000pF, nicg=0.000pF, l=0.000pF, total=0.021pF
      sink capacitance : count=158, total=0.274pF, avg=0.002pF, sd=0.000pF, min=0.002pF, max=0.002pF
      wire capacitance : top=0.000pF, trunk=0.009pF, leaf=0.127pF, total=0.136pF
      wire lengths     : top=0.000um, trunk=73.370um, leaf=1127.662um, total=1201.032um
      hp wire lengths  : top=0.000um, trunk=0.000um, leaf=311.750um, total=311.750um
    Clock DAG net violations after 'Reducing insertion delay 1': none
    Clock DAG primary half-corner transition distribution after 'Reducing insertion delay 1':
      Trunk : target=0.196ns count=1 avg=0.003ns sd=0.000ns min=0.003ns max=0.003ns {1 <= 0.118ns, 0 <= 0.157ns, 0 <= 0.176ns, 0 <= 0.186ns, 0 <= 0.196ns}
      Leaf  : target=0.196ns count=2 avg=0.128ns sd=0.002ns min=0.127ns max=0.129ns {0 <= 0.118ns, 2 <= 0.157ns, 0 <= 0.176ns, 0 <= 0.186ns, 0 <= 0.196ns}
    Clock DAG library cell distribution after 'Reducing insertion delay 1' {count}:
       Bufs: CLKBUFX16: 2 
    Primary reporting skew groups after 'Reducing insertion delay 1':
      skew_group clk/sdc1: insertion delay [min=0.179, max=0.185], skew [0.007 vs 0.135]
    Skew group summary after 'Reducing insertion delay 1':
      skew_group clk/sdc1: insertion delay [min=0.179, max=0.185], skew [0.007 vs 0.135]
    Legalizer API calls during this step: 5 succeeded with high effort: 5 succeeded with medium effort: 0 succeeded with low effort: 0 succeeded with basic effort: 0 succeeded with basic unbounded effort: 0
  Reducing insertion delay 1 done. (took cpu=0:00:00.0 real=0:00:00.0)
  Removing longest path buffering...
    Clock DAG stats after 'Removing longest path buffering':
      cell counts      : b=2, i=0, icg=0, nicg=0, l=0, total=2
      cell areas       : b=42.386um^2, i=0.000um^2, icg=0.000um^2, nicg=0.000um^2, l=0.000um^2, total=42.386um^2
      cell capacitance : b=0.021pF, i=0.000pF, icg=0.000pF, nicg=0.000pF, l=0.000pF, total=0.021pF
      sink capacitance : count=158, total=0.274pF, avg=0.002pF, sd=0.000pF, min=0.002pF, max=0.002pF
      wire capacitance : top=0.000pF, trunk=0.009pF, leaf=0.127pF, total=0.136pF
      wire lengths     : top=0.000um, trunk=73.370um, leaf=1127.662um, total=1201.032um
      hp wire lengths  : top=0.000um, trunk=0.000um, leaf=311.750um, total=311.750um
    Clock DAG net violations after 'Removing longest path buffering': none
    Clock DAG primary half-corner transition distribution after 'Removing longest path buffering':
      Trunk : target=0.196ns count=1 avg=0.003ns sd=0.000ns min=0.003ns max=0.003ns {1 <= 0.118ns, 0 <= 0.157ns, 0 <= 0.176ns, 0 <= 0.186ns, 0 <= 0.196ns}
      Leaf  : target=0.196ns count=2 avg=0.128ns sd=0.002ns min=0.127ns max=0.129ns {0 <= 0.118ns, 2 <= 0.157ns, 0 <= 0.176ns, 0 <= 0.186ns, 0 <= 0.196ns}
    Clock DAG library cell distribution after 'Removing longest path buffering' {count}:
       Bufs: CLKBUFX16: 2 
    Primary reporting skew groups after 'Removing longest path buffering':
      skew_group clk/sdc1: insertion delay [min=0.179, max=0.185], skew [0.007 vs 0.135]
    Skew group summary after 'Removing longest path buffering':
      skew_group clk/sdc1: insertion delay [min=0.179, max=0.185], skew [0.007 vs 0.135]
    Legalizer API calls during this step: 0 succeeded with high effort: 0 succeeded with medium effort: 0 succeeded with low effort: 0 succeeded with basic effort: 0 succeeded with basic unbounded effort: 0
  Removing longest path buffering done. (took cpu=0:00:00.0 real=0:00:00.0)
  Reducing insertion delay 2...
    Clock DAG stats after 'Reducing insertion delay 2':
      cell counts      : b=2, i=0, icg=0, nicg=0, l=0, total=2
      cell areas       : b=42.386um^2, i=0.000um^2, icg=0.000um^2, nicg=0.000um^2, l=0.000um^2, total=42.386um^2
      cell capacitance : b=0.021pF, i=0.000pF, icg=0.000pF, nicg=0.000pF, l=0.000pF, total=0.021pF
      sink capacitance : count=158, total=0.274pF, avg=0.002pF, sd=0.000pF, min=0.002pF, max=0.002pF
      wire capacitance : top=0.000pF, trunk=0.019pF, leaf=0.124pF, total=0.143pF
      wire lengths     : top=0.000um, trunk=166.170um, leaf=1098.518um, total=1264.688um
      hp wire lengths  : top=0.000um, trunk=0.000um, leaf=313.345um, total=313.345um
    Clock DAG net violations after 'Reducing insertion delay 2': none
    Clock DAG primary half-corner transition distribution after 'Reducing insertion delay 2':
      Trunk : target=0.196ns count=1 avg=0.004ns sd=0.000ns min=0.004ns max=0.004ns {1 <= 0.118ns, 0 <= 0.157ns, 0 <= 0.176ns, 0 <= 0.186ns, 0 <= 0.196ns}
      Leaf  : target=0.196ns count=2 avg=0.127ns sd=0.000ns min=0.127ns max=0.127ns {0 <= 0.118ns, 2 <= 0.157ns, 0 <= 0.176ns, 0 <= 0.186ns, 0 <= 0.196ns}
    Clock DAG library cell distribution after 'Reducing insertion delay 2' {count}:
       Bufs: CLKBUFX16: 2 
    Primary reporting skew groups after 'Reducing insertion delay 2':
      skew_group clk/sdc1: insertion delay [min=0.179, max=0.183, avg=0.182, sd=0.001], skew [0.005 vs 0.135], 100% {0.179, 0.183} (wid=0.006 ws=0.004) (gid=0.178 gs=0.001)
    Skew group summary after 'Reducing insertion delay 2':
      skew_group clk/sdc1: insertion delay [min=0.179, max=0.183, avg=0.182, sd=0.001], skew [0.005 vs 0.135], 100% {0.179, 0.183} (wid=0.006 ws=0.004) (gid=0.178 gs=0.001)
    Legalizer API calls during this step: 42 succeeded with high effort: 42 succeeded with medium effort: 0 succeeded with low effort: 0 succeeded with basic effort: 0 succeeded with basic unbounded effort: 0
  Reducing insertion delay 2 done. (took cpu=0:00:00.1 real=0:00:00.1)
  Stage::Insertion Delay Reduction done. (took cpu=0:00:00.1 real=0:00:00.1)
  CCOpt::Phase::Construction done. (took cpu=0:00:00.7 real=0:00:00.7)
  Recluster to reduce power step...
  Reclustering to reduce power...
    Clock DAG stats after 'Reclustering to reduce power':
      cell counts      : b=2, i=0, icg=0, nicg=0, l=0, total=2
      cell areas       : b=42.386um^2, i=0.000um^2, icg=0.000um^2, nicg=0.000um^2, l=0.000um^2, total=42.386um^2
      cell capacitance : b=0.021pF, i=0.000pF, icg=0.000pF, nicg=0.000pF, l=0.000pF, total=0.021pF
      sink capacitance : count=158, total=0.274pF, avg=0.002pF, sd=0.000pF, min=0.002pF, max=0.002pF
      wire capacitance : top=0.000pF, trunk=0.019pF, leaf=0.124pF, total=0.143pF
      wire lengths     : top=0.000um, trunk=166.170um, leaf=1098.518um, total=1264.688um
      hp wire lengths  : top=0.000um, trunk=0.000um, leaf=313.345um, total=313.345um
    Clock DAG net violations after 'Reclustering to reduce power': none
    Clock DAG primary half-corner transition distribution after 'Reclustering to reduce power':
      Trunk : target=0.196ns count=1 avg=0.004ns sd=0.000ns min=0.004ns max=0.004ns {1 <= 0.118ns, 0 <= 0.157ns, 0 <= 0.176ns, 0 <= 0.186ns, 0 <= 0.196ns}
      Leaf  : target=0.196ns count=2 avg=0.127ns sd=0.000ns min=0.127ns max=0.127ns {0 <= 0.118ns, 2 <= 0.157ns, 0 <= 0.176ns, 0 <= 0.186ns, 0 <= 0.196ns}
    Clock DAG library cell distribution after 'Reclustering to reduce power' {count}:
       Bufs: CLKBUFX16: 2 
    Primary reporting skew groups after 'Reclustering to reduce power':
      skew_group clk/sdc1: insertion delay [min=0.179, max=0.183, avg=0.182, sd=0.001], skew [0.005 vs 0.135], 100% {0.179, 0.183} (wid=0.006 ws=0.004) (gid=0.178 gs=0.001)
    Skew group summary after 'Reclustering to reduce power':
      skew_group clk/sdc1: insertion delay [min=0.179, max=0.183, avg=0.182, sd=0.001], skew [0.005 vs 0.135], 100% {0.179, 0.183} (wid=0.006 ws=0.004) (gid=0.178 gs=0.001)
    Legalizer API calls during this step: 0 succeeded with high effort: 0 succeeded with medium effort: 0 succeeded with low effort: 0 succeeded with basic effort: 0 succeeded with basic unbounded effort: 0
  Reclustering to reduce power done. (took cpu=0:00:00.0 real=0:00:00.0)
  Fixing reclustered clock tree slew time and max cap violations...
    Fixing clock tree overload: ...20% ...40% ...60% ...80% ...100% 
    Clock DAG stats after 'Fixing reclustered clock tree slew time and max cap violations':
      cell counts      : b=2, i=0, icg=0, nicg=0, l=0, total=2
      cell areas       : b=42.386um^2, i=0.000um^2, icg=0.000um^2, nicg=0.000um^2, l=0.000um^2, total=42.386um^2
      cell capacitance : b=0.021pF, i=0.000pF, icg=0.000pF, nicg=0.000pF, l=0.000pF, total=0.021pF
      sink capacitance : count=158, total=0.274pF, avg=0.002pF, sd=0.000pF, min=0.002pF, max=0.002pF
      wire capacitance : top=0.000pF, trunk=0.019pF, leaf=0.124pF, total=0.143pF
      wire lengths     : top=0.000um, trunk=166.170um, leaf=1098.518um, total=1264.688um
      hp wire lengths  : top=0.000um, trunk=0.000um, leaf=313.345um, total=313.345um
    Clock DAG net violations after 'Fixing reclustered clock tree slew time and max cap violations': none
    Clock DAG primary half-corner transition distribution after 'Fixing reclustered clock tree slew time and max cap violations':
      Trunk : target=0.196ns count=1 avg=0.004ns sd=0.000ns min=0.004ns max=0.004ns {1 <= 0.118ns, 0 <= 0.157ns, 0 <= 0.176ns, 0 <= 0.186ns, 0 <= 0.196ns}
      Leaf  : target=0.196ns count=2 avg=0.127ns sd=0.000ns min=0.127ns max=0.127ns {0 <= 0.118ns, 2 <= 0.157ns, 0 <= 0.176ns, 0 <= 0.186ns, 0 <= 0.196ns}
    Clock DAG library cell distribution after 'Fixing reclustered clock tree slew time and max cap violations' {count}:
       Bufs: CLKBUFX16: 2 
    Primary reporting skew groups after 'Fixing reclustered clock tree slew time and max cap violations':
      skew_group clk/sdc1: insertion delay [min=0.179, max=0.183, avg=0.182, sd=0.001], skew [0.005 vs 0.135], 100% {0.179, 0.183} (wid=0.006 ws=0.004) (gid=0.178 gs=0.001)
    Skew group summary after 'Fixing reclustered clock tree slew time and max cap violations':
      skew_group clk/sdc1: insertion delay [min=0.179, max=0.183, avg=0.182, sd=0.001], skew [0.005 vs 0.135], 100% {0.179, 0.183} (wid=0.006 ws=0.004) (gid=0.178 gs=0.001)
    Legalizer API calls during this step: 0 succeeded with high effort: 0 succeeded with medium effort: 0 succeeded with low effort: 0 succeeded with basic effort: 0 succeeded with basic unbounded effort: 0
  Fixing reclustered clock tree slew time and max cap violations done. (took cpu=0:00:00.0 real=0:00:00.0)
  Reducing reclustered insertion delays...
    Clock DAG stats after 'Reducing reclustered insertion delays':
      cell counts      : b=2, i=0, icg=0, nicg=0, l=0, total=2
      cell areas       : b=42.386um^2, i=0.000um^2, icg=0.000um^2, nicg=0.000um^2, l=0.000um^2, total=42.386um^2
      cell capacitance : b=0.021pF, i=0.000pF, icg=0.000pF, nicg=0.000pF, l=0.000pF, total=0.021pF
      sink capacitance : count=158, total=0.274pF, avg=0.002pF, sd=0.000pF, min=0.002pF, max=0.002pF
      wire capacitance : top=0.000pF, trunk=0.019pF, leaf=0.124pF, total=0.143pF
      wire lengths     : top=0.000um, trunk=166.170um, leaf=1098.518um, total=1264.688um
      hp wire lengths  : top=0.000um, trunk=0.000um, leaf=313.345um, total=313.345um
    Clock DAG net violations after 'Reducing reclustered insertion delays': none
    Clock DAG primary half-corner transition distribution after 'Reducing reclustered insertion delays':
      Trunk : target=0.196ns count=1 avg=0.004ns sd=0.000ns min=0.004ns max=0.004ns {1 <= 0.118ns, 0 <= 0.157ns, 0 <= 0.176ns, 0 <= 0.186ns, 0 <= 0.196ns}
      Leaf  : target=0.196ns count=2 avg=0.127ns sd=0.000ns min=0.127ns max=0.127ns {0 <= 0.118ns, 2 <= 0.157ns, 0 <= 0.176ns, 0 <= 0.186ns, 0 <= 0.196ns}
    Clock DAG library cell distribution after 'Reducing reclustered insertion delays' {count}:
       Bufs: CLKBUFX16: 2 
    Primary reporting skew groups after 'Reducing reclustered insertion delays':
      skew_group clk/sdc1: insertion delay [min=0.179, max=0.183, avg=0.182, sd=0.001], skew [0.005 vs 0.135], 100% {0.179, 0.183} (wid=0.006 ws=0.004) (gid=0.178 gs=0.001)
    Skew group summary after 'Reducing reclustered insertion delays':
      skew_group clk/sdc1: insertion delay [min=0.179, max=0.183, avg=0.182, sd=0.001], skew [0.005 vs 0.135], 100% {0.179, 0.183} (wid=0.006 ws=0.004) (gid=0.178 gs=0.001)
    Legalizer API calls during this step: 2 succeeded with high effort: 2 succeeded with medium effort: 0 succeeded with low effort: 0 succeeded with basic effort: 0 succeeded with basic unbounded effort: 0
  Reducing reclustered insertion delays done. (took cpu=0:00:00.0 real=0:00:00.0)
  Recluster to reduce power step done. (took cpu=0:00:00.0 real=0:00:00.0)
  CCOpt::Phase::Implementation...
  Stage::Reducing Power...
  Improving clock tree routing...
    Iteration 1...
    Iteration 1 done.
    Clock DAG stats after 'Improving clock tree routing':
      cell counts      : b=2, i=0, icg=0, nicg=0, l=0, total=2
      cell areas       : b=42.386um^2, i=0.000um^2, icg=0.000um^2, nicg=0.000um^2, l=0.000um^2, total=42.386um^2
      cell capacitance : b=0.021pF, i=0.000pF, icg=0.000pF, nicg=0.000pF, l=0.000pF, total=0.021pF
      sink capacitance : count=158, total=0.274pF, avg=0.002pF, sd=0.000pF, min=0.002pF, max=0.002pF
      wire capacitance : top=0.000pF, trunk=0.019pF, leaf=0.124pF, total=0.143pF
      wire lengths     : top=0.000um, trunk=166.170um, leaf=1098.518um, total=1264.688um
      hp wire lengths  : top=0.000um, trunk=0.000um, leaf=313.345um, total=313.345um
    Clock DAG net violations after 'Improving clock tree routing': none
    Clock DAG primary half-corner transition distribution after 'Improving clock tree routing':
      Trunk : target=0.196ns count=1 avg=0.004ns sd=0.000ns min=0.004ns max=0.004ns {1 <= 0.118ns, 0 <= 0.157ns, 0 <= 0.176ns, 0 <= 0.186ns, 0 <= 0.196ns}
      Leaf  : target=0.196ns count=2 avg=0.127ns sd=0.000ns min=0.127ns max=0.127ns {0 <= 0.118ns, 2 <= 0.157ns, 0 <= 0.176ns, 0 <= 0.186ns, 0 <= 0.196ns}
    Clock DAG library cell distribution after 'Improving clock tree routing' {count}:
       Bufs: CLKBUFX16: 2 
    Primary reporting skew groups after 'Improving clock tree routing':
      skew_group clk/sdc1: insertion delay [min=0.179, max=0.183], skew [0.005 vs 0.135]
    Skew group summary after 'Improving clock tree routing':
      skew_group clk/sdc1: insertion delay [min=0.179, max=0.183], skew [0.005 vs 0.135]
    Legalizer API calls during this step: 0 succeeded with high effort: 0 succeeded with medium effort: 0 succeeded with low effort: 0 succeeded with basic effort: 0 succeeded with basic unbounded effort: 0
  Improving clock tree routing done. (took cpu=0:00:00.0 real=0:00:00.0)
  Reducing clock tree power 1...
    Resizing gates: ...20% ...40% ...60% ...80% ...Legalizing clock trees...
    Legalizing clock trees done. (took cpu=0:00:00.0 real=0:00:00.0)
    100% 
    Clock DAG stats after 'Reducing clock tree power 1':
      cell counts      : b=2, i=0, icg=0, nicg=0, l=0, total=2
      cell areas       : b=42.386um^2, i=0.000um^2, icg=0.000um^2, nicg=0.000um^2, l=0.000um^2, total=42.386um^2
      cell capacitance : b=0.021pF, i=0.000pF, icg=0.000pF, nicg=0.000pF, l=0.000pF, total=0.021pF
      sink capacitance : count=158, total=0.274pF, avg=0.002pF, sd=0.000pF, min=0.002pF, max=0.002pF
      wire capacitance : top=0.000pF, trunk=0.019pF, leaf=0.124pF, total=0.143pF
      wire lengths     : top=0.000um, trunk=166.170um, leaf=1098.518um, total=1264.688um
      hp wire lengths  : top=0.000um, trunk=0.000um, leaf=313.345um, total=313.345um
    Clock DAG net violations after 'Reducing clock tree power 1': none
    Clock DAG primary half-corner transition distribution after 'Reducing clock tree power 1':
      Trunk : target=0.196ns count=1 avg=0.004ns sd=0.000ns min=0.004ns max=0.004ns {1 <= 0.118ns, 0 <= 0.157ns, 0 <= 0.176ns, 0 <= 0.186ns, 0 <= 0.196ns}
      Leaf  : target=0.196ns count=2 avg=0.127ns sd=0.000ns min=0.127ns max=0.127ns {0 <= 0.118ns, 2 <= 0.157ns, 0 <= 0.176ns, 0 <= 0.186ns, 0 <= 0.196ns}
    Clock DAG library cell distribution after 'Reducing clock tree power 1' {count}:
       Bufs: CLKBUFX16: 2 
    Primary reporting skew groups after 'Reducing clock tree power 1':
      skew_group clk/sdc1: insertion delay [min=0.179, max=0.183], skew [0.005 vs 0.135]
    Skew group summary after 'Reducing clock tree power 1':
      skew_group clk/sdc1: insertion delay [min=0.179, max=0.183], skew [0.005 vs 0.135]
    Legalizer API calls during this step: 6 succeeded with high effort: 6 succeeded with medium effort: 0 succeeded with low effort: 0 succeeded with basic effort: 0 succeeded with basic unbounded effort: 0
  Reducing clock tree power 1 done. (took cpu=0:00:00.0 real=0:00:00.0)
  Reducing clock tree power 2...
    Clock DAG stats after 'Reducing clock tree power 2':
      cell counts      : b=2, i=0, icg=0, nicg=0, l=0, total=2
      cell areas       : b=42.386um^2, i=0.000um^2, icg=0.000um^2, nicg=0.000um^2, l=0.000um^2, total=42.386um^2
      cell capacitance : b=0.021pF, i=0.000pF, icg=0.000pF, nicg=0.000pF, l=0.000pF, total=0.021pF
      sink capacitance : count=158, total=0.274pF, avg=0.002pF, sd=0.000pF, min=0.002pF, max=0.002pF
      wire capacitance : top=0.000pF, trunk=0.019pF, leaf=0.124pF, total=0.143pF
      wire lengths     : top=0.000um, trunk=166.170um, leaf=1098.518um, total=1264.688um
      hp wire lengths  : top=0.000um, trunk=0.000um, leaf=313.345um, total=313.345um
    Clock DAG net violations after 'Reducing clock tree power 2': none
    Clock DAG primary half-corner transition distribution after 'Reducing clock tree power 2':
      Trunk : target=0.196ns count=1 avg=0.004ns sd=0.000ns min=0.004ns max=0.004ns {1 <= 0.118ns, 0 <= 0.157ns, 0 <= 0.176ns, 0 <= 0.186ns, 0 <= 0.196ns}
      Leaf  : target=0.196ns count=2 avg=0.127ns sd=0.000ns min=0.127ns max=0.127ns {0 <= 0.118ns, 2 <= 0.157ns, 0 <= 0.176ns, 0 <= 0.186ns, 0 <= 0.196ns}
    Clock DAG library cell distribution after 'Reducing clock tree power 2' {count}:
       Bufs: CLKBUFX16: 2 
    Primary reporting skew groups after 'Reducing clock tree power 2':
      skew_group clk/sdc1: insertion delay [min=0.179, max=0.183, avg=0.182, sd=0.001], skew [0.005 vs 0.135], 100% {0.179, 0.183} (wid=0.006 ws=0.004) (gid=0.178 gs=0.001)
    Skew group summary after 'Reducing clock tree power 2':
      skew_group clk/sdc1: insertion delay [min=0.179, max=0.183, avg=0.182, sd=0.001], skew [0.005 vs 0.135], 100% {0.179, 0.183} (wid=0.006 ws=0.004) (gid=0.178 gs=0.001)
    Legalizer API calls during this step: 0 succeeded with high effort: 0 succeeded with medium effort: 0 succeeded with low effort: 0 succeeded with basic effort: 0 succeeded with basic unbounded effort: 0
  Reducing clock tree power 2 done. (took cpu=0:00:00.0 real=0:00:00.0)
  Stage::Reducing Power done. (took cpu=0:00:00.0 real=0:00:00.0)
  Stage::Balancing...
  Approximately balancing fragments step...
    Resolve constraints - Approximately balancing fragments...
    Resolving skew group constraints...
      Solving LP: 1 skew groups; 2 fragments, 2 fraglets and 3 vertices; 25 variables and 66 constraints; tolerance 1
    Resolving skew group constraints done.
    Resolve constraints - Approximately balancing fragments done. (took cpu=0:00:00.0 real=0:00:00.0)
    Estimate delay to be added in balancing - Approximately balancing fragments...
    Trial balancer estimated the amount of delay to be added in balancing: 0.000ns
    Estimate delay to be added in balancing - Approximately balancing fragments done. (took cpu=0:00:00.0 real=0:00:00.0)
    Approximately balancing fragments...
      Moving gates to improve sub-tree skew...
        Tried: 4 Succeeded: 0
        Topology Tried: 0 Succeeded: 0
        0 Succeeded with SS ratio
        0 Succeeded with Lollipop: 0 with tier one, 0 with tier two. 
        Total reducing skew: 0 Average reducing skew for 0 nets : 0
        Clock DAG stats after 'Moving gates to improve sub-tree skew':
          cell counts      : b=2, i=0, icg=0, nicg=0, l=0, total=2
          cell areas       : b=42.386um^2, i=0.000um^2, icg=0.000um^2, nicg=0.000um^2, l=0.000um^2, total=42.386um^2
          cell capacitance : b=0.021pF, i=0.000pF, icg=0.000pF, nicg=0.000pF, l=0.000pF, total=0.021pF
          sink capacitance : count=158, total=0.274pF, avg=0.002pF, sd=0.000pF, min=0.002pF, max=0.002pF
          wire capacitance : top=0.000pF, trunk=0.019pF, leaf=0.124pF, total=0.143pF
          wire lengths     : top=0.000um, trunk=166.170um, leaf=1098.518um, total=1264.688um
          hp wire lengths  : top=0.000um, trunk=0.000um, leaf=313.345um, total=313.345um
        Clock DAG net violations after 'Moving gates to improve sub-tree skew': none
        Clock DAG primary half-corner transition distribution after 'Moving gates to improve sub-tree skew':
          Trunk : target=0.196ns count=1 avg=0.004ns sd=0.000ns min=0.004ns max=0.004ns {1 <= 0.118ns, 0 <= 0.157ns, 0 <= 0.176ns, 0 <= 0.186ns, 0 <= 0.196ns}
          Leaf  : target=0.196ns count=2 avg=0.127ns sd=0.000ns min=0.127ns max=0.127ns {0 <= 0.118ns, 2 <= 0.157ns, 0 <= 0.176ns, 0 <= 0.186ns, 0 <= 0.196ns}
        Clock DAG library cell distribution after 'Moving gates to improve sub-tree skew' {count}:
           Bufs: CLKBUFX16: 2 
        Legalizer API calls during this step: 0 succeeded with high effort: 0 succeeded with medium effort: 0 succeeded with low effort: 0 succeeded with basic effort: 0 succeeded with basic unbounded effort: 0
      Moving gates to improve sub-tree skew done. (took cpu=0:00:00.0 real=0:00:00.0)
      Approximately balancing fragments bottom up...
        bottom up balancing: ...20% ...40% ...60% ...80% ...100% 
        Clock DAG stats after 'Approximately balancing fragments bottom up':
          cell counts      : b=2, i=0, icg=0, nicg=0, l=0, total=2
          cell areas       : b=42.386um^2, i=0.000um^2, icg=0.000um^2, nicg=0.000um^2, l=0.000um^2, total=42.386um^2
          cell capacitance : b=0.021pF, i=0.000pF, icg=0.000pF, nicg=0.000pF, l=0.000pF, total=0.021pF
          sink capacitance : count=158, total=0.274pF, avg=0.002pF, sd=0.000pF, min=0.002pF, max=0.002pF
          wire capacitance : top=0.000pF, trunk=0.019pF, leaf=0.124pF, total=0.143pF
          wire lengths     : top=0.000um, trunk=166.170um, leaf=1098.518um, total=1264.688um
          hp wire lengths  : top=0.000um, trunk=0.000um, leaf=313.345um, total=313.345um
        Clock DAG net violations after 'Approximately balancing fragments bottom up': none
        Clock DAG primary half-corner transition distribution after 'Approximately balancing fragments bottom up':
          Trunk : target=0.196ns count=1 avg=0.004ns sd=0.000ns min=0.004ns max=0.004ns {1 <= 0.118ns, 0 <= 0.157ns, 0 <= 0.176ns, 0 <= 0.186ns, 0 <= 0.196ns}
          Leaf  : target=0.196ns count=2 avg=0.127ns sd=0.000ns min=0.127ns max=0.127ns {0 <= 0.118ns, 2 <= 0.157ns, 0 <= 0.176ns, 0 <= 0.186ns, 0 <= 0.196ns}
        Clock DAG library cell distribution after 'Approximately balancing fragments bottom up' {count}:
           Bufs: CLKBUFX16: 2 
        Legalizer API calls during this step: 2 succeeded with high effort: 2 succeeded with medium effort: 0 succeeded with low effort: 0 succeeded with basic effort: 0 succeeded with basic unbounded effort: 0
      Approximately balancing fragments bottom up done. (took cpu=0:00:00.0 real=0:00:00.0)
      Approximately balancing fragments, wire and cell delays...
      Approximately balancing fragments, wire and cell delays, iteration 1...
        Clock DAG stats after Approximately balancing fragments, wire and cell delays, iteration 1:
          cell counts      : b=2, i=0, icg=0, nicg=0, l=0, total=2
          cell areas       : b=42.386um^2, i=0.000um^2, icg=0.000um^2, nicg=0.000um^2, l=0.000um^2, total=42.386um^2
          cell capacitance : b=0.021pF, i=0.000pF, icg=0.000pF, nicg=0.000pF, l=0.000pF, total=0.021pF
          sink capacitance : count=158, total=0.274pF, avg=0.002pF, sd=0.000pF, min=0.002pF, max=0.002pF
          wire capacitance : top=0.000pF, trunk=0.019pF, leaf=0.124pF, total=0.143pF
          wire lengths     : top=0.000um, trunk=166.170um, leaf=1098.518um, total=1264.688um
          hp wire lengths  : top=0.000um, trunk=0.000um, leaf=313.345um, total=313.345um
        Clock DAG net violations after Approximately balancing fragments, wire and cell delays, iteration 1: none
        Clock DAG primary half-corner transition distribution after Approximately balancing fragments, wire and cell delays, iteration 1:
          Trunk : target=0.196ns count=1 avg=0.004ns sd=0.000ns min=0.004ns max=0.004ns {1 <= 0.118ns, 0 <= 0.157ns, 0 <= 0.176ns, 0 <= 0.186ns, 0 <= 0.196ns}
          Leaf  : target=0.196ns count=2 avg=0.127ns sd=0.000ns min=0.127ns max=0.127ns {0 <= 0.118ns, 2 <= 0.157ns, 0 <= 0.176ns, 0 <= 0.186ns, 0 <= 0.196ns}
        Clock DAG library cell distribution after Approximately balancing fragments, wire and cell delays, iteration 1 {count}:
           Bufs: CLKBUFX16: 2 
      Approximately balancing fragments, wire and cell delays, iteration 1 done.
      Approximately balancing fragments, wire and cell delays done. (took cpu=0:00:00.0 real=0:00:00.0)
    Approximately balancing fragments done.
    Clock DAG stats after 'Approximately balancing fragments step':
      cell counts      : b=2, i=0, icg=0, nicg=0, l=0, total=2
      cell areas       : b=42.386um^2, i=0.000um^2, icg=0.000um^2, nicg=0.000um^2, l=0.000um^2, total=42.386um^2
      cell capacitance : b=0.021pF, i=0.000pF, icg=0.000pF, nicg=0.000pF, l=0.000pF, total=0.021pF
      sink capacitance : count=158, total=0.274pF, avg=0.002pF, sd=0.000pF, min=0.002pF, max=0.002pF
      wire capacitance : top=0.000pF, trunk=0.019pF, leaf=0.124pF, total=0.143pF
      wire lengths     : top=0.000um, trunk=166.170um, leaf=1098.518um, total=1264.688um
      hp wire lengths  : top=0.000um, trunk=0.000um, leaf=313.345um, total=313.345um
    Clock DAG net violations after 'Approximately balancing fragments step': none
    Clock DAG primary half-corner transition distribution after 'Approximately balancing fragments step':
      Trunk : target=0.196ns count=1 avg=0.004ns sd=0.000ns min=0.004ns max=0.004ns {1 <= 0.118ns, 0 <= 0.157ns, 0 <= 0.176ns, 0 <= 0.186ns, 0 <= 0.196ns}
      Leaf  : target=0.196ns count=2 avg=0.127ns sd=0.000ns min=0.127ns max=0.127ns {0 <= 0.118ns, 2 <= 0.157ns, 0 <= 0.176ns, 0 <= 0.186ns, 0 <= 0.196ns}
    Clock DAG library cell distribution after 'Approximately balancing fragments step' {count}:
       Bufs: CLKBUFX16: 2 
    Legalizer API calls during this step: 2 succeeded with high effort: 2 succeeded with medium effort: 0 succeeded with low effort: 0 succeeded with basic effort: 0 succeeded with basic unbounded effort: 0
  Approximately balancing fragments step done. (took cpu=0:00:00.1 real=0:00:00.1)
  Clock DAG stats after Approximately balancing fragments:
    cell counts      : b=2, i=0, icg=0, nicg=0, l=0, total=2
    cell areas       : b=42.386um^2, i=0.000um^2, icg=0.000um^2, nicg=0.000um^2, l=0.000um^2, total=42.386um^2
    cell capacitance : b=0.021pF, i=0.000pF, icg=0.000pF, nicg=0.000pF, l=0.000pF, total=0.021pF
    sink capacitance : count=158, total=0.274pF, avg=0.002pF, sd=0.000pF, min=0.002pF, max=0.002pF
    wire capacitance : top=0.000pF, trunk=0.019pF, leaf=0.124pF, total=0.143pF
    wire lengths     : top=0.000um, trunk=166.170um, leaf=1098.518um, total=1264.688um
    hp wire lengths  : top=0.000um, trunk=0.000um, leaf=313.345um, total=313.345um
  Clock DAG net violations after Approximately balancing fragments: none
  Clock DAG primary half-corner transition distribution after Approximately balancing fragments:
    Trunk : target=0.196ns count=1 avg=0.004ns sd=0.000ns min=0.004ns max=0.004ns {1 <= 0.118ns, 0 <= 0.157ns, 0 <= 0.176ns, 0 <= 0.186ns, 0 <= 0.196ns}
    Leaf  : target=0.196ns count=2 avg=0.127ns sd=0.000ns min=0.127ns max=0.127ns {0 <= 0.118ns, 2 <= 0.157ns, 0 <= 0.176ns, 0 <= 0.186ns, 0 <= 0.196ns}
  Clock DAG library cell distribution after Approximately balancing fragments {count}:
     Bufs: CLKBUFX16: 2 
  Primary reporting skew groups after Approximately balancing fragments:
    skew_group clk/sdc1: insertion delay [min=0.179, max=0.183], skew [0.005 vs 0.135]
  Skew group summary after Approximately balancing fragments:
    skew_group clk/sdc1: insertion delay [min=0.179, max=0.183], skew [0.005 vs 0.135]
  Improving fragments clock skew...
    Clock DAG stats after 'Improving fragments clock skew':
      cell counts      : b=2, i=0, icg=0, nicg=0, l=0, total=2
      cell areas       : b=42.386um^2, i=0.000um^2, icg=0.000um^2, nicg=0.000um^2, l=0.000um^2, total=42.386um^2
      cell capacitance : b=0.021pF, i=0.000pF, icg=0.000pF, nicg=0.000pF, l=0.000pF, total=0.021pF
      sink capacitance : count=158, total=0.274pF, avg=0.002pF, sd=0.000pF, min=0.002pF, max=0.002pF
      wire capacitance : top=0.000pF, trunk=0.019pF, leaf=0.124pF, total=0.143pF
      wire lengths     : top=0.000um, trunk=166.170um, leaf=1098.518um, total=1264.688um
      hp wire lengths  : top=0.000um, trunk=0.000um, leaf=313.345um, total=313.345um
    Clock DAG net violations after 'Improving fragments clock skew': none
    Clock DAG primary half-corner transition distribution after 'Improving fragments clock skew':
      Trunk : target=0.196ns count=1 avg=0.004ns sd=0.000ns min=0.004ns max=0.004ns {1 <= 0.118ns, 0 <= 0.157ns, 0 <= 0.176ns, 0 <= 0.186ns, 0 <= 0.196ns}
      Leaf  : target=0.196ns count=2 avg=0.127ns sd=0.000ns min=0.127ns max=0.127ns {0 <= 0.118ns, 2 <= 0.157ns, 0 <= 0.176ns, 0 <= 0.186ns, 0 <= 0.196ns}
    Clock DAG library cell distribution after 'Improving fragments clock skew' {count}:
       Bufs: CLKBUFX16: 2 
    Primary reporting skew groups after 'Improving fragments clock skew':
      skew_group clk/sdc1: insertion delay [min=0.179, max=0.183], skew [0.005 vs 0.135]
    Skew group summary after 'Improving fragments clock skew':
      skew_group clk/sdc1: insertion delay [min=0.179, max=0.183], skew [0.005 vs 0.135]
    Legalizer API calls during this step: 0 succeeded with high effort: 0 succeeded with medium effort: 0 succeeded with low effort: 0 succeeded with basic effort: 0 succeeded with basic unbounded effort: 0
  Improving fragments clock skew done. (took cpu=0:00:00.0 real=0:00:00.0)
  Approximately balancing step...
    Resolve constraints - Approximately balancing...
    Resolving skew group constraints...
      Solving LP: 1 skew groups; 2 fragments, 2 fraglets and 3 vertices; 25 variables and 66 constraints; tolerance 1
    Resolving skew group constraints done.
    Resolve constraints - Approximately balancing done. (took cpu=0:00:00.0 real=0:00:00.0)
    Approximately balancing...
      Approximately balancing, wire and cell delays...
      Approximately balancing, wire and cell delays, iteration 1...
        Clock DAG stats after Approximately balancing, wire and cell delays, iteration 1:
          cell counts      : b=2, i=0, icg=0, nicg=0, l=0, total=2
          cell areas       : b=42.386um^2, i=0.000um^2, icg=0.000um^2, nicg=0.000um^2, l=0.000um^2, total=42.386um^2
          cell capacitance : b=0.021pF, i=0.000pF, icg=0.000pF, nicg=0.000pF, l=0.000pF, total=0.021pF
          sink capacitance : count=158, total=0.274pF, avg=0.002pF, sd=0.000pF, min=0.002pF, max=0.002pF
          wire capacitance : top=0.000pF, trunk=0.019pF, leaf=0.124pF, total=0.143pF
          wire lengths     : top=0.000um, trunk=166.170um, leaf=1098.518um, total=1264.688um
          hp wire lengths  : top=0.000um, trunk=0.000um, leaf=313.345um, total=313.345um
        Clock DAG net violations after Approximately balancing, wire and cell delays, iteration 1: none
        Clock DAG primary half-corner transition distribution after Approximately balancing, wire and cell delays, iteration 1:
          Trunk : target=0.196ns count=1 avg=0.004ns sd=0.000ns min=0.004ns max=0.004ns {1 <= 0.118ns, 0 <= 0.157ns, 0 <= 0.176ns, 0 <= 0.186ns, 0 <= 0.196ns}
          Leaf  : target=0.196ns count=2 avg=0.127ns sd=0.000ns min=0.127ns max=0.127ns {0 <= 0.118ns, 2 <= 0.157ns, 0 <= 0.176ns, 0 <= 0.186ns, 0 <= 0.196ns}
        Clock DAG library cell distribution after Approximately balancing, wire and cell delays, iteration 1 {count}:
           Bufs: CLKBUFX16: 2 
      Approximately balancing, wire and cell delays, iteration 1 done.
      Approximately balancing, wire and cell delays done. (took cpu=0:00:00.0 real=0:00:00.0)
    Approximately balancing done.
    Clock DAG stats after 'Approximately balancing step':
      cell counts      : b=2, i=0, icg=0, nicg=0, l=0, total=2
      cell areas       : b=42.386um^2, i=0.000um^2, icg=0.000um^2, nicg=0.000um^2, l=0.000um^2, total=42.386um^2
      cell capacitance : b=0.021pF, i=0.000pF, icg=0.000pF, nicg=0.000pF, l=0.000pF, total=0.021pF
      sink capacitance : count=158, total=0.274pF, avg=0.002pF, sd=0.000pF, min=0.002pF, max=0.002pF
      wire capacitance : top=0.000pF, trunk=0.019pF, leaf=0.124pF, total=0.143pF
      wire lengths     : top=0.000um, trunk=166.170um, leaf=1098.518um, total=1264.688um
      hp wire lengths  : top=0.000um, trunk=0.000um, leaf=313.345um, total=313.345um
    Clock DAG net violations after 'Approximately balancing step': none
    Clock DAG primary half-corner transition distribution after 'Approximately balancing step':
      Trunk : target=0.196ns count=1 avg=0.004ns sd=0.000ns min=0.004ns max=0.004ns {1 <= 0.118ns, 0 <= 0.157ns, 0 <= 0.176ns, 0 <= 0.186ns, 0 <= 0.196ns}
      Leaf  : target=0.196ns count=2 avg=0.127ns sd=0.000ns min=0.127ns max=0.127ns {0 <= 0.118ns, 2 <= 0.157ns, 0 <= 0.176ns, 0 <= 0.186ns, 0 <= 0.196ns}
    Clock DAG library cell distribution after 'Approximately balancing step' {count}:
       Bufs: CLKBUFX16: 2 
    Primary reporting skew groups after 'Approximately balancing step':
      skew_group clk/sdc1: insertion delay [min=0.179, max=0.183], skew [0.005 vs 0.135]
    Skew group summary after 'Approximately balancing step':
      skew_group clk/sdc1: insertion delay [min=0.179, max=0.183], skew [0.005 vs 0.135]
    Legalizer API calls during this step: 0 succeeded with high effort: 0 succeeded with medium effort: 0 succeeded with low effort: 0 succeeded with basic effort: 0 succeeded with basic unbounded effort: 0
  Approximately balancing step done. (took cpu=0:00:00.0 real=0:00:00.0)
  Fixing clock tree overload...
    Fixing clock tree overload: ...20% ...40% ...60% ...80% ...100% 
    Clock DAG stats after 'Fixing clock tree overload':
      cell counts      : b=2, i=0, icg=0, nicg=0, l=0, total=2
      cell areas       : b=42.386um^2, i=0.000um^2, icg=0.000um^2, nicg=0.000um^2, l=0.000um^2, total=42.386um^2
      cell capacitance : b=0.021pF, i=0.000pF, icg=0.000pF, nicg=0.000pF, l=0.000pF, total=0.021pF
      sink capacitance : count=158, total=0.274pF, avg=0.002pF, sd=0.000pF, min=0.002pF, max=0.002pF
      wire capacitance : top=0.000pF, trunk=0.019pF, leaf=0.124pF, total=0.143pF
      wire lengths     : top=0.000um, trunk=166.170um, leaf=1098.518um, total=1264.688um
      hp wire lengths  : top=0.000um, trunk=0.000um, leaf=313.345um, total=313.345um
    Clock DAG net violations after 'Fixing clock tree overload': none
    Clock DAG primary half-corner transition distribution after 'Fixing clock tree overload':
      Trunk : target=0.196ns count=1 avg=0.004ns sd=0.000ns min=0.004ns max=0.004ns {1 <= 0.118ns, 0 <= 0.157ns, 0 <= 0.176ns, 0 <= 0.186ns, 0 <= 0.196ns}
      Leaf  : target=0.196ns count=2 avg=0.127ns sd=0.000ns min=0.127ns max=0.127ns {0 <= 0.118ns, 2 <= 0.157ns, 0 <= 0.176ns, 0 <= 0.186ns, 0 <= 0.196ns}
    Clock DAG library cell distribution after 'Fixing clock tree overload' {count}:
       Bufs: CLKBUFX16: 2 
    Primary reporting skew groups after 'Fixing clock tree overload':
      skew_group clk/sdc1: insertion delay [min=0.179, max=0.183], skew [0.005 vs 0.135]
    Skew group summary after 'Fixing clock tree overload':
      skew_group clk/sdc1: insertion delay [min=0.179, max=0.183], skew [0.005 vs 0.135]
    Legalizer API calls during this step: 0 succeeded with high effort: 0 succeeded with medium effort: 0 succeeded with low effort: 0 succeeded with basic effort: 0 succeeded with basic unbounded effort: 0
  Fixing clock tree overload done. (took cpu=0:00:00.0 real=0:00:00.0)
  Approximately balancing paths...
    Added 0 buffers.
    Clock DAG stats after 'Approximately balancing paths':
      cell counts      : b=2, i=0, icg=0, nicg=0, l=0, total=2
      cell areas       : b=42.386um^2, i=0.000um^2, icg=0.000um^2, nicg=0.000um^2, l=0.000um^2, total=42.386um^2
      cell capacitance : b=0.021pF, i=0.000pF, icg=0.000pF, nicg=0.000pF, l=0.000pF, total=0.021pF
      sink capacitance : count=158, total=0.274pF, avg=0.002pF, sd=0.000pF, min=0.002pF, max=0.002pF
      wire capacitance : top=0.000pF, trunk=0.019pF, leaf=0.124pF, total=0.143pF
      wire lengths     : top=0.000um, trunk=166.170um, leaf=1098.518um, total=1264.688um
      hp wire lengths  : top=0.000um, trunk=0.000um, leaf=313.345um, total=313.345um
    Clock DAG net violations after 'Approximately balancing paths': none
    Clock DAG primary half-corner transition distribution after 'Approximately balancing paths':
      Trunk : target=0.196ns count=1 avg=0.004ns sd=0.000ns min=0.004ns max=0.004ns {1 <= 0.118ns, 0 <= 0.157ns, 0 <= 0.176ns, 0 <= 0.186ns, 0 <= 0.196ns}
      Leaf  : target=0.196ns count=2 avg=0.127ns sd=0.000ns min=0.127ns max=0.127ns {0 <= 0.118ns, 2 <= 0.157ns, 0 <= 0.176ns, 0 <= 0.186ns, 0 <= 0.196ns}
    Clock DAG library cell distribution after 'Approximately balancing paths' {count}:
       Bufs: CLKBUFX16: 2 
    Primary reporting skew groups after 'Approximately balancing paths':
      skew_group clk/sdc1: insertion delay [min=0.179, max=0.183, avg=0.182, sd=0.001], skew [0.005 vs 0.135], 100% {0.179, 0.183} (wid=0.006 ws=0.004) (gid=0.178 gs=0.001)
    Skew group summary after 'Approximately balancing paths':
      skew_group clk/sdc1: insertion delay [min=0.179, max=0.183, avg=0.182, sd=0.001], skew [0.005 vs 0.135], 100% {0.179, 0.183} (wid=0.006 ws=0.004) (gid=0.178 gs=0.001)
    Legalizer API calls during this step: 0 succeeded with high effort: 0 succeeded with medium effort: 0 succeeded with low effort: 0 succeeded with basic effort: 0 succeeded with basic unbounded effort: 0
  Approximately balancing paths done. (took cpu=0:00:00.0 real=0:00:00.0)
  Stage::Balancing done. (took cpu=0:00:00.1 real=0:00:00.1)
  Stage::Polishing...
  Merging balancing drivers for power...
    Tried: 4 Succeeded: 0
    Clock tree timing engine global stage delay update for delay1:both.late...
    Clock tree timing engine global stage delay update for delay1:both.late done. (took cpu=0:00:00.0 real=0:00:00.0)
    Clock DAG stats after 'Merging balancing drivers for power':
      cell counts      : b=2, i=0, icg=0, nicg=0, l=0, total=2
      cell areas       : b=42.386um^2, i=0.000um^2, icg=0.000um^2, nicg=0.000um^2, l=0.000um^2, total=42.386um^2
      cell capacitance : b=0.021pF, i=0.000pF, icg=0.000pF, nicg=0.000pF, l=0.000pF, total=0.021pF
      sink capacitance : count=158, total=0.274pF, avg=0.002pF, sd=0.000pF, min=0.002pF, max=0.002pF
      wire capacitance : top=0.000pF, trunk=0.019pF, leaf=0.124pF, total=0.143pF
      wire lengths     : top=0.000um, trunk=166.170um, leaf=1098.518um, total=1264.688um
      hp wire lengths  : top=0.000um, trunk=0.000um, leaf=313.345um, total=313.345um
    Clock DAG net violations after 'Merging balancing drivers for power': none
    Clock DAG primary half-corner transition distribution after 'Merging balancing drivers for power':
      Trunk : target=0.196ns count=1 avg=0.004ns sd=0.000ns min=0.004ns max=0.004ns {1 <= 0.118ns, 0 <= 0.157ns, 0 <= 0.176ns, 0 <= 0.186ns, 0 <= 0.196ns}
      Leaf  : target=0.196ns count=2 avg=0.127ns sd=0.000ns min=0.127ns max=0.127ns {0 <= 0.118ns, 2 <= 0.157ns, 0 <= 0.176ns, 0 <= 0.186ns, 0 <= 0.196ns}
    Clock DAG library cell distribution after 'Merging balancing drivers for power' {count}:
       Bufs: CLKBUFX16: 2 
    Primary reporting skew groups after 'Merging balancing drivers for power':
      skew_group clk/sdc1: insertion delay [min=0.179, max=0.183], skew [0.005 vs 0.135]
    Skew group summary after 'Merging balancing drivers for power':
      skew_group clk/sdc1: insertion delay [min=0.179, max=0.183], skew [0.005 vs 0.135]
    Legalizer API calls during this step: 0 succeeded with high effort: 0 succeeded with medium effort: 0 succeeded with low effort: 0 succeeded with basic effort: 0 succeeded with basic unbounded effort: 0
  Merging balancing drivers for power done. (took cpu=0:00:00.0 real=0:00:00.0)
  Improving clock skew...
    Clock DAG stats after 'Improving clock skew':
      cell counts      : b=2, i=0, icg=0, nicg=0, l=0, total=2
      cell areas       : b=42.386um^2, i=0.000um^2, icg=0.000um^2, nicg=0.000um^2, l=0.000um^2, total=42.386um^2
      cell capacitance : b=0.021pF, i=0.000pF, icg=0.000pF, nicg=0.000pF, l=0.000pF, total=0.021pF
      sink capacitance : count=158, total=0.274pF, avg=0.002pF, sd=0.000pF, min=0.002pF, max=0.002pF
      wire capacitance : top=0.000pF, trunk=0.019pF, leaf=0.124pF, total=0.143pF
      wire lengths     : top=0.000um, trunk=166.170um, leaf=1098.518um, total=1264.688um
      hp wire lengths  : top=0.000um, trunk=0.000um, leaf=313.345um, total=313.345um
    Clock DAG net violations after 'Improving clock skew': none
    Clock DAG primary half-corner transition distribution after 'Improving clock skew':
      Trunk : target=0.196ns count=1 avg=0.004ns sd=0.000ns min=0.004ns max=0.004ns {1 <= 0.118ns, 0 <= 0.157ns, 0 <= 0.176ns, 0 <= 0.186ns, 0 <= 0.196ns}
      Leaf  : target=0.196ns count=2 avg=0.127ns sd=0.000ns min=0.127ns max=0.127ns {0 <= 0.118ns, 2 <= 0.157ns, 0 <= 0.176ns, 0 <= 0.186ns, 0 <= 0.196ns}
    Clock DAG library cell distribution after 'Improving clock skew' {count}:
       Bufs: CLKBUFX16: 2 
    Primary reporting skew groups after 'Improving clock skew':
      skew_group clk/sdc1: insertion delay [min=0.179, max=0.183, avg=0.182, sd=0.001], skew [0.005 vs 0.135], 100% {0.179, 0.183} (wid=0.006 ws=0.004) (gid=0.178 gs=0.001)
    Skew group summary after 'Improving clock skew':
      skew_group clk/sdc1: insertion delay [min=0.179, max=0.183, avg=0.182, sd=0.001], skew [0.005 vs 0.135], 100% {0.179, 0.183} (wid=0.006 ws=0.004) (gid=0.178 gs=0.001)
    Legalizer API calls during this step: 0 succeeded with high effort: 0 succeeded with medium effort: 0 succeeded with low effort: 0 succeeded with basic effort: 0 succeeded with basic unbounded effort: 0
  Improving clock skew done. (took cpu=0:00:00.0 real=0:00:00.0)
  Moving gates to reduce wire capacitance...
    Modified slew target multipliers. Leaf=(1 to 0.9) Trunk=(1 to 0.95) Top=(1 to 0.95)
    Iteration 1...
      Artificially removing short and long paths...
        Legalizer API calls during this step: 0 succeeded with high effort: 0 succeeded with medium effort: 0 succeeded with low effort: 0 succeeded with basic effort: 0 succeeded with basic unbounded effort: 0
      Artificially removing short and long paths done. (took cpu=0:00:00.0 real=0:00:00.0)
      Moving gates to reduce wire capacitance - iteration 1: WireCapReduction...
        Legalizer API calls during this step: 10 succeeded with high effort: 10 succeeded with medium effort: 0 succeeded with low effort: 0 succeeded with basic effort: 0 succeeded with basic unbounded effort: 0
      Moving gates to reduce wire capacitance - iteration 1: WireCapReduction done. (took cpu=0:00:00.0 real=0:00:00.0)
      Moving gates to reduce wire capacitance - iteration 1: MoveGates...
        Moving gates: ...20% ...40% ...60% ...80% ...100% 
        Legalizer API calls during this step: 24 succeeded with high effort: 24 succeeded with medium effort: 0 succeeded with low effort: 0 succeeded with basic effort: 0 succeeded with basic unbounded effort: 0
      Moving gates to reduce wire capacitance - iteration 1: MoveGates done. (took cpu=0:00:00.1 real=0:00:00.1)
    Iteration 1 done.
    Iteration 2...
      Artificially removing short and long paths...
        Legalizer API calls during this step: 0 succeeded with high effort: 0 succeeded with medium effort: 0 succeeded with low effort: 0 succeeded with basic effort: 0 succeeded with basic unbounded effort: 0
      Artificially removing short and long paths done. (took cpu=0:00:00.0 real=0:00:00.0)
      Moving gates to reduce wire capacitance - iteration 2: WireCapReduction...
        Legalizer API calls during this step: 7 succeeded with high effort: 7 succeeded with medium effort: 0 succeeded with low effort: 0 succeeded with basic effort: 0 succeeded with basic unbounded effort: 0
      Moving gates to reduce wire capacitance - iteration 2: WireCapReduction done. (took cpu=0:00:00.0 real=0:00:00.0)
      Moving gates to reduce wire capacitance - iteration 2: MoveGates...
        Moving gates: ...20% ...40% ...60% ...80% ...100% 
        Legalizer API calls during this step: 24 succeeded with high effort: 24 succeeded with medium effort: 0 succeeded with low effort: 0 succeeded with basic effort: 0 succeeded with basic unbounded effort: 0
      Moving gates to reduce wire capacitance - iteration 2: MoveGates done. (took cpu=0:00:00.1 real=0:00:00.1)
    Iteration 2 done.
    Reverted slew target multipliers. Leaf=(0.9 to 1) Trunk=(0.95 to 1) Top=(0.95 to 1)
    Clock DAG stats after 'Moving gates to reduce wire capacitance':
      cell counts      : b=2, i=0, icg=0, nicg=0, l=0, total=2
      cell areas       : b=42.386um^2, i=0.000um^2, icg=0.000um^2, nicg=0.000um^2, l=0.000um^2, total=42.386um^2
      cell capacitance : b=0.021pF, i=0.000pF, icg=0.000pF, nicg=0.000pF, l=0.000pF, total=0.021pF
      sink capacitance : count=158, total=0.274pF, avg=0.002pF, sd=0.000pF, min=0.002pF, max=0.002pF
      wire capacitance : top=0.000pF, trunk=0.014pF, leaf=0.123pF, total=0.137pF
      wire lengths     : top=0.000um, trunk=120.930um, leaf=1086.919um, total=1207.849um
      hp wire lengths  : top=0.000um, trunk=0.000um, leaf=311.750um, total=311.750um
    Clock DAG net violations after 'Moving gates to reduce wire capacitance': none
    Clock DAG primary half-corner transition distribution after 'Moving gates to reduce wire capacitance':
      Trunk : target=0.196ns count=1 avg=0.003ns sd=0.000ns min=0.003ns max=0.003ns {1 <= 0.118ns, 0 <= 0.157ns, 0 <= 0.176ns, 0 <= 0.186ns, 0 <= 0.196ns}
      Leaf  : target=0.196ns count=2 avg=0.126ns sd=0.001ns min=0.125ns max=0.127ns {0 <= 0.118ns, 2 <= 0.157ns, 0 <= 0.176ns, 0 <= 0.186ns, 0 <= 0.196ns}
    Clock DAG library cell distribution after 'Moving gates to reduce wire capacitance' {count}:
       Bufs: CLKBUFX16: 2 
    Primary reporting skew groups after 'Moving gates to reduce wire capacitance':
      skew_group clk/sdc1: insertion delay [min=0.179, max=0.184, avg=0.181, sd=0.001], skew [0.005 vs 0.135], 100% {0.179, 0.184} (wid=0.006 ws=0.004) (gid=0.178 gs=0.001)
    Skew group summary after 'Moving gates to reduce wire capacitance':
      skew_group clk/sdc1: insertion delay [min=0.179, max=0.184, avg=0.181, sd=0.001], skew [0.005 vs 0.135], 100% {0.179, 0.184} (wid=0.006 ws=0.004) (gid=0.178 gs=0.001)
    Legalizer API calls during this step: 65 succeeded with high effort: 65 succeeded with medium effort: 0 succeeded with low effort: 0 succeeded with basic effort: 0 succeeded with basic unbounded effort: 0
  Moving gates to reduce wire capacitance done. (took cpu=0:00:00.1 real=0:00:00.1)
  Reducing clock tree power 3...
    Artificially removing short and long paths...
      Legalizer API calls during this step: 0 succeeded with high effort: 0 succeeded with medium effort: 0 succeeded with low effort: 0 succeeded with basic effort: 0 succeeded with basic unbounded effort: 0
    Artificially removing short and long paths done. (took cpu=0:00:00.0 real=0:00:00.0)
    Initial gate capacitance is (rise=0.295pF fall=0.285pF).
    Resizing gates: ...20% ...40% ...60% ...80% ...Legalizing clock trees...
    Legalizing clock trees done. (took cpu=0:00:00.0 real=0:00:00.0)
    100% 
    Clock DAG stats after 'Reducing clock tree power 3':
      cell counts      : b=2, i=0, icg=0, nicg=0, l=0, total=2
      cell areas       : b=42.386um^2, i=0.000um^2, icg=0.000um^2, nicg=0.000um^2, l=0.000um^2, total=42.386um^2
      cell capacitance : b=0.021pF, i=0.000pF, icg=0.000pF, nicg=0.000pF, l=0.000pF, total=0.021pF
      sink capacitance : count=158, total=0.274pF, avg=0.002pF, sd=0.000pF, min=0.002pF, max=0.002pF
      wire capacitance : top=0.000pF, trunk=0.014pF, leaf=0.123pF, total=0.137pF
      wire lengths     : top=0.000um, trunk=120.930um, leaf=1086.919um, total=1207.849um
      hp wire lengths  : top=0.000um, trunk=0.000um, leaf=311.750um, total=311.750um
    Clock DAG net violations after 'Reducing clock tree power 3': none
    Clock DAG primary half-corner transition distribution after 'Reducing clock tree power 3':
      Trunk : target=0.196ns count=1 avg=0.003ns sd=0.000ns min=0.003ns max=0.003ns {1 <= 0.118ns, 0 <= 0.157ns, 0 <= 0.176ns, 0 <= 0.186ns, 0 <= 0.196ns}
      Leaf  : target=0.196ns count=2 avg=0.126ns sd=0.001ns min=0.125ns max=0.127ns {0 <= 0.118ns, 2 <= 0.157ns, 0 <= 0.176ns, 0 <= 0.186ns, 0 <= 0.196ns}
    Clock DAG library cell distribution after 'Reducing clock tree power 3' {count}:
       Bufs: CLKBUFX16: 2 
    Primary reporting skew groups after 'Reducing clock tree power 3':
      skew_group clk/sdc1: insertion delay [min=0.179, max=0.184, avg=0.181, sd=0.001], skew [0.005 vs 0.135], 100% {0.179, 0.184} (wid=0.006 ws=0.004) (gid=0.178 gs=0.001)
    Skew group summary after 'Reducing clock tree power 3':
      skew_group clk/sdc1: insertion delay [min=0.179, max=0.184, avg=0.181, sd=0.001], skew [0.005 vs 0.135], 100% {0.179, 0.184} (wid=0.006 ws=0.004) (gid=0.178 gs=0.001)
    Legalizer API calls during this step: 6 succeeded with high effort: 6 succeeded with medium effort: 0 succeeded with low effort: 0 succeeded with basic effort: 0 succeeded with basic unbounded effort: 0
  Reducing clock tree power 3 done. (took cpu=0:00:00.0 real=0:00:00.0)
  Improving insertion delay...
    Clock DAG stats after 'Improving insertion delay':
      cell counts      : b=2, i=0, icg=0, nicg=0, l=0, total=2
      cell areas       : b=42.386um^2, i=0.000um^2, icg=0.000um^2, nicg=0.000um^2, l=0.000um^2, total=42.386um^2
      cell capacitance : b=0.021pF, i=0.000pF, icg=0.000pF, nicg=0.000pF, l=0.000pF, total=0.021pF
      sink capacitance : count=158, total=0.274pF, avg=0.002pF, sd=0.000pF, min=0.002pF, max=0.002pF
      wire capacitance : top=0.000pF, trunk=0.014pF, leaf=0.123pF, total=0.137pF
      wire lengths     : top=0.000um, trunk=120.930um, leaf=1086.919um, total=1207.849um
      hp wire lengths  : top=0.000um, trunk=0.000um, leaf=311.750um, total=311.750um
    Clock DAG net violations after 'Improving insertion delay': none
    Clock DAG primary half-corner transition distribution after 'Improving insertion delay':
      Trunk : target=0.196ns count=1 avg=0.003ns sd=0.000ns min=0.003ns max=0.003ns {1 <= 0.118ns, 0 <= 0.157ns, 0 <= 0.176ns, 0 <= 0.186ns, 0 <= 0.196ns}
      Leaf  : target=0.196ns count=2 avg=0.126ns sd=0.001ns min=0.125ns max=0.127ns {0 <= 0.118ns, 2 <= 0.157ns, 0 <= 0.176ns, 0 <= 0.186ns, 0 <= 0.196ns}
    Clock DAG library cell distribution after 'Improving insertion delay' {count}:
       Bufs: CLKBUFX16: 2 
    Primary reporting skew groups after 'Improving insertion delay':
      skew_group clk/sdc1: insertion delay [min=0.179, max=0.184, avg=0.181, sd=0.001], skew [0.005 vs 0.135], 100% {0.179, 0.184} (wid=0.006 ws=0.004) (gid=0.178 gs=0.001)
    Skew group summary after 'Improving insertion delay':
      skew_group clk/sdc1: insertion delay [min=0.179, max=0.184, avg=0.181, sd=0.001], skew [0.005 vs 0.135], 100% {0.179, 0.184} (wid=0.006 ws=0.004) (gid=0.178 gs=0.001)
    Legalizer API calls during this step: 0 succeeded with high effort: 0 succeeded with medium effort: 0 succeeded with low effort: 0 succeeded with basic effort: 0 succeeded with basic unbounded effort: 0
  Improving insertion delay done. (took cpu=0:00:00.0 real=0:00:00.0)
  Wire Opt OverFix...
    Wire Reduction extra effort...
      Modified slew target multipliers. Leaf=(1 to 0.95) Trunk=(1 to 1) Top=(1 to 1)
      Artificially removing short and long paths...
        Legalizer API calls during this step: 0 succeeded with high effort: 0 succeeded with medium effort: 0 succeeded with low effort: 0 succeeded with basic effort: 0 succeeded with basic unbounded effort: 0
      Artificially removing short and long paths done. (took cpu=0:00:00.0 real=0:00:00.0)
      Global shorten wires A0...
        Legalizer API calls during this step: 0 succeeded with high effort: 0 succeeded with medium effort: 0 succeeded with low effort: 0 succeeded with basic effort: 0 succeeded with basic unbounded effort: 0
      Global shorten wires A0 done. (took cpu=0:00:00.0 real=0:00:00.0)
      Move For Wirelength - core...
        Move for wirelength. considered=3, filtered=3, permitted=2, cannotCompute=1, computed=1, moveTooSmall=3, resolved=0, predictFail=0, currentlyIllegal=0, legalizationFail=0, legalizedMoveTooSmall=0, ignoredLeafDriver=0, worse=2, accepted=0
        Max accepted move=0.000um, total accepted move=0.000um
        Legalizer API calls during this step: 2 succeeded with high effort: 2 succeeded with medium effort: 0 succeeded with low effort: 0 succeeded with basic effort: 0 succeeded with basic unbounded effort: 0
      Move For Wirelength - core done. (took cpu=0:00:00.0 real=0:00:00.0)
      Global shorten wires A1...
        Legalizer API calls during this step: 0 succeeded with high effort: 0 succeeded with medium effort: 0 succeeded with low effort: 0 succeeded with basic effort: 0 succeeded with basic unbounded effort: 0
      Global shorten wires A1 done. (took cpu=0:00:00.0 real=0:00:00.0)
      Move For Wirelength - core...
        Move for wirelength. considered=3, filtered=3, permitted=2, cannotCompute=2, computed=0, moveTooSmall=2, resolved=0, predictFail=0, currentlyIllegal=0, legalizationFail=0, legalizedMoveTooSmall=0, ignoredLeafDriver=0, worse=0, accepted=0
        Max accepted move=0.000um, total accepted move=0.000um
        Legalizer API calls during this step: 0 succeeded with high effort: 0 succeeded with medium effort: 0 succeeded with low effort: 0 succeeded with basic effort: 0 succeeded with basic unbounded effort: 0
      Move For Wirelength - core done. (took cpu=0:00:00.0 real=0:00:00.0)
      Global shorten wires B...
        Legalizer API calls during this step: 7 succeeded with high effort: 7 succeeded with medium effort: 0 succeeded with low effort: 0 succeeded with basic effort: 0 succeeded with basic unbounded effort: 0
      Global shorten wires B done. (took cpu=0:00:00.0 real=0:00:00.0)
      Move For Wirelength - branch...
        Move for wirelength. considered=3, filtered=3, permitted=2, cannotCompute=0, computed=2, moveTooSmall=0, resolved=0, predictFail=0, currentlyIllegal=0, legalizationFail=0, legalizedMoveTooSmall=0, ignoredLeafDriver=0, worse=2, accepted=0
        Max accepted move=0.000um, total accepted move=0.000um
        Legalizer API calls during this step: 2 succeeded with high effort: 2 succeeded with medium effort: 0 succeeded with low effort: 0 succeeded with basic effort: 0 succeeded with basic unbounded effort: 0
      Move For Wirelength - branch done. (took cpu=0:00:00.0 real=0:00:00.0)
      Reverted slew target multipliers. Leaf=(0.95 to 1) Trunk=(1 to 1) Top=(1 to 1)
      Clock DAG stats after 'Wire Reduction extra effort':
        cell counts      : b=2, i=0, icg=0, nicg=0, l=0, total=2
        cell areas       : b=42.386um^2, i=0.000um^2, icg=0.000um^2, nicg=0.000um^2, l=0.000um^2, total=42.386um^2
        cell capacitance : b=0.021pF, i=0.000pF, icg=0.000pF, nicg=0.000pF, l=0.000pF, total=0.021pF
        sink capacitance : count=158, total=0.274pF, avg=0.002pF, sd=0.000pF, min=0.002pF, max=0.002pF
        wire capacitance : top=0.000pF, trunk=0.014pF, leaf=0.123pF, total=0.137pF
        wire lengths     : top=0.000um, trunk=120.930um, leaf=1086.919um, total=1207.849um
        hp wire lengths  : top=0.000um, trunk=0.000um, leaf=311.750um, total=311.750um
      Clock DAG net violations after 'Wire Reduction extra effort': none
      Clock DAG primary half-corner transition distribution after 'Wire Reduction extra effort':
        Trunk : target=0.196ns count=1 avg=0.003ns sd=0.000ns min=0.003ns max=0.003ns {1 <= 0.118ns, 0 <= 0.157ns, 0 <= 0.176ns, 0 <= 0.186ns, 0 <= 0.196ns}
        Leaf  : target=0.196ns count=2 avg=0.126ns sd=0.001ns min=0.125ns max=0.127ns {0 <= 0.118ns, 2 <= 0.157ns, 0 <= 0.176ns, 0 <= 0.186ns, 0 <= 0.196ns}
      Clock DAG library cell distribution after 'Wire Reduction extra effort' {count}:
         Bufs: CLKBUFX16: 2 
      Primary reporting skew groups after 'Wire Reduction extra effort':
        skew_group clk/sdc1: insertion delay [min=0.179, max=0.184, avg=0.181, sd=0.001], skew [0.005 vs 0.135], 100% {0.179, 0.184} (wid=0.006 ws=0.004) (gid=0.178 gs=0.001)
      Skew group summary after 'Wire Reduction extra effort':
        skew_group clk/sdc1: insertion delay [min=0.179, max=0.184, avg=0.181, sd=0.001], skew [0.005 vs 0.135], 100% {0.179, 0.184} (wid=0.006 ws=0.004) (gid=0.178 gs=0.001)
      Legalizer API calls during this step: 11 succeeded with high effort: 11 succeeded with medium effort: 0 succeeded with low effort: 0 succeeded with basic effort: 0 succeeded with basic unbounded effort: 0
    Wire Reduction extra effort done. (took cpu=0:00:00.0 real=0:00:00.0)
    Optimizing orientation...
    FlipOpt...
    Disconnecting clock tree from netlist...
    Disconnecting clock tree from netlist done.
    Performing Single Threaded FlipOpt
    Optimizing orientation on clock cells...
      Orientation Wirelength Optimization: Attempted = 4 , Succeeded = 0 , Constraints Broken = 2 , CannotMove = 2 , Illegal = 0 , Other = 0
    Optimizing orientation on clock cells done.
    Resynthesising clock tree into netlist...
      Reset timing graph...
Ignoring AAE DB Resetting ...
      Reset timing graph done.
    Resynthesising clock tree into netlist done.
    FlipOpt done. (took cpu=0:00:00.0 real=0:00:00.0)
    Optimizing orientation done. (took cpu=0:00:00.0 real=0:00:00.0)
    Clock DAG stats after 'Wire Opt OverFix':
      cell counts      : b=2, i=0, icg=0, nicg=0, l=0, total=2
      cell areas       : b=42.386um^2, i=0.000um^2, icg=0.000um^2, nicg=0.000um^2, l=0.000um^2, total=42.386um^2
      cell capacitance : b=0.021pF, i=0.000pF, icg=0.000pF, nicg=0.000pF, l=0.000pF, total=0.021pF
      sink capacitance : count=158, total=0.274pF, avg=0.002pF, sd=0.000pF, min=0.002pF, max=0.002pF
      wire capacitance : top=0.000pF, trunk=0.014pF, leaf=0.123pF, total=0.137pF
      wire lengths     : top=0.000um, trunk=120.930um, leaf=1086.919um, total=1207.849um
      hp wire lengths  : top=0.000um, trunk=0.000um, leaf=311.750um, total=311.750um
    Clock DAG net violations after 'Wire Opt OverFix': none
    Clock DAG primary half-corner transition distribution after 'Wire Opt OverFix':
      Trunk : target=0.196ns count=1 avg=0.003ns sd=0.000ns min=0.003ns max=0.003ns {1 <= 0.118ns, 0 <= 0.157ns, 0 <= 0.176ns, 0 <= 0.186ns, 0 <= 0.196ns}
      Leaf  : target=0.196ns count=2 avg=0.126ns sd=0.001ns min=0.125ns max=0.127ns {0 <= 0.118ns, 2 <= 0.157ns, 0 <= 0.176ns, 0 <= 0.186ns, 0 <= 0.196ns}
    Clock DAG library cell distribution after 'Wire Opt OverFix' {count}:
       Bufs: CLKBUFX16: 2 
    Primary reporting skew groups after 'Wire Opt OverFix':
      skew_group clk/sdc1: insertion delay [min=0.179, max=0.184, avg=0.181, sd=0.001], skew [0.005 vs 0.135], 100% {0.179, 0.184} (wid=0.006 ws=0.004) (gid=0.178 gs=0.001)
    Skew group summary after 'Wire Opt OverFix':
      skew_group clk/sdc1: insertion delay [min=0.179, max=0.184, avg=0.181, sd=0.001], skew [0.005 vs 0.135], 100% {0.179, 0.184} (wid=0.006 ws=0.004) (gid=0.178 gs=0.001)
    Legalizer API calls during this step: 11 succeeded with high effort: 11 succeeded with medium effort: 0 succeeded with low effort: 0 succeeded with basic effort: 0 succeeded with basic unbounded effort: 0
  Wire Opt OverFix done. (took cpu=0:00:00.1 real=0:00:00.1)
  Total capacitance is (rise=0.432pF fall=0.422pF), of which (rise=0.137pF fall=0.137pF) is wire, and (rise=0.295pF fall=0.285pF) is gate.
  Stage::Polishing done. (took cpu=0:00:00.2 real=0:00:00.3)
  Stage::Updating netlist...
  Reset timing graph...
Ignoring AAE DB Resetting ...
  Reset timing graph done.
  Setting non-default rules before calling refine place.
  Leaving CCOpt scope - ClockRefiner...
  Performing Clock Only Refine Place.
*** Starting refinePlace (0:00:38.0 mem=1390.7M) ***
Total net bbox length = 1.127e+04 (5.076e+03 6.197e+03) (ext = 2.519e+03)
Move report: Detail placement moves 0 insts, mean move: 0.00 um, max move: 0.00 um
	Runtime: CPU: 0:00:00.0 REAL: 0:00:00.0 MEM: 1390.7MB
Summary Report:
Instances move: 0 (out of 448 movable)
Instances flipped: 0
Mean displacement: 0.00 um
Max displacement: 0.00 um 
Total net bbox length = 1.127e+04 (5.076e+03 6.197e+03) (ext = 2.519e+03)
Runtime: CPU: 0:00:00.0 REAL: 0:00:00.0 MEM: 1390.7MB
*** Finished refinePlace (0:00:38.1 mem=1390.7M) ***
  ClockRefiner summary
  All clock instances: Moved 0, flipped 0 and cell swapped 0 (out of a total of 160).
  Leaving CCOpt scope - ClockRefiner done. (took cpu=0:00:00.0 real=0:00:00.0)
  Stage::Updating netlist done. (took cpu=0:00:00.0 real=0:00:00.0)
  CCOpt::Phase::Implementation done. (took cpu=0:00:00.4 real=0:00:00.4)
  CCOpt::Phase::eGRPC...
  eGR Post Conditioning loop iteration 0...
    Clock implementation routing...
      Leaving CCOpt scope - Routing Tools...
Net route status summary:
  Clock:         3 (unrouted=3, trialRouted=0, noStatus=0, routed=0, fixed=0, [crossesIlmBoundary=0, tooFewTerms=0, (crossesIlmBoundary AND tooFewTerms=0)])
  Non-clock:  2531 (unrouted=2011, trialRouted=520, noStatus=0, routed=0, fixed=0, [crossesIlmBoundary=0, tooFewTerms=2011, (crossesIlmBoundary AND tooFewTerms=0)])
      Routing using eGR only...
        Early Global Route - eGR only step...
(ccopt eGR): There are 3 nets for routing of which 3 have one or more fixed wires.
(ccopt eGR): Start to route 3 all nets
[NR-eGR] Track table information for default rule: 
[NR-eGR] Metal1 has no routable track
[NR-eGR] Metal2 has single uniform track structure
[NR-eGR] Metal3 has single uniform track structure
[NR-eGR] Metal4 has single uniform track structure
[NR-eGR] Metal5 has single uniform track structure
[NR-eGR] Metal6 has single uniform track structure
[NR-eGR] Metal7 has single uniform track structure
[NR-eGR] Metal8 has single uniform track structure
[NR-eGR] Metal9 has single uniform track structure
[NR-eGR] Started Read PG Shapes ( Curr Mem: 1390.66 MB )
[NR-eGR] Read 8694 PG shapes
[NR-eGR] Finished Read PG Shapes ( CPU: 0.00 sec, Real: 0.00 sec, Curr Mem: 1390.66 MB )
[NR-eGR] #Routing Blockages  : 0
[NR-eGR] #Instance Blockages : 0
[NR-eGR] #PG Blockages       : 8694
[NR-eGR] #Halo Blockages     : 0
[NR-eGR] #Boundary Blockages : 0
[NR-eGR] Num Prerouted Nets = 0  Num Prerouted Wires = 0
[NR-eGR] Read numTotalNets=523  numIgnoredNets=520
[NR-eGR] Connected 0 must-join pins/ports
[NR-eGR] There are 3 clock nets ( 3 with NDR ).
[NR-eGR] ============ Routing rule table ============
[NR-eGR] Rule id: 0  Nets: 3 
[NR-eGR] Rule id: 1  Nets: 0 
[NR-eGR] ========================================
[NR-eGR] 
[NR-eGR] Layer group 1: route 3 net(s) in layer range [3, 4]
[NR-eGR] Early Global Route overflow of layer group 1: 0.00% H + 0.00% V. EstWL: 1.192770e+03um
[NR-eGR] Create a new net group with 2 nets and layer range [3, 6]
[NR-eGR] Layer group 2: route 2 net(s) in layer range [3, 6]
[NR-eGR] Early Global Route overflow of layer group 2: 0.00% H + 0.00% V. EstWL: 1.192770e+03um
[NR-eGR] Create a new net group with 2 nets and layer range [3, 8]
[NR-eGR] Layer group 3: route 2 net(s) in layer range [3, 8]
[NR-eGR] Early Global Route overflow of layer group 3: 0.00% H + 0.00% V. EstWL: 1.192770e+03um
[NR-eGR] Create a new net group with 2 nets and layer range [3, 9]
[NR-eGR] Layer group 4: route 2 net(s) in layer range [3, 9]
[NR-eGR] Early Global Route overflow of layer group 4: 0.00% H + 0.00% V. EstWL: 1.192770e+03um
[NR-eGR] Congestion Analysis By layer: (blocked Gcells are excluded) 
[NR-eGR]                        OverCon            
[NR-eGR]                         #Gcell     %Gcell
[NR-eGR]       Layer                (0)    OverCon 
[NR-eGR] ----------------------------------------------
[NR-eGR]  Metal1  (1)         0( 0.00%)   ( 0.00%) 
[NR-eGR]  Metal2  (2)         0( 0.00%)   ( 0.00%) 
[NR-eGR]  Metal3  (3)         0( 0.00%)   ( 0.00%) 
[NR-eGR]  Metal4  (4)         0( 0.00%)   ( 0.00%) 
[NR-eGR]  Metal5  (5)         0( 0.00%)   ( 0.00%) 
[NR-eGR]  Metal6  (6)         0( 0.00%)   ( 0.00%) 
[NR-eGR]  Metal7  (7)         0( 0.00%)   ( 0.00%) 
[NR-eGR]  Metal8  (8)         0( 0.00%)   ( 0.00%) 
[NR-eGR]  Metal9  (9)         0( 0.00%)   ( 0.00%) 
[NR-eGR] ----------------------------------------------
[NR-eGR] Total                0( 0.00%)   ( 0.00%) 
[NR-eGR] 
[NR-eGR] Overflow after Early Global Route (GR compatible) 0.00% H + 0.00% V
[NR-eGR] Overflow after Early Global Route 0.00% H + 0.00% V
[NR-eGR] Started Export DB wires ( Curr Mem: 1390.66 MB )
[NR-eGR] Started Export all nets ( Curr Mem: 1390.66 MB )
[NR-eGR] Finished Export all nets ( CPU: 0.00 sec, Real: 0.00 sec, Curr Mem: 1390.66 MB )
[NR-eGR] Started Set wire vias ( Curr Mem: 1390.66 MB )
[NR-eGR] Finished Set wire vias ( CPU: 0.00 sec, Real: 0.00 sec, Curr Mem: 1390.66 MB )
[NR-eGR] Finished Export DB wires ( CPU: 0.00 sec, Real: 0.00 sec, Curr Mem: 1390.66 MB )
[NR-eGR] --------------------------------------------------------------------------
[NR-eGR] Metal1  (1F) length: 0.000000e+00um, number of vias: 1937
[NR-eGR] Metal2  (2V) length: 7.103460e+03um, number of vias: 3093
[NR-eGR] Metal3  (3H) length: 6.385525e+03um, number of vias: 241
[NR-eGR] Metal4  (4V) length: 1.024060e+03um, number of vias: 28
[NR-eGR] Metal5  (5H) length: 1.512350e+02um, number of vias: 0
[NR-eGR] Metal6  (6V) length: 0.000000e+00um, number of vias: 0
[NR-eGR] Metal7  (7H) length: 0.000000e+00um, number of vias: 0
[NR-eGR] Metal8  (8V) length: 0.000000e+00um, number of vias: 0
[NR-eGR] Metal9  (9H) length: 0.000000e+00um, number of vias: 0
[NR-eGR] Total length: 1.466428e+04um, number of vias: 5299
[NR-eGR] --------------------------------------------------------------------------
[NR-eGR] Total eGR-routed clock nets wire length: 1.220900e+03um 
[NR-eGR] --------------------------------------------------------------------------
[NR-eGR] Report for selected net(s) only.
[NR-eGR] Metal1  (1H) length: 0.000000e+00um, number of vias: 162
[NR-eGR] Metal2  (2V) length: 1.653000e+02um, number of vias: 188
[NR-eGR] Metal3  (3H) length: 4.683500e+02um, number of vias: 128
[NR-eGR] Metal4  (4V) length: 5.188100e+02um, number of vias: 17
[NR-eGR] Metal5  (5H) length: 6.844000e+01um, number of vias: 0
[NR-eGR] Metal6  (6V) length: 0.000000e+00um, number of vias: 0
[NR-eGR] Metal7  (7H) length: 0.000000e+00um, number of vias: 0
[NR-eGR] Metal8  (8V) length: 0.000000e+00um, number of vias: 0
[NR-eGR] Metal9  (9H) length: 0.000000e+00um, number of vias: 0
[NR-eGR] Total length: 1.220900e+03um, number of vias: 495
[NR-eGR] --------------------------------------------------------------------------
[NR-eGR] Total routed clock nets wire length: 1.220900e+03um, number of vias: 495
[NR-eGR] --------------------------------------------------------------------------
[NR-eGR] Finished Early Global Route kernel ( CPU: 0.14 sec, Real: 0.14 sec, Curr Mem: 1390.66 MB )
        Early Global Route - eGR only step done. (took cpu=0:00:00.2 real=0:00:00.2)
Set FIXED routing status on 3 net(s)
      Routing using eGR only done.
Net route status summary:
  Clock:         3 (unrouted=0, trialRouted=0, noStatus=0, routed=0, fixed=3, [crossesIlmBoundary=0, tooFewTerms=0, (crossesIlmBoundary AND tooFewTerms=0)])
  Non-clock:  2531 (unrouted=2011, trialRouted=520, noStatus=0, routed=0, fixed=0, [crossesIlmBoundary=0, tooFewTerms=2011, (crossesIlmBoundary AND tooFewTerms=0)])

CCOPT: Done with clock implementation routing.

      Leaving CCOpt scope - Routing Tools done. (took cpu=0:00:00.2 real=0:00:00.2)
    Clock implementation routing done.
    Leaving CCOpt scope - extractRC...
    Updating RC parasitics by calling: "extractRC -noRouteCheck"...
Extraction called for design 'HA' of instances=448 and nets=2534 using extraction engine 'preRoute' .
PreRoute RC Extraction called for design HA.
RC Extraction called in multi-corner(1) mode.
**WARN: (IMPEXT-6197):	The Cap table file is not specified. This will result in lower parasitic accuracy when using preRoute extraction or postRoute extraction with effort level 'low'. It is recommended to generate the Cap table file using the 'generateCapTbl' command and specify it before extraction using 'create_rc_corner/update_rc_corner -cap_table'.
Type 'man IMPEXT-6197' for more detail.
RCMode: PreRoute
      RC Corner Indexes            0   
Capacitance Scaling Factor   : 1.00000 
Resistance Scaling Factor    : 1.00000 
Clock Cap. Scaling Factor    : 1.00000 
Clock Res. Scaling Factor    : 1.00000 
Shrink Factor                : 1.00000
PreRoute extraction is honoring NDR/Shielding/ExtraSpace for clock nets.
Updating RC grid for preRoute extraction ...
Initializing multi-corner resistance tables ...
PreRoute RC Extraction DONE (CPU Time: 0:00:00.0  Real Time: 0:00:00.0  MEM: 1390.660M)
    Updating RC parasitics by calling: "extractRC -noRouteCheck" done.
    Leaving CCOpt scope - extractRC done. (took cpu=0:00:00.0 real=0:00:00.0)
    Calling post conditioning for eGRPC...
      eGRPC...
        eGRPC active optimizations:
         - Move Down
         - Downsizing before DRV sizing
         - DRV fixing with cell sizing
         - Move to fanout
         - Cloning
        
        Currently running CTS, using active skew data
        Reset bufferability constraints...
        Resetting previous bufferability status on all nets so that eGRPC will attempt to fix all clock tree violations.
        Clock tree timing engine global stage delay update for delay1:both.late...
        Clock tree timing engine global stage delay update for delay1:both.late done. (took cpu=0:00:00.0 real=0:00:00.0)
        Reset bufferability constraints done. (took cpu=0:00:00.0 real=0:00:00.0)
        Clock DAG stats eGRPC initial state:
          cell counts      : b=2, i=0, icg=0, nicg=0, l=0, total=2
          cell areas       : b=42.386um^2, i=0.000um^2, icg=0.000um^2, nicg=0.000um^2, l=0.000um^2, total=42.386um^2
          cell capacitance : b=0.021pF, i=0.000pF, icg=0.000pF, nicg=0.000pF, l=0.000pF, total=0.021pF
          sink capacitance : count=158, total=0.274pF, avg=0.002pF, sd=0.000pF, min=0.002pF, max=0.002pF
          wire capacitance : top=0.000pF, trunk=0.014pF, leaf=0.126pF, total=0.139pF
          wire lengths     : top=0.000um, trunk=120.930um, leaf=1099.970um, total=1220.900um
          hp wire lengths  : top=0.000um, trunk=0.000um, leaf=311.750um, total=311.750um
        Clock DAG net violations eGRPC initial state: none
        Clock DAG primary half-corner transition distribution eGRPC initial state:
          Trunk : target=0.196ns count=1 avg=0.003ns sd=0.000ns min=0.003ns max=0.003ns {1 <= 0.118ns, 0 <= 0.157ns, 0 <= 0.176ns, 0 <= 0.186ns, 0 <= 0.196ns}
          Leaf  : target=0.196ns count=2 avg=0.127ns sd=0.001ns min=0.126ns max=0.127ns {0 <= 0.118ns, 2 <= 0.157ns, 0 <= 0.176ns, 0 <= 0.186ns, 0 <= 0.196ns}
        Clock DAG library cell distribution eGRPC initial state {count}:
           Bufs: CLKBUFX16: 2 
        Primary reporting skew groups eGRPC initial state:
          skew_group clk/sdc1: insertion delay [min=0.179, max=0.184, avg=0.182, sd=0.001], skew [0.005 vs 0.135], 100% {0.179, 0.184} (wid=0.005 ws=0.004) (gid=0.179 gs=0.001)
        Skew group summary eGRPC initial state:
          skew_group clk/sdc1: insertion delay [min=0.179, max=0.184, avg=0.182, sd=0.001], skew [0.005 vs 0.135], 100% {0.179, 0.184} (wid=0.005 ws=0.004) (gid=0.179 gs=0.001)
        eGRPC Moving buffers...
          Violation analysis...
          Violation analysis done. (took cpu=0:00:00.0 real=0:00:00.0)
          Clock DAG stats after 'eGRPC Moving buffers':
            cell counts      : b=2, i=0, icg=0, nicg=0, l=0, total=2
            cell areas       : b=42.386um^2, i=0.000um^2, icg=0.000um^2, nicg=0.000um^2, l=0.000um^2, total=42.386um^2
            cell capacitance : b=0.021pF, i=0.000pF, icg=0.000pF, nicg=0.000pF, l=0.000pF, total=0.021pF
            sink capacitance : count=158, total=0.274pF, avg=0.002pF, sd=0.000pF, min=0.002pF, max=0.002pF
            wire capacitance : top=0.000pF, trunk=0.014pF, leaf=0.126pF, total=0.139pF
            wire lengths     : top=0.000um, trunk=120.930um, leaf=1099.970um, total=1220.900um
            hp wire lengths  : top=0.000um, trunk=0.000um, leaf=311.750um, total=311.750um
          Clock DAG net violations after 'eGRPC Moving buffers': none
          Clock DAG primary half-corner transition distribution after 'eGRPC Moving buffers':
            Trunk : target=0.196ns count=1 avg=0.003ns sd=0.000ns min=0.003ns max=0.003ns {1 <= 0.118ns, 0 <= 0.157ns, 0 <= 0.176ns, 0 <= 0.186ns, 0 <= 0.196ns}
            Leaf  : target=0.196ns count=2 avg=0.127ns sd=0.001ns min=0.126ns max=0.127ns {0 <= 0.118ns, 2 <= 0.157ns, 0 <= 0.176ns, 0 <= 0.186ns, 0 <= 0.196ns}
          Clock DAG library cell distribution after 'eGRPC Moving buffers' {count}:
             Bufs: CLKBUFX16: 2 
          Primary reporting skew groups after 'eGRPC Moving buffers':
            skew_group clk/sdc1: insertion delay [min=0.179, max=0.184, avg=0.182, sd=0.001], skew [0.005 vs 0.135], 100% {0.179, 0.184} (wid=0.005 ws=0.004) (gid=0.179 gs=0.001)
          Skew group summary after 'eGRPC Moving buffers':
            skew_group clk/sdc1: insertion delay [min=0.179, max=0.184, avg=0.182, sd=0.001], skew [0.005 vs 0.135], 100% {0.179, 0.184} (wid=0.005 ws=0.004) (gid=0.179 gs=0.001)
          Legalizer API calls during this step: 0 succeeded with high effort: 0 succeeded with medium effort: 0 succeeded with low effort: 0 succeeded with basic effort: 0 succeeded with basic unbounded effort: 0
        eGRPC Moving buffers done. (took cpu=0:00:00.0 real=0:00:00.0)
        eGRPC Initial Pass of Downsizing Clock Tree cells...
          Artificially removing long paths...
            Artificially shortened 7 long paths. The largest offset applied was 0.000ns.
            
            
            Skew Group Offsets:
            
            ----------------------------------------------------------------------------------------
            Skew Group    Num.     Num.       Offset        Max        Previous Max.    Current Max.
                          Sinks    Offsets    Percentile    Offset     Path Delay       Path Delay
            ----------------------------------------------------------------------------------------
            clk/sdc1       158        7         4.430%      0.000ns       0.184ns         0.184ns
            ----------------------------------------------------------------------------------------
            
            Offsets Histogram:
            
            -----------------------------
            From (ns)    To (ns)    Count
            -----------------------------
            below         0.000       7
              0.000       0.005       0
            -----------------------------
            
            Mean=0.000ns Median=0.000ns Std.Dev=0.000ns
            
            
            Legalizer API calls during this step: 0 succeeded with high effort: 0 succeeded with medium effort: 0 succeeded with low effort: 0 succeeded with basic effort: 0 succeeded with basic unbounded effort: 0
          Artificially removing long paths done. (took cpu=0:00:00.0 real=0:00:00.0)
          Modifying slew-target multiplier from 1 to 0.9
          Downsizing prefiltering...
          Downsizing prefiltering done.
          Downsizing: ...20% ...40% ...60% ...80% ...100% 
          DoDownSizing Summary : numSized = 0, numUnchanged = 1, numSkippedDueToOther = 0, numSkippedDueToCloseToSlewTarget = 0, numSkippedDueToCloseToSkewTarget = 2
          CCOpt-eGRPC Downsizing: considered: 1, tested: 0, violation detected: 0, violation ignored (due to small violation): 0, cannot run: 0, attempted: 1, unsuccessful: 0, sized: 0
          Reverting slew-target multiplier from 0.9 to 1
          Reverting Artificially removing long paths...
            Legalizer API calls during this step: 0 succeeded with high effort: 0 succeeded with medium effort: 0 succeeded with low effort: 0 succeeded with basic effort: 0 succeeded with basic unbounded effort: 0
          Reverting Artificially removing long paths done. (took cpu=0:00:00.0 real=0:00:00.0)
          Clock DAG stats after 'eGRPC Initial Pass of Downsizing Clock Tree cells':
            cell counts      : b=2, i=0, icg=0, nicg=0, l=0, total=2
            cell areas       : b=42.386um^2, i=0.000um^2, icg=0.000um^2, nicg=0.000um^2, l=0.000um^2, total=42.386um^2
            cell capacitance : b=0.021pF, i=0.000pF, icg=0.000pF, nicg=0.000pF, l=0.000pF, total=0.021pF
            sink capacitance : count=158, total=0.274pF, avg=0.002pF, sd=0.000pF, min=0.002pF, max=0.002pF
            wire capacitance : top=0.000pF, trunk=0.014pF, leaf=0.126pF, total=0.139pF
            wire lengths     : top=0.000um, trunk=120.930um, leaf=1099.970um, total=1220.900um
            hp wire lengths  : top=0.000um, trunk=0.000um, leaf=311.750um, total=311.750um
          Clock DAG net violations after 'eGRPC Initial Pass of Downsizing Clock Tree cells': none
          Clock DAG primary half-corner transition distribution after 'eGRPC Initial Pass of Downsizing Clock Tree cells':
            Trunk : target=0.196ns count=1 avg=0.003ns sd=0.000ns min=0.003ns max=0.003ns {1 <= 0.118ns, 0 <= 0.157ns, 0 <= 0.176ns, 0 <= 0.186ns, 0 <= 0.196ns}
            Leaf  : target=0.196ns count=2 avg=0.127ns sd=0.001ns min=0.126ns max=0.127ns {0 <= 0.118ns, 2 <= 0.157ns, 0 <= 0.176ns, 0 <= 0.186ns, 0 <= 0.196ns}
          Clock DAG library cell distribution after 'eGRPC Initial Pass of Downsizing Clock Tree cells' {count}:
             Bufs: CLKBUFX16: 2 
          Primary reporting skew groups after 'eGRPC Initial Pass of Downsizing Clock Tree cells':
            skew_group clk/sdc1: insertion delay [min=0.179, max=0.184, avg=0.182, sd=0.001], skew [0.005 vs 0.135], 100% {0.179, 0.184} (wid=0.005 ws=0.004) (gid=0.179 gs=0.001)
          Skew group summary after 'eGRPC Initial Pass of Downsizing Clock Tree cells':
            skew_group clk/sdc1: insertion delay [min=0.179, max=0.184, avg=0.182, sd=0.001], skew [0.005 vs 0.135], 100% {0.179, 0.184} (wid=0.005 ws=0.004) (gid=0.179 gs=0.001)
          Legalizer API calls during this step: 2 succeeded with high effort: 2 succeeded with medium effort: 0 succeeded with low effort: 0 succeeded with basic effort: 0 succeeded with basic unbounded effort: 0
        eGRPC Initial Pass of Downsizing Clock Tree cells done. (took cpu=0:00:00.0 real=0:00:00.0)
        eGRPC Fixing DRVs...
          Fixing clock tree DRVs: ...20% ...40% ...60% ...80% ...100% 
          CCOpt-eGRPC: considered: 3, tested: 3, violation detected: 0, violation ignored (due to small violation): 0, cannot run: 0, attempted: 0, unsuccessful: 0, sized: 0
          
          PRO Statistics: Fix DRVs (cell sizing):
          =======================================
          
          Cell changes by Net Type:
          
          -------------------------------------------------------------------------------------------------
          Net Type    Attempted    Upsized     Downsized    Swapped Same Size    Total Changed    Not Sized
          -------------------------------------------------------------------------------------------------
          top                0            0           0            0                    0                0
          trunk              0            0           0            0                    0                0
          leaf               0            0           0            0                    0                0
          -------------------------------------------------------------------------------------------------
          Total              0            0           0            0                    0                0
          -------------------------------------------------------------------------------------------------
          
          Upsized: 0, Downsized: 0, Sized but same area: 0, Unchanged: 0, Area change: 0.000um^2 (0.000%)
          Max. move: 0.000um, Min. move: 0.000um, Avg. move: N/A
          
          Clock DAG stats after 'eGRPC Fixing DRVs':
            cell counts      : b=2, i=0, icg=0, nicg=0, l=0, total=2
            cell areas       : b=42.386um^2, i=0.000um^2, icg=0.000um^2, nicg=0.000um^2, l=0.000um^2, total=42.386um^2
            cell capacitance : b=0.021pF, i=0.000pF, icg=0.000pF, nicg=0.000pF, l=0.000pF, total=0.021pF
            sink capacitance : count=158, total=0.274pF, avg=0.002pF, sd=0.000pF, min=0.002pF, max=0.002pF
            wire capacitance : top=0.000pF, trunk=0.014pF, leaf=0.126pF, total=0.139pF
            wire lengths     : top=0.000um, trunk=120.930um, leaf=1099.970um, total=1220.900um
            hp wire lengths  : top=0.000um, trunk=0.000um, leaf=311.750um, total=311.750um
          Clock DAG net violations after 'eGRPC Fixing DRVs': none
          Clock DAG primary half-corner transition distribution after 'eGRPC Fixing DRVs':
            Trunk : target=0.196ns count=1 avg=0.003ns sd=0.000ns min=0.003ns max=0.003ns {1 <= 0.118ns, 0 <= 0.157ns, 0 <= 0.176ns, 0 <= 0.186ns, 0 <= 0.196ns}
            Leaf  : target=0.196ns count=2 avg=0.127ns sd=0.001ns min=0.126ns max=0.127ns {0 <= 0.118ns, 2 <= 0.157ns, 0 <= 0.176ns, 0 <= 0.186ns, 0 <= 0.196ns}
          Clock DAG library cell distribution after 'eGRPC Fixing DRVs' {count}:
             Bufs: CLKBUFX16: 2 
          Primary reporting skew groups after 'eGRPC Fixing DRVs':
            skew_group clk/sdc1: insertion delay [min=0.179, max=0.184, avg=0.182, sd=0.001], skew [0.005 vs 0.135], 100% {0.179, 0.184} (wid=0.005 ws=0.004) (gid=0.179 gs=0.001)
          Skew group summary after 'eGRPC Fixing DRVs':
            skew_group clk/sdc1: insertion delay [min=0.179, max=0.184, avg=0.182, sd=0.001], skew [0.005 vs 0.135], 100% {0.179, 0.184} (wid=0.005 ws=0.004) (gid=0.179 gs=0.001)
          Legalizer API calls during this step: 0 succeeded with high effort: 0 succeeded with medium effort: 0 succeeded with low effort: 0 succeeded with basic effort: 0 succeeded with basic unbounded effort: 0
        eGRPC Fixing DRVs done. (took cpu=0:00:00.0 real=0:00:00.0)
        Reconnecting optimized routes...
        Reset timing graph...
Ignoring AAE DB Resetting ...
        Reset timing graph done.
        Reconnecting optimized routes done. (took cpu=0:00:00.0 real=0:00:00.0)
        Violation analysis...
        Violation analysis done. (took cpu=0:00:00.0 real=0:00:00.0)
        Reset timing graph...
Ignoring AAE DB Resetting ...
        Reset timing graph done.
        Set dirty flag on 0 instances, 0 nets
        Clock DAG stats before routing clock trees:
          cell counts      : b=2, i=0, icg=0, nicg=0, l=0, total=2
          cell areas       : b=42.386um^2, i=0.000um^2, icg=0.000um^2, nicg=0.000um^2, l=0.000um^2, total=42.386um^2
          cell capacitance : b=0.021pF, i=0.000pF, icg=0.000pF, nicg=0.000pF, l=0.000pF, total=0.021pF
          sink capacitance : count=158, total=0.274pF, avg=0.002pF, sd=0.000pF, min=0.002pF, max=0.002pF
          wire capacitance : top=0.000pF, trunk=0.014pF, leaf=0.126pF, total=0.139pF
          wire lengths     : top=0.000um, trunk=120.930um, leaf=1099.970um, total=1220.900um
          hp wire lengths  : top=0.000um, trunk=0.000um, leaf=311.750um, total=311.750um
        Clock DAG net violations before routing clock trees: none
        Clock DAG primary half-corner transition distribution before routing clock trees:
          Trunk : target=0.196ns count=1 avg=0.003ns sd=0.000ns min=0.003ns max=0.003ns {1 <= 0.118ns, 0 <= 0.157ns, 0 <= 0.176ns, 0 <= 0.186ns, 0 <= 0.196ns}
          Leaf  : target=0.196ns count=2 avg=0.127ns sd=0.001ns min=0.126ns max=0.127ns {0 <= 0.118ns, 2 <= 0.157ns, 0 <= 0.176ns, 0 <= 0.186ns, 0 <= 0.196ns}
        Clock DAG library cell distribution before routing clock trees {count}:
           Bufs: CLKBUFX16: 2 
        Primary reporting skew groups before routing clock trees:
          skew_group clk/sdc1: insertion delay [min=0.179, max=0.184, avg=0.182, sd=0.001], skew [0.005 vs 0.135], 100% {0.179, 0.184} (wid=0.005 ws=0.004) (gid=0.179 gs=0.001)
        Skew group summary before routing clock trees:
          skew_group clk/sdc1: insertion delay [min=0.179, max=0.184, avg=0.182, sd=0.001], skew [0.005 vs 0.135], 100% {0.179, 0.184} (wid=0.005 ws=0.004) (gid=0.179 gs=0.001)
      eGRPC done.
    Calling post conditioning for eGRPC done.
  eGR Post Conditioning loop iteration 0 done.
  Refine place not called during Post Conditioning. Calling it now the eGR->PC Loop is complete.
  Leaving CCOpt scope - ClockRefiner...
  Performing Single Pass Refine Place.
*** Starting refinePlace (0:00:38.4 mem=1390.7M) ***
Total net bbox length = 1.127e+04 (5.076e+03 6.197e+03) (ext = 2.519e+03)
Move report: Detail placement moves 5 insts, mean move: 1.33 um, max move: 2.90 um
	Max move on inst (u_door_lock/g2277): (33.93, 37.99) --> (34.22, 40.60)
	Runtime: CPU: 0:00:00.0 REAL: 0:00:00.0 MEM: 1390.7MB
Summary Report:
Instances move: 5 (out of 448 movable)
Instances flipped: 0
Mean displacement: 1.33 um
Max displacement: 2.90 um (Instance: u_door_lock/g2277) (33.93, 37.99) -> (34.22, 40.6)
	Length: 8 sites, height: 1 rows, site name: gsclib090site, cell type: NAND3BX1
	Violation at original loc: Placement Blockage Violation
Total net bbox length = 1.128e+04 (5.077e+03 6.201e+03) (ext = 2.519e+03)
Runtime: CPU: 0:00:00.0 REAL: 0:00:00.0 MEM: 1390.7MB
*** Finished refinePlace (0:00:38.4 mem=1390.7M) ***
  ClockRefiner summary
  All clock instances: Moved 0, flipped 0 and cell swapped 0 (out of a total of 160).
  Leaving CCOpt scope - ClockRefiner done. (took cpu=0:00:00.0 real=0:00:00.0)
  CCOpt::Phase::eGRPC done. (took cpu=0:00:00.3 real=0:00:00.3)
  CCOpt::Phase::Routing...
  Clock implementation routing...
    Leaving CCOpt scope - Routing Tools...
Net route status summary:
  Clock:         3 (unrouted=0, trialRouted=0, noStatus=0, routed=0, fixed=3, [crossesIlmBoundary=0, tooFewTerms=0, (crossesIlmBoundary AND tooFewTerms=0)])
  Non-clock:  2531 (unrouted=2011, trialRouted=520, noStatus=0, routed=0, fixed=0, [crossesIlmBoundary=0, tooFewTerms=2011, (crossesIlmBoundary AND tooFewTerms=0)])
    Routing using eGR in eGR->NR Step...
      Early Global Route - eGR->NR step...
(ccopt eGR): There are 3 nets for routing of which 3 have one or more fixed wires.
(ccopt eGR): Start to route 3 all nets
[NR-eGR] Track table information for default rule: 
[NR-eGR] Metal1 has no routable track
[NR-eGR] Metal2 has single uniform track structure
[NR-eGR] Metal3 has single uniform track structure
[NR-eGR] Metal4 has single uniform track structure
[NR-eGR] Metal5 has single uniform track structure
[NR-eGR] Metal6 has single uniform track structure
[NR-eGR] Metal7 has single uniform track structure
[NR-eGR] Metal8 has single uniform track structure
[NR-eGR] Metal9 has single uniform track structure
[NR-eGR] Started Read PG Shapes ( Curr Mem: 1390.66 MB )
[NR-eGR] Read 8694 PG shapes
[NR-eGR] Finished Read PG Shapes ( CPU: 0.02 sec, Real: 0.00 sec, Curr Mem: 1390.66 MB )
[NR-eGR] #Routing Blockages  : 0
[NR-eGR] #Instance Blockages : 0
[NR-eGR] #PG Blockages       : 8694
[NR-eGR] #Halo Blockages     : 0
[NR-eGR] #Boundary Blockages : 0
[NR-eGR] Num Prerouted Nets = 0  Num Prerouted Wires = 0
[NR-eGR] Read numTotalNets=523  numIgnoredNets=520
[NR-eGR] Connected 0 must-join pins/ports
[NR-eGR] There are 3 clock nets ( 3 with NDR ).
[NR-eGR] ============ Routing rule table ============
[NR-eGR] Rule id: 0  Nets: 3 
[NR-eGR] Rule id: 1  Nets: 0 
[NR-eGR] ========================================
[NR-eGR] 
[NR-eGR] Layer group 1: route 3 net(s) in layer range [3, 4]
[NR-eGR] Early Global Route overflow of layer group 1: 0.00% H + 0.00% V. EstWL: 1.192770e+03um
[NR-eGR] Create a new net group with 2 nets and layer range [3, 6]
[NR-eGR] Layer group 2: route 2 net(s) in layer range [3, 6]
[NR-eGR] Early Global Route overflow of layer group 2: 0.00% H + 0.00% V. EstWL: 1.192770e+03um
[NR-eGR] Create a new net group with 2 nets and layer range [3, 8]
[NR-eGR] Layer group 3: route 2 net(s) in layer range [3, 8]
[NR-eGR] Early Global Route overflow of layer group 3: 0.00% H + 0.00% V. EstWL: 1.192770e+03um
[NR-eGR] Create a new net group with 2 nets and layer range [3, 9]
[NR-eGR] Layer group 4: route 2 net(s) in layer range [3, 9]
[NR-eGR] Early Global Route overflow of layer group 4: 0.00% H + 0.00% V. EstWL: 1.192770e+03um
[NR-eGR] Congestion Analysis By layer: (blocked Gcells are excluded) 
[NR-eGR]                        OverCon            
[NR-eGR]                         #Gcell     %Gcell
[NR-eGR]       Layer                (0)    OverCon 
[NR-eGR] ----------------------------------------------
[NR-eGR]  Metal1  (1)         0( 0.00%)   ( 0.00%) 
[NR-eGR]  Metal2  (2)         0( 0.00%)   ( 0.00%) 
[NR-eGR]  Metal3  (3)         0( 0.00%)   ( 0.00%) 
[NR-eGR]  Metal4  (4)         0( 0.00%)   ( 0.00%) 
[NR-eGR]  Metal5  (5)         0( 0.00%)   ( 0.00%) 
[NR-eGR]  Metal6  (6)         0( 0.00%)   ( 0.00%) 
[NR-eGR]  Metal7  (7)         0( 0.00%)   ( 0.00%) 
[NR-eGR]  Metal8  (8)         0( 0.00%)   ( 0.00%) 
[NR-eGR]  Metal9  (9)         0( 0.00%)   ( 0.00%) 
[NR-eGR] ----------------------------------------------
[NR-eGR] Total                0( 0.00%)   ( 0.00%) 
[NR-eGR] 
[NR-eGR] Overflow after Early Global Route (GR compatible) 0.00% H + 0.00% V
[NR-eGR] Overflow after Early Global Route 0.00% H + 0.00% V
[NR-eGR] Started Export DB wires ( Curr Mem: 1390.66 MB )
[NR-eGR] Started Export route guide file ( Curr Mem: 1390.66 MB )
[NR-eGR] Finished Export route guide file ( CPU: 0.00 sec, Real: 0.00 sec, Curr Mem: 1390.66 MB )
[NR-eGR] Started Export all nets ( Curr Mem: 1390.66 MB )
[NR-eGR] Finished Export all nets ( CPU: 0.00 sec, Real: 0.00 sec, Curr Mem: 1390.66 MB )
[NR-eGR] Started Set wire vias ( Curr Mem: 1390.66 MB )
[NR-eGR] Finished Set wire vias ( CPU: 0.00 sec, Real: 0.00 sec, Curr Mem: 1390.66 MB )
[NR-eGR] Finished Export DB wires ( CPU: 0.00 sec, Real: 0.00 sec, Curr Mem: 1390.66 MB )
[NR-eGR] --------------------------------------------------------------------------
[NR-eGR] Metal1  (1F) length: 0.000000e+00um, number of vias: 1937
[NR-eGR] Metal2  (2V) length: 7.103460e+03um, number of vias: 3093
[NR-eGR] Metal3  (3H) length: 6.385525e+03um, number of vias: 241
[NR-eGR] Metal4  (4V) length: 1.024060e+03um, number of vias: 28
[NR-eGR] Metal5  (5H) length: 1.512350e+02um, number of vias: 0
[NR-eGR] Metal6  (6V) length: 0.000000e+00um, number of vias: 0
[NR-eGR] Metal7  (7H) length: 0.000000e+00um, number of vias: 0
[NR-eGR] Metal8  (8V) length: 0.000000e+00um, number of vias: 0
[NR-eGR] Metal9  (9H) length: 0.000000e+00um, number of vias: 0
[NR-eGR] Total length: 1.466428e+04um, number of vias: 5299
[NR-eGR] --------------------------------------------------------------------------
[NR-eGR] Total eGR-routed clock nets wire length: 1.220900e+03um 
[NR-eGR] --------------------------------------------------------------------------
[NR-eGR] Report for selected net(s) only.
[NR-eGR] Metal1  (1H) length: 0.000000e+00um, number of vias: 162
[NR-eGR] Metal2  (2V) length: 1.653000e+02um, number of vias: 188
[NR-eGR] Metal3  (3H) length: 4.683500e+02um, number of vias: 128
[NR-eGR] Metal4  (4V) length: 5.188100e+02um, number of vias: 17
[NR-eGR] Metal5  (5H) length: 6.844000e+01um, number of vias: 0
[NR-eGR] Metal6  (6V) length: 0.000000e+00um, number of vias: 0
[NR-eGR] Metal7  (7H) length: 0.000000e+00um, number of vias: 0
[NR-eGR] Metal8  (8V) length: 0.000000e+00um, number of vias: 0
[NR-eGR] Metal9  (9H) length: 0.000000e+00um, number of vias: 0
[NR-eGR] Total length: 1.220900e+03um, number of vias: 495
[NR-eGR] --------------------------------------------------------------------------
[NR-eGR] Total routed clock nets wire length: 1.220900e+03um, number of vias: 495
[NR-eGR] --------------------------------------------------------------------------
[NR-eGR] Finished Early Global Route kernel ( CPU: 0.15 sec, Real: 0.14 sec, Curr Mem: 1390.66 MB )
Generated NR early global route guides for clocks to: /tmp/innovus_temp_15350_edatools-server2.iiitd.edu.in_mukka25170_TqYQxb/.rgfj6vlAV
      Early Global Route - eGR->NR step done. (took cpu=0:00:00.2 real=0:00:00.2)
    Routing using eGR in eGR->NR Step done.
    Routing using NR in eGR->NR Step...

CCOPT: Preparing to route 3 clock nets with NanoRoute.
  All net are default rule.
  Removed pre-existing routes for 3 nets.
  Preferred NanoRoute mode settings: Current
**WARN: (IMPTCM-77):	Option "-routeExpDeterministicMultiThread" for command setNanoRouteMode is obsolete and will be removed in a future release. The obsolete option still works in this release but to avoid this warning and to ensure compatibility with future releases, remove the obsolete option from your script.
#WARNING (NRIF-47) This option supports a feature that is under development and experimental, use at your own risk.
#WARNING (NRIF-47) This option supports a feature that is under development and experimental, use at your own risk.
      Clock detailed routing...
        NanoRoute...
% Begin globalDetailRoute (date=11/17 01:22:45, mem=965.9M)

globalDetailRoute

#Start globalDetailRoute on Mon Nov 17 01:22:45 2025
#
#WARNING (NRIG-1303) Congestion map does not match the GCELL grid, clearing map.
#num needed restored net=0
#need_extraction net=0 (total=2534)
#NanoRoute Version 20.10-p004_1 NR200413-0234/20_10-UB
#Skip comparing routing design signature in db-snapshot flow
#Start routing data preparation on Mon Nov 17 01:22:45 2025
#
#Minimum voltage of a net in the design = 0.000.
#Maximum voltage of a net in the design = 0.900.
#Voltage range [0.000 - 0.900] has 2532 nets.
#Voltage range [0.900 - 0.900] has 1 net.
#Voltage range [0.000 - 0.000] has 1 net.
# Metal1       H   Track-Pitch = 0.29000    Line-2-Via Pitch = 0.25500
# Metal2       V   Track-Pitch = 0.29000    Line-2-Via Pitch = 0.28500
# Metal3       H   Track-Pitch = 0.29000    Line-2-Via Pitch = 0.28500
# Metal4       V   Track-Pitch = 0.29000    Line-2-Via Pitch = 0.28500
# Metal5       H   Track-Pitch = 0.29000    Line-2-Via Pitch = 0.28500
# Metal6       V   Track-Pitch = 0.29000    Line-2-Via Pitch = 0.28500
# Metal7       H   Track-Pitch = 0.29000    Line-2-Via Pitch = 0.28500
# Metal8       V   Track-Pitch = 0.87000    Line-2-Via Pitch = 0.85000
# Metal9       H   Track-Pitch = 0.87000    Line-2-Via Pitch = 0.85000
#Monitoring time of adding inner blkg by smac
#cpu time = 00:00:00, elapsed time = 00:00:00, memory = 947.79 (MB), peak = 981.36 (MB)
#Regenerating Ggrids automatically.
#Auto generating G-grids with size=15 tracks, using layer Metal3's pitch = 0.29000.
#Using automatically generated G-grids.
#Done routing data preparation.
#cpu time = 00:00:04, elapsed time = 00:00:04, memory = 948.32 (MB), peak = 981.36 (MB)
#reading routing guides ......
#
#Finished routing data preparation on Mon Nov 17 01:22:49 2025
#
#Cpu time = 00:00:04
#Elapsed time = 00:00:04
#Increased memory = 6.29 (MB)
#Total memory = 948.48 (MB)
#Peak memory = 981.36 (MB)
#
#
#Start global routing on Mon Nov 17 01:22:49 2025
#
#
#Start global routing initialization on Mon Nov 17 01:22:49 2025
#
#Number of eco nets is 0
#
#Start global routing data preparation on Mon Nov 17 01:22:49 2025
#
#Start routing resource analysis on Mon Nov 17 01:22:49 2025
#
#Routing resource analysis is done on Mon Nov 17 01:22:49 2025
#
#  Resource Analysis:
#
#               Routing  #Avail      #Track     #Total     %Gcell
#  Layer      Direction   Track     Blocked      Gcell    Blocked
#  --------------------------------------------------------------
#  Metal1         H         406           0         729    38.96%
#  Metal2         V         411           0         729     0.00%
#  Metal3         H         406           0         729     0.00%
#  Metal4         V         411           0         729     0.00%
#  Metal5         H         406           0         729     0.00%
#  Metal6         V         411           0         729     0.00%
#  Metal7         H         406           0         729     0.00%
#  Metal8         V         136           0         729     7.41%
#  Metal9         H         135           0         729    11.52%
#  --------------------------------------------------------------
#  Total                   3128       0.00%        6561     6.43%
#
#  3 nets (0.12%) with 1 preferred extra spacing.
#
#
#
#Global routing data preparation is done on Mon Nov 17 01:22:49 2025
#
#cpu time = 00:00:00, elapsed time = 00:00:00, memory = 949.16 (MB), peak = 981.36 (MB)
#
#Routing guide is on.
#
#Global routing initialization is done on Mon Nov 17 01:22:49 2025
#
#cpu time = 00:00:00, elapsed time = 00:00:00, memory = 949.23 (MB), peak = 981.36 (MB)
#
#start global routing iteration 1...
#cpu time = 00:00:00, elapsed time = 00:00:00, memory = 953.04 (MB), peak = 981.36 (MB)
#
#start global routing iteration 2...
#cpu time = 00:00:00, elapsed time = 00:00:00, memory = 953.13 (MB), peak = 981.36 (MB)
#
#
#Total number of trivial nets (e.g. < 2 pins) = 2011 (skipped).
#Total number of selected nets for routing = 3.
#Total number of unselected nets (but routable) for routing = 520 (skipped).
#Total number of nets in the design = 2534.
#
#520 skipped nets do not have any wires.
#3 routable nets have only global wires.
#3 global routed or unrouted (routable) nets have been constrained (e.g. have preferred extra spacing, require shielding etc.)
#
#Routed net constraints summary:
#------------------------------------------------
#        Rules   Pref Extra Space   Unconstrained  
#------------------------------------------------
#      Default                  3               0  
#------------------------------------------------
#        Total                  3               0  
#------------------------------------------------
#
#Routing constraints summary of the whole design:
#------------------------------------------------
#        Rules   Pref Extra Space   Unconstrained  
#------------------------------------------------
#      Default                  3             520  
#------------------------------------------------
#        Total                  3             520  
#------------------------------------------------
#
#
#  Congestion Analysis: (blocked Gcells are excluded)
#
#                 OverCon          
#                  #Gcell    %Gcell
#     Layer           (1)   OverCon
#  --------------------------------
#  Metal1        0(0.00%)   (0.00%)
#  Metal2        0(0.00%)   (0.00%)
#  Metal3        0(0.00%)   (0.00%)
#  Metal4        0(0.00%)   (0.00%)
#  Metal5        0(0.00%)   (0.00%)
#  Metal6        0(0.00%)   (0.00%)
#  Metal7        0(0.00%)   (0.00%)
#  Metal8        0(0.00%)   (0.00%)
#  Metal9        0(0.00%)   (0.00%)
#  --------------------------------
#     Total      0(0.00%)   (0.00%)
#
#  The worst congested Gcell overcon (routing demand over resource in number of tracks) = 1
#  Overflow after GR: 0.00% H + 0.00% V
#
#Complete Global Routing.
#Total number of nets with non-default rule or having extra spacing = 3
#Total wire length = 1217 um.
#Total half perimeter of net bounding box = 434 um.
#Total wire length on LAYER Metal1 = 0 um.
#Total wire length on LAYER Metal2 = 165 um.
#Total wire length on LAYER Metal3 = 467 um.
#Total wire length on LAYER Metal4 = 509 um.
#Total wire length on LAYER Metal5 = 76 um.
#Total wire length on LAYER Metal6 = 0 um.
#Total wire length on LAYER Metal7 = 0 um.
#Total wire length on LAYER Metal8 = 0 um.
#Total wire length on LAYER Metal9 = 0 um.
#Total number of vias = 414
#Up-Via Summary (total 414):
#           
#-----------------------
# Metal1            162
# Metal2            134
# Metal3            104
# Metal4             14
#-----------------------
#                   414 
#
#Total number of involved priority nets 3
#Maximum src to sink distance for priority net 147.8
#Average of max src_to_sink distance for priority net 132.7
#Average of ave src_to_sink distance for priority net 73.3
#Max overcon = 0 track.
#Total overcon = 0.00%.
#Worst layer Gcell overcon rate = 0.00%.
#
#Global routing statistics:
#Cpu time = 00:00:00
#Elapsed time = 00:00:00
#Increased memory = 4.77 (MB)
#Total memory = 953.25 (MB)
#Peak memory = 981.36 (MB)
#
#Finished global routing on Mon Nov 17 01:22:50 2025
#
#
#reading routing guides ......
#cpu time = 00:00:00, elapsed time = 00:00:00, memory = 953.28 (MB), peak = 981.36 (MB)
#Start Track Assignment.
#Done with 81 horizontal wires in 1 hboxes and 116 vertical wires in 1 hboxes.
#Done with 83 horizontal wires in 1 hboxes and 115 vertical wires in 1 hboxes.
#Complete Track Assignment.
#Total number of nets with non-default rule or having extra spacing = 3
#Total wire length = 1271 um.
#Total half perimeter of net bounding box = 434 um.
#Total wire length on LAYER Metal1 = 72 um.
#Total wire length on LAYER Metal2 = 167 um.
#Total wire length on LAYER Metal3 = 441 um.
#Total wire length on LAYER Metal4 = 511 um.
#Total wire length on LAYER Metal5 = 80 um.
#Total wire length on LAYER Metal6 = 0 um.
#Total wire length on LAYER Metal7 = 0 um.
#Total wire length on LAYER Metal8 = 0 um.
#Total wire length on LAYER Metal9 = 0 um.
#Total number of vias = 414
#Up-Via Summary (total 414):
#           
#-----------------------
# Metal1            162
# Metal2            134
# Metal3            104
# Metal4             14
#-----------------------
#                   414 
#
#cpu time = 00:00:00, elapsed time = 00:00:00, memory = 953.54 (MB), peak = 981.36 (MB)
#
#Routing data preparation, pin analysis, global routing and track assignment statistics:
#Cpu time = 00:00:04
#Elapsed time = 00:00:04
#Increased memory = 11.42 (MB)
#Total memory = 953.55 (MB)
#Peak memory = 981.36 (MB)
#
#Start Detail Routing..
#start initial detail routing ...
# ECO: 0.0% of the total area was rechecked for DRC, and 100.0% required routing.
#   number of violations = 2
#
#    By Layer and Type :
#	          Short   Totals
#	Metal1        0        0
#	Metal2        0        0
#	Metal3        0        0
#	Metal4        2        2
#	Totals        2        2
#cpu time = 00:00:01, elapsed time = 00:00:01, memory = 961.25 (MB), peak = 1010.07 (MB)
#start 1st optimization iteration ...
#   number of violations = 0
#cpu time = 00:00:00, elapsed time = 00:00:00, memory = 963.43 (MB), peak = 1010.07 (MB)
#Complete Detail Routing.
#Total number of nets with non-default rule or having extra spacing = 3
#Total wire length = 1270 um.
#Total half perimeter of net bounding box = 434 um.
#Total wire length on LAYER Metal1 = 2 um.
#Total wire length on LAYER Metal2 = 25 um.
#Total wire length on LAYER Metal3 = 580 um.
#Total wire length on LAYER Metal4 = 611 um.
#Total wire length on LAYER Metal5 = 52 um.
#Total wire length on LAYER Metal6 = 0 um.
#Total wire length on LAYER Metal7 = 0 um.
#Total wire length on LAYER Metal8 = 0 um.
#Total wire length on LAYER Metal9 = 0 um.
#Total number of vias = 490
#Up-Via Summary (total 490):
#           
#-----------------------
# Metal1            162
# Metal2            158
# Metal3            161
# Metal4              9
#-----------------------
#                   490 
#
#Total number of DRC violations = 0
#Cpu time = 00:00:01
#Elapsed time = 00:00:01
#Increased memory = 7.96 (MB)
#Total memory = 961.51 (MB)
#Peak memory = 1010.07 (MB)
#detailRoute Statistics:
#Cpu time = 00:00:01
#Elapsed time = 00:00:01
#Increased memory = 7.98 (MB)
#Total memory = 961.53 (MB)
#Peak memory = 1010.07 (MB)
#Skip updating routing design signature in db-snapshot flow
#
#globalDetailRoute statistics:
#Cpu time = 00:00:05
#Elapsed time = 00:00:05
#Increased memory = 4.92 (MB)
#Total memory = 970.84 (MB)
#Peak memory = 1010.07 (MB)
#Number of warnings = 1
#Total number of warnings = 11
#Number of fails = 0
#Total number of fails = 0
#Complete globalDetailRoute on Mon Nov 17 01:22:51 2025
#
% End globalDetailRoute (date=11/17 01:22:51, total cpu=0:00:05.4, real=0:00:06.0, peak res=1010.1M, current mem=970.9M)
        NanoRoute done. (took cpu=0:00:05.4 real=0:00:05.5)
      Clock detailed routing done.
Checking guided vs. routed lengths for 3 nets...

      
      Guided max path lengths
      =======================
      
      ---------------------------------------
      From (um)    To (um)    Number of paths
      ---------------------------------------
       120.000     140.000           3
      ---------------------------------------
      
      Deviation of routing from guided max path lengths
      =================================================
      
      -------------------------------------
      From (%)    To (%)    Number of paths
      -------------------------------------
      below        0.000           2
        0.000      5.000           0
        5.000     10.000           0
       10.000     15.000           0
       15.000     20.000           0
       20.000     25.000           0
       25.000     30.000           0
       30.000     35.000           0
       35.000     40.000           1
      -------------------------------------
      

    Top 3 notable deviations of routed length from guided length
    =============================================================

    Net CTS_2 (82 terminals)
    Guided length:  max path =   123.830um, total =   522.434um
    Routed length:  max path =   170.810um, total =   607.635um
    Deviation:      max path =    37.939%,  total =    16.308%

    Net CTS_3 (78 terminals)
    Guided length:  max path =   126.440um, total =   564.485um
    Routed length:  max path =   121.510um, total =   637.665um
    Deviation:      max path =    -3.899%,  total =    12.964%

    Net clk (3 terminals)
    Guided length:  max path =   120.930um, total =   120.930um
    Routed length:  max path =   120.495um, total =   122.040um
    Deviation:      max path =    -0.360%,  total =     0.918%

Set FIXED routing status on 3 net(s)
Set FIXED placed status on 2 instance(s)
      Route Remaining Unrouted Nets...
Running earlyGlobalRoute to complete any remaining unrouted nets.
Updating RC grid for preRoute extraction ...
Initializing multi-corner resistance tables ...
[NR-eGR] Started Early Global Route kernel ( Curr Mem: 1365.00 MB )
[NR-eGR] Track table information for default rule: 
[NR-eGR] Metal1 has no routable track
[NR-eGR] Metal2 has single uniform track structure
[NR-eGR] Metal3 has single uniform track structure
[NR-eGR] Metal4 has single uniform track structure
[NR-eGR] Metal5 has single uniform track structure
[NR-eGR] Metal6 has single uniform track structure
[NR-eGR] Metal7 has single uniform track structure
[NR-eGR] Metal8 has single uniform track structure
[NR-eGR] Metal9 has single uniform track structure
[NR-eGR] Started Read PG Shapes ( Curr Mem: 1365.00 MB )
[NR-eGR] Read 6770 PG shapes
[NR-eGR] Finished Read PG Shapes ( CPU: 0.00 sec, Real: 0.00 sec, Curr Mem: 1365.00 MB )
[NR-eGR] #Routing Blockages  : 0
[NR-eGR] #Instance Blockages : 0
[NR-eGR] #PG Blockages       : 6770
[NR-eGR] #Halo Blockages     : 0
[NR-eGR] #Boundary Blockages : 0
[NR-eGR] Num Prerouted Nets = 3  Num Prerouted Wires = 543
[NR-eGR] Read numTotalNets=523  numIgnoredNets=3
[NR-eGR] ============ Routing rule table ============
[NR-eGR] Rule id: 0  Nets: 0 
[NR-eGR] Rule id: 1  Nets: 520 
[NR-eGR] ========================================
[NR-eGR] 
[NR-eGR] Layer group 1: route 520 net(s) in layer range [2, 9]
[NR-eGR] Early Global Route overflow of layer group 1: 0.00% H + 0.00% V. EstWL: 1.283337e+04um
[NR-eGR] Congestion Analysis By layer: (blocked Gcells are excluded) 
[NR-eGR]                        OverCon            
[NR-eGR]                         #Gcell     %Gcell
[NR-eGR]       Layer                (0)    OverCon 
[NR-eGR] ----------------------------------------------
[NR-eGR]  Metal1  (1)         0( 0.00%)   ( 0.00%) 
[NR-eGR]  Metal2  (2)         0( 0.00%)   ( 0.00%) 
[NR-eGR]  Metal3  (3)         0( 0.00%)   ( 0.00%) 
[NR-eGR]  Metal4  (4)         0( 0.00%)   ( 0.00%) 
[NR-eGR]  Metal5  (5)         0( 0.00%)   ( 0.00%) 
[NR-eGR]  Metal6  (6)         0( 0.00%)   ( 0.00%) 
[NR-eGR]  Metal7  (7)         0( 0.00%)   ( 0.00%) 
[NR-eGR]  Metal8  (8)         0( 0.00%)   ( 0.00%) 
[NR-eGR]  Metal9  (9)         0( 0.00%)   ( 0.00%) 
[NR-eGR] ----------------------------------------------
[NR-eGR] Total                0( 0.00%)   ( 0.00%) 
[NR-eGR] 
[NR-eGR] Overflow after Early Global Route (GR compatible) 0.00% H + 0.00% V
[NR-eGR] Overflow after Early Global Route 0.00% H + 0.00% V
[NR-eGR] Started Export DB wires ( Curr Mem: 1365.00 MB )
[NR-eGR] Started Export all nets ( Curr Mem: 1365.00 MB )
[NR-eGR] Finished Export all nets ( CPU: 0.01 sec, Real: 0.01 sec, Curr Mem: 1365.00 MB )
[NR-eGR] Started Set wire vias ( Curr Mem: 1365.00 MB )
[NR-eGR] Finished Set wire vias ( CPU: 0.00 sec, Real: 0.00 sec, Curr Mem: 1365.00 MB )
[NR-eGR] Finished Export DB wires ( CPU: 0.02 sec, Real: 0.01 sec, Curr Mem: 1365.00 MB )
[NR-eGR] --------------------------------------------------------------------------
[NR-eGR] Metal1  (1F) length: 2.030000e+00um, number of vias: 1937
[NR-eGR] Metal2  (2V) length: 7.097860e+03um, number of vias: 3098
[NR-eGR] Metal3  (3H) length: 6.415830e+03um, number of vias: 266
[NR-eGR] Metal4  (4V) length: 9.980350e+02um, number of vias: 23
[NR-eGR] Metal5  (5H) length: 2.121350e+02um, number of vias: 0
[NR-eGR] Metal6  (6V) length: 0.000000e+00um, number of vias: 0
[NR-eGR] Metal7  (7H) length: 0.000000e+00um, number of vias: 0
[NR-eGR] Metal8  (8V) length: 0.000000e+00um, number of vias: 0
[NR-eGR] Metal9  (9H) length: 0.000000e+00um, number of vias: 0
[NR-eGR] Total length: 1.472589e+04um, number of vias: 5324
[NR-eGR] --------------------------------------------------------------------------
[NR-eGR] Total eGR-routed clock nets wire length: 0.000000e+00um 
[NR-eGR] --------------------------------------------------------------------------
[NR-eGR] Finished Early Global Route kernel ( CPU: 0.13 sec, Real: 0.12 sec, Curr Mem: 1365.00 MB )
      Route Remaining Unrouted Nets done. (took cpu=0:00:00.1 real=0:00:00.1)
    Routing using NR in eGR->NR Step done.
Net route status summary:
  Clock:         3 (unrouted=0, trialRouted=0, noStatus=0, routed=0, fixed=3, [crossesIlmBoundary=0, tooFewTerms=0, (crossesIlmBoundary AND tooFewTerms=0)])
  Non-clock:  2531 (unrouted=2011, trialRouted=520, noStatus=0, routed=0, fixed=0, [crossesIlmBoundary=0, tooFewTerms=2011, (crossesIlmBoundary AND tooFewTerms=0)])

CCOPT: Done with clock implementation routing.

    Leaving CCOpt scope - Routing Tools done. (took cpu=0:00:05.7 real=0:00:05.8)
  Clock implementation routing done.
  Leaving CCOpt scope - extractRC...
  Updating RC parasitics by calling: "extractRC -noRouteCheck"...
Extraction called for design 'HA' of instances=448 and nets=2534 using extraction engine 'preRoute' .
PreRoute RC Extraction called for design HA.
RC Extraction called in multi-corner(1) mode.
**WARN: (IMPEXT-6197):	The Cap table file is not specified. This will result in lower parasitic accuracy when using preRoute extraction or postRoute extraction with effort level 'low'. It is recommended to generate the Cap table file using the 'generateCapTbl' command and specify it before extraction using 'create_rc_corner/update_rc_corner -cap_table'.
Type 'man IMPEXT-6197' for more detail.
RCMode: PreRoute
      RC Corner Indexes            0   
Capacitance Scaling Factor   : 1.00000 
Resistance Scaling Factor    : 1.00000 
Clock Cap. Scaling Factor    : 1.00000 
Clock Res. Scaling Factor    : 1.00000 
Shrink Factor                : 1.00000
PreRoute extraction is honoring NDR/Shielding/ExtraSpace for clock nets.
Updating RC grid for preRoute extraction ...
Initializing multi-corner resistance tables ...
PreRoute RC Extraction DONE (CPU Time: 0:00:00.0  Real Time: 0:00:00.0  MEM: 1365.004M)
  Updating RC parasitics by calling: "extractRC -noRouteCheck" done.
  Leaving CCOpt scope - extractRC done. (took cpu=0:00:00.0 real=0:00:00.0)
  Clock tree timing engine global stage delay update for delay1:both.late...
  Clock tree timing engine global stage delay update for delay1:both.late done. (took cpu=0:00:00.0 real=0:00:00.0)
  Clock DAG stats after routing clock trees:
    cell counts      : b=2, i=0, icg=0, nicg=0, l=0, total=2
    cell areas       : b=42.386um^2, i=0.000um^2, icg=0.000um^2, nicg=0.000um^2, l=0.000um^2, total=42.386um^2
    cell capacitance : b=0.021pF, i=0.000pF, icg=0.000pF, nicg=0.000pF, l=0.000pF, total=0.021pF
    sink capacitance : count=158, total=0.274pF, avg=0.002pF, sd=0.000pF, min=0.002pF, max=0.002pF
    wire capacitance : top=0.000pF, trunk=0.014pF, leaf=0.131pF, total=0.145pF
    wire lengths     : top=0.000um, trunk=120.495um, leaf=1149.850um, total=1270.345um
    hp wire lengths  : top=0.000um, trunk=0.000um, leaf=311.750um, total=311.750um
  Clock DAG net violations after routing clock trees: none
  Clock DAG primary half-corner transition distribution after routing clock trees:
    Trunk : target=0.196ns count=1 avg=0.003ns sd=0.000ns min=0.003ns max=0.003ns {1 <= 0.118ns, 0 <= 0.157ns, 0 <= 0.176ns, 0 <= 0.186ns, 0 <= 0.196ns}
    Leaf  : target=0.196ns count=2 avg=0.129ns sd=0.003ns min=0.127ns max=0.130ns {0 <= 0.118ns, 2 <= 0.157ns, 0 <= 0.176ns, 0 <= 0.186ns, 0 <= 0.196ns}
  Clock DAG library cell distribution after routing clock trees {count}:
     Bufs: CLKBUFX16: 2 
  Primary reporting skew groups after routing clock trees:
    skew_group clk/sdc1: insertion delay [min=0.180, max=0.188, avg=0.183, sd=0.002], skew [0.008 vs 0.135], 100% {0.180, 0.188} (wid=0.008 ws=0.007) (gid=0.179 gs=0.001)
  Skew group summary after routing clock trees:
    skew_group clk/sdc1: insertion delay [min=0.180, max=0.188, avg=0.183, sd=0.002], skew [0.008 vs 0.135], 100% {0.180, 0.188} (wid=0.008 ws=0.007) (gid=0.179 gs=0.001)
  CCOpt::Phase::Routing done. (took cpu=0:00:05.8 real=0:00:05.8)
  CCOpt::Phase::PostConditioning...
  Post Conditioning - Blocking space for clock sinks to ensure they remain legal.
  Removing CTS place status from clock tree and sinks.
  Switching to inst based legalization.
  PostConditioning...
    PostConditioning active optimizations:
     - DRV fixing with cell sizing and buffering
     - Skew fixing with cell sizing
    
    Currently running CTS, using active skew data
    Reset bufferability constraints...
    Resetting previous bufferability status on all nets so that PostConditioning will attempt to fix all clock tree violations.
    Reset bufferability constraints done. (took cpu=0:00:00.0 real=0:00:00.0)
    PostConditioning Upsizing To Fix DRVs...
      Fixing clock tree DRVs with upsizing: ...20% ...40% ...60% ...80% ...100% 
      CCOpt-PostConditioning: considered: 3, tested: 3, violation detected: 0, violation ignored (due to small violation): 0, cannot run: 0, attempted: 0, unsuccessful: 0, sized: 0
      
      PRO Statistics: Fix DRVs (initial upsizing):
      ============================================
      
      Cell changes by Net Type:
      
      -------------------------------------------------------------------------------------------------
      Net Type    Attempted    Upsized     Downsized    Swapped Same Size    Total Changed    Not Sized
      -------------------------------------------------------------------------------------------------
      top                0            0           0            0                    0                0
      trunk              0            0           0            0                    0                0
      leaf               0            0           0            0                    0                0
      -------------------------------------------------------------------------------------------------
      Total              0            0           0            0                    0                0
      -------------------------------------------------------------------------------------------------
      
      Upsized: 0, Downsized: 0, Sized but same area: 0, Unchanged: 0, Area change: 0.000um^2 (0.000%)
      Max. move: 0.000um, Min. move: 0.000um, Avg. move: N/A
      
      Clock DAG stats after 'PostConditioning Upsizing To Fix DRVs':
        cell counts      : b=2, i=0, icg=0, nicg=0, l=0, total=2
        cell areas       : b=42.386um^2, i=0.000um^2, icg=0.000um^2, nicg=0.000um^2, l=0.000um^2, total=42.386um^2
        cell capacitance : b=0.021pF, i=0.000pF, icg=0.000pF, nicg=0.000pF, l=0.000pF, total=0.021pF
        sink capacitance : count=158, total=0.274pF, avg=0.002pF, sd=0.000pF, min=0.002pF, max=0.002pF
        wire capacitance : top=0.000pF, trunk=0.014pF, leaf=0.131pF, total=0.145pF
        wire lengths     : top=0.000um, trunk=120.495um, leaf=1149.850um, total=1270.345um
        hp wire lengths  : top=0.000um, trunk=0.000um, leaf=311.750um, total=311.750um
      Clock DAG net violations after 'PostConditioning Upsizing To Fix DRVs': none
      Clock DAG primary half-corner transition distribution after 'PostConditioning Upsizing To Fix DRVs':
        Trunk : target=0.196ns count=1 avg=0.003ns sd=0.000ns min=0.003ns max=0.003ns {1 <= 0.118ns, 0 <= 0.157ns, 0 <= 0.176ns, 0 <= 0.186ns, 0 <= 0.196ns}
        Leaf  : target=0.196ns count=2 avg=0.129ns sd=0.003ns min=0.127ns max=0.130ns {0 <= 0.118ns, 2 <= 0.157ns, 0 <= 0.176ns, 0 <= 0.186ns, 0 <= 0.196ns}
      Clock DAG library cell distribution after 'PostConditioning Upsizing To Fix DRVs' {count}:
         Bufs: CLKBUFX16: 2 
      Primary reporting skew groups after 'PostConditioning Upsizing To Fix DRVs':
        skew_group clk/sdc1: insertion delay [min=0.180, max=0.188, avg=0.183, sd=0.002], skew [0.008 vs 0.135], 100% {0.180, 0.188} (wid=0.008 ws=0.007) (gid=0.179 gs=0.001)
      Skew group summary after 'PostConditioning Upsizing To Fix DRVs':
        skew_group clk/sdc1: insertion delay [min=0.180, max=0.188, avg=0.183, sd=0.002], skew [0.008 vs 0.135], 100% {0.180, 0.188} (wid=0.008 ws=0.007) (gid=0.179 gs=0.001)
      Legalizer API calls during this step: 0 succeeded with high effort: 0 succeeded with medium effort: 0 succeeded with low effort: 0 succeeded with basic effort: 0 succeeded with basic unbounded effort: 0
    PostConditioning Upsizing To Fix DRVs done. (took cpu=0:00:00.0 real=0:00:00.0)
    Recomputing CTS skew targets...
    Resolving skew group constraints...
      Solving LP: 1 skew groups; 2 fragments, 2 fraglets and 3 vertices; 25 variables and 66 constraints; tolerance 1
    Resolving skew group constraints done.
    Recomputing CTS skew targets done. (took cpu=0:00:00.0 real=0:00:00.0)
    PostConditioning Fixing DRVs...
      Fixing clock tree DRVs: ...20% ...40% ...60% ...80% ...100% 
      CCOpt-PostConditioning: considered: 3, tested: 3, violation detected: 0, violation ignored (due to small violation): 0, cannot run: 0, attempted: 0, unsuccessful: 0, sized: 0
      
      PRO Statistics: Fix DRVs (cell sizing):
      =======================================
      
      Cell changes by Net Type:
      
      -------------------------------------------------------------------------------------------------
      Net Type    Attempted    Upsized     Downsized    Swapped Same Size    Total Changed    Not Sized
      -------------------------------------------------------------------------------------------------
      top                0            0           0            0                    0                0
      trunk              0            0           0            0                    0                0
      leaf               0            0           0            0                    0                0
      -------------------------------------------------------------------------------------------------
      Total              0            0           0            0                    0                0
      -------------------------------------------------------------------------------------------------
      
      Upsized: 0, Downsized: 0, Sized but same area: 0, Unchanged: 0, Area change: 0.000um^2 (0.000%)
      Max. move: 0.000um, Min. move: 0.000um, Avg. move: N/A
      
      Clock DAG stats after 'PostConditioning Fixing DRVs':
        cell counts      : b=2, i=0, icg=0, nicg=0, l=0, total=2
        cell areas       : b=42.386um^2, i=0.000um^2, icg=0.000um^2, nicg=0.000um^2, l=0.000um^2, total=42.386um^2
        cell capacitance : b=0.021pF, i=0.000pF, icg=0.000pF, nicg=0.000pF, l=0.000pF, total=0.021pF
        sink capacitance : count=158, total=0.274pF, avg=0.002pF, sd=0.000pF, min=0.002pF, max=0.002pF
        wire capacitance : top=0.000pF, trunk=0.014pF, leaf=0.131pF, total=0.145pF
        wire lengths     : top=0.000um, trunk=120.495um, leaf=1149.850um, total=1270.345um
        hp wire lengths  : top=0.000um, trunk=0.000um, leaf=311.750um, total=311.750um
      Clock DAG net violations after 'PostConditioning Fixing DRVs': none
      Clock DAG primary half-corner transition distribution after 'PostConditioning Fixing DRVs':
        Trunk : target=0.196ns count=1 avg=0.003ns sd=0.000ns min=0.003ns max=0.003ns {1 <= 0.118ns, 0 <= 0.157ns, 0 <= 0.176ns, 0 <= 0.186ns, 0 <= 0.196ns}
        Leaf  : target=0.196ns count=2 avg=0.129ns sd=0.003ns min=0.127ns max=0.130ns {0 <= 0.118ns, 2 <= 0.157ns, 0 <= 0.176ns, 0 <= 0.186ns, 0 <= 0.196ns}
      Clock DAG library cell distribution after 'PostConditioning Fixing DRVs' {count}:
         Bufs: CLKBUFX16: 2 
      Primary reporting skew groups after 'PostConditioning Fixing DRVs':
        skew_group clk/sdc1: insertion delay [min=0.180, max=0.188, avg=0.183, sd=0.002], skew [0.008 vs 0.135], 100% {0.180, 0.188} (wid=0.008 ws=0.007) (gid=0.179 gs=0.001)
      Skew group summary after 'PostConditioning Fixing DRVs':
        skew_group clk/sdc1: insertion delay [min=0.180, max=0.188, avg=0.183, sd=0.002], skew [0.008 vs 0.135], 100% {0.180, 0.188} (wid=0.008 ws=0.007) (gid=0.179 gs=0.001)
      Legalizer API calls during this step: 0 succeeded with high effort: 0 succeeded with medium effort: 0 succeeded with low effort: 0 succeeded with basic effort: 0 succeeded with basic unbounded effort: 0
    PostConditioning Fixing DRVs done. (took cpu=0:00:00.0 real=0:00:00.0)
    Buffering to fix DRVs...
    Fixing DRVs with route buffering pass 1. Quick buffering: enabled
    Rebuffering to fix clock tree DRVs: ...20% ...40% ...60% ...80% ...100% 
    Inserted 0 buffers and inverters.
    success count. Default: 0, QS: 0, QD: 0, FS: 0, MQS: 0
    CCOpt-PostConditioning: nets considered: 3, nets tested: 3, nets violation detected: 0, nets violation ignored (due to small violation): 0, nets cannot run: 0, nets attempted: 0, nets unsuccessful: 0, buffered: 0
    Clock DAG stats PostConditioning after re-buffering DRV fixing:
      cell counts      : b=2, i=0, icg=0, nicg=0, l=0, total=2
      cell areas       : b=42.386um^2, i=0.000um^2, icg=0.000um^2, nicg=0.000um^2, l=0.000um^2, total=42.386um^2
      cell capacitance : b=0.021pF, i=0.000pF, icg=0.000pF, nicg=0.000pF, l=0.000pF, total=0.021pF
      sink capacitance : count=158, total=0.274pF, avg=0.002pF, sd=0.000pF, min=0.002pF, max=0.002pF
      wire capacitance : top=0.000pF, trunk=0.014pF, leaf=0.131pF, total=0.145pF
      wire lengths     : top=0.000um, trunk=120.495um, leaf=1149.850um, total=1270.345um
      hp wire lengths  : top=0.000um, trunk=0.000um, leaf=311.750um, total=311.750um
    Clock DAG net violations PostConditioning after re-buffering DRV fixing: none
    Clock DAG primary half-corner transition distribution PostConditioning after re-buffering DRV fixing:
      Trunk : target=0.196ns count=1 avg=0.003ns sd=0.000ns min=0.003ns max=0.003ns {1 <= 0.118ns, 0 <= 0.157ns, 0 <= 0.176ns, 0 <= 0.186ns, 0 <= 0.196ns}
      Leaf  : target=0.196ns count=2 avg=0.129ns sd=0.003ns min=0.127ns max=0.130ns {0 <= 0.118ns, 2 <= 0.157ns, 0 <= 0.176ns, 0 <= 0.186ns, 0 <= 0.196ns}
    Clock DAG library cell distribution PostConditioning after re-buffering DRV fixing {count}:
       Bufs: CLKBUFX16: 2 
    Primary reporting skew groups PostConditioning after re-buffering DRV fixing:
      skew_group clk/sdc1: insertion delay [min=0.180, max=0.188, avg=0.183, sd=0.002], skew [0.008 vs 0.135], 100% {0.180, 0.188} (wid=0.008 ws=0.007) (gid=0.179 gs=0.001)
    Skew group summary PostConditioning after re-buffering DRV fixing:
      skew_group clk/sdc1: insertion delay [min=0.180, max=0.188, avg=0.183, sd=0.002], skew [0.008 vs 0.135], 100% {0.180, 0.188} (wid=0.008 ws=0.007) (gid=0.179 gs=0.001)
    Buffering to fix DRVs done. (took cpu=0:00:00.0 real=0:00:00.0)
    PostConditioning Fixing Skew by cell sizing...
      Resized 0 clock insts to decrease delay.
      Resized 0 clock insts to increase delay.
      
      PRO Statistics: Fix Skew (cell sizing):
      =======================================
      
      Cell changes by Net Type:
      
      -------------------------------------------------------------------------------------------------
      Net Type    Attempted    Upsized     Downsized    Swapped Same Size    Total Changed    Not Sized
      -------------------------------------------------------------------------------------------------
      top                0            0           0            0                    0                0
      trunk              0            0           0            0                    0                0
      leaf               0            0           0            0                    0                0
      -------------------------------------------------------------------------------------------------
      Total              0            0           0            0                    0                0
      -------------------------------------------------------------------------------------------------
      
      Upsized: 0, Downsized: 0, Sized but same area: 0, Unchanged: 0, Area change: 0.000um^2 (0.000%)
      Max. move: 0.000um, Min. move: 0.000um, Avg. move: N/A
      
      Clock DAG stats after 'PostConditioning Fixing Skew by cell sizing':
        cell counts      : b=2, i=0, icg=0, nicg=0, l=0, total=2
        cell areas       : b=42.386um^2, i=0.000um^2, icg=0.000um^2, nicg=0.000um^2, l=0.000um^2, total=42.386um^2
        cell capacitance : b=0.021pF, i=0.000pF, icg=0.000pF, nicg=0.000pF, l=0.000pF, total=0.021pF
        sink capacitance : count=158, total=0.274pF, avg=0.002pF, sd=0.000pF, min=0.002pF, max=0.002pF
        wire capacitance : top=0.000pF, trunk=0.014pF, leaf=0.131pF, total=0.145pF
        wire lengths     : top=0.000um, trunk=120.495um, leaf=1149.850um, total=1270.345um
        hp wire lengths  : top=0.000um, trunk=0.000um, leaf=311.750um, total=311.750um
      Clock DAG net violations after 'PostConditioning Fixing Skew by cell sizing': none
      Clock DAG primary half-corner transition distribution after 'PostConditioning Fixing Skew by cell sizing':
        Trunk : target=0.196ns count=1 avg=0.003ns sd=0.000ns min=0.003ns max=0.003ns {1 <= 0.118ns, 0 <= 0.157ns, 0 <= 0.176ns, 0 <= 0.186ns, 0 <= 0.196ns}
        Leaf  : target=0.196ns count=2 avg=0.129ns sd=0.003ns min=0.127ns max=0.130ns {0 <= 0.118ns, 2 <= 0.157ns, 0 <= 0.176ns, 0 <= 0.186ns, 0 <= 0.196ns}
      Clock DAG library cell distribution after 'PostConditioning Fixing Skew by cell sizing' {count}:
         Bufs: CLKBUFX16: 2 
      Primary reporting skew groups after 'PostConditioning Fixing Skew by cell sizing':
        skew_group clk/sdc1: insertion delay [min=0.180, max=0.188, avg=0.183, sd=0.002], skew [0.008 vs 0.135], 100% {0.180, 0.188} (wid=0.008 ws=0.007) (gid=0.179 gs=0.001)
      Skew group summary after 'PostConditioning Fixing Skew by cell sizing':
        skew_group clk/sdc1: insertion delay [min=0.180, max=0.188, avg=0.183, sd=0.002], skew [0.008 vs 0.135], 100% {0.180, 0.188} (wid=0.008 ws=0.007) (gid=0.179 gs=0.001)
      Legalizer API calls during this step: 0 succeeded with high effort: 0 succeeded with medium effort: 0 succeeded with low effort: 0 succeeded with basic effort: 0 succeeded with basic unbounded effort: 0
    PostConditioning Fixing Skew by cell sizing done. (took cpu=0:00:00.0 real=0:00:00.0)
    Reconnecting optimized routes...
    Reset timing graph...
Ignoring AAE DB Resetting ...
    Reset timing graph done.
    Reconnecting optimized routes done. (took cpu=0:00:00.0 real=0:00:00.0)
Skipping refinePlace: no changes were made during DRV and/or skew fixing steps so it is unnecessary.
    Set dirty flag on 0 instances, 0 nets
  PostConditioning done.
Net route status summary:
  Clock:         3 (unrouted=0, trialRouted=0, noStatus=0, routed=0, fixed=3, [crossesIlmBoundary=0, tooFewTerms=0, (crossesIlmBoundary AND tooFewTerms=0)])
  Non-clock:  2531 (unrouted=2011, trialRouted=520, noStatus=0, routed=0, fixed=0, [crossesIlmBoundary=0, tooFewTerms=2011, (crossesIlmBoundary AND tooFewTerms=0)])
  Update timing and DAG stats after post-conditioning...
  Update timing and DAG stats after post-conditioning done. (took cpu=0:00:00.0 real=0:00:00.0)
  Clock tree timing engine global stage delay update for delay1:both.late...
  Clock tree timing engine global stage delay update for delay1:both.late done. (took cpu=0:00:00.0 real=0:00:00.0)
  Clock DAG stats after post-conditioning:
    cell counts      : b=2, i=0, icg=0, nicg=0, l=0, total=2
    cell areas       : b=42.386um^2, i=0.000um^2, icg=0.000um^2, nicg=0.000um^2, l=0.000um^2, total=42.386um^2
    cell capacitance : b=0.021pF, i=0.000pF, icg=0.000pF, nicg=0.000pF, l=0.000pF, total=0.021pF
    sink capacitance : count=158, total=0.274pF, avg=0.002pF, sd=0.000pF, min=0.002pF, max=0.002pF
    wire capacitance : top=0.000pF, trunk=0.014pF, leaf=0.131pF, total=0.145pF
    wire lengths     : top=0.000um, trunk=120.495um, leaf=1149.850um, total=1270.345um
    hp wire lengths  : top=0.000um, trunk=0.000um, leaf=311.750um, total=311.750um
  Clock DAG net violations after post-conditioning: none
  Clock DAG primary half-corner transition distribution after post-conditioning:
    Trunk : target=0.196ns count=1 avg=0.003ns sd=0.000ns min=0.003ns max=0.003ns {1 <= 0.118ns, 0 <= 0.157ns, 0 <= 0.176ns, 0 <= 0.186ns, 0 <= 0.196ns}
    Leaf  : target=0.196ns count=2 avg=0.129ns sd=0.003ns min=0.127ns max=0.130ns {0 <= 0.118ns, 2 <= 0.157ns, 0 <= 0.176ns, 0 <= 0.186ns, 0 <= 0.196ns}
  Clock DAG library cell distribution after post-conditioning {count}:
     Bufs: CLKBUFX16: 2 
  Primary reporting skew groups after post-conditioning:
    skew_group clk/sdc1: insertion delay [min=0.180, max=0.188, avg=0.183, sd=0.002], skew [0.008 vs 0.135], 100% {0.180, 0.188} (wid=0.008 ws=0.007) (gid=0.179 gs=0.001)
  Skew group summary after post-conditioning:
    skew_group clk/sdc1: insertion delay [min=0.180, max=0.188, avg=0.183, sd=0.002], skew [0.008 vs 0.135], 100% {0.180, 0.188} (wid=0.008 ws=0.007) (gid=0.179 gs=0.001)
  CCOpt::Phase::PostConditioning done. (took cpu=0:00:00.1 real=0:00:00.1)
  Setting CTS place status to fixed for clock tree and sinks.
  Post-balance tidy up or trial balance steps...
  
  Clock DAG stats at end of CTS:
  ==============================
  
  ------------------------------------------------------------
  Cell type                     Count    Area      Capacitance
  ------------------------------------------------------------
  Buffers                         2      42.386       0.021
  Inverters                       0       0.000       0.000
  Integrated Clock Gates          0       0.000       0.000
  Non-Integrated Clock Gates      0       0.000       0.000
  Clock Logic                     0       0.000       0.000
  All                             2      42.386       0.021
  ------------------------------------------------------------
  
  
  Clock DAG wire lengths at end of CTS:
  =====================================
  
  --------------------
  Type     Wire Length
  --------------------
  Top          0.000
  Trunk      120.495
  Leaf      1149.850
  Total     1270.345
  --------------------
  
  
  Clock DAG hp wire lengths at end of CTS:
  ========================================
  
  -----------------------
  Type     hp Wire Length
  -----------------------
  Top           0.000
  Trunk         0.000
  Leaf        311.750
  Total       311.750
  -----------------------
  
  
  Clock DAG capacitances at end of CTS:
  =====================================
  
  --------------------------------
  Type     Gate     Wire     Total
  --------------------------------
  Top      0.000    0.000    0.000
  Trunk    0.021    0.014    0.035
  Leaf     0.274    0.131    0.405
  Total    0.295    0.145    0.440
  --------------------------------
  
  
  Clock DAG sink capacitances at end of CTS:
  ==========================================
  
  --------------------------------------------------------
  Count    Total    Average    Std. Dev.    Min      Max
  --------------------------------------------------------
   158     0.274     0.002       0.000      0.002    0.002
  --------------------------------------------------------
  
  
  Clock DAG net violations at end of CTS:
  =======================================
  
  None
  
  
  Clock DAG primary half-corner transition distribution at end of CTS:
  ====================================================================
  
  --------------------------------------------------------------------------------------------------------------------------------------------------------------
  Net Type    Target    Count    Average    Std. Dev.    Min      Max      Distribution                                                              Over Target
  --------------------------------------------------------------------------------------------------------------------------------------------------------------
  Trunk       0.196       1       0.003       0.000      0.003    0.003    {1 <= 0.118ns, 0 <= 0.157ns, 0 <= 0.176ns, 0 <= 0.186ns, 0 <= 0.196ns}         -
  Leaf        0.196       2       0.129       0.003      0.127    0.130    {0 <= 0.118ns, 2 <= 0.157ns, 0 <= 0.176ns, 0 <= 0.186ns, 0 <= 0.196ns}         -
  --------------------------------------------------------------------------------------------------------------------------------------------------------------
  
  
  Clock DAG library cell distribution at end of CTS:
  ==================================================
  
  ------------------------------------------
  Name         Type      Inst     Inst Area 
                         Count    (um^2)
  ------------------------------------------
  CLKBUFX16    buffer      2        42.386
  ------------------------------------------
  
  
  Primary reporting skew groups summary at end of CTS:
  ====================================================
  
  ------------------------------------------------------------------------------------------------------------------------------------------------------------
  Half-corner         Skew Group    Min ID    Max ID    Skew     Skew target    Wire skew    Worst sink skew    Average ID    Std.Dev    Skew window occupancy
  ------------------------------------------------------------------------------------------------------------------------------------------------------------
  delay1:both.late    clk/sdc1      0.180     0.188     0.008       0.135         0.007           0.005           0.183        0.002     100% {0.180, 0.188}
  ------------------------------------------------------------------------------------------------------------------------------------------------------------
  
  
  Skew group summary at end of CTS:
  =================================
  
  ------------------------------------------------------------------------------------------------------------------------------------------------------------
  Half-corner         Skew Group    Min ID    Max ID    Skew     Skew target    Wire skew    Worst sink skew    Average ID    Std.Dev    Skew window occupancy
  ------------------------------------------------------------------------------------------------------------------------------------------------------------
  delay1:both.late    clk/sdc1      0.180     0.188     0.008       0.135         0.007           0.005           0.183        0.002     100% {0.180, 0.188}
  ------------------------------------------------------------------------------------------------------------------------------------------------------------
  
  
  Found a total of 0 clock tree pins with a slew violation.
  
  Post-balance tidy up or trial balance steps done. (took cpu=0:00:00.0 real=0:00:00.0)
Synthesizing clock trees done.
Tidy Up And Update Timing...
External - Set all clocks to propagated mode...
Innovus updating I/O latencies
#################################################################################
# Design Stage: PreRoute
# Design Name: HA
# Design Mode: 90nm
# Analysis Mode: MMMC Non-OCV 
# Parasitics Mode: No SPEF/RCDB
# Signoff Settings: SI Off 
#################################################################################
Calculate delays in Single mode...
Start delay calculation (fullDC) (1 T). (MEM=1416.47)
**WARN: (IMPESI-3025):	Delay calculation was forced to extrapolate the slew on instance CTS_ccl_a_buf_00006, Cell type : CLKBUFX16, Arc : Av->Yv because it's outside the characterized table range. The actual slew is 0.0030 ns and the lower bound in the table is 0.0600 ns. In some cases, extrapolation can reduce the accuracy of delay calculation.
**WARN: (IMPESI-3025):	Delay calculation was forced to extrapolate the slew on instance CTS_ccl_a_buf_00006, Cell type : CLKBUFX16, Arc : A^->Y^ because it's outside the characterized table range. The actual slew is 0.0030 ns and the lower bound in the table is 0.0600 ns. In some cases, extrapolation can reduce the accuracy of delay calculation.
**WARN: (IMPESI-3025):	Delay calculation was forced to extrapolate the slew on instance CTS_ccl_a_buf_00004, Cell type : CLKBUFX16, Arc : Av->Yv because it's outside the characterized table range. The actual slew is 0.0030 ns and the lower bound in the table is 0.0600 ns. In some cases, extrapolation can reduce the accuracy of delay calculation.
**WARN: (IMPESI-3025):	Delay calculation was forced to extrapolate the slew on instance CTS_ccl_a_buf_00004, Cell type : CLKBUFX16, Arc : A^->Y^ because it's outside the characterized table range. The actual slew is 0.0030 ns and the lower bound in the table is 0.0600 ns. In some cases, extrapolation can reduce the accuracy of delay calculation.
Total number of fetched objects 523
End delay calculation. (MEM=1448.36 CPU=0:00:00.0 REAL=0:00:00.0)
End delay calculation (fullDC). (MEM=1448.36 CPU=0:00:00.0 REAL=0:00:00.0)
	Clock: clk, View: view1, Ideal Latency: 0, Propagated Latency: 0.183172
	 Executing: set_clock_latency -source -early -max -rise -0.183172 [get_pins clk]
	Clock: clk, View: view1, Ideal Latency: 0, Propagated Latency: 0.183172
	 Executing: set_clock_latency -source -late -max -rise -0.183172 [get_pins clk]
	Clock: clk, View: view1, Ideal Latency: 0, Propagated Latency: 0.179502
	 Executing: set_clock_latency -source -early -max -fall -0.179502 [get_pins clk]
	Clock: clk, View: view1, Ideal Latency: 0, Propagated Latency: 0.179502
	 Executing: set_clock_latency -source -late -max -fall -0.179502 [get_pins clk]
Setting all clocks to propagated mode.
External - Set all clocks to propagated mode done. (took cpu=0:00:00.1 real=0:00:00.1)
Clock DAG stats after update timingGraph:
  cell counts      : b=2, i=0, icg=0, nicg=0, l=0, total=2
  cell areas       : b=42.386um^2, i=0.000um^2, icg=0.000um^2, nicg=0.000um^2, l=0.000um^2, total=42.386um^2
  cell capacitance : b=0.021pF, i=0.000pF, icg=0.000pF, nicg=0.000pF, l=0.000pF, total=0.021pF
  sink capacitance : count=158, total=0.274pF, avg=0.002pF, sd=0.000pF, min=0.002pF, max=0.002pF
  wire capacitance : top=0.000pF, trunk=0.014pF, leaf=0.131pF, total=0.145pF
  wire lengths     : top=0.000um, trunk=120.495um, leaf=1149.850um, total=1270.345um
  hp wire lengths  : top=0.000um, trunk=0.000um, leaf=311.750um, total=311.750um
Clock DAG net violations after update timingGraph: none
Clock DAG primary half-corner transition distribution after update timingGraph:
  Trunk : target=0.196ns count=1 avg=0.003ns sd=0.000ns min=0.003ns max=0.003ns {1 <= 0.118ns, 0 <= 0.157ns, 0 <= 0.176ns, 0 <= 0.186ns, 0 <= 0.196ns}
  Leaf  : target=0.196ns count=2 avg=0.129ns sd=0.003ns min=0.127ns max=0.130ns {0 <= 0.118ns, 2 <= 0.157ns, 0 <= 0.176ns, 0 <= 0.186ns, 0 <= 0.196ns}
Clock DAG library cell distribution after update timingGraph {count}:
   Bufs: CLKBUFX16: 2 
Primary reporting skew groups after update timingGraph:
  skew_group clk/sdc1: insertion delay [min=0.180, max=0.188, avg=0.183, sd=0.002], skew [0.008 vs 0.135], 100% {0.180, 0.188} (wid=0.008 ws=0.007) (gid=0.179 gs=0.001)
Skew group summary after update timingGraph:
  skew_group clk/sdc1: insertion delay [min=0.180, max=0.188, avg=0.183, sd=0.002], skew [0.008 vs 0.135], 100% {0.180, 0.188} (wid=0.008 ws=0.007) (gid=0.179 gs=0.001)
Logging CTS constraint violations...
  No violations found.
Logging CTS constraint violations done.
Tidy Up And Update Timing done. (took cpu=0:00:00.1 real=0:00:00.1)
Runtime done. (took cpu=0:00:09.7 real=0:00:09.7)
Runtime Summary
===============
Clock Runtime:  (31%) Core CTS           3.04 (Init 1.91, Construction 0.28, Implementation 0.40, eGRPC 0.27, PostConditioning 0.10, Other 0.08)
Clock Runtime:  (62%) CTS services       6.02 (RefinePlace 0.11, EarlyGlobalClock 0.37, NanoRoute 5.50, ExtractRC 0.04, TimingAnalysis 0.00)
Clock Runtime:   (5%) Other CTS          0.52 (Init 0.14, CongRepair/EGR-DP 0.26, TimingUpdate 0.11, Other 0.00)
Clock Runtime: (100%) Total              9.58

Synthesizing clock trees with CCOpt done.
DBG: sciUnitLenDelay = 0.123450
Set analysis mode to hold.
#################################################################################
# Design Stage: PreRoute
# Design Name: HA
# Design Mode: 90nm
# Analysis Mode: MMMC Non-OCV 
# Parasitics Mode: No SPEF/RCDB
# Signoff Settings: SI Off 
#################################################################################
Calculate delays in Single mode...
Start delay calculation (fullDC) (1 T). (MEM=1422.62)
Total number of fetched objects 523
End delay calculation. (MEM=1448.83 CPU=0:00:00.1 REAL=0:00:00.0)
End delay calculation (fullDC). (MEM=1448.83 CPU=0:00:00.1 REAL=0:00:00.0)
DBG: scgNrActiveHoldView = 1
*** Scan Trace Summary (runtime: cpu: 0:00:00.0 , real: 0:00:00.0): 
Successfully traced 2 scan chains (total 158 scan bits).
*** Scan Sanity Check Summary:
*** 2 scan chains passed sanity check.
Set setup analysis mode.
*** Summary: Scan Reorder within scan chain
Initial total scan wire length:     1915.005 (floating:     1678.655)
Final   total scan wire length:     1915.005 (floating:     1678.655)
Improvement:        0.000   percent  0.00 (floating improvement:        0.000   percent  0.00)
Initial scan reorder max long connection: not available for -stitchChainsAfterFreeMerging
Final   scan reorder max long connection:       74.820
Total net length = 1.160e+04 (5.239e+03 6.363e+03) (ext = 3.440e+03)
*** End of ScanReorder (cpu=0:00:00.2, real=0:00:00.0, mem=1626.6M) ***
**optDesign ... cpu = 0:00:00, real = 0:00:00, mem = 969.8M, totSessionCpu=0:00:45 **
**INFO: setDesignMode -flowEffort standard -> setting 'setOptMode -allEndPoints true' for the duration of this command.
Need call spDPlaceInit before registerPrioInstLoc.
GigaOpt running with 1 threads.
Setting timing_disable_library_data_to_data_checks to 'true'.
Setting timing_disable_user_data_to_data_checks to 'true'.
**optDesign ... cpu = 0:00:01, real = 0:00:01, mem = 990.1M, totSessionCpu=0:00:45 **
*** optDesign -postCTS ***
DRC Margin: user margin 0.0; extra margin 0.2
Hold Target Slack: user slack 0
Setup Target Slack: user slack 0; extra slack 0.0
setUsefulSkewMode -ecoRoute false
No user sequential activity specified, applying default sequential activity of "0.2" for Dynamic Power reporting.
'set_default_switching_activity' finished successfully.
Multi-VT timing optimization disabled based on library information.
Start to check current routing status for nets...
All nets are already routed correctly.
End to check current routing status for nets (mem=1373.4M)

Footprint cell information for calculating maxBufDist
*info: There are 16 candidate Buffer cells
*info: There are 19 candidate Inverter cells

Compute RC Scale Done ...
Starting delay calculation for Setup views
#################################################################################
# Design Stage: PreRoute
# Design Name: HA
# Design Mode: 90nm
# Analysis Mode: MMMC Non-OCV 
# Parasitics Mode: No SPEF/RCDB
# Signoff Settings: SI Off 
#################################################################################
Calculate delays in Single mode...
Start delay calculation (fullDC) (1 T). (MEM=1519.61)
Total number of fetched objects 523
End delay calculation. (MEM=1513.81 CPU=0:00:00.1 REAL=0:00:00.0)
End delay calculation (fullDC). (MEM=1513.81 CPU=0:00:00.1 REAL=0:00:00.0)
*** Done Building Timing Graph (cpu=0:00:00.1 real=0:00:00.0 totSessionCpu=0:00:46.1 mem=1513.8M)

------------------------------------------------------------
             Initial Summary                             
------------------------------------------------------------

Setup views included:
 view1 

+--------------------+---------+---------+---------+
|     Setup mode     |   all   | reg2reg | default |
+--------------------+---------+---------+---------+
|           WNS (ns):| -0.283  | -0.283  |  0.967  |
|           TNS (ns):| -2.363  | -2.363  |  0.000  |
|    Violating Paths:|   15    |   15    |    0    |
|          All Paths:|   679   |   254   |   425   |
+--------------------+---------+---------+---------+

+----------------+-------------------------------+------------------+
|                |              Real             |       Total      |
|    DRVs        +------------------+------------+------------------|
|                |  Nr nets(terms)  | Worst Vio  |  Nr nets(terms)  |
+----------------+------------------+------------+------------------+
|   max_cap      |      0 (0)       |   0.000    |      0 (0)       |
|   max_tran     |      0 (0)       |   0.000    |      0 (0)       |
|   max_fanout   |      0 (0)       |     0      |      0 (0)       |
|   max_length   |      0 (0)       |     0      |      0 (0)       |
+----------------+------------------+------------+------------------+

Density: 50.242%
------------------------------------------------------------
**optDesign ... cpu = 0:00:02, real = 0:00:02, mem = 1079.9M, totSessionCpu=0:00:46 **
** INFO : this run is activating low effort ccoptDesign flow
*** Starting optimizing excluded clock nets MEM= 1450.1M) ***
*info: No excluded clock nets to be optimized.
*** Finished optimizing excluded clock nets (CPU Time= 0:00:00.0  MEM= 1450.1M) ***
*** Starting optimizing excluded clock nets MEM= 1450.1M) ***
*info: No excluded clock nets to be optimized.
*** Finished optimizing excluded clock nets (CPU Time= 0:00:00.0  MEM= 1450.1M) ***
Info: Done creating the CCOpt slew target map.
Begin: GigaOpt high fanout net optimization
Info: 3 nets with fixed/cover wires excluded.
Info: 3 clock nets excluded from IPO operation.
*** DrvOpt [begin] : cpu/real = 0:00:00.0/0:00:00.0 (0.0), totSession cpu/real = 0:00:46.2/0:00:59.8 (0.8), mem = 1450.1M
*** DrvOpt [finish] : cpu/real = 0:00:02.0/0:00:02.0 (1.0), totSession cpu/real = 0:00:48.2/0:01:01.8 (0.8), mem = 1462.1M
End: GigaOpt high fanout net optimization
Begin: GigaOpt Global Optimization
*info: use new DP (enabled)
Info: 3 nets with fixed/cover wires excluded.
Info: 3 clock nets excluded from IPO operation.
*** SetupOpt [begin] : cpu/real = 0:00:00.0/0:00:00.0 (0.0), totSession cpu/real = 0:00:48.2/0:01:01.9 (0.8), mem = 1462.1M
*info: 3 clock nets excluded
*info: 2 special nets excluded.
*info: 14 no-driver nets excluded.
*info: 3 nets with fixed/cover wires excluded.
** GigaOpt Global Opt WNS Slack -0.283  TNS Slack -2.362 
+--------+--------+----------+------------+--------+----------+---------+----------------------------------------+
|  WNS   |  TNS   | Density  |    Real    |  Mem   |Worst View|Pathgroup|               End Point                |
+--------+--------+----------+------------+--------+----------+---------+----------------------------------------+
|  -0.283|  -2.362|    50.24%|   0:00:00.0| 1490.2M|     view1|  reg2reg| u_visitor/count_reg[3]/D               |
|  -0.283|  -2.355|    50.29%|   0:00:01.0| 1547.3M|     view1|  reg2reg| u_visitor/count_reg[3]/D               |
|  -0.283|  -2.355|    50.29%|   0:00:00.0| 1547.3M|     view1|  reg2reg| u_visitor/count_reg[3]/D               |
|  -0.283|  -2.355|    50.29%|   0:00:00.0| 1547.3M|     view1|  reg2reg| u_visitor/count_reg[3]/D               |
|  -0.147|  -0.890|    50.44%|   0:00:02.0| 1585.5M|     view1|  reg2reg| u_visitor/count_reg[3]/D               |
|  -0.147|  -0.890|    50.44%|   0:00:00.0| 1589.0M|     view1|  reg2reg| u_visitor/count_reg[3]/D               |
|  -0.147|  -0.890|    50.44%|   0:00:00.0| 1589.0M|     view1|  reg2reg| u_visitor/count_reg[3]/D               |
|  -0.147|  -0.890|    50.44%|   0:00:00.0| 1589.0M|     view1|  reg2reg| u_visitor/count_reg[3]/D               |
|  -0.142|  -0.842|    50.55%|   0:00:00.0| 1589.0M|     view1|  reg2reg| u_visitor/count_reg[3]/D               |
|  -0.142|  -0.842|    50.55%|   0:00:00.0| 1589.0M|     view1|  reg2reg| u_visitor/count_reg[3]/D               |
|  -0.142|  -0.842|    50.55%|   0:00:00.0| 1589.0M|     view1|  reg2reg| u_visitor/count_reg[3]/D               |
|  -0.142|  -0.842|    50.55%|   0:00:00.0| 1589.0M|     view1|  reg2reg| u_visitor/count_reg[3]/D               |
|  -0.118|  -0.714|    50.70%|   0:00:01.0| 1589.0M|     view1|  reg2reg| u_visitor/count_reg[3]/D               |
|  -0.118|  -0.714|    50.70%|   0:00:00.0| 1590.5M|     view1|  reg2reg| u_visitor/count_reg[3]/D               |
|  -0.118|  -0.714|    50.70%|   0:00:00.0| 1590.5M|     view1|  reg2reg| u_visitor/count_reg[3]/D               |
|  -0.118|  -0.714|    50.70%|   0:00:00.0| 1590.5M|     view1|  reg2reg| u_visitor/count_reg[3]/D               |
|  -0.087|  -0.519|    50.72%|   0:00:00.0| 1590.5M|     view1|  reg2reg| u_visitor/count_reg[3]/D               |
|  -0.087|  -0.519|    50.72%|   0:00:00.0| 1590.5M|     view1|  reg2reg| u_visitor/count_reg[3]/D               |
+--------+--------+----------+------------+--------+----------+---------+----------------------------------------+

*** Finish post-CTS Global Setup Fixing (cpu=0:00:03.2 real=0:00:04.0 mem=1590.5M) ***

*** Finish post-CTS Setup Fixing (cpu=0:00:03.2 real=0:00:04.0 mem=1590.5M) ***
Bottom Preferred Layer:
+---------------+------------+----------+
|     Layer     |    CLK     |   Rule   |
+---------------+------------+----------+
| Metal3 (z=3)  |          3 | default  |
+---------------+------------+----------+
Via Pillar Rule:
    None
** GigaOpt Global Opt End WNS Slack -0.087  TNS Slack -0.519 
*** SetupOpt [finish] : cpu/real = 0:00:08.6/0:00:08.6 (1.0), totSession cpu/real = 0:00:56.8/0:01:10.4 (0.8), mem = 1571.4M
End: GigaOpt Global Optimization
*** Timing NOT met, worst failing slack is -0.087
*** Check timing (0:00:00.0)
Info: 3 nets with fixed/cover wires excluded.
Info: 3 clock nets excluded from IPO operation.

Active setup views:
 view1
  Dominating endpoints: 0
  Dominating TNS: -0.000

Begin: GigaOpt Optimization in WNS mode
Info: 3 nets with fixed/cover wires excluded.
Info: 3 clock nets excluded from IPO operation.
*** SetupOpt [begin] : cpu/real = 0:00:00.0/0:00:00.0 (0.0), totSession cpu/real = 0:00:56.9/0:01:10.5 (0.8), mem = 1483.4M
*info: 3 clock nets excluded
*info: 2 special nets excluded.
*info: 14 no-driver nets excluded.
*info: 3 nets with fixed/cover wires excluded.
** GigaOpt Optimizer WNS Slack -0.087 TNS Slack -0.519 Density 50.72
OptDebug: Start of Optimizer WNS Pass 0: default* WNS 0.968 TNS 0.000; reg2reg* WNS -0.087 TNS -0.519; HEPG WNS -0.087 TNS -0.519; all paths WNS -0.087 TNS -0.519
CCOptDebug: Start of Optimizer WNS Pass 0: reg2reg* WNS -0.087ns TNS -0.519ns; HEPG WNS -0.087ns TNS -0.519ns; all paths WNS -0.087ns TNS -0.519ns; Real time 0:00:26.0
Active Path Group: reg2reg  
+--------+---------+--------+---------+----------+------------+--------+----------+---------+----------------------------------------+
|  WNS   | All WNS |  TNS   | All TNS | Density  |    Real    |  Mem   |Worst View|Pathgroup|               End Point                |
+--------+---------+--------+---------+----------+------------+--------+----------+---------+----------------------------------------+
|  -0.087|   -0.087|  -0.519|   -0.519|    50.72%|   0:00:00.0| 1506.5M|     view1|  reg2reg| u_visitor/count_reg[3]/D               |
|   0.006|    0.006|   0.000|    0.000|    51.36%|   0:00:01.0| 1552.7M|     view1|  reg2reg| u_temp_ctrl/cooler_on_reg/D            |
|   0.015|    0.015|   0.000|    0.000|    51.55%|   0:00:01.0| 1592.9M|     view1|  reg2reg| u_temp_ctrl/cooler_on_reg/D            |
|   0.030|    0.030|   0.000|    0.000|    51.70%|   0:00:01.0| 1594.9M|     view1|  reg2reg| u_temp_ctrl/cooler_on_reg/D            |
Dumping Information for Job 6 **WARN: (IMPESI-3025):	Delay calculation was forced to extrapolate the slew on instance u_door_lock/g2280, Cell type : OAI2BB1X1, Arc : B0v->Y^ because it's outside the characterized table range. The actual slew is 1.4148 ns and the upper bound in the table is 0.6120 ns. In some cases, extrapolation can reduce the accuracy of delay calculation.
**WARN: (IMPESI-3025):	Delay calculation was forced to extrapolate the slew on instance u_door_lock/g2280, Cell type : OAI2BB1X1, Arc : B0v->Y^ because it's outside the characterized table range. The actual slew is 0.9128 ns and the upper bound in the table is 0.6120 ns. In some cases, extrapolation can reduce the accuracy of delay calculation.
**WARN: (IMPESI-3025):	Delay calculation was forced to extrapolate the slew on instance u_door_lock/g2280, Cell type : OAI2BB1X1, Arc : B0v->Y^ because it's outside the characterized table range. The actual slew is 0.6552 ns and the upper bound in the table is 0.6120 ns. In some cases, extrapolation can reduce the accuracy of delay calculation.
**WARN: (IMPESI-3025):	Delay calculation was forced to extrapolate the slew on instance u_door_lock/g2280, Cell type : OAI2BB1X1, Arc : B0v->Y^ because it's outside the characterized table range. The actual slew is 1.3874 ns and the upper bound in the table is 0.6120 ns. In some cases, extrapolation can reduce the accuracy of delay calculation.
**WARN: (IMPESI-3025):	Delay calculation was forced to extrapolate the slew on instance u_door_lock/g2280, Cell type : OAI2BB1X1, Arc : B0v->Y^ because it's outside the characterized table range. The actual slew is 0.9115 ns and the upper bound in the table is 0.6120 ns. In some cases, extrapolation can reduce the accuracy of delay calculation.
**WARN: (IMPESI-3025):	Delay calculation was forced to extrapolate the slew on instance u_door_lock/g2280, Cell type : OAI2BB1X1, Arc : B0v->Y^ because it's outside the characterized table range. The actual slew is 0.6534 ns and the upper bound in the table is 0.6120 ns. In some cases, extrapolation can reduce the accuracy of delay calculation.
 
|   0.031|    0.031|   0.000|    0.000|    51.83%|   0:00:00.0| 1595.9M|     view1|  reg2reg| u_temp_ctrl/cooler_on_reg/D            |
|   0.037|    0.037|   0.000|    0.000|    52.16%|   0:00:01.0| 1595.9M|     view1|  reg2reg| u_temp_ctrl/cooler_on_reg/D            |
|   0.037|    0.037|   0.000|    0.000|    52.16%|   0:00:00.0| 1595.9M|     view1|  reg2reg| u_temp_ctrl/cooler_on_reg/D            |
+--------+---------+--------+---------+----------+------------+--------+----------+---------+----------------------------------------+

*** Finish Core Optimize Step (cpu=0:00:03.5 real=0:00:04.0 mem=1595.9M) ***

*** Finished Optimize Step Cumulative (cpu=0:00:03.5 real=0:00:04.0 mem=1595.9M) ***
OptDebug: End of Optimizer WNS Pass 0: default* WNS 0.968 TNS 0.000; reg2reg* WNS 0.037 TNS 0.000; HEPG WNS 0.037 TNS 0.000; all paths WNS 0.037 TNS 0.000
CCOptDebug: End of Optimizer WNS Pass 0: reg2reg* WNS 0.037ns TNS 0.000ns; HEPG WNS 0.037ns TNS 0.000ns; all paths WNS 0.037ns TNS 0.000ns; Real time 0:00:30.0
** GigaOpt Optimizer WNS Slack 0.037 TNS Slack 0.000 Density 52.16
Begin: Area Reclaim Optimization
*** AreaOpt [begin] : cpu/real = 0:00:00.0/0:00:00.0 (0.0), totSession cpu/real = 0:01:05.7/0:01:19.4 (0.8), mem = 1595.9M
Usable buffer cells for single buffer setup transform:
CLKBUFX2 BUFX2 CLKBUFX3 BUFX3 CLKBUFX4 BUFX4 CLKBUFX6 BUFX6 CLKBUFX8 BUFX8 CLKBUFX12 BUFX12 CLKBUFX16 BUFX16 CLKBUFX20 BUFX20 
Number of usable buffer cells above: 16
Reclaim Optimization WNS Slack 0.037  TNS Slack 0.000 Density 52.16
+----------+---------+--------+--------+------------+--------+
| Density  | Commits |  WNS   |  TNS   |    Real    |  Mem   |
+----------+---------+--------+--------+------------+--------+
|    52.16%|        -|   0.037|   0.000|   0:00:00.0| 1595.9M|
|    52.16%|        0|   0.037|   0.000|   0:00:00.0| 1595.9M|
|    52.16%|        0|   0.037|   0.000|   0:00:00.0| 1595.9M|
+----------+---------+--------+--------+------------+--------+
Reclaim Optimization End WNS Slack 0.037  TNS Slack 0.000 Density 52.16
Bottom Preferred Layer:
+---------------+------------+----------+
|     Layer     |    CLK     |   Rule   |
+---------------+------------+----------+
| Metal3 (z=3)  |          3 | default  |
+---------------+------------+----------+
Via Pillar Rule:
    None
End: Core Area Reclaim Optimization (cpu = 0:00:00.6) (real = 0:00:00.0) **
*** AreaOpt [finish] : cpu/real = 0:00:00.6/0:00:00.6 (1.0), totSession cpu/real = 0:01:06.3/0:01:20.0 (0.8), mem = 1595.9M
End: Area Reclaim Optimization (cpu=0:00:01, real=0:00:00, mem=1595.86M, totSessionCpu=0:01:06).
*** Starting refinePlace (0:01:06 mem=1595.9M) ***
Total net bbox length = 1.147e+04 (5.196e+03 6.279e+03) (ext = 2.519e+03)
Density distribution unevenness ratio = 7.090%
Move report: Detail placement moves 44 insts, mean move: 0.98 um, max move: 3.77 um
	Max move on inst (FE_OCPC1_temp_setpoint_r_3): (102.66, 66.70) --> (103.82, 64.09)
	Runtime: CPU: 0:00:00.0 REAL: 0:00:00.0 MEM: 1595.9MB
Summary Report:
Instances move: 44 (out of 461 movable)
Instances flipped: 0
Mean displacement: 0.98 um
Max displacement: 3.77 um (Instance: FE_OCPC1_temp_setpoint_r_3) (102.66, 66.7) -> (103.82, 64.09)
	Length: 12 sites, height: 1 rows, site name: gsclib090site, cell type: BUFX6
Total net bbox length = 1.148e+04 (5.200e+03 6.278e+03) (ext = 2.518e+03)
Runtime: CPU: 0:00:00.0 REAL: 0:00:00.0 MEM: 1595.9MB
*** Finished refinePlace (0:01:06 mem=1595.9M) ***
*** maximum move = 3.77 um ***
*** Finished re-routing un-routed nets (1595.9M) ***

*** Finish Physical Update (cpu=0:00:00.1 real=0:00:00.0 mem=1595.9M) ***
** GigaOpt Optimizer WNS Slack 0.037 TNS Slack 0.000 Density 52.16
Bottom Preferred Layer:
+---------------+------------+----------+
|     Layer     |    CLK     |   Rule   |
+---------------+------------+----------+
| Metal3 (z=3)  |          3 | default  |
+---------------+------------+----------+
Via Pillar Rule:
    None

*** Finish post-CTS Setup Fixing (cpu=0:00:04.3 real=0:00:04.0 mem=1595.9M) ***

*** SetupOpt [finish] : cpu/real = 0:00:09.5/0:00:09.6 (1.0), totSession cpu/real = 0:01:06.4/0:01:20.1 (0.8), mem = 1576.8M
End: GigaOpt Optimization in WNS mode
Info: 3 nets with fixed/cover wires excluded.
Info: 3 clock nets excluded from IPO operation.
Begin: Area Reclaim Optimization
*** AreaOpt [begin] : cpu/real = 0:00:00.0/0:00:00.0 (0.0), totSession cpu/real = 0:01:07.0/0:01:20.7 (0.8), mem = 1515.9M
Usable buffer cells for single buffer setup transform:
CLKBUFX2 BUFX2 CLKBUFX3 BUFX3 CLKBUFX4 BUFX4 CLKBUFX6 BUFX6 CLKBUFX8 BUFX8 CLKBUFX12 BUFX12 CLKBUFX16 BUFX16 CLKBUFX20 BUFX20 
Number of usable buffer cells above: 16
Reclaim Optimization WNS Slack 0.037  TNS Slack 0.000 Density 52.16
+----------+---------+--------+--------+------------+--------+
| Density  | Commits |  WNS   |  TNS   |    Real    |  Mem   |
+----------+---------+--------+--------+------------+--------+
|    52.16%|        -|   0.037|   0.000|   0:00:00.0| 1515.9M|
|    52.16%|        0|   0.037|   0.000|   0:00:00.0| 1534.9M|
|    52.16%|        0|   0.037|   0.000|   0:00:00.0| 1534.9M|
|    52.16%|        0|   0.037|   0.000|   0:00:01.0| 1534.9M|
|    51.14%|       26|   0.037|   0.000|   0:00:00.0| 1558.6M|
|    51.13%|        2|   0.037|   0.000|   0:00:00.0| 1558.6M|
|    51.13%|        0|   0.037|   0.000|   0:00:00.0| 1558.6M|
|    51.13%|        0|   0.037|   0.000|   0:00:00.0| 1558.6M|
+----------+---------+--------+--------+------------+--------+
Reclaim Optimization End WNS Slack 0.037  TNS Slack 0.000 Density 51.13
Bottom Preferred Layer:
+---------------+------------+----------+
|     Layer     |    CLK     |   Rule   |
+---------------+------------+----------+
| Metal3 (z=3)  |          3 | default  |
+---------------+------------+----------+
Via Pillar Rule:
    None
End: Core Area Reclaim Optimization (cpu = 0:00:01.3) (real = 0:00:02.0) **
*** Starting refinePlace (0:01:08 mem=1558.6M) ***
Total net bbox length = 1.148e+04 (5.210e+03 6.274e+03) (ext = 2.526e+03)
Move report: Detail placement moves 0 insts, mean move: 0.00 um, max move: 0.00 um
	Runtime: CPU: 0:00:00.0 REAL: 0:00:00.0 MEM: 1558.6MB
Summary Report:
Instances move: 0 (out of 461 movable)
Instances flipped: 0
Mean displacement: 0.00 um
Max displacement: 0.00 um 
Total net bbox length = 1.148e+04 (5.210e+03 6.274e+03) (ext = 2.526e+03)
Runtime: CPU: 0:00:00.0 REAL: 0:00:00.0 MEM: 1558.6MB
*** Finished refinePlace (0:01:08 mem=1558.6M) ***
*** maximum move = 0.00 um ***
*** Finished re-routing un-routed nets (1558.6M) ***

*** Finish Physical Update (cpu=0:00:00.1 real=0:00:00.0 mem=1558.6M) ***
*** AreaOpt [finish] : cpu/real = 0:00:00.8/0:00:00.8 (1.0), totSession cpu/real = 0:01:07.8/0:01:21.5 (0.8), mem = 1558.6M
End: Area Reclaim Optimization (cpu=0:00:01, real=0:00:02, mem=1497.47M, totSessionCpu=0:01:08).
[NR-eGR] Track table information for default rule: 
[NR-eGR] Metal1 has no routable track
[NR-eGR] Metal2 has single uniform track structure
[NR-eGR] Metal3 has single uniform track structure
[NR-eGR] Metal4 has single uniform track structure
[NR-eGR] Metal5 has single uniform track structure
[NR-eGR] Metal6 has single uniform track structure
[NR-eGR] Metal7 has single uniform track structure
[NR-eGR] Metal8 has single uniform track structure
[NR-eGR] Metal9 has single uniform track structure
[NR-eGR] Started Read PG Shapes ( Curr Mem: 1497.47 MB )
[NR-eGR] Read 6770 PG shapes
[NR-eGR] Finished Read PG Shapes ( CPU: 0.00 sec, Real: 0.00 sec, Curr Mem: 1497.47 MB )
[NR-eGR] #Routing Blockages  : 0
[NR-eGR] #Instance Blockages : 0
[NR-eGR] #PG Blockages       : 6770
[NR-eGR] #Halo Blockages     : 0
[NR-eGR] #Boundary Blockages : 0
[NR-eGR] Num Prerouted Nets = 3  Num Prerouted Wires = 543
[NR-eGR] Read numTotalNets=538  numIgnoredNets=3
[NR-eGR] ============ Routing rule table ============
[NR-eGR] Rule id: 0  Nets: 535 
[NR-eGR] Rule id: 1  Nets: 0 
[NR-eGR] ========================================
[NR-eGR] 
[NR-eGR] Layer group 1: route 535 net(s) in layer range [2, 9]
[NR-eGR] Early Global Route overflow of layer group 1: 0.00% H + 0.00% V. EstWL: 1.302390e+04um
[NR-eGR] Congestion Analysis By layer: (blocked Gcells are excluded) 
[NR-eGR]                        OverCon            
[NR-eGR]                         #Gcell     %Gcell
[NR-eGR]       Layer                (0)    OverCon 
[NR-eGR] ----------------------------------------------
[NR-eGR]  Metal1  (1)         0( 0.00%)   ( 0.00%) 
[NR-eGR]  Metal2  (2)         0( 0.00%)   ( 0.00%) 
[NR-eGR]  Metal3  (3)         0( 0.00%)   ( 0.00%) 
[NR-eGR]  Metal4  (4)         0( 0.00%)   ( 0.00%) 
[NR-eGR]  Metal5  (5)         0( 0.00%)   ( 0.00%) 
[NR-eGR]  Metal6  (6)         0( 0.00%)   ( 0.00%) 
[NR-eGR]  Metal7  (7)         0( 0.00%)   ( 0.00%) 
[NR-eGR]  Metal8  (8)         0( 0.00%)   ( 0.00%) 
[NR-eGR]  Metal9  (9)         0( 0.00%)   ( 0.00%) 
[NR-eGR] ----------------------------------------------
[NR-eGR] Total                0( 0.00%)   ( 0.00%) 
[NR-eGR] 
[NR-eGR] Overflow after Early Global Route (GR compatible) 0.00% H + 0.00% V
[NR-eGR] Overflow after Early Global Route 0.00% H + 0.00% V
[NR-eGR] Started Export DB wires ( Curr Mem: 1497.47 MB )
[NR-eGR] Started Export all nets ( Curr Mem: 1497.47 MB )
[NR-eGR] Finished Export all nets ( CPU: 0.01 sec, Real: 0.00 sec, Curr Mem: 1497.47 MB )
[NR-eGR] Started Set wire vias ( Curr Mem: 1497.47 MB )
[NR-eGR] Finished Set wire vias ( CPU: 0.00 sec, Real: 0.00 sec, Curr Mem: 1497.47 MB )
[NR-eGR] Finished Export DB wires ( CPU: 0.01 sec, Real: 0.01 sec, Curr Mem: 1497.47 MB )
[NR-eGR] --------------------------------------------------------------------------
[NR-eGR] Metal1  (1F) length: 2.030000e+00um, number of vias: 1971
[NR-eGR] Metal2  (2V) length: 7.168850e+03um, number of vias: 3197
[NR-eGR] Metal3  (3H) length: 6.497900e+03um, number of vias: 268
[NR-eGR] Metal4  (4V) length: 9.764300e+02um, number of vias: 25
[NR-eGR] Metal5  (5H) length: 2.420050e+02um, number of vias: 0
[NR-eGR] Metal6  (6V) length: 0.000000e+00um, number of vias: 0
[NR-eGR] Metal7  (7H) length: 0.000000e+00um, number of vias: 0
[NR-eGR] Metal8  (8V) length: 0.000000e+00um, number of vias: 0
[NR-eGR] Metal9  (9H) length: 0.000000e+00um, number of vias: 0
[NR-eGR] Total length: 1.488722e+04um, number of vias: 5461
[NR-eGR] --------------------------------------------------------------------------
[NR-eGR] Total eGR-routed clock nets wire length: 0.000000e+00um 
[NR-eGR] --------------------------------------------------------------------------
[NR-eGR] Finished Early Global Route kernel ( CPU: 0.12 sec, Real: 0.13 sec, Curr Mem: 1483.27 MB )
Extraction called for design 'HA' of instances=463 and nets=553 using extraction engine 'preRoute' .
PreRoute RC Extraction called for design HA.
RC Extraction called in multi-corner(1) mode.
**WARN: (IMPEXT-6197):	The Cap table file is not specified. This will result in lower parasitic accuracy when using preRoute extraction or postRoute extraction with effort level 'low'. It is recommended to generate the Cap table file using the 'generateCapTbl' command and specify it before extraction using 'create_rc_corner/update_rc_corner -cap_table'.
Type 'man IMPEXT-6197' for more detail.
RCMode: PreRoute
      RC Corner Indexes            0   
Capacitance Scaling Factor   : 1.00000 
Resistance Scaling Factor    : 1.00000 
Clock Cap. Scaling Factor    : 1.00000 
Clock Res. Scaling Factor    : 1.00000 
Shrink Factor                : 1.00000
PreRoute extraction is honoring NDR/Shielding/ExtraSpace for clock nets.
Updating RC grid for preRoute extraction ...
Initializing multi-corner resistance tables ...
PreRoute RC Extraction DONE (CPU Time: 0:00:00.0  Real Time: 0:00:00.0  MEM: 1483.270M)
Compute RC Scale Done ...
[hotspot] +------------+---------------+---------------+
[hotspot] |            |   max hotspot | total hotspot |
[hotspot] +------------+---------------+---------------+
[hotspot] | normalized |          0.00 |          0.00 |
[hotspot] +------------+---------------+---------------+
Local HotSpot Analysis: normalized max congestion hotspot area = 0.00, normalized total congestion hotspot area = 0.00 (area is in unit of 4 std-cell row bins)
#################################################################################
# Design Stage: PreRoute
# Design Name: HA
# Design Mode: 90nm
# Analysis Mode: MMMC Non-OCV 
# Parasitics Mode: No SPEF/RCDB
# Signoff Settings: SI Off 
#################################################################################
Calculate delays in Single mode...
Start delay calculation (fullDC) (1 T). (MEM=1473.27)
Total number of fetched objects 538
End delay calculation. (MEM=1515.91 CPU=0:00:00.1 REAL=0:00:00.0)
End delay calculation (fullDC). (MEM=1515.91 CPU=0:00:00.1 REAL=0:00:00.0)
Begin: GigaOpt postEco DRV Optimization
Info: 3 nets with fixed/cover wires excluded.
Info: 3 clock nets excluded from IPO operation.
*** DrvOpt [begin] : cpu/real = 0:00:00.0/0:00:00.0 (0.0), totSession cpu/real = 0:01:08.1/0:01:21.8 (0.8), mem = 1515.9M
+-------------------------------------------------------------------------------------------------------------------------------------------------------+
|        max-tran       |        max-cap        |  max-fanout |  max-length |       setup       |        |        |        |       |          |         |
+-------------------------------------------------------------------------------------------------------------------------------------------------------+
| nets | terms|  wViol  | nets | terms|  wViol  | nets | terms| nets | terms|   WNS   |   TNS   |  #Buf  |  #Inv  | #Resize|Density|   Real   |   Mem   |
+-------------------------------------------------------------------------------------------------------------------------------------------------------+
|     0|     0|     0.00|     0|     0|     0.00|     0|     0|     0|     0|     0.03|     0.00|       0|       0|       0|  51.13|          |         |
**WARN: (IMPESI-3025):	Delay calculation was forced to extrapolate the slew on instance FE_OFC5_rst_n, Cell type : BUFX2, Arc : Av->Yv because it's outside the characterized table range. The actual slew is 0.7616 ns and the upper bound in the table is 0.6120 ns. In some cases, extrapolation can reduce the accuracy of delay calculation.
**WARN: (IMPESI-3025):	Delay calculation was forced to extrapolate the slew on instance FE_OFC5_rst_n, Cell type : BUFX2, Arc : A^->Y^ because it's outside the characterized table range. The actual slew is 0.8175 ns and the upper bound in the table is 0.6120 ns. In some cases, extrapolation can reduce the accuracy of delay calculation.
**WARN: (IMPESI-3025):	Delay calculation was forced to extrapolate the slew on instance FE_OFC6_rst_n, Cell type : CLKBUFX6, Arc : Av->Yv because it's outside the characterized table range. The actual slew is 0.7616 ns and the upper bound in the table is 0.6120 ns. In some cases, extrapolation can reduce the accuracy of delay calculation.
**WARN: (IMPESI-3025):	Delay calculation was forced to extrapolate the slew on instance FE_OFC6_rst_n, Cell type : CLKBUFX6, Arc : A^->Y^ because it's outside the characterized table range. The actual slew is 0.8175 ns and the upper bound in the table is 0.6120 ns. In some cases, extrapolation can reduce the accuracy of delay calculation.
**WARN: (IMPESI-3025):	Delay calculation was forced to extrapolate the slew on instance FE_OFC7_rst_n, Cell type : CLKBUFX6, Arc : Av->Yv because it's outside the characterized table range. The actual slew is 0.7616 ns and the upper bound in the table is 0.6120 ns. In some cases, extrapolation can reduce the accuracy of delay calculation.
**WARN: (IMPESI-3025):	Delay calculation was forced to extrapolate the slew on instance FE_OFC7_rst_n, Cell type : CLKBUFX6, Arc : A^->Y^ because it's outside the characterized table range. The actual slew is 0.8175 ns and the upper bound in the table is 0.6120 ns. In some cases, extrapolation can reduce the accuracy of delay calculation.
|     0|     0|     0.00|     0|     0|     0.00|     0|     0|     0|     0|     0.03|     0.00|       6|       0|       0|  51.45| 0:00:00.0|  1557.0M|
|     0|     0|     0.00|     0|     0|     0.00|     0|     0|     0|     0|     0.03|     0.00|       0|       0|       0|  51.45| 0:00:00.0|  1557.0M|
+-------------------------------------------------------------------------------------------------------------------------------------------------------+
Bottom Preferred Layer:
+---------------+------------+----------+
|     Layer     |    CLK     |   Rule   |
+---------------+------------+----------+
| Metal3 (z=3)  |          3 | default  |
+---------------+------------+----------+
Via Pillar Rule:
    None

*** Finish DRV Fixing (cpu=0:00:00.2 real=0:00:01.0 mem=1557.0M) ***

*** DrvOpt [finish] : cpu/real = 0:00:01.6/0:00:01.6 (1.0), totSession cpu/real = 0:01:09.7/0:01:23.4 (0.8), mem = 1537.9M
End: GigaOpt postEco DRV Optimization
Running refinePlace -preserveRouting true -hardFence false
*** Starting refinePlace (0:01:10 mem=1537.9M) ***
Density distribution unevenness ratio = 6.675%
Move report: Detail placement moves 11 insts, mean move: 1.69 um, max move: 6.67 um
	Max move on inst (FE_OFC7_rst_n): (85.26, 84.97) --> (89.32, 82.36)
	Runtime: CPU: 0:00:00.0 REAL: 0:00:00.0 MEM: 1537.9MB
Summary Report:
Instances move: 11 (out of 467 movable)
Instances flipped: 0
Mean displacement: 1.69 um
Max displacement: 6.67 um (Instance: FE_OFC7_rst_n) (85.26, 84.97) -> (89.32, 82.36)
	Length: 12 sites, height: 1 rows, site name: gsclib090site, cell type: CLKBUFX6
Runtime: CPU: 0:00:00.0 REAL: 0:00:00.0 MEM: 1537.9MB
*** Finished refinePlace (0:01:10 mem=1537.9M) ***

Active setup views:
 view1
  Dominating endpoints: 0
  Dominating TNS: -0.000

Extraction called for design 'HA' of instances=469 and nets=559 using extraction engine 'preRoute' .
PreRoute RC Extraction called for design HA.
RC Extraction called in multi-corner(1) mode.
**WARN: (IMPEXT-6197):	The Cap table file is not specified. This will result in lower parasitic accuracy when using preRoute extraction or postRoute extraction with effort level 'low'. It is recommended to generate the Cap table file using the 'generateCapTbl' command and specify it before extraction using 'create_rc_corner/update_rc_corner -cap_table'.
Type 'man IMPEXT-6197' for more detail.
RCMode: PreRoute
      RC Corner Indexes            0   
Capacitance Scaling Factor   : 1.00000 
Resistance Scaling Factor    : 1.00000 
Clock Cap. Scaling Factor    : 1.00000 
Clock Res. Scaling Factor    : 1.00000 
Shrink Factor                : 1.00000
PreRoute extraction is honoring NDR/Shielding/ExtraSpace for clock nets.
Updating RC grid for preRoute extraction ...
Initializing multi-corner resistance tables ...
PreRoute RC Extraction DONE (CPU Time: 0:00:00.0  Real Time: 0:00:00.0  MEM: 1523.707M)
Starting delay calculation for Setup views
#################################################################################
# Design Stage: PreRoute
# Design Name: HA
# Design Mode: 90nm
# Analysis Mode: MMMC Non-OCV 
# Parasitics Mode: No SPEF/RCDB
# Signoff Settings: SI Off 
#################################################################################
Calculate delays in Single mode...
Start delay calculation (fullDC) (1 T). (MEM=1521.71)
Total number of fetched objects 544
End delay calculation. (MEM=1520.43 CPU=0:00:00.1 REAL=0:00:00.0)
End delay calculation (fullDC). (MEM=1520.43 CPU=0:00:00.1 REAL=0:00:00.0)
*** Done Building Timing Graph (cpu=0:00:00.2 real=0:00:00.0 totSessionCpu=0:01:10 mem=1520.4M)
Reported timing to dir ./timingReports
**optDesign ... cpu = 0:00:25, real = 0:00:26, mem = 1104.1M, totSessionCpu=0:01:10 **

------------------------------------------------------------
     optDesign Final Summary                             
------------------------------------------------------------

Setup views included:
 view1 

+--------------------+---------+---------+---------+
|     Setup mode     |   all   | reg2reg | default |
+--------------------+---------+---------+---------+
|           WNS (ns):|  0.028  |  0.028  |  0.354  |
|           TNS (ns):|  0.000  |  0.000  |  0.000  |
|    Violating Paths:|    0    |    0    |    0    |
|          All Paths:|   679   |   254   |   425   |
+--------------------+---------+---------+---------+

+----------------+-------------------------------+------------------+
|                |              Real             |       Total      |
|    DRVs        +------------------+------------+------------------|
|                |  Nr nets(terms)  | Worst Vio  |  Nr nets(terms)  |
+----------------+------------------+------------+------------------+
|   max_cap      |      0 (0)       |   0.000    |      0 (0)       |
|   max_tran     |      0 (0)       |   0.000    |      0 (0)       |
|   max_fanout   |      0 (0)       |     0      |      0 (0)       |
|   max_length   |      0 (0)       |     0      |      0 (0)       |
+----------------+------------------+------------+------------------+

Density: 51.448%
Routing Overflow: 0.00% H and 0.00% V
------------------------------------------------------------
**optDesign ... cpu = 0:00:26, real = 0:00:28, mem = 1104.7M, totSessionCpu=0:01:10 **
*** Finished optDesign ***
Info: Destroy the CCOpt slew target map.
Set place::cacheFPlanSiteMark to 0

*** Summary of all messages that are not suppressed in this session:
Severity  ID               Count  Summary                                  
WARNING   IMPEXT-6197          5  The Cap table file is not specified. Thi...
WARNING   IMPESI-3025         16  Delay calculation was forced to extrapol...
WARNING   IMPCCOPT-1285        5  The lib cell '%s' specified in %s %s. %s...
WARNING   IMPCCOPT-1361        3  Routing configuration for %s nets in clo...
WARNING   IMPTCM-77            1  Option "%s" for command %s is obsolete a...
*** Message Summary: 30 warning(s), 0 error(s)

#% End ccopt_design (date=11/17 01:23:19, total cpu=0:00:34.4, real=0:00:36.0, peak res=1135.4M, current mem=1028.5M)
<CMD> report_timing -early -view {view1} -max_paths 100 > cts_reports/timing/timing_post_PnR_early.txt
#################################################################################
# Design Stage: PreRoute
# Design Name: HA
# Design Mode: 90nm
# Analysis Mode: MMMC Non-OCV 
# Parasitics Mode: No SPEF/RCDB
# Signoff Settings: SI Off 
#################################################################################
Calculate delays in Single mode...
Start delay calculation (fullDC) (1 T). (MEM=1403.5)
Total number of fetched objects 544
End delay calculation. (MEM=1452.14 CPU=0:00:00.1 REAL=0:00:00.0)
End delay calculation (fullDC). (MEM=1452.14 CPU=0:00:00.1 REAL=0:00:00.0)
<CMD> report_timing -late  -max_paths 100 > cts_reports/timing/timing_post_PnR_late.txt
#################################################################################
# Design Stage: PreRoute
# Design Name: HA
# Design Mode: 90nm
# Analysis Mode: MMMC Non-OCV 
# Parasitics Mode: No SPEF/RCDB
# Signoff Settings: SI Off 
#################################################################################
Calculate delays in Single mode...
Start delay calculation (fullDC) (1 T). (MEM=1435.93)
Total number of fetched objects 544
End delay calculation. (MEM=1452.14 CPU=0:00:00.1 REAL=0:00:00.0)
End delay calculation (fullDC). (MEM=1452.14 CPU=0:00:03.7 REAL=0:00:04.0)
<CMD> report_area -detail > cts_reports/area/area_post_pnr2.rpt
<CMD> report_power -rail_analysis_format VS -outfile cts_reports/ctsafteranalysis.rpt
Using Power View: view1.

Begin Power Analysis

             0V	    VSS
           0.9V	    VDD
Begin Processing Timing Library for Power Calculation

Begin Processing Timing Library for Power Calculation



Begin Processing Power Net/Grid for Power Calculation

Ended Processing Power Net/Grid for Power Calculation: (cpu=0:00:00, real=0:00:00, mem(process/total/peak)=1037.76MB/2620.06MB/1104.29MB)

Begin Processing Timing Window Data for Power Calculation

Ended Processing Timing Window Data for Power Calculation: (cpu=0:00:00, real=0:00:00, mem(process/total/peak)=1037.76MB/2620.06MB/1104.29MB)

Begin Processing User Attributes

Ended Processing User Attributes: (cpu=0:00:00, real=0:00:00, mem(process/total/peak)=1037.76MB/2620.06MB/1104.29MB)

Begin Processing Signal Activity


Starting Levelizing
2025-Nov-17 01:23:23 (2025-Nov-16 19:53:23 GMT)
2025-Nov-17 01:23:23 (2025-Nov-16 19:53:23 GMT): 10%
2025-Nov-17 01:23:23 (2025-Nov-16 19:53:23 GMT): 20%
2025-Nov-17 01:23:23 (2025-Nov-16 19:53:23 GMT): 30%
2025-Nov-17 01:23:23 (2025-Nov-16 19:53:23 GMT): 40%
2025-Nov-17 01:23:23 (2025-Nov-16 19:53:23 GMT): 50%
2025-Nov-17 01:23:23 (2025-Nov-16 19:53:23 GMT): 60%
2025-Nov-17 01:23:23 (2025-Nov-16 19:53:23 GMT): 70%
2025-Nov-17 01:23:23 (2025-Nov-16 19:53:23 GMT): 80%
2025-Nov-17 01:23:23 (2025-Nov-16 19:53:23 GMT): 90%

Finished Levelizing
2025-Nov-17 01:23:23 (2025-Nov-16 19:53:23 GMT)

Starting Activity Propagation
2025-Nov-17 01:23:23 (2025-Nov-16 19:53:23 GMT)
2025-Nov-17 01:23:23 (2025-Nov-16 19:53:23 GMT): 10%
2025-Nov-17 01:23:23 (2025-Nov-16 19:53:23 GMT): 20%

Finished Activity Propagation
2025-Nov-17 01:23:23 (2025-Nov-16 19:53:23 GMT)
Ended Processing Signal Activity: (cpu=0:00:00, real=0:00:00, mem(process/total/peak)=1037.76MB/2620.06MB/1104.29MB)

Begin Power Computation

      ----------------------------------------------------------
      # of cell(s) missing both power/leakage table: 0
      # of cell(s) missing power table: 0
      # of cell(s) missing leakage table: 0
      # of MSMV cell(s) missing power_level: 0
      ----------------------------------------------------------



Starting Calculating power
2025-Nov-17 01:23:23 (2025-Nov-16 19:53:23 GMT)
 ... Calculating switching power
2025-Nov-17 01:23:23 (2025-Nov-16 19:53:23 GMT): 10%
2025-Nov-17 01:23:23 (2025-Nov-16 19:53:23 GMT): 20%
2025-Nov-17 01:23:23 (2025-Nov-16 19:53:23 GMT): 30%
2025-Nov-17 01:23:23 (2025-Nov-16 19:53:23 GMT): 40%
2025-Nov-17 01:23:23 (2025-Nov-16 19:53:23 GMT): 50%
 ... Calculating internal and leakage power
2025-Nov-17 01:23:23 (2025-Nov-16 19:53:23 GMT): 60%
2025-Nov-17 01:23:23 (2025-Nov-16 19:53:23 GMT): 70%
2025-Nov-17 01:23:23 (2025-Nov-16 19:53:23 GMT): 80%
2025-Nov-17 01:23:23 (2025-Nov-16 19:53:23 GMT): 90%

Finished Calculating power
2025-Nov-17 01:23:23 (2025-Nov-16 19:53:23 GMT)
Ended Power Computation: (cpu=0:00:00, real=0:00:00, mem(process/total/peak)=1037.76MB/2620.06MB/1104.29MB)

Begin Processing User Attributes

Ended Processing User Attributes: (cpu=0:00:00, real=0:00:00, mem(process/total/peak)=1037.76MB/2620.06MB/1104.29MB)

Ended Power Analysis: (cpu=0:00:00, real=0:00:00, mem(process/total/peak)=1037.76MB/2620.06MB/1104.29MB)

Begin Boundary Leakage Calculation
Ended Boundary Leakage Calculation: (cpu=0:00:00, real=0:00:00,
mem(process/total/peak)=1037.76MB/2620.06MB/1104.29MB)
Begin Static Power Report Generation
*



Total Power
-----------------------------------------------------------------------------------------
Total Internal Power:        2.80899654 	   85.8077%
Total Switching Power:       0.42418724 	   12.9578%
Total Leakage Power:         0.04041112 	    1.2345%
Total Power:                 3.27359490
-----------------------------------------------------------------------------------------
Ended Static Power Report Generation: (cpu=0:00:00, real=0:00:00,
mem(process/total/peak)=1037.85MB/2620.06MB/1104.29MB)


Output file is cts_reports/ctsafteranalysis.rpt.
<CMD> optDesign -postCTS
**optDesign ... cpu = 0:00:00, real = 0:00:00, mem = 1030.6M, totSessionCpu=0:01:14 **
**INFO: User settings:
setDesignMode -flowEffort                  standard
setDesignMode -process                     90
setExtractRCMode -coupling_c_th            0.2
setExtractRCMode -engine                   preRoute
setExtractRCMode -relative_c_th            1
setExtractRCMode -total_c_th               0
setUsefulSkewMode -ecoRoute                false
setDelayCalMode -enable_high_fanout        true
setDelayCalMode -eng_copyNetPropToNewNet   true
setDelayCalMode -engine                    aae
setDelayCalMode -ignoreNetLoad             false
setDelayCalMode -reportOutBound            true
setOptMode -activeHoldViews                { view1 }
setOptMode -activeSetupViews               { view1 }
setOptMode -autoSetupViews                 { view1}
setOptMode -autoTDGRSetupViews             { view1}
setOptMode -drcMargin                      0
setOptMode -fixDrc                         true
setOptMode -preserveAllSequential          false
setOptMode -setupTargetSlack               0
setPlaceMode -place_design_floorplan_mode  false
setAnalysisMode -analysisType              single
setAnalysisMode -clkSrcPath                true
setAnalysisMode -clockPropagation          sdcControl
setAnalysisMode -virtualIPO                false

**INFO: setDesignMode -flowEffort standard -> setting 'setOptMode -allEndPoints true' for the duration of this command.
Need call spDPlaceInit before registerPrioInstLoc.
GigaOpt running with 1 threads.
**optDesign ... cpu = 0:00:01, real = 0:00:01, mem = 1074.9M, totSessionCpu=0:01:15 **
*** optDesign -postCTS ***
DRC Margin: user margin 0.0; extra margin 0.2
Hold Target Slack: user slack 0
Setup Target Slack: user slack 0; extra slack 0.0
setUsefulSkewMode -ecoRoute false
Multi-VT timing optimization disabled based on library information.
Start to check current routing status for nets...
All nets are already routed correctly.
End to check current routing status for nets (mem=1470.8M)
Compute RC Scale Done ...

------------------------------------------------------------
             Initial Summary                             
------------------------------------------------------------

Setup views included:
 view1 

+--------------------+---------+---------+---------+
|     Setup mode     |   all   | reg2reg | default |
+--------------------+---------+---------+---------+
|           WNS (ns):|  0.028  |  0.028  |  0.354  |
|           TNS (ns):|  0.000  |  0.000  |  0.000  |
|    Violating Paths:|    0    |    0    |    0    |
|          All Paths:|   679   |   254   |   425   |
+--------------------+---------+---------+---------+

+----------------+-------------------------------+------------------+
|                |              Real             |       Total      |
|    DRVs        +------------------+------------+------------------|
|                |  Nr nets(terms)  | Worst Vio  |  Nr nets(terms)  |
+----------------+------------------+------------+------------------+
|   max_cap      |      0 (0)       |   0.000    |      0 (0)       |
|   max_tran     |      0 (0)       |   0.000    |      0 (0)       |
|   max_fanout   |      0 (0)       |     0      |      0 (0)       |
|   max_length   |      0 (0)       |     0      |      0 (0)       |
+----------------+------------------+------------+------------------+

Density: 51.448%
------------------------------------------------------------
**optDesign ... cpu = 0:00:01, real = 0:00:01, mem = 1141.5M, totSessionCpu=0:01:15 **
** INFO : this run is activating low effort ccoptDesign flow
*** Starting optimizing excluded clock nets MEM= 1529.8M) ***
*info: No excluded clock nets to be optimized.
*** Finished optimizing excluded clock nets (CPU Time= 0:00:00.0  MEM= 1529.8M) ***
*** Starting optimizing excluded clock nets MEM= 1529.8M) ***
*info: No excluded clock nets to be optimized.
*** Finished optimizing excluded clock nets (CPU Time= 0:00:00.0  MEM= 1529.8M) ***
Info: Done creating the CCOpt slew target map.
Begin: GigaOpt high fanout net optimization
Info: 3 nets with fixed/cover wires excluded.
Info: 3 clock nets excluded from IPO operation.
*** DrvOpt [begin] : cpu/real = 0:00:00.0/0:00:00.0 (0.0), totSession cpu/real = 0:01:15.4/0:01:30.9 (0.8), mem = 1533.8M
*** DrvOpt [finish] : cpu/real = 0:00:02.5/0:00:02.5 (1.0), totSession cpu/real = 0:01:17.9/0:01:33.4 (0.8), mem = 1541.8M
End: GigaOpt high fanout net optimization
Begin: GigaOpt Global Optimization
*info: use new DP (enabled)
Info: 3 nets with fixed/cover wires excluded.
Info: 3 clock nets excluded from IPO operation.
*** SetupOpt [begin] : cpu/real = 0:00:00.0/0:00:00.0 (0.0), totSession cpu/real = 0:01:18.0/0:01:33.5 (0.8), mem = 1541.8M
*info: 3 clock nets excluded
*info: 2 special nets excluded.
*info: 14 no-driver nets excluded.
*info: 3 nets with fixed/cover wires excluded.
** GigaOpt Global Opt WNS Slack 0.000  TNS Slack 0.000 
+--------+--------+----------+------------+--------+----------+---------+----------------------------------------+
|  WNS   |  TNS   | Density  |    Real    |  Mem   |Worst View|Pathgroup|               End Point                |
+--------+--------+----------+------------+--------+----------+---------+----------------------------------------+
|   0.000|   0.000|    51.45%|   0:00:00.0| 1560.9M|     view1|       NA| NA                                     |
+--------+--------+----------+------------+--------+----------+---------+----------------------------------------+

*** Finish post-CTS Global Setup Fixing (cpu=0:00:00.1 real=0:00:00.0 mem=1560.9M) ***

*** Finish post-CTS Setup Fixing (cpu=0:00:00.1 real=0:00:00.0 mem=1560.9M) ***
Bottom Preferred Layer:
+---------------+------------+----------+
|     Layer     |    CLK     |   Rule   |
+---------------+------------+----------+
| Metal3 (z=3)  |          3 | default  |
+---------------+------------+----------+
Via Pillar Rule:
    None
** GigaOpt Global Opt End WNS Slack 0.000  TNS Slack 0.000 
*** SetupOpt [finish] : cpu/real = 0:00:05.3/0:00:05.3 (1.0), totSession cpu/real = 0:01:23.3/0:01:38.8 (0.8), mem = 1541.8M
End: GigaOpt Global Optimization
*** Timing Is met
*** Check timing (0:00:00.0)
Info: 3 nets with fixed/cover wires excluded.
Info: 3 clock nets excluded from IPO operation.
Info: 3 nets with fixed/cover wires excluded.
Info: 3 clock nets excluded from IPO operation.
Begin: Area Reclaim Optimization
*** AreaOpt [begin] : cpu/real = 0:00:00.0/0:00:00.0 (0.0), totSession cpu/real = 0:01:23.9/0:01:39.4 (0.8), mem = 1555.9M
Usable buffer cells for single buffer setup transform:
CLKBUFX2 BUFX2 CLKBUFX3 BUFX3 CLKBUFX4 BUFX4 CLKBUFX6 BUFX6 CLKBUFX8 BUFX8 CLKBUFX12 BUFX12 CLKBUFX16 BUFX16 CLKBUFX20 BUFX20 
Number of usable buffer cells above: 16
Reclaim Optimization WNS Slack 0.028  TNS Slack 0.000 Density 51.45
+----------+---------+--------+--------+------------+--------+
| Density  | Commits |  WNS   |  TNS   |    Real    |  Mem   |
+----------+---------+--------+--------+------------+--------+
|    51.45%|        -|   0.028|   0.000|   0:00:00.0| 1555.9M|
|    51.45%|        0|   0.028|   0.000|   0:00:00.0| 1576.5M|
|    51.45%|        0|   0.028|   0.000|   0:00:00.0| 1576.5M|
|    51.45%|        0|   0.028|   0.000|   0:00:00.0| 1576.5M|
**WARN: (IMPESI-3025):	Delay calculation was forced to extrapolate the slew on instance FE_OFC6_rst_n, Cell type : CLKBUFX6, Arc : A^->Y^ because it's outside the characterized table range. The actual slew is 0.6556 ns and the upper bound in the table is 0.6120 ns. In some cases, extrapolation can reduce the accuracy of delay calculation.
**WARN: (IMPESI-3025):	Delay calculation was forced to extrapolate the slew on instance FE_OFC7_rst_n, Cell type : CLKBUFX6, Arc : A^->Y^ because it's outside the characterized table range. The actual slew is 0.6556 ns and the upper bound in the table is 0.6120 ns. In some cases, extrapolation can reduce the accuracy of delay calculation.
**WARN: (IMPESI-3025):	Delay calculation was forced to extrapolate the slew on instance FE_OFC5_rst_n, Cell type : BUFX2, Arc : A^->Y^ because it's outside the characterized table range. The actual slew is 0.6556 ns and the upper bound in the table is 0.6120 ns. In some cases, extrapolation can reduce the accuracy of delay calculation.
**WARN: (IMPESI-3025):	Delay calculation was forced to extrapolate the slew on instance FE_OFC5_rst_n, Cell type : BUFX2, Arc : A^->Y^ because it's outside the characterized table range. The actual slew is 0.6350 ns and the upper bound in the table is 0.6120 ns. In some cases, extrapolation can reduce the accuracy of delay calculation.
**WARN: (IMPESI-3025):	Delay calculation was forced to extrapolate the slew on instance FE_OFC7_rst_n, Cell type : BUFX2, Arc : A^->Y^ because it's outside the characterized table range. The actual slew is 0.6350 ns and the upper bound in the table is 0.6120 ns. In some cases, extrapolation can reduce the accuracy of delay calculation.
**WARN: (IMPESI-3025):	Delay calculation was forced to extrapolate the slew on instance FE_OFC6_rst_n, Cell type : BUFX2, Arc : A^->Y^ because it's outside the characterized table range. The actual slew is 0.6350 ns and the upper bound in the table is 0.6120 ns. In some cases, extrapolation can reduce the accuracy of delay calculation.
|    48.84%|       34|   0.028|   0.000|   0:00:00.0| 1600.1M|
**WARN: (IMPESI-3025):	Delay calculation was forced to extrapolate the slew on instance FE_OFC6_rst_n, Cell type : BUFX2, Arc : A^->Y^ because it's outside the characterized table range. The actual slew is 0.6359 ns and the upper bound in the table is 0.6120 ns. In some cases, extrapolation can reduce the accuracy of delay calculation.
**WARN: (IMPESI-3025):	Delay calculation was forced to extrapolate the slew on instance FE_OFC7_rst_n, Cell type : BUFX2, Arc : A^->Y^ because it's outside the characterized table range. The actual slew is 0.6359 ns and the upper bound in the table is 0.6120 ns. In some cases, extrapolation can reduce the accuracy of delay calculation.
**WARN: (IMPESI-3025):	Delay calculation was forced to extrapolate the slew on instance FE_OFC5_rst_n, Cell type : BUFX2, Arc : A^->Y^ because it's outside the characterized table range. The actual slew is 0.6359 ns and the upper bound in the table is 0.6120 ns. In some cases, extrapolation can reduce the accuracy of delay calculation.
|    48.66%|       29|   0.028|   0.000|   0:00:00.0| 1600.1M|
|    48.66%|        0|   0.028|   0.000|   0:00:01.0| 1600.1M|
|    48.66%|        0|   0.028|   0.000|   0:00:00.0| 1600.1M|
+----------+---------+--------+--------+------------+--------+
Reclaim Optimization End WNS Slack 0.028  TNS Slack 0.000 Density 48.66
Bottom Preferred Layer:
+---------------+------------+----------+
|     Layer     |    CLK     |   Rule   |
+---------------+------------+----------+
| Metal3 (z=3)  |          3 | default  |
+---------------+------------+----------+
Via Pillar Rule:
    None
End: Core Area Reclaim Optimization (cpu = 0:00:01.4) (real = 0:00:02.0) **
*** Starting refinePlace (0:01:25 mem=1600.1M) ***
Total net bbox length = 1.194e+04 (5.443e+03 6.500e+03) (ext = 2.492e+03)
Move report: Detail placement moves 0 insts, mean move: 0.00 um, max move: 0.00 um
	Runtime: CPU: 0:00:00.0 REAL: 0:00:00.0 MEM: 1600.1MB
Summary Report:
Instances move: 0 (out of 467 movable)
Instances flipped: 0
Mean displacement: 0.00 um
Max displacement: 0.00 um 
Total net bbox length = 1.194e+04 (5.443e+03 6.500e+03) (ext = 2.492e+03)
Runtime: CPU: 0:00:00.0 REAL: 0:00:00.0 MEM: 1600.1MB
*** Finished refinePlace (0:01:25 mem=1600.1M) ***
*** maximum move = 0.00 um ***
*** Finished re-routing un-routed nets (1600.1M) ***

*** Finish Physical Update (cpu=0:00:00.0 real=0:00:00.0 mem=1600.1M) ***
*** AreaOpt [finish] : cpu/real = 0:00:00.9/0:00:00.9 (1.0), totSession cpu/real = 0:01:24.8/0:01:40.3 (0.8), mem = 1600.1M
End: Area Reclaim Optimization (cpu=0:00:01, real=0:00:02, mem=1539.04M, totSessionCpu=0:01:25).
[NR-eGR] Track table information for default rule: 
[NR-eGR] Metal1 has no routable track
[NR-eGR] Metal2 has single uniform track structure
[NR-eGR] Metal3 has single uniform track structure
[NR-eGR] Metal4 has single uniform track structure
[NR-eGR] Metal5 has single uniform track structure
[NR-eGR] Metal6 has single uniform track structure
[NR-eGR] Metal7 has single uniform track structure
[NR-eGR] Metal8 has single uniform track structure
[NR-eGR] Metal9 has single uniform track structure
[NR-eGR] Started Read PG Shapes ( Curr Mem: 1539.04 MB )
[NR-eGR] Read 6770 PG shapes
[NR-eGR] Finished Read PG Shapes ( CPU: 0.00 sec, Real: 0.00 sec, Curr Mem: 1539.04 MB )
[NR-eGR] #Routing Blockages  : 0
[NR-eGR] #Instance Blockages : 0
[NR-eGR] #PG Blockages       : 6770
[NR-eGR] #Halo Blockages     : 0
[NR-eGR] #Boundary Blockages : 0
[NR-eGR] Num Prerouted Nets = 3  Num Prerouted Wires = 543
[NR-eGR] Read numTotalNets=544  numIgnoredNets=3
[NR-eGR] ============ Routing rule table ============
[NR-eGR] Rule id: 0  Nets: 541 
[NR-eGR] Rule id: 1  Nets: 0 
[NR-eGR] ========================================
[NR-eGR] 
[NR-eGR] Layer group 1: route 541 net(s) in layer range [2, 9]
[NR-eGR] Early Global Route overflow of layer group 1: 0.00% H + 0.00% V. EstWL: 1.301868e+04um
[NR-eGR] Congestion Analysis By layer: (blocked Gcells are excluded) 
[NR-eGR]                        OverCon            
[NR-eGR]                         #Gcell     %Gcell
[NR-eGR]       Layer                (0)    OverCon 
[NR-eGR] ----------------------------------------------
[NR-eGR]  Metal1  (1)         0( 0.00%)   ( 0.00%) 
[NR-eGR]  Metal2  (2)         0( 0.00%)   ( 0.00%) 
[NR-eGR]  Metal3  (3)         0( 0.00%)   ( 0.00%) 
[NR-eGR]  Metal4  (4)         0( 0.00%)   ( 0.00%) 
[NR-eGR]  Metal5  (5)         0( 0.00%)   ( 0.00%) 
[NR-eGR]  Metal6  (6)         0( 0.00%)   ( 0.00%) 
[NR-eGR]  Metal7  (7)         0( 0.00%)   ( 0.00%) 
[NR-eGR]  Metal8  (8)         0( 0.00%)   ( 0.00%) 
[NR-eGR]  Metal9  (9)         0( 0.00%)   ( 0.00%) 
[NR-eGR] ----------------------------------------------
[NR-eGR] Total                0( 0.00%)   ( 0.00%) 
[NR-eGR] 
[NR-eGR] Overflow after Early Global Route (GR compatible) 0.00% H + 0.00% V
[NR-eGR] Overflow after Early Global Route 0.00% H + 0.00% V
[NR-eGR] Started Export DB wires ( Curr Mem: 1539.04 MB )
[NR-eGR] Started Export all nets ( Curr Mem: 1539.04 MB )
[NR-eGR] Finished Export all nets ( CPU: 0.00 sec, Real: 0.01 sec, Curr Mem: 1539.04 MB )
[NR-eGR] Started Set wire vias ( Curr Mem: 1539.04 MB )
[NR-eGR] Finished Set wire vias ( CPU: 0.00 sec, Real: 0.00 sec, Curr Mem: 1539.04 MB )
[NR-eGR] Finished Export DB wires ( CPU: 0.01 sec, Real: 0.02 sec, Curr Mem: 1539.04 MB )
[NR-eGR] --------------------------------------------------------------------------
[NR-eGR] Metal1  (1F) length: 2.030000e+00um, number of vias: 1983
[NR-eGR] Metal2  (2V) length: 7.170155e+03um, number of vias: 3200
[NR-eGR] Metal3  (3H) length: 6.520230e+03um, number of vias: 257
[NR-eGR] Metal4  (4V) length: 9.730950e+02um, number of vias: 23
[NR-eGR] Metal5  (5H) length: 2.188050e+02um, number of vias: 0
[NR-eGR] Metal6  (6V) length: 0.000000e+00um, number of vias: 0
[NR-eGR] Metal7  (7H) length: 0.000000e+00um, number of vias: 0
[NR-eGR] Metal8  (8V) length: 0.000000e+00um, number of vias: 0
[NR-eGR] Metal9  (9H) length: 0.000000e+00um, number of vias: 0
[NR-eGR] Total length: 1.488432e+04um, number of vias: 5463
[NR-eGR] --------------------------------------------------------------------------
[NR-eGR] Total eGR-routed clock nets wire length: 0.000000e+00um 
[NR-eGR] --------------------------------------------------------------------------
[NR-eGR] Finished Early Global Route kernel ( CPU: 0.13 sec, Real: 0.13 sec, Curr Mem: 1524.83 MB )
Extraction called for design 'HA' of instances=469 and nets=559 using extraction engine 'preRoute' .
PreRoute RC Extraction called for design HA.
RC Extraction called in multi-corner(1) mode.
**WARN: (IMPEXT-6197):	The Cap table file is not specified. This will result in lower parasitic accuracy when using preRoute extraction or postRoute extraction with effort level 'low'. It is recommended to generate the Cap table file using the 'generateCapTbl' command and specify it before extraction using 'create_rc_corner/update_rc_corner -cap_table'.
Type 'man IMPEXT-6197' for more detail.
RCMode: PreRoute
      RC Corner Indexes            0   
Capacitance Scaling Factor   : 1.00000 
Resistance Scaling Factor    : 1.00000 
Clock Cap. Scaling Factor    : 1.00000 
Clock Res. Scaling Factor    : 1.00000 
Shrink Factor                : 1.00000
PreRoute extraction is honoring NDR/Shielding/ExtraSpace for clock nets.
Updating RC grid for preRoute extraction ...
Initializing multi-corner resistance tables ...
PreRoute RC Extraction DONE (CPU Time: 0:00:00.0  Real Time: 0:00:00.0  MEM: 1524.832M)
Compute RC Scale Done ...
[hotspot] +------------+---------------+---------------+
[hotspot] |            |   max hotspot | total hotspot |
[hotspot] +------------+---------------+---------------+
[hotspot] | normalized |          0.00 |          0.00 |
[hotspot] +------------+---------------+---------------+
Local HotSpot Analysis: normalized max congestion hotspot area = 0.00, normalized total congestion hotspot area = 0.00 (area is in unit of 4 std-cell row bins)
#################################################################################
# Design Stage: PreRoute
# Design Name: HA
# Design Mode: 90nm
# Analysis Mode: MMMC Non-OCV 
# Parasitics Mode: No SPEF/RCDB
# Signoff Settings: SI Off 
#################################################################################
Calculate delays in Single mode...
Start delay calculation (fullDC) (1 T). (MEM=1522.83)
Total number of fetched objects 544
End delay calculation. (MEM=1564.73 CPU=0:00:00.1 REAL=0:00:00.0)
End delay calculation (fullDC). (MEM=1564.73 CPU=0:00:00.1 REAL=0:00:00.0)
Begin: GigaOpt postEco DRV Optimization
Info: 3 nets with fixed/cover wires excluded.
Info: 3 clock nets excluded from IPO operation.
*** DrvOpt [begin] : cpu/real = 0:00:00.0/0:00:00.0 (0.0), totSession cpu/real = 0:01:25.2/0:01:40.7 (0.8), mem = 1564.7M
+-------------------------------------------------------------------------------------------------------------------------------------------------------+
|        max-tran       |        max-cap        |  max-fanout |  max-length |       setup       |        |        |        |       |          |         |
+-------------------------------------------------------------------------------------------------------------------------------------------------------+
| nets | terms|  wViol  | nets | terms|  wViol  | nets | terms| nets | terms|   WNS   |   TNS   |  #Buf  |  #Inv  | #Resize|Density|   Real   |   Mem   |
+-------------------------------------------------------------------------------------------------------------------------------------------------------+
|     0|     0|     0.00|     0|     0|     0.00|     0|     0|     0|     0|     0.02|     0.00|       0|       0|       0|  48.66|          |         |
|     0|     0|     0.00|     0|     0|     0.00|     0|     0|     0|     0|     0.02|     0.00|       0|       0|       0|  48.66| 0:00:00.0|  1605.8M|
+-------------------------------------------------------------------------------------------------------------------------------------------------------+
Bottom Preferred Layer:
+---------------+------------+----------+
|     Layer     |    CLK     |   Rule   |
+---------------+------------+----------+
| Metal3 (z=3)  |          3 | default  |
+---------------+------------+----------+
Via Pillar Rule:
    None

*** Finish DRV Fixing (cpu=0:00:00.0 real=0:00:00.0 mem=1605.8M) ***

*** DrvOpt [finish] : cpu/real = 0:00:01.4/0:00:01.4 (1.0), totSession cpu/real = 0:01:26.6/0:01:42.1 (0.8), mem = 1586.7M
End: GigaOpt postEco DRV Optimization
Running refinePlace -preserveRouting true -hardFence false
*** Starting refinePlace (0:01:27 mem=1586.7M) ***
Density distribution unevenness ratio = 7.794%
Move report: Detail placement moves 0 insts, mean move: 0.00 um, max move: 0.00 um
	Runtime: CPU: 0:00:00.0 REAL: 0:00:00.0 MEM: 1586.7MB
Summary Report:
Instances move: 0 (out of 467 movable)
Instances flipped: 0
Mean displacement: 0.00 um
Max displacement: 0.00 um 
Runtime: CPU: 0:00:00.0 REAL: 0:00:00.0 MEM: 1586.7MB
*** Finished refinePlace (0:01:27 mem=1586.7M) ***

Active setup views:
 view1
  Dominating endpoints: 0
  Dominating TNS: -0.000

Extraction called for design 'HA' of instances=469 and nets=559 using extraction engine 'preRoute' .
PreRoute RC Extraction called for design HA.
RC Extraction called in multi-corner(1) mode.
**WARN: (IMPEXT-6197):	The Cap table file is not specified. This will result in lower parasitic accuracy when using preRoute extraction or postRoute extraction with effort level 'low'. It is recommended to generate the Cap table file using the 'generateCapTbl' command and specify it before extraction using 'create_rc_corner/update_rc_corner -cap_table'.
Type 'man IMPEXT-6197' for more detail.
RCMode: PreRoute
      RC Corner Indexes            0   
Capacitance Scaling Factor   : 1.00000 
Resistance Scaling Factor    : 1.00000 
Clock Cap. Scaling Factor    : 1.00000 
Clock Res. Scaling Factor    : 1.00000 
Shrink Factor                : 1.00000
PreRoute extraction is honoring NDR/Shielding/ExtraSpace for clock nets.
Updating RC grid for preRoute extraction ...
Initializing multi-corner resistance tables ...
PreRoute RC Extraction DONE (CPU Time: 0:00:00.0  Real Time: 0:00:00.0  MEM: 1572.527M)
Starting delay calculation for Setup views
#################################################################################
# Design Stage: PreRoute
# Design Name: HA
# Design Mode: 90nm
# Analysis Mode: MMMC Non-OCV 
# Parasitics Mode: No SPEF/RCDB
# Signoff Settings: SI Off 
#################################################################################
Calculate delays in Single mode...
Start delay calculation (fullDC) (1 T). (MEM=1570.53)
Total number of fetched objects 544
End delay calculation. (MEM=1564.73 CPU=0:00:00.1 REAL=0:00:00.0)
End delay calculation (fullDC). (MEM=1564.73 CPU=0:00:02.2 REAL=0:00:03.0)
*** Done Building Timing Graph (cpu=0:00:02.3 real=0:00:03.0 totSessionCpu=0:01:29 mem=1564.7M)
Reported timing to dir ./timingReports
**optDesign ... cpu = 0:00:15, real = 0:00:15, mem = 1152.8M, totSessionCpu=0:01:29 **

------------------------------------------------------------
     optDesign Final Summary                             
------------------------------------------------------------

Setup views included:
 view1 

+--------------------+---------+---------+---------+
|     Setup mode     |   all   | reg2reg | default |
+--------------------+---------+---------+---------+
|           WNS (ns):|  0.025  |  0.025  |  0.339  |
|           TNS (ns):|  0.000  |  0.000  |  0.000  |
|    Violating Paths:|    0    |    0    |    0    |
|          All Paths:|   679   |   254   |   425   |
+--------------------+---------+---------+---------+

+----------------+-------------------------------+------------------+
|                |              Real             |       Total      |
|    DRVs        +------------------+------------+------------------|
|                |  Nr nets(terms)  | Worst Vio  |  Nr nets(terms)  |
+----------------+------------------+------------+------------------+
|   max_cap      |      0 (0)       |   0.000    |      0 (0)       |
|   max_tran     |      0 (0)       |   0.000    |      0 (0)       |
|   max_fanout   |      0 (0)       |     0      |      0 (0)       |
|   max_length   |      0 (0)       |     0      |      0 (0)       |
+----------------+------------------+------------+------------------+

Density: 48.663%
Routing Overflow: 0.00% H and 0.00% V
------------------------------------------------------------
**optDesign ... cpu = 0:00:15, real = 0:00:17, mem = 1153.6M, totSessionCpu=0:01:29 **
*** Finished optDesign ***
Info: Destroy the CCOpt slew target map.
<CMD> optDesign -postCTS -hold
**optDesign ... cpu = 0:00:00, real = 0:00:00, mem = 1076.6M, totSessionCpu=0:01:29 **
**INFO: User settings:
setDesignMode -flowEffort                  standard
setDesignMode -process                     90
setExtractRCMode -coupling_c_th            0.2
setExtractRCMode -engine                   preRoute
setExtractRCMode -relative_c_th            1
setExtractRCMode -total_c_th               0
setUsefulSkewMode -ecoRoute                false
setDelayCalMode -enable_high_fanout        true
setDelayCalMode -eng_copyNetPropToNewNet   true
setDelayCalMode -engine                    aae
setDelayCalMode -ignoreNetLoad             false
setDelayCalMode -reportOutBound            true
setOptMode -activeSetupViews               { view1 }
setOptMode -autoSetupViews                 { view1}
setOptMode -autoTDGRSetupViews             { view1}
setOptMode -drcMargin                      0
setOptMode -fixDrc                         true
setOptMode -preserveAllSequential          false
setOptMode -setupTargetSlack               0
setPlaceMode -place_design_floorplan_mode  false
setAnalysisMode -analysisType              single
setAnalysisMode -clkSrcPath                true
setAnalysisMode -clockPropagation          sdcControl
setAnalysisMode -virtualIPO                false

**INFO: setDesignMode -flowEffort standard -> setting 'setOptMode -allEndPoints true' for the duration of this command.
GigaOpt running with 1 threads.
Need call spDPlaceInit before registerPrioInstLoc.
**optDesign ... cpu = 0:00:04, real = 0:00:04, mem = 1081.0M, totSessionCpu=0:01:34 **
*** optDesign -postCTS ***
DRC Margin: user margin 0.0
Hold Target Slack: user slack 0
Setup Target Slack: user slack 0;
setUsefulSkewMode -ecoRoute false
Start to check current routing status for nets...
All nets are already routed correctly.
End to check current routing status for nets (mem=1477.7M)
Compute RC Scale Done ...
GigaOpt Hold Optimizer is used
Starting initialization (fixHold) cpu=0:00:00.0 real=0:00:00.0 totSessionCpu=0:01:35 mem=1612.1M ***
Running 'saveTimingGraph -compress -file /tmp/innovus_temp_15350_edatools-server2.iiitd.edu.in_mukka25170_TqYQxb/opt_timing_graph_QaL99d/timingGraph.tgz -dir /tmp/innovus_temp_15350_edatools-server2.iiitd.edu.in_mukka25170_TqYQxb/opt_timing_graph_QaL99d -prefix timingGraph'
Done saveTimingGraph
Starting delay calculation for Hold views
#################################################################################
# Design Stage: PreRoute
# Design Name: HA
# Design Mode: 90nm
# Analysis Mode: MMMC Non-OCV 
# Parasitics Mode: No SPEF/RCDB
# Signoff Settings: SI Off 
#################################################################################
Calculate delays in Single mode...
Start delay calculation (fullDC) (1 T). (MEM=1595.92)
**WARN: (IMPESI-3025):	Delay calculation was forced to extrapolate the slew on instance CTS_ccl_a_buf_00006, Cell type : CLKBUFX16, Arc : Av->Yv because it's outside the characterized table range. The actual slew is 0.0030 ns and the lower bound in the table is 0.0600 ns. In some cases, extrapolation can reduce the accuracy of delay calculation.
**WARN: (IMPESI-3025):	Delay calculation was forced to extrapolate the slew on instance CTS_ccl_a_buf_00006, Cell type : CLKBUFX16, Arc : A^->Y^ because it's outside the characterized table range. The actual slew is 0.0030 ns and the lower bound in the table is 0.0600 ns. In some cases, extrapolation can reduce the accuracy of delay calculation.
**WARN: (IMPESI-3025):	Delay calculation was forced to extrapolate the slew on instance CTS_ccl_a_buf_00004, Cell type : CLKBUFX16, Arc : Av->Yv because it's outside the characterized table range. The actual slew is 0.0030 ns and the lower bound in the table is 0.0600 ns. In some cases, extrapolation can reduce the accuracy of delay calculation.
**WARN: (IMPESI-3025):	Delay calculation was forced to extrapolate the slew on instance CTS_ccl_a_buf_00004, Cell type : CLKBUFX16, Arc : A^->Y^ because it's outside the characterized table range. The actual slew is 0.0030 ns and the lower bound in the table is 0.0600 ns. In some cases, extrapolation can reduce the accuracy of delay calculation.
**WARN: (IMPESI-3025):	Delay calculation was forced to extrapolate the slew on instance FE_OFC7_rst_n, Cell type : BUFX2, Arc : A^->Y^ because it's outside the characterized table range. The actual slew is 0.6355 ns and the upper bound in the table is 0.6120 ns. In some cases, extrapolation can reduce the accuracy of delay calculation.
**WARN: (IMPESI-3025):	Delay calculation was forced to extrapolate the slew on instance FE_OFC6_rst_n, Cell type : BUFX2, Arc : A^->Y^ because it's outside the characterized table range. The actual slew is 0.6355 ns and the upper bound in the table is 0.6120 ns. In some cases, extrapolation can reduce the accuracy of delay calculation.
**WARN: (IMPESI-3025):	Delay calculation was forced to extrapolate the slew on instance FE_OFC5_rst_n, Cell type : BUFX2, Arc : A^->Y^ because it's outside the characterized table range. The actual slew is 0.6355 ns and the upper bound in the table is 0.6120 ns. In some cases, extrapolation can reduce the accuracy of delay calculation.
**WARN: (IMPESI-3025):	Delay calculation was forced to extrapolate the slew on instance music_on_cmd_r_reg, Cell type : SDFFRHQX4, Arc : RNv->Qv because it's outside the characterized table range. The actual slew is 0.0136 ns and the lower bound in the table is 0.0168 ns. In some cases, extrapolation can reduce the accuracy of delay calculation.
**WARN: (IMPESI-3025):	Delay calculation was forced to extrapolate the slew on instance temp_sensor_r_reg[6], Cell type : SDFFRHQX4, Arc : RNv->Qv because it's outside the characterized table range. The actual slew is 0.0079 ns and the lower bound in the table is 0.0168 ns. In some cases, extrapolation can reduce the accuracy of delay calculation.
**WARN: (IMPESI-3025):	Delay calculation was forced to extrapolate the slew on instance temp_setpoint_r_reg[1], Cell type : SDFFRHQX4, Arc : RNv->Qv because it's outside the characterized table range. The actual slew is 0.0079 ns and the lower bound in the table is 0.0168 ns. In some cases, extrapolation can reduce the accuracy of delay calculation.
**WARN: (IMPESI-3025):	Delay calculation was forced to extrapolate the slew on instance volume_cmd_r_reg[3], Cell type : SDFFRHQX4, Arc : RNv->Qv because it's outside the characterized table range. The actual slew is 0.0050 ns and the lower bound in the table is 0.0168 ns. In some cases, extrapolation can reduce the accuracy of delay calculation.
**WARN: (IMPESI-3025):	Delay calculation was forced to extrapolate the slew on instance volume_cmd_r_reg[2], Cell type : SDFFRHQX4, Arc : RNv->Qv because it's outside the characterized table range. The actual slew is 0.0041 ns and the lower bound in the table is 0.0168 ns. In some cases, extrapolation can reduce the accuracy of delay calculation.
**WARN: (IMPESI-3025):	Delay calculation was forced to extrapolate the slew on instance volume_cmd_r_reg[1], Cell type : SDFFRHQX4, Arc : RNv->Qv because it's outside the characterized table range. The actual slew is 0.0098 ns and the lower bound in the table is 0.0168 ns. In some cases, extrapolation can reduce the accuracy of delay calculation.
**WARN: (IMPESI-3025):	Delay calculation was forced to extrapolate the slew on instance temp_setpoint_r_reg[0], Cell type : SDFFRHQX4, Arc : RNv->Qv because it's outside the characterized table range. The actual slew is 0.0079 ns and the lower bound in the table is 0.0168 ns. In some cases, extrapolation can reduce the accuracy of delay calculation.
**WARN: (IMPESI-3025):	Delay calculation was forced to extrapolate the slew on instance temp_sensor_r_reg[7], Cell type : SDFFRHQX4, Arc : RNv->Qv because it's outside the characterized table range. The actual slew is 0.0079 ns and the lower bound in the table is 0.0168 ns. In some cases, extrapolation can reduce the accuracy of delay calculation.
**WARN: (IMPESI-3025):	Delay calculation was forced to extrapolate the slew on instance temp_sensor_r_reg[5], Cell type : SDFFRHQX4, Arc : RNv->Qv because it's outside the characterized table range. The actual slew is 0.0079 ns and the lower bound in the table is 0.0168 ns. In some cases, extrapolation can reduce the accuracy of delay calculation.
**WARN: (IMPESI-3025):	Delay calculation was forced to extrapolate the slew on instance temp_sensor_r_reg[4], Cell type : SDFFRHQX4, Arc : RNv->Qv because it's outside the characterized table range. The actual slew is 0.0078 ns and the lower bound in the table is 0.0168 ns. In some cases, extrapolation can reduce the accuracy of delay calculation.
**WARN: (IMPESI-3025):	Delay calculation was forced to extrapolate the slew on instance temp_sensor_r_reg[3], Cell type : SDFFRHQX4, Arc : RNv->Qv because it's outside the characterized table range. The actual slew is 0.0077 ns and the lower bound in the table is 0.0168 ns. In some cases, extrapolation can reduce the accuracy of delay calculation.
**WARN: (IMPESI-3025):	Delay calculation was forced to extrapolate the slew on instance temp_sensor_r_reg[2], Cell type : SDFFRHQX4, Arc : RNv->Qv because it's outside the characterized table range. The actual slew is 0.0077 ns and the lower bound in the table is 0.0168 ns. In some cases, extrapolation can reduce the accuracy of delay calculation.
**WARN: (IMPESI-3025):	Delay calculation was forced to extrapolate the slew on instance temp_sensor_r_reg[1], Cell type : SDFFRHQX4, Arc : RNv->Qv because it's outside the characterized table range. The actual slew is 0.0077 ns and the lower bound in the table is 0.0168 ns. In some cases, extrapolation can reduce the accuracy of delay calculation.
Total number of fetched objects 544
End delay calculation. (MEM=1580.11 CPU=0:00:00.1 REAL=0:00:00.0)
End delay calculation (fullDC). (MEM=1580.11 CPU=0:00:00.1 REAL=0:00:00.0)
*** Done Building Timing Graph (cpu=0:00:00.1 real=0:00:00.0 totSessionCpu=0:01:35 mem=1580.1M)

Active hold views:
 view1
  Dominating endpoints: 0
  Dominating TNS: -0.000

Done building cte hold timing graph (fixHold) cpu=0:00:00.3 real=0:00:00.0 totSessionCpu=0:01:35 mem=1595.4M ***
Done building hold timer [1 node(s), 0 edge(s), 1 view(s)] (fixHold) cpu=0:00:00.3 real=0:00:01.0 totSessionCpu=0:01:35 mem=1595.4M ***
Running 'restoreTimingGraph -file /tmp/innovus_temp_15350_edatools-server2.iiitd.edu.in_mukka25170_TqYQxb/opt_timing_graph_QaL99d/timingGraph.tgz -dir /tmp/innovus_temp_15350_edatools-server2.iiitd.edu.in_mukka25170_TqYQxb/opt_timing_graph_QaL99d -prefix timingGraph'
Done restoreTimingGraph
Done building cte setup timing graph (fixHold) cpu=0:00:02.7 real=0:00:03.0 totSessionCpu=0:01:37 mem=1603.1M ***

*Info: minBufDelay = 99.6 ps, libStdDelay = 35.8 ps, minBufSize = 18165600 (6.0)
*Info: worst delay setup view: view1

------------------------------------------------------------
             Initial Summary                             
------------------------------------------------------------

Setup views included:
 view1
Hold  views included:
 view1

+--------------------+---------+---------+---------+
|     Setup mode     |   all   | reg2reg | default |
+--------------------+---------+---------+---------+
|           WNS (ns):|  0.025  |  0.025  |  0.339  |
|           TNS (ns):|  0.000  |  0.000  |  0.000  |
|    Violating Paths:|    0    |    0    |    0    |
|          All Paths:|   679   |   254   |   425   |
+--------------------+---------+---------+---------+

+--------------------+---------+---------+---------+
|     Hold mode      |   all   | reg2reg | default |
+--------------------+---------+---------+---------+
|           WNS (ns):|  0.100  |  0.311  |  0.100  |
|           TNS (ns):|  0.000  |  0.000  |  0.000  |
|    Violating Paths:|    0    |    0    |    0    |
|          All Paths:|   679   |   254   |   425   |
+--------------------+---------+---------+---------+

+----------------+-------------------------------+------------------+
|                |              Real             |       Total      |
|    DRVs        +------------------+------------+------------------|
|                |  Nr nets(terms)  | Worst Vio  |  Nr nets(terms)  |
+----------------+------------------+------------+------------------+
|   max_cap      |      0 (0)       |   0.000    |      0 (0)       |
|   max_tran     |      0 (0)       |   0.000    |      0 (0)       |
|   max_fanout   |      0 (0)       |     0      |      0 (0)       |
|   max_length   |      0 (0)       |     0      |      0 (0)       |
+----------------+------------------+------------+------------------+

Density: 48.663%
------------------------------------------------------------
**optDesign ... cpu = 0:00:09, real = 0:00:09, mem = 1197.0M, totSessionCpu=0:01:38 **
*** HoldOpt [begin] : cpu/real = 0:00:00.0/0:00:00.0 (0.0), totSession cpu/real = 0:01:37.9/0:01:55.4 (0.8), mem = 1591.2M
*info: Run optDesign holdfix with 1 thread.
Info: 3 nets with fixed/cover wires excluded.
Info: 3 clock nets excluded from IPO operation.
*** Hold timing is met. Hold fixing is not needed 
**INFO: total 0 insts, 0 nets marked don't touch
**INFO: total 0 insts, 0 nets marked don't touch DB property
**INFO: total 0 insts, 0 nets unmarked don't touch

*** HoldOpt [finish] : cpu/real = 0:00:00.0/0:00:00.0 (0.0), totSession cpu/real = 0:01:37.9/0:01:55.4 (0.8), mem = 1592.2M

Active setup views:
 view1
  Dominating endpoints: 0
  Dominating TNS: -0.000

Reported timing to dir ./timingReports
**optDesign ... cpu = 0:00:09, real = 0:00:09, mem = 1199.1M, totSessionCpu=0:01:38 **
Running 'saveTimingGraph -compress -file /tmp/innovus_temp_15350_edatools-server2.iiitd.edu.in_mukka25170_TqYQxb/opt_timing_graph_NIVw49/timingGraph.tgz -dir /tmp/innovus_temp_15350_edatools-server2.iiitd.edu.in_mukka25170_TqYQxb/opt_timing_graph_NIVw49 -prefix timingGraph'
Done saveTimingGraph
Starting delay calculation for Hold views
#################################################################################
# Design Stage: PreRoute
# Design Name: HA
# Design Mode: 90nm
# Analysis Mode: MMMC Non-OCV 
# Parasitics Mode: No SPEF/RCDB
# Signoff Settings: SI Off 
#################################################################################
Calculate delays in Single mode...
Start delay calculation (fullDC) (1 T). (MEM=1606.49)
Total number of fetched objects 544
End delay calculation. (MEM=1620.51 CPU=0:00:00.0 REAL=0:00:00.0)
End delay calculation (fullDC). (MEM=1620.51 CPU=0:00:00.1 REAL=0:00:00.0)
*** Done Building Timing Graph (cpu=0:00:00.1 real=0:00:00.0 totSessionCpu=0:01:38 mem=1620.5M)
Running 'restoreTimingGraph -file /tmp/innovus_temp_15350_edatools-server2.iiitd.edu.in_mukka25170_TqYQxb/opt_timing_graph_NIVw49/timingGraph.tgz -dir /tmp/innovus_temp_15350_edatools-server2.iiitd.edu.in_mukka25170_TqYQxb/opt_timing_graph_NIVw49 -prefix timingGraph'
Done restoreTimingGraph

------------------------------------------------------------
     optDesign Final Summary                             
------------------------------------------------------------

Setup views included:
 view1 
Hold  views included:
 view1

+--------------------+---------+---------+---------+
|     Setup mode     |   all   | reg2reg | default |
+--------------------+---------+---------+---------+
|           WNS (ns):|  0.025  |  0.025  |  0.339  |
|           TNS (ns):|  0.000  |  0.000  |  0.000  |
|    Violating Paths:|    0    |    0    |    0    |
|          All Paths:|   679   |   254   |   425   |
+--------------------+---------+---------+---------+

+--------------------+---------+---------+---------+
|     Hold mode      |   all   | reg2reg | default |
+--------------------+---------+---------+---------+
|           WNS (ns):|  0.100  |  0.311  |  0.100  |
|           TNS (ns):|  0.000  |  0.000  |  0.000  |
|    Violating Paths:|    0    |    0    |    0    |
|          All Paths:|   679   |   254   |   425   |
+--------------------+---------+---------+---------+

+----------------+-------------------------------+------------------+
|                |              Real             |       Total      |
|    DRVs        +------------------+------------+------------------|
|                |  Nr nets(terms)  | Worst Vio  |  Nr nets(terms)  |
+----------------+------------------+------------+------------------+
|   max_cap      |      0 (0)       |   0.000    |      0 (0)       |
|   max_tran     |      0 (0)       |   0.000    |      0 (0)       |
|   max_fanout   |      0 (0)       |     0      |      0 (0)       |
|   max_length   |      0 (0)       |     0      |      0 (0)       |
+----------------+------------------+------------+------------------+

Density: 48.663%
Routing Overflow: 0.00% H and 0.00% V
------------------------------------------------------------
**optDesign ... cpu = 0:00:13, real = 0:00:14, mem = 1200.2M, totSessionCpu=0:01:42 **
*** Finished optDesign ***
Info: Destroy the CCOpt slew target map.
<CMD> report_timing -early -view {view1} -max_paths 100 > optimised_cts_reports/timing/timing_post_PnR_early.txt
#################################################################################
# Design Stage: PreRoute
# Design Name: HA
# Design Mode: 90nm
# Analysis Mode: MMMC Non-OCV 
# Parasitics Mode: No SPEF/RCDB
# Signoff Settings: SI Off 
#################################################################################
Calculate delays in Single mode...
Start delay calculation (fullDC) (1 T). (MEM=1572.5)
Total number of fetched objects 544
End delay calculation. (MEM=1611.6 CPU=0:00:00.1 REAL=0:00:01.0)
End delay calculation (fullDC). (MEM=1611.6 CPU=0:00:00.1 REAL=0:00:01.0)
<CMD> report_timing -late  -max_paths 100 > optimised_cts_reports/timing/timing_post_PnR_late.txt
#################################################################################
# Design Stage: PreRoute
# Design Name: HA
# Design Mode: 90nm
# Analysis Mode: MMMC Non-OCV 
# Parasitics Mode: No SPEF/RCDB
# Signoff Settings: SI Off 
#################################################################################
Calculate delays in Single mode...
Start delay calculation (fullDC) (1 T). (MEM=1595.39)
Total number of fetched objects 544
End delay calculation. (MEM=1611.6 CPU=0:00:00.1 REAL=0:00:00.0)
End delay calculation (fullDC). (MEM=1611.6 CPU=0:00:00.1 REAL=0:00:00.0)
<CMD> report_area -detail > optimised_cts_reports/area/area_post_pnr3.rpt
<CMD> report_power -rail_analysis_format VS -outfile optimised_cts_reports/ctsafteranalysispostoptimization.rpt
Using Power View: view1.

Begin Power Analysis

             0V	    VSS
           0.9V	    VDD

Begin Processing Timing Library for Power Calculation

Begin Processing Timing Library for Power Calculation



Begin Processing Power Net/Grid for Power Calculation

Ended Processing Power Net/Grid for Power Calculation: (cpu=0:00:00, real=0:00:00, mem(process/total/peak)=1206.65MB/2779.52MB/1206.65MB)

Begin Processing Timing Window Data for Power Calculation

Ended Processing Timing Window Data for Power Calculation: (cpu=0:00:00, real=0:00:00, mem(process/total/peak)=1206.65MB/2779.52MB/1206.65MB)

Begin Processing User Attributes

Ended Processing User Attributes: (cpu=0:00:00, real=0:00:00, mem(process/total/peak)=1206.65MB/2779.52MB/1206.65MB)

Begin Processing Signal Activity


Starting Levelizing
2025-Nov-17 01:23:55 (2025-Nov-16 19:53:55 GMT)
2025-Nov-17 01:23:55 (2025-Nov-16 19:53:55 GMT): 10%
2025-Nov-17 01:23:55 (2025-Nov-16 19:53:55 GMT): 20%
2025-Nov-17 01:23:55 (2025-Nov-16 19:53:55 GMT): 30%
2025-Nov-17 01:23:55 (2025-Nov-16 19:53:55 GMT): 40%
2025-Nov-17 01:23:55 (2025-Nov-16 19:53:55 GMT): 50%
2025-Nov-17 01:23:55 (2025-Nov-16 19:53:55 GMT): 60%
2025-Nov-17 01:23:55 (2025-Nov-16 19:53:55 GMT): 70%
2025-Nov-17 01:23:55 (2025-Nov-16 19:53:55 GMT): 80%
2025-Nov-17 01:23:55 (2025-Nov-16 19:53:55 GMT): 90%

Finished Levelizing
2025-Nov-17 01:23:55 (2025-Nov-16 19:53:55 GMT)

Starting Activity Propagation
2025-Nov-17 01:23:55 (2025-Nov-16 19:53:55 GMT)
2025-Nov-17 01:23:55 (2025-Nov-16 19:53:55 GMT): 10%
2025-Nov-17 01:23:55 (2025-Nov-16 19:53:55 GMT): 20%

Finished Activity Propagation
2025-Nov-17 01:23:55 (2025-Nov-16 19:53:55 GMT)
Ended Processing Signal Activity: (cpu=0:00:00, real=0:00:00, mem(process/total/peak)=1206.65MB/2779.52MB/1206.65MB)

Begin Power Computation

      ----------------------------------------------------------
      # of cell(s) missing both power/leakage table: 0
      # of cell(s) missing power table: 0
      # of cell(s) missing leakage table: 0
      # of MSMV cell(s) missing power_level: 0
      ----------------------------------------------------------



Starting Calculating power
2025-Nov-17 01:23:55 (2025-Nov-16 19:53:55 GMT)
 ... Calculating switching power
2025-Nov-17 01:23:55 (2025-Nov-16 19:53:55 GMT): 10%
2025-Nov-17 01:23:55 (2025-Nov-16 19:53:55 GMT): 20%
2025-Nov-17 01:23:55 (2025-Nov-16 19:53:55 GMT): 30%
2025-Nov-17 01:23:55 (2025-Nov-16 19:53:55 GMT): 40%
2025-Nov-17 01:23:55 (2025-Nov-16 19:53:55 GMT): 50%
 ... Calculating internal and leakage power
2025-Nov-17 01:23:55 (2025-Nov-16 19:53:55 GMT): 60%
2025-Nov-17 01:23:55 (2025-Nov-16 19:53:55 GMT): 70%
2025-Nov-17 01:23:55 (2025-Nov-16 19:53:55 GMT): 80%
2025-Nov-17 01:23:55 (2025-Nov-16 19:53:55 GMT): 90%

Finished Calculating power
2025-Nov-17 01:23:55 (2025-Nov-16 19:53:55 GMT)
Ended Power Computation: (cpu=0:00:00, real=0:00:00, mem(process/total/peak)=1206.65MB/2779.52MB/1206.65MB)

Begin Processing User Attributes

Ended Processing User Attributes: (cpu=0:00:00, real=0:00:00, mem(process/total/peak)=1206.65MB/2779.52MB/1206.65MB)

Ended Power Analysis: (cpu=0:00:00, real=0:00:00, mem(process/total/peak)=1206.65MB/2779.52MB/1206.65MB)

Begin Boundary Leakage Calculation
Ended Boundary Leakage Calculation: (cpu=0:00:00, real=0:00:00,
mem(process/total/peak)=1206.65MB/2779.52MB/1206.65MB)
Begin Static Power Report Generation
*



Total Power
-----------------------------------------------------------------------------------------
Total Internal Power:        2.61825092 	   85.2704%
Total Switching Power:       0.41634036 	   13.5592%
Total Leakage Power:         0.03593759 	    1.1704%
Total Power:                 3.07052883
-----------------------------------------------------------------------------------------
Ended Static Power Report Generation: (cpu=0:00:00, real=0:00:00,
mem(process/total/peak)=1206.71MB/2779.52MB/1206.71MB)


Output file is optimised_cts_reports/ctsafteranalysispostoptimization.rpt.
<CMD> ccopt_pro -enable_drv_fixing true -enable_drv_fixing_by_rebuffering true -enable_refine_place true -enable_routing_eco true -enable_skew_fixing true -enable_skew_fixing_by_rebuffering true -enable_timing_update true
Running CCOpt-PRO on entire clock network
Net route status summary:
  Clock:         3 (unrouted=0, trialRouted=0, noStatus=0, routed=0, fixed=3, [crossesIlmBoundary=0, tooFewTerms=0, (crossesIlmBoundary AND tooFewTerms=0)])
  Non-clock:   556 (unrouted=15, trialRouted=541, noStatus=0, routed=0, fixed=0, [crossesIlmBoundary=0, tooFewTerms=15, (crossesIlmBoundary AND tooFewTerms=0)])
Clock tree cells fixed by user: 0 out of 2 (0%)
PostConditioning...
Relaxing adjacent_rows_legal and cell_density for the duration of PRO. To stop this set pro_respect_cell_density_and_adjacent_row_legal to true.
Initializing clock structures...
  Creating own balancer
  Permitting the movement of (non-FIXED) datapath insts as required for sized/new clock tree insts
  Removing CTS place status from clock tree and sinks.
  Initializing legalizer
  Using cell based legalization.
  Reconstructing clock tree datastructures...
    Validating CTS configuration...
    Checking module port directions...
    Checking module port directions done. (took cpu=0:00:00.0 real=0:00:00.0)
    Non-default CCOpt properties:
    adjacent_rows_legal: true (default: false)
    allow_non_fterm_identical_swaps: 0 (default: true)
    buffer_cells is set for at least one object
    cell_density is set for at least one object
    cell_halo_rows: 0 (default: 1)
    cell_halo_sites: 0 (default: 4)
    clock_nets_detailed_routed: 1 (default: false)
    expand_multi_child_regions is set for at least one object
    recluster_to_reduce_power is set for at least one object
    route_type is set for at least one object
    target_insertion_delay is set for at least one object
    target_skew is set for at least one object
    target_skew_wire is set for at least one object
    Route type trimming info:
      No route type modifications were made.
**WARN: (IMPCCOPT-1285):	The lib cell 'CLKINVX3' specified in the buffer_cells property  isn't a buffer..  This cell will not be used when synthesizing -clock_tree clk -power_domain auto-default.
**WARN: (IMPCCOPT-1285):	The lib cell 'CLKINVX2' specified in the buffer_cells property  isn't a buffer..  This cell will not be used when synthesizing -clock_tree clk -power_domain auto-default.
**WARN: (IMPCCOPT-1285):	The lib cell 'CLKINVX8' specified in the buffer_cells property  isn't a buffer..  This cell will not be used when synthesizing -clock_tree clk -power_domain auto-default.
**WARN: (IMPCCOPT-1285):	The lib cell 'CLKINVX12' specified in the buffer_cells property  isn't a buffer..  This cell will not be used when synthesizing -clock_tree clk -power_domain auto-default.
**WARN: (IMPCCOPT-1285):	The lib cell 'CLKINVX16' specified in the buffer_cells property  isn't a buffer..  This cell will not be used when synthesizing -clock_tree clk -power_domain auto-default.
    Clock tree balancer configuration for clock_tree clk:
    Non-default CCOpt properties:
      cell_density: 1 (default: 0.75)
      expand_multi_child_regions: true (default: false)
      recluster_to_reduce_power: true (default: false)
      route_type (leaf): default_route_type_leaf (default: default)
      route_type (trunk): default_route_type_nonleaf (default: default)
      route_type (top): default_route_type_nonleaf (default: default)
    For power domain auto-default:
      Buffers:     {CLKBUFX16 CLKBUFX12 CLKBUFX8 CLKBUFX3 CLKBUFX2}
      Inverters:   {INVX20 INVX16 INVX12 INVX8 INVX6 INVX2 INVX1 CLKINVX1}
      Clock gates (with test): TLATNTSCAX20 TLATNTSCAX16 TLATNTSCAX12 TLATNTSCAX8 TLATNTSCAX6 TLATNTSCAX4 TLATNTSCAX3 TLATNTSCAX2 
      Clock gates   (no test): TLATNCAX20 TLATNCAX16 TLATNCAX12 TLATNCAX8 TLATNCAX6 TLATNCAX4 TLATNCAX3 TLATNCAX2 
      Unblocked area available for placement of any clock cells in power_domain auto-default: 12175.493um^2
    Top Routing info:
      Route-type name: default_route_type_nonleaf; Top/bottom preferred layer name: Metal4/Metal3; 
      Unshielded; Mask Constraint: 0; Source: route_type.
    Trunk Routing info:
      Route-type name: default_route_type_nonleaf; Top/bottom preferred layer name: Metal4/Metal3; 
      Unshielded; Preferred extra space: 1; Mask Constraint: 0; Source: route_type.
    Leaf Routing info:
      Route-type name: default_route_type_leaf; Top/bottom preferred layer name: Metal4/Metal3; 
      Unshielded; Preferred extra space: 1; Mask Constraint: 0; Source: route_type.
    For timing_corner delay1:both, late and power domain auto-default:
      Slew time target (leaf):    0.196ns
      Slew time target (trunk):   0.196ns
      Slew time target (top):     0.196ns (Note: no nets are considered top nets in this clock tree)
      Buffer unit delay: 0.135ns
      Buffer max distance: 1256.812um
    Fastest wire driving cells and distances:
      Buffer    : {lib_cell:CLKBUFX16, fastest_considered_half_corner=delay1:both.late, optimalDrivingDistance=1256.812um, saturatedSlew=0.167ns, speed=4969.600um per ns, cellArea=16.863um^2 per 1000um}
      Inverter  : {lib_cell:INVX20, fastest_considered_half_corner=delay1:both.late, optimalDrivingDistance=1137.241um, saturatedSlew=0.169ns, speed=7096.667um per ns, cellArea=17.305um^2 per 1000um}
      Clock gate (with test): {lib_cell:TLATNTSCAX20, fastest_considered_half_corner=delay1:both.late, optimalDrivingDistance=1249.655um, saturatedSlew=0.172ns, speed=2105.923um per ns, cellArea=34.524um^2 per 1000um}
      Clock gate   (no test): {lib_cell:TLATNCAX20, fastest_considered_half_corner=delay1:both.late, optimalDrivingDistance=1255.593um, saturatedSlew=0.172ns, speed=2155.155um per ns, cellArea=31.950um^2 per 1000um}
    
    
    Logic Sizing Table:
    
    ----------------------------------------------------------
    Cell    Instance count    Source    Eligible library cells
    ----------------------------------------------------------
      (empty table)
    ----------------------------------------------------------
    
    
    Clock tree balancer configuration for skew_group clk/sdc1:
      Sources:                     pin clk
      Total number of sinks:       158
      Delay constrained sinks:     158
      Non-leaf sinks:              0
      Ignore pins:                 0
     Timing corner delay1:both.late:
      Skew target:                 0.135ns
**WARN: (IMPCCOPT-1361):	Routing configuration for top nets in clock tree clk: preferred layers Metal3-Metal4 are outside NanoRoute configured layer range. This is likely to cause routing correlation issues.
**WARN: (IMPCCOPT-1361):	Routing configuration for trunk nets in clock tree clk: preferred layers Metal3-Metal4 are outside NanoRoute configured layer range. This is likely to cause routing correlation issues.
**WARN: (IMPCCOPT-1361):	Routing configuration for leaf nets in clock tree clk: preferred layers Metal3-Metal4 are outside NanoRoute configured layer range. This is likely to cause routing correlation issues.
    Primary reporting skew groups are:
    skew_group clk/sdc1 with 158 clock sinks
    
    Clock DAG stats initial state:
      cell counts      : b=2, i=0, icg=0, nicg=0, l=0, total=2
      cell areas       : b=42.386um^2, i=0.000um^2, icg=0.000um^2, nicg=0.000um^2, l=0.000um^2, total=42.386um^2
      hp wire lengths  : top=0.000um, trunk=0.000um, leaf=315.230um, total=315.230um
    Clock DAG library cell distribution initial state {count}:
       Bufs: CLKBUFX16: 2 
    No ideal or dont_touch nets found in the clock tree
    No dont_touch hnets found in the clock tree
    Validating CTS configuration done. (took cpu=0:00:00.9 real=0:00:00.9)
    CCOpt configuration status: all checks passed.
  Reconstructing clock tree datastructures done.
Initializing clock structures done.
PostConditioning...
  PostConditioning active optimizations:
   - DRV fixing with cell sizing and buffering
   - Skew fixing with cell sizing and buffering
  
  Detected clock skew data from CTS
  Clock tree timing engine global stage delay update for delay1:both.late...
  Clock tree timing engine global stage delay update for delay1:both.late done. (took cpu=0:00:00.0 real=0:00:00.0)
  Clock DAG stats PostConditioning initial state:
    cell counts      : b=2, i=0, icg=0, nicg=0, l=0, total=2
    cell areas       : b=42.386um^2, i=0.000um^2, icg=0.000um^2, nicg=0.000um^2, l=0.000um^2, total=42.386um^2
    cell capacitance : b=0.021pF, i=0.000pF, icg=0.000pF, nicg=0.000pF, l=0.000pF, total=0.021pF
    sink capacitance : count=158, total=0.275pF, avg=0.002pF, sd=0.000pF, min=0.002pF, max=0.002pF
    wire capacitance : top=0.000pF, trunk=0.014pF, leaf=0.131pF, total=0.145pF
    wire lengths     : top=0.000um, trunk=120.495um, leaf=1149.850um, total=1270.345um
    hp wire lengths  : top=0.000um, trunk=0.000um, leaf=315.230um, total=315.230um
  Clock DAG net violations PostConditioning initial state: none
  Clock DAG primary half-corner transition distribution PostConditioning initial state:
    Trunk : target=0.196ns count=1 avg=0.003ns sd=0.000ns min=0.003ns max=0.003ns {1 <= 0.118ns, 0 <= 0.157ns, 0 <= 0.176ns, 0 <= 0.186ns, 0 <= 0.196ns}
    Leaf  : target=0.196ns count=2 avg=0.129ns sd=0.003ns min=0.127ns max=0.131ns {0 <= 0.118ns, 2 <= 0.157ns, 0 <= 0.176ns, 0 <= 0.186ns, 0 <= 0.196ns}
  Clock DAG library cell distribution PostConditioning initial state {count}:
     Bufs: CLKBUFX16: 2 
  Primary reporting skew groups PostConditioning initial state:
    skew_group default.clk/sdc1: unconstrained
  Skew group summary PostConditioning initial state:
    skew_group clk/sdc1: insertion delay [min=0.180, max=0.188, avg=0.183, sd=0.002], skew [0.008 vs 0.135], 100% {0.180, 0.188} (wid=0.008 ws=0.007) (gid=0.179 gs=0.001)
  PostConditioning Upsizing To Fix DRVs...
    Fixing clock tree DRVs with upsizing: ...20% ...40% ...60% ...80% ...100% 
    CCOpt-PostConditioning: considered: 3, tested: 3, violation detected: 0, violation ignored (due to small violation): 0, cannot run: 0, attempted: 0, unsuccessful: 0, sized: 0
    
    PRO Statistics: Fix DRVs (initial upsizing):
    ============================================
    
    Cell changes by Net Type:
    
    -------------------------------------------------------------------------------------------------
    Net Type    Attempted    Upsized     Downsized    Swapped Same Size    Total Changed    Not Sized
    -------------------------------------------------------------------------------------------------
    top                0            0           0            0                    0                0
    trunk              0            0           0            0                    0                0
    leaf               0            0           0            0                    0                0
    -------------------------------------------------------------------------------------------------
    Total              0            0           0            0                    0                0
    -------------------------------------------------------------------------------------------------
    
    Upsized: 0, Downsized: 0, Sized but same area: 0, Unchanged: 0, Area change: 0.000um^2 (0.000%)
    Max. move: 0.000um, Min. move: 0.000um, Avg. move: N/A
    
    Clock DAG stats after 'PostConditioning Upsizing To Fix DRVs':
      cell counts      : b=2, i=0, icg=0, nicg=0, l=0, total=2
      cell areas       : b=42.386um^2, i=0.000um^2, icg=0.000um^2, nicg=0.000um^2, l=0.000um^2, total=42.386um^2
      cell capacitance : b=0.021pF, i=0.000pF, icg=0.000pF, nicg=0.000pF, l=0.000pF, total=0.021pF
      sink capacitance : count=158, total=0.275pF, avg=0.002pF, sd=0.000pF, min=0.002pF, max=0.002pF
      wire capacitance : top=0.000pF, trunk=0.014pF, leaf=0.131pF, total=0.145pF
      wire lengths     : top=0.000um, trunk=120.495um, leaf=1149.850um, total=1270.345um
      hp wire lengths  : top=0.000um, trunk=0.000um, leaf=315.230um, total=315.230um
    Clock DAG net violations after 'PostConditioning Upsizing To Fix DRVs': none
    Clock DAG primary half-corner transition distribution after 'PostConditioning Upsizing To Fix DRVs':
      Trunk : target=0.196ns count=1 avg=0.003ns sd=0.000ns min=0.003ns max=0.003ns {1 <= 0.118ns, 0 <= 0.157ns, 0 <= 0.176ns, 0 <= 0.186ns, 0 <= 0.196ns}
      Leaf  : target=0.196ns count=2 avg=0.129ns sd=0.003ns min=0.127ns max=0.131ns {0 <= 0.118ns, 2 <= 0.157ns, 0 <= 0.176ns, 0 <= 0.186ns, 0 <= 0.196ns}
    Clock DAG library cell distribution after 'PostConditioning Upsizing To Fix DRVs' {count}:
       Bufs: CLKBUFX16: 2 
    Primary reporting skew groups after 'PostConditioning Upsizing To Fix DRVs':
      skew_group default.clk/sdc1: unconstrained
    Skew group summary after 'PostConditioning Upsizing To Fix DRVs':
      skew_group clk/sdc1: insertion delay [min=0.180, max=0.188, avg=0.183, sd=0.002], skew [0.008 vs 0.135], 100% {0.180, 0.188} (wid=0.008 ws=0.007) (gid=0.179 gs=0.001)
    Legalizer API calls during this step: 0 succeeded with high effort: 0 succeeded with medium effort: 0 succeeded with low effort: 0 succeeded with basic effort: 0 succeeded with basic unbounded effort: 0
  PostConditioning Upsizing To Fix DRVs done. (took cpu=0:00:00.0 real=0:00:00.0)
  Recomputing CTS skew targets...
  Resolving skew group constraints...
    Solving LP: 1 skew groups; 2 fragments, 2 fraglets and 3 vertices; 25 variables and 66 constraints; tolerance 1
  Resolving skew group constraints done.
  Recomputing CTS skew targets done. (took cpu=0:00:00.0 real=0:00:00.0)
  PostConditioning Fixing DRVs...
    Fixing clock tree DRVs: ...20% ...40% ...60% ...80% ...100% 
    CCOpt-PostConditioning: considered: 3, tested: 3, violation detected: 0, violation ignored (due to small violation): 0, cannot run: 0, attempted: 0, unsuccessful: 0, sized: 0
    
    PRO Statistics: Fix DRVs (cell sizing):
    =======================================
    
    Cell changes by Net Type:
    
    -------------------------------------------------------------------------------------------------
    Net Type    Attempted    Upsized     Downsized    Swapped Same Size    Total Changed    Not Sized
    -------------------------------------------------------------------------------------------------
    top                0            0           0            0                    0                0
    trunk              0            0           0            0                    0                0
    leaf               0            0           0            0                    0                0
    -------------------------------------------------------------------------------------------------
    Total              0            0           0            0                    0                0
    -------------------------------------------------------------------------------------------------
    
    Upsized: 0, Downsized: 0, Sized but same area: 0, Unchanged: 0, Area change: 0.000um^2 (0.000%)
    Max. move: 0.000um, Min. move: 0.000um, Avg. move: N/A
    
    Clock DAG stats after 'PostConditioning Fixing DRVs':
      cell counts      : b=2, i=0, icg=0, nicg=0, l=0, total=2
      cell areas       : b=42.386um^2, i=0.000um^2, icg=0.000um^2, nicg=0.000um^2, l=0.000um^2, total=42.386um^2
      cell capacitance : b=0.021pF, i=0.000pF, icg=0.000pF, nicg=0.000pF, l=0.000pF, total=0.021pF
      sink capacitance : count=158, total=0.275pF, avg=0.002pF, sd=0.000pF, min=0.002pF, max=0.002pF
      wire capacitance : top=0.000pF, trunk=0.014pF, leaf=0.131pF, total=0.145pF
      wire lengths     : top=0.000um, trunk=120.495um, leaf=1149.850um, total=1270.345um
      hp wire lengths  : top=0.000um, trunk=0.000um, leaf=315.230um, total=315.230um
    Clock DAG net violations after 'PostConditioning Fixing DRVs': none
    Clock DAG primary half-corner transition distribution after 'PostConditioning Fixing DRVs':
      Trunk : target=0.196ns count=1 avg=0.003ns sd=0.000ns min=0.003ns max=0.003ns {1 <= 0.118ns, 0 <= 0.157ns, 0 <= 0.176ns, 0 <= 0.186ns, 0 <= 0.196ns}
      Leaf  : target=0.196ns count=2 avg=0.129ns sd=0.003ns min=0.127ns max=0.131ns {0 <= 0.118ns, 2 <= 0.157ns, 0 <= 0.176ns, 0 <= 0.186ns, 0 <= 0.196ns}
    Clock DAG library cell distribution after 'PostConditioning Fixing DRVs' {count}:
       Bufs: CLKBUFX16: 2 
    Primary reporting skew groups after 'PostConditioning Fixing DRVs':
      skew_group default.clk/sdc1: unconstrained
    Skew group summary after 'PostConditioning Fixing DRVs':
      skew_group clk/sdc1: insertion delay [min=0.180, max=0.188, avg=0.183, sd=0.002], skew [0.008 vs 0.135], 100% {0.180, 0.188} (wid=0.008 ws=0.007) (gid=0.179 gs=0.001)
    Legalizer API calls during this step: 0 succeeded with high effort: 0 succeeded with medium effort: 0 succeeded with low effort: 0 succeeded with basic effort: 0 succeeded with basic unbounded effort: 0
  PostConditioning Fixing DRVs done. (took cpu=0:00:00.0 real=0:00:00.0)
  Buffering to fix DRVs...
  Fixing DRVs with route buffering pass 1. Quick buffering: enabled
  Rebuffering to fix clock tree DRVs: ...20% ...40% ...60% ...80% ...100% 
  Inserted 0 buffers and inverters.
  success count. Default: 0, QS: 0, QD: 0, FS: 0, MQS: 0
  CCOpt-PostConditioning: nets considered: 3, nets tested: 3, nets violation detected: 0, nets violation ignored (due to small violation): 0, nets cannot run: 0, nets attempted: 0, nets unsuccessful: 0, buffered: 0
  Clock DAG stats PostConditioning after re-buffering DRV fixing:
    cell counts      : b=2, i=0, icg=0, nicg=0, l=0, total=2
    cell areas       : b=42.386um^2, i=0.000um^2, icg=0.000um^2, nicg=0.000um^2, l=0.000um^2, total=42.386um^2
    cell capacitance : b=0.021pF, i=0.000pF, icg=0.000pF, nicg=0.000pF, l=0.000pF, total=0.021pF
    sink capacitance : count=158, total=0.275pF, avg=0.002pF, sd=0.000pF, min=0.002pF, max=0.002pF
    wire capacitance : top=0.000pF, trunk=0.014pF, leaf=0.131pF, total=0.145pF
    wire lengths     : top=0.000um, trunk=120.495um, leaf=1149.850um, total=1270.345um
    hp wire lengths  : top=0.000um, trunk=0.000um, leaf=315.230um, total=315.230um
  Clock DAG net violations PostConditioning after re-buffering DRV fixing: none
  Clock DAG primary half-corner transition distribution PostConditioning after re-buffering DRV fixing:
    Trunk : target=0.196ns count=1 avg=0.003ns sd=0.000ns min=0.003ns max=0.003ns {1 <= 0.118ns, 0 <= 0.157ns, 0 <= 0.176ns, 0 <= 0.186ns, 0 <= 0.196ns}
    Leaf  : target=0.196ns count=2 avg=0.129ns sd=0.003ns min=0.127ns max=0.131ns {0 <= 0.118ns, 2 <= 0.157ns, 0 <= 0.176ns, 0 <= 0.186ns, 0 <= 0.196ns}
  Clock DAG library cell distribution PostConditioning after re-buffering DRV fixing {count}:
     Bufs: CLKBUFX16: 2 
  Primary reporting skew groups PostConditioning after re-buffering DRV fixing:
    skew_group default.clk/sdc1: unconstrained
  Skew group summary PostConditioning after re-buffering DRV fixing:
    skew_group clk/sdc1: insertion delay [min=0.180, max=0.188, avg=0.183, sd=0.002], skew [0.008 vs 0.135], 100% {0.180, 0.188} (wid=0.008 ws=0.007) (gid=0.179 gs=0.001)
  Buffering to fix DRVs done. (took cpu=0:00:00.0 real=0:00:00.0)
  PostConditioning Fixing Skew by cell sizing...
    Resized 0 clock insts to decrease delay.
    Resized 0 clock insts to increase delay.
    
    PRO Statistics: Fix Skew (cell sizing):
    =======================================
    
    Cell changes by Net Type:
    
    -------------------------------------------------------------------------------------------------
    Net Type    Attempted    Upsized     Downsized    Swapped Same Size    Total Changed    Not Sized
    -------------------------------------------------------------------------------------------------
    top                0            0           0            0                    0                0
    trunk              0            0           0            0                    0                0
    leaf               0            0           0            0                    0                0
    -------------------------------------------------------------------------------------------------
    Total              0            0           0            0                    0                0
    -------------------------------------------------------------------------------------------------
    
    Upsized: 0, Downsized: 0, Sized but same area: 0, Unchanged: 0, Area change: 0.000um^2 (0.000%)
    Max. move: 0.000um, Min. move: 0.000um, Avg. move: N/A
    
    Clock DAG stats after 'PostConditioning Fixing Skew by cell sizing':
      cell counts      : b=2, i=0, icg=0, nicg=0, l=0, total=2
      cell areas       : b=42.386um^2, i=0.000um^2, icg=0.000um^2, nicg=0.000um^2, l=0.000um^2, total=42.386um^2
      cell capacitance : b=0.021pF, i=0.000pF, icg=0.000pF, nicg=0.000pF, l=0.000pF, total=0.021pF
      sink capacitance : count=158, total=0.275pF, avg=0.002pF, sd=0.000pF, min=0.002pF, max=0.002pF
      wire capacitance : top=0.000pF, trunk=0.014pF, leaf=0.131pF, total=0.145pF
      wire lengths     : top=0.000um, trunk=120.495um, leaf=1149.850um, total=1270.345um
      hp wire lengths  : top=0.000um, trunk=0.000um, leaf=315.230um, total=315.230um
    Clock DAG net violations after 'PostConditioning Fixing Skew by cell sizing': none
    Clock DAG primary half-corner transition distribution after 'PostConditioning Fixing Skew by cell sizing':
      Trunk : target=0.196ns count=1 avg=0.003ns sd=0.000ns min=0.003ns max=0.003ns {1 <= 0.118ns, 0 <= 0.157ns, 0 <= 0.176ns, 0 <= 0.186ns, 0 <= 0.196ns}
      Leaf  : target=0.196ns count=2 avg=0.129ns sd=0.003ns min=0.127ns max=0.131ns {0 <= 0.118ns, 2 <= 0.157ns, 0 <= 0.176ns, 0 <= 0.186ns, 0 <= 0.196ns}
    Clock DAG library cell distribution after 'PostConditioning Fixing Skew by cell sizing' {count}:
       Bufs: CLKBUFX16: 2 
    Primary reporting skew groups after 'PostConditioning Fixing Skew by cell sizing':
      skew_group default.clk/sdc1: unconstrained
    Skew group summary after 'PostConditioning Fixing Skew by cell sizing':
      skew_group clk/sdc1: insertion delay [min=0.180, max=0.188, avg=0.183, sd=0.002], skew [0.008 vs 0.135], 100% {0.180, 0.188} (wid=0.008 ws=0.007) (gid=0.179 gs=0.001)
    Legalizer API calls during this step: 0 succeeded with high effort: 0 succeeded with medium effort: 0 succeeded with low effort: 0 succeeded with basic effort: 0 succeeded with basic unbounded effort: 0
  PostConditioning Fixing Skew by cell sizing done. (took cpu=0:00:00.0 real=0:00:00.0)
  PostConditioning Buffering to fix skew...
    Fixing skew (MostUnder)...
      Fixing skew: ...20% ...40% ...60% ...80% ...100% 
      Upsized 0 drivers. Failed on 0 drivers
    Fixing skew (MostUnder) done.
    Skew fixing attempted buffering 0 nets. Accepted: 0 (0 cells), Rejected: 0 (0 cells)
    Skew fixing added: 0 driver cells (0um^2)
    Resized 0 clock insts to decrease delay.
    Resized 0 clock insts to increase delay.
    
    PRO Statistics: Fix Skew (cell sizing):
    =======================================
    
    Cell changes by Net Type:
    
    -------------------------------------------------------------------------------------------------
    Net Type    Attempted    Upsized     Downsized    Swapped Same Size    Total Changed    Not Sized
    -------------------------------------------------------------------------------------------------
    top                0            0           0            0                    0                0
    trunk              0            0           0            0                    0                0
    leaf               0            0           0            0                    0                0
    -------------------------------------------------------------------------------------------------
    Total              0            0           0            0                    0                0
    -------------------------------------------------------------------------------------------------
    
    Upsized: 0, Downsized: 0, Sized but same area: 0, Unchanged: 0, Area change: 0.000um^2 (0.000%)
    Max. move: 0.000um, Min. move: 0.000um, Avg. move: N/A
    
    
    PRO Statistics: Fix Skew (cell sizing):
    =======================================
    
    Cell changes by Net Type:
    
    -------------------------------------------------------------------------------------------------
    Net Type    Attempted    Upsized     Downsized    Swapped Same Size    Total Changed    Not Sized
    -------------------------------------------------------------------------------------------------
    top                0            0           0            0                    0                0
    trunk              0            0           0            0                    0                0
    leaf               0            0           0            0                    0                0
    -------------------------------------------------------------------------------------------------
    Total              0            0           0            0                    0                0
    -------------------------------------------------------------------------------------------------
    
    Upsized: 0, Downsized: 0, Sized but same area: 0, Unchanged: 0, Area change: 0.000um^2 (0.000%)
    Max. move: 0.000um, Min. move: 0.000um, Avg. move: N/A
    
    Fixing skew (MostUnder)...
      Fixing skew: ...20% ...40% ...60% ...80% ...100% 
      Upsized 0 drivers. Failed on 0 drivers
    Fixing skew (MostUnder) done.
    Skew fixing attempted buffering 0 nets. Accepted: 0 (0 cells), Rejected: 0 (0 cells)
    Skew fixing added: 0 driver cells (0um^2)
    Resized 0 clock insts to decrease delay.
    Resized 0 clock insts to increase delay.
    
    PRO Statistics: Fix Skew (cell sizing):
    =======================================
    
    Cell changes by Net Type:
    
    -------------------------------------------------------------------------------------------------
    Net Type    Attempted    Upsized     Downsized    Swapped Same Size    Total Changed    Not Sized
    -------------------------------------------------------------------------------------------------
    top                0            0           0            0                    0                0
    trunk              0            0           0            0                    0                0
    leaf               0            0           0            0                    0                0
    -------------------------------------------------------------------------------------------------
    Total              0            0           0            0                    0                0
    -------------------------------------------------------------------------------------------------
    
    Upsized: 0, Downsized: 0, Sized but same area: 0, Unchanged: 0, Area change: 0.000um^2 (0.000%)
    Max. move: 0.000um, Min. move: 0.000um, Avg. move: N/A
    
    
    PRO Statistics: Fix Skew (cell sizing):
    =======================================
    
    Cell changes by Net Type:
    
    -------------------------------------------------------------------------------------------------
    Net Type    Attempted    Upsized     Downsized    Swapped Same Size    Total Changed    Not Sized
    -------------------------------------------------------------------------------------------------
    top                0            0           0            0                    0                0
    trunk              0            0           0            0                    0                0
    leaf               0            0           0            0                    0                0
    -------------------------------------------------------------------------------------------------
    Total              0            0           0            0                    0                0
    -------------------------------------------------------------------------------------------------
    
    Upsized: 0, Downsized: 0, Sized but same area: 0, Unchanged: 0, Area change: 0.000um^2 (0.000%)
    Max. move: 0.000um, Min. move: 0.000um, Avg. move: N/A
    
    
    PRO Statistics: Fix Skew (cell sizing):
    =======================================
    
    Cell changes by Net Type:
    
    -------------------------------------------------------------------------------------------------
    Net Type    Attempted    Upsized     Downsized    Swapped Same Size    Total Changed    Not Sized
    -------------------------------------------------------------------------------------------------
    top                0            0           0            0                    0                0
    trunk              0            0           0            0                    0                0
    leaf               0            0           0            0                    0                0
    -------------------------------------------------------------------------------------------------
    Total              0            0           0            0                    0                0
    -------------------------------------------------------------------------------------------------
    
    Upsized: 0, Downsized: 0, Sized but same area: 0, Unchanged: 0, Area change: 0.000um^2 (0.000%)
    Max. move: 0.000um, Min. move: 0.000um, Avg. move: N/A
    
    Clock DAG stats after 'PostConditioning Buffering to fix skew':
      cell counts      : b=2, i=0, icg=0, nicg=0, l=0, total=2
      cell areas       : b=42.386um^2, i=0.000um^2, icg=0.000um^2, nicg=0.000um^2, l=0.000um^2, total=42.386um^2
      cell capacitance : b=0.021pF, i=0.000pF, icg=0.000pF, nicg=0.000pF, l=0.000pF, total=0.021pF
      sink capacitance : count=158, total=0.275pF, avg=0.002pF, sd=0.000pF, min=0.002pF, max=0.002pF
      wire capacitance : top=0.000pF, trunk=0.014pF, leaf=0.131pF, total=0.145pF
      wire lengths     : top=0.000um, trunk=120.495um, leaf=1149.850um, total=1270.345um
      hp wire lengths  : top=0.000um, trunk=0.000um, leaf=315.230um, total=315.230um
    Clock DAG net violations after 'PostConditioning Buffering to fix skew': none
    Clock DAG primary half-corner transition distribution after 'PostConditioning Buffering to fix skew':
      Trunk : target=0.196ns count=1 avg=0.003ns sd=0.000ns min=0.003ns max=0.003ns {1 <= 0.118ns, 0 <= 0.157ns, 0 <= 0.176ns, 0 <= 0.186ns, 0 <= 0.196ns}
      Leaf  : target=0.196ns count=2 avg=0.129ns sd=0.003ns min=0.127ns max=0.131ns {0 <= 0.118ns, 2 <= 0.157ns, 0 <= 0.176ns, 0 <= 0.186ns, 0 <= 0.196ns}
    Clock DAG library cell distribution after 'PostConditioning Buffering to fix skew' {count}:
       Bufs: CLKBUFX16: 2 
    Primary reporting skew groups after 'PostConditioning Buffering to fix skew':
      skew_group default.clk/sdc1: unconstrained
    Skew group summary after 'PostConditioning Buffering to fix skew':
      skew_group clk/sdc1: insertion delay [min=0.180, max=0.188, avg=0.183, sd=0.002], skew [0.008 vs 0.135], 100% {0.180, 0.188} (wid=0.008 ws=0.007) (gid=0.179 gs=0.001)
    Legalizer API calls during this step: 0 succeeded with high effort: 0 succeeded with medium effort: 0 succeeded with low effort: 0 succeeded with basic effort: 0 succeeded with basic unbounded effort: 0
  PostConditioning Buffering to fix skew done. (took cpu=0:00:00.0 real=0:00:00.0)
  Reconnecting optimized routes...
  Reset timing graph...
Ignoring AAE DB Resetting ...
  Reset timing graph done.
  Reconnecting optimized routes done. (took cpu=0:00:00.0 real=0:00:00.0)
Skipping refinePlace: no changes were made during DRV and/or skew fixing steps so it is unnecessary.
  Set dirty flag on 0 instances, 0 nets
Skipping ECO: no changes were made during DRV and/or skew fixing steps so it is unneccessary.
  Leaving CCOpt scope - extractRC...
  Updating RC parasitics by calling: "extractRC -noRouteCheck"...
Extraction called for design 'HA' of instances=469 and nets=559 using extraction engine 'preRoute' .
PreRoute RC Extraction called for design HA.
RC Extraction called in multi-corner(1) mode.
**WARN: (IMPEXT-6197):	The Cap table file is not specified. This will result in lower parasitic accuracy when using preRoute extraction or postRoute extraction with effort level 'low'. It is recommended to generate the Cap table file using the 'generateCapTbl' command and specify it before extraction using 'create_rc_corner/update_rc_corner -cap_table'.
Type 'man IMPEXT-6197' for more detail.
RCMode: PreRoute
      RC Corner Indexes            0   
Capacitance Scaling Factor   : 1.00000 
Resistance Scaling Factor    : 1.00000 
Clock Cap. Scaling Factor    : 1.00000 
Clock Res. Scaling Factor    : 1.00000 
Shrink Factor                : 1.00000
PreRoute extraction is honoring NDR/Shielding/ExtraSpace for clock nets.
Updating RC grid for preRoute extraction ...
Initializing multi-corner resistance tables ...
PreRoute RC Extraction DONE (CPU Time: 0:00:00.0  Real Time: 0:00:00.0  MEM: 1619.395M)
  Updating RC parasitics by calling: "extractRC -noRouteCheck" done.
  Leaving CCOpt scope - extractRC done. (took cpu=0:00:00.0 real=0:00:00.0)
  Clock tree timing engine global stage delay update for delay1:both.late...
  Clock tree timing engine global stage delay update for delay1:both.late done. (took cpu=0:00:00.0 real=0:00:00.0)
  Clock DAG stats PostConditioning final:
    cell counts      : b=2, i=0, icg=0, nicg=0, l=0, total=2
    cell areas       : b=42.386um^2, i=0.000um^2, icg=0.000um^2, nicg=0.000um^2, l=0.000um^2, total=42.386um^2
    cell capacitance : b=0.021pF, i=0.000pF, icg=0.000pF, nicg=0.000pF, l=0.000pF, total=0.021pF
    sink capacitance : count=158, total=0.275pF, avg=0.002pF, sd=0.000pF, min=0.002pF, max=0.002pF
    wire capacitance : top=0.000pF, trunk=0.014pF, leaf=0.131pF, total=0.145pF
    wire lengths     : top=0.000um, trunk=120.495um, leaf=1149.850um, total=1270.345um
    hp wire lengths  : top=0.000um, trunk=0.000um, leaf=315.230um, total=315.230um
  Clock DAG net violations PostConditioning final: none
  Clock DAG primary half-corner transition distribution PostConditioning final:
    Trunk : target=0.196ns count=1 avg=0.003ns sd=0.000ns min=0.003ns max=0.003ns {1 <= 0.118ns, 0 <= 0.157ns, 0 <= 0.176ns, 0 <= 0.186ns, 0 <= 0.196ns}
    Leaf  : target=0.196ns count=2 avg=0.129ns sd=0.003ns min=0.127ns max=0.131ns {0 <= 0.118ns, 2 <= 0.157ns, 0 <= 0.176ns, 0 <= 0.186ns, 0 <= 0.196ns}
  Clock DAG library cell distribution PostConditioning final {count}:
     Bufs: CLKBUFX16: 2 
  Primary reporting skew groups PostConditioning final:
    skew_group default.clk/sdc1: unconstrained
  Skew group summary PostConditioning final:
    skew_group clk/sdc1: insertion delay [min=0.180, max=0.188, avg=0.183, sd=0.002], skew [0.008 vs 0.135], 100% {0.180, 0.188} (wid=0.008 ws=0.007) (gid=0.179 gs=0.001)
PostConditioning done.
Setting CTS place status to fixed for clock tree and sinks.
Net route status summary:
  Clock:         3 (unrouted=0, trialRouted=0, noStatus=0, routed=0, fixed=3, [crossesIlmBoundary=0, tooFewTerms=0, (crossesIlmBoundary AND tooFewTerms=0)])
  Non-clock:   556 (unrouted=15, trialRouted=541, noStatus=0, routed=0, fixed=0, [crossesIlmBoundary=0, tooFewTerms=15, (crossesIlmBoundary AND tooFewTerms=0)])
Updating timing...
Ignoring AAE DB Resetting ...
  Updating timing graph...
    
    Leaving CCOpt scope - BuildTimeGraph...
#################################################################################
# Design Stage: PreRoute
# Design Name: HA
# Design Mode: 90nm
# Analysis Mode: MMMC Non-OCV 
# Parasitics Mode: No SPEF/RCDB
# Signoff Settings: SI Off 
#################################################################################
Calculate delays in Single mode...
Start delay calculation (fullDC) (1 T). (MEM=1626.93)
**WARN: (IMPESI-3025):	Delay calculation was forced to extrapolate the slew on instance CTS_ccl_a_buf_00006, Cell type : CLKBUFX16, Arc : Av->Yv because it's outside the characterized table range. The actual slew is 0.0030 ns and the lower bound in the table is 0.0600 ns. In some cases, extrapolation can reduce the accuracy of delay calculation.
**WARN: (IMPESI-3025):	Delay calculation was forced to extrapolate the slew on instance CTS_ccl_a_buf_00006, Cell type : CLKBUFX16, Arc : A^->Y^ because it's outside the characterized table range. The actual slew is 0.0030 ns and the lower bound in the table is 0.0600 ns. In some cases, extrapolation can reduce the accuracy of delay calculation.
**WARN: (IMPESI-3025):	Delay calculation was forced to extrapolate the slew on instance CTS_ccl_a_buf_00004, Cell type : CLKBUFX16, Arc : Av->Yv because it's outside the characterized table range. The actual slew is 0.0030 ns and the lower bound in the table is 0.0600 ns. In some cases, extrapolation can reduce the accuracy of delay calculation.
**WARN: (IMPESI-3025):	Delay calculation was forced to extrapolate the slew on instance CTS_ccl_a_buf_00004, Cell type : CLKBUFX16, Arc : A^->Y^ because it's outside the characterized table range. The actual slew is 0.0030 ns and the lower bound in the table is 0.0600 ns. In some cases, extrapolation can reduce the accuracy of delay calculation.
**WARN: (IMPESI-3025):	Delay calculation was forced to extrapolate the slew on instance FE_OFC7_rst_n, Cell type : BUFX2, Arc : A^->Y^ because it's outside the characterized table range. The actual slew is 0.6352 ns and the upper bound in the table is 0.6120 ns. In some cases, extrapolation can reduce the accuracy of delay calculation.
**WARN: (IMPESI-3025):	Delay calculation was forced to extrapolate the slew on instance FE_OFC6_rst_n, Cell type : BUFX2, Arc : A^->Y^ because it's outside the characterized table range. The actual slew is 0.6352 ns and the upper bound in the table is 0.6120 ns. In some cases, extrapolation can reduce the accuracy of delay calculation.
**WARN: (IMPESI-3025):	Delay calculation was forced to extrapolate the slew on instance FE_OFC5_rst_n, Cell type : BUFX2, Arc : A^->Y^ because it's outside the characterized table range. The actual slew is 0.6352 ns and the upper bound in the table is 0.6120 ns. In some cases, extrapolation can reduce the accuracy of delay calculation.
**WARN: (IMPESI-3025):	Delay calculation was forced to extrapolate the slew on instance music_on_cmd_r_reg, Cell type : SDFFRHQX4, Arc : RNv->Qv because it's outside the characterized table range. The actual slew is 0.0137 ns and the lower bound in the table is 0.0168 ns. In some cases, extrapolation can reduce the accuracy of delay calculation.
**WARN: (IMPESI-3025):	Delay calculation was forced to extrapolate the slew on instance temp_sensor_r_reg[6], Cell type : SDFFRHQX4, Arc : RNv->Qv because it's outside the characterized table range. The actual slew is 0.0080 ns and the lower bound in the table is 0.0168 ns. In some cases, extrapolation can reduce the accuracy of delay calculation.
**WARN: (IMPESI-3025):	Delay calculation was forced to extrapolate the slew on instance temp_setpoint_r_reg[1], Cell type : SDFFRHQX4, Arc : RNv->Qv because it's outside the characterized table range. The actual slew is 0.0080 ns and the lower bound in the table is 0.0168 ns. In some cases, extrapolation can reduce the accuracy of delay calculation.
**WARN: (IMPESI-3025):	Delay calculation was forced to extrapolate the slew on instance volume_cmd_r_reg[3], Cell type : SDFFRHQX4, Arc : RNv->Qv because it's outside the characterized table range. The actual slew is 0.0050 ns and the lower bound in the table is 0.0168 ns. In some cases, extrapolation can reduce the accuracy of delay calculation.
**WARN: (IMPESI-3025):	Delay calculation was forced to extrapolate the slew on instance volume_cmd_r_reg[2], Cell type : SDFFRHQX4, Arc : RNv->Qv because it's outside the characterized table range. The actual slew is 0.0041 ns and the lower bound in the table is 0.0168 ns. In some cases, extrapolation can reduce the accuracy of delay calculation.
**WARN: (IMPESI-3025):	Delay calculation was forced to extrapolate the slew on instance volume_cmd_r_reg[1], Cell type : SDFFRHQX4, Arc : RNv->Qv because it's outside the characterized table range. The actual slew is 0.0099 ns and the lower bound in the table is 0.0168 ns. In some cases, extrapolation can reduce the accuracy of delay calculation.
**WARN: (IMPESI-3025):	Delay calculation was forced to extrapolate the slew on instance temp_setpoint_r_reg[0], Cell type : SDFFRHQX4, Arc : RNv->Qv because it's outside the characterized table range. The actual slew is 0.0080 ns and the lower bound in the table is 0.0168 ns. In some cases, extrapolation can reduce the accuracy of delay calculation.
**WARN: (IMPESI-3025):	Delay calculation was forced to extrapolate the slew on instance temp_sensor_r_reg[7], Cell type : SDFFRHQX4, Arc : RNv->Qv because it's outside the characterized table range. The actual slew is 0.0080 ns and the lower bound in the table is 0.0168 ns. In some cases, extrapolation can reduce the accuracy of delay calculation.
**WARN: (IMPESI-3025):	Delay calculation was forced to extrapolate the slew on instance temp_sensor_r_reg[5], Cell type : SDFFRHQX4, Arc : RNv->Qv because it's outside the characterized table range. The actual slew is 0.0080 ns and the lower bound in the table is 0.0168 ns. In some cases, extrapolation can reduce the accuracy of delay calculation.
**WARN: (IMPESI-3025):	Delay calculation was forced to extrapolate the slew on instance temp_sensor_r_reg[4], Cell type : SDFFRHQX4, Arc : RNv->Qv because it's outside the characterized table range. The actual slew is 0.0079 ns and the lower bound in the table is 0.0168 ns. In some cases, extrapolation can reduce the accuracy of delay calculation.
**WARN: (IMPESI-3025):	Delay calculation was forced to extrapolate the slew on instance temp_sensor_r_reg[3], Cell type : SDFFRHQX4, Arc : RNv->Qv because it's outside the characterized table range. The actual slew is 0.0078 ns and the lower bound in the table is 0.0168 ns. In some cases, extrapolation can reduce the accuracy of delay calculation.
**WARN: (IMPESI-3025):	Delay calculation was forced to extrapolate the slew on instance temp_sensor_r_reg[2], Cell type : SDFFRHQX4, Arc : RNv->Qv because it's outside the characterized table range. The actual slew is 0.0078 ns and the lower bound in the table is 0.0168 ns. In some cases, extrapolation can reduce the accuracy of delay calculation.
**WARN: (IMPESI-3025):	Delay calculation was forced to extrapolate the slew on instance temp_sensor_r_reg[1], Cell type : SDFFRHQX4, Arc : RNv->Qv because it's outside the characterized table range. The actual slew is 0.0078 ns and the lower bound in the table is 0.0168 ns. In some cases, extrapolation can reduce the accuracy of delay calculation.
Total number of fetched objects 544
End delay calculation. (MEM=1649.29 CPU=0:00:00.1 REAL=0:00:00.0)
End delay calculation (fullDC). (MEM=1649.29 CPU=0:00:02.1 REAL=0:00:02.0)
    Leaving CCOpt scope - BuildTimeGraph done. (took cpu=0:00:02.1 real=0:00:02.2)
  Updating timing graph done.
  Updating latch analysis...
    Leaving CCOpt scope - Updating latch analysis...
    Leaving CCOpt scope - Updating latch analysis done. (took cpu=0:00:00.0 real=0:00:00.0)
  Updating latch analysis done.
Updating timing done.
PostConditioning done. (took cpu=0:00:03.2 real=0:00:03.3)
<CMD> report_timing -early -view {view1} -max_paths 100 > ctsrepairreports/timing/timing_post_PnR_early.txt
#################################################################################
# Design Stage: PreRoute
# Design Name: HA
# Design Mode: 90nm
# Analysis Mode: MMMC Non-OCV 
# Parasitics Mode: No SPEF/RCDB
# Signoff Settings: SI Off 
#################################################################################
Calculate delays in Single mode...
Start delay calculation (fullDC) (1 T). (MEM=1623.55)
Total number of fetched objects 544
End delay calculation. (MEM=1649.75 CPU=0:00:00.1 REAL=0:00:00.0)
End delay calculation (fullDC). (MEM=1649.75 CPU=0:00:00.1 REAL=0:00:00.0)
<CMD> report_timing -late  -max_paths 100 > ctsrepairreports/timing/timing_post_PnR_late.txt
#################################################################################
# Design Stage: PreRoute
# Design Name: HA
# Design Mode: 90nm
# Analysis Mode: MMMC Non-OCV 
# Parasitics Mode: No SPEF/RCDB
# Signoff Settings: SI Off 
#################################################################################
Calculate delays in Single mode...
Start delay calculation (fullDC) (1 T). (MEM=1633.55)
Total number of fetched objects 544
End delay calculation. (MEM=1649.75 CPU=0:00:00.1 REAL=0:00:00.0)
End delay calculation (fullDC). (MEM=1649.75 CPU=0:00:00.1 REAL=0:00:00.0)
<CMD> report_area -detail > ctsrepairreports/area/area_post_pnr3.rpt
<CMD> setNanoRouteMode -quiet -timingEngine {}
<CMD> setNanoRouteMode -quiet -routeWithSiPostRouteFix 0
<CMD> setNanoRouteMode -quiet -drouteStartIteration default
**WARN: (IMPTCM-77):	Option "-drouteStartIteration" for command setNanoRouteMode is obsolete and will be removed in a future release. The obsolete option still works in this release but to avoid this warning and to ensure compatibility with future releases, remove the obsolete option from your script.
<CMD> setNanoRouteMode -quiet -routeTopRoutingLayer default
<CMD> setNanoRouteMode -quiet -routeBottomRoutingLayer default
<CMD> setNanoRouteMode -quiet -drouteEndIteration default
<CMD> setNanoRouteMode -quiet -routeWithTimingDriven false
<CMD> setNanoRouteMode -quiet -routeWithSiDriven false
<CMD> routeDesign -globalDetail
#% Begin routeDesign (date=11/17 01:23:59, mem=1090.7M)
#routeDesign: cpu time = 00:00:00, elapsed time = 00:00:00, memory = 1090.66 (MB), peak = 1236.79 (MB)
#WARNING (NRIG-96) Selected single pass global detail route "-globalDetail". Clock eco and post optimizations will not be run. See "man NRIG-96" for more details.
**INFO: User settings:
setNanoRouteMode -drouteUseMinSpacingForBlockage                auto
setNanoRouteMode -extractThirdPartyCompatible                   false
setNanoRouteMode -grouteExpTdStdDelay                           35.8
setNanoRouteMode -grouteExpTdUseTifTimingEngineForImportDesign  true
setNanoRouteMode -routeStrictlyHonorNonDefaultRule              false
setNanoRouteMode -routeWithSiDriven                             false
setNanoRouteMode -routeWithSiPostRouteFix                       false
setNanoRouteMode -routeWithTimingDriven                         false
setNanoRouteMode -timingEngine                                  {}
setDesignMode -flowEffort                                       standard
setDesignMode -process                                          90
setExtractRCMode -coupling_c_th                                 0.2
setExtractRCMode -engine                                        preRoute
setExtractRCMode -relative_c_th                                 1
setExtractRCMode -total_c_th                                    0
setDelayCalMode -enable_high_fanout                             true
setDelayCalMode -eng_copyNetPropToNewNet                        true
setDelayCalMode -engine                                         aae
setDelayCalMode -ignoreNetLoad                                  false
setDelayCalMode -reportOutBound                                 true
setSIMode -separate_delta_delay_on_data                         true

#**INFO: setDesignMode -flowEffort standard
#**INFO: multi-cut via swapping will not be performed after routing.
#**INFO: All auto set options tuned by routeDesign will be restored to their original settings on command completion.
Begin checking placement ... (start mem=1462.8M, init mem=1484.8M)
*info: Placed = 469            (Fixed = 2)
*info: Unplaced = 0           
Placement Density:48.66%(5925/12175)
Placement Density (including fixed std cells):48.66%(5925/12175)
Finished checkPlace (total: cpu=0:00:00.0, real=0:00:00.0; vio checks: cpu=0:00:00.0, real=0:00:00.0; mem=1484.8M)
**WARN: (IMPCK-8086):	The command changeUseClockNetStatus is obsolete and will be removed in the next release. This command still works in this release, but by the next release you must transition to the CCOpt-based CTS flow.

changeUseClockNetStatus Option :  -noFixedNetWires 
*** Changed status on (3) nets in Clock.
*** End changeUseClockNetStatus (cpu=0:00:00.0, real=0:00:00.0, mem=1484.8M) ***
% Begin globalDetailRoute (date=11/17 01:23:59, mem=1091.9M)

globalDetailRoute

#Start globalDetailRoute on Mon Nov 17 01:23:59 2025
#
#WARNING (NRIG-1303) Congestion map does not match the GCELL grid, clearing map.
#num needed restored net=0
#need_extraction net=0 (total=559)
#NanoRoute Version 20.10-p004_1 NR200413-0234/20_10-UB
#Start routing data preparation on Mon Nov 17 01:23:59 2025
#
#Minimum voltage of a net in the design = 0.000.
#Maximum voltage of a net in the design = 0.900.
#Voltage range [0.000 - 0.900] has 557 nets.
#Voltage range [0.900 - 0.900] has 1 net.
#Voltage range [0.000 - 0.000] has 1 net.
# Metal1       H   Track-Pitch = 0.29000    Line-2-Via Pitch = 0.25500
# Metal2       V   Track-Pitch = 0.29000    Line-2-Via Pitch = 0.28500
# Metal3       H   Track-Pitch = 0.29000    Line-2-Via Pitch = 0.28500
# Metal4       V   Track-Pitch = 0.29000    Line-2-Via Pitch = 0.28500
# Metal5       H   Track-Pitch = 0.29000    Line-2-Via Pitch = 0.28500
# Metal6       V   Track-Pitch = 0.29000    Line-2-Via Pitch = 0.28500
# Metal7       H   Track-Pitch = 0.29000    Line-2-Via Pitch = 0.28500
# Metal8       V   Track-Pitch = 0.87000    Line-2-Via Pitch = 0.85000
# Metal9       H   Track-Pitch = 0.87000    Line-2-Via Pitch = 0.85000
#Monitoring time of adding inner blkg by smac
#cpu time = 00:00:00, elapsed time = 00:00:00, memory = 1096.00 (MB), peak = 1236.79 (MB)
#Regenerating Ggrids automatically.
#Auto generating G-grids with size=15 tracks, using layer Metal3's pitch = 0.29000.
#Using automatically generated G-grids.
#Done routing data preparation.
#cpu time = 00:00:03, elapsed time = 00:00:03, memory = 1096.02 (MB), peak = 1236.79 (MB)
#
#Finished routing data preparation on Mon Nov 17 01:24:01 2025
#
#Cpu time = 00:00:03
#Elapsed time = 00:00:03
#Increased memory = 3.93 (MB)
#Total memory = 1096.02 (MB)
#Peak memory = 1236.79 (MB)
#
#
#Start global routing on Mon Nov 17 01:24:01 2025
#
#
#Start global routing initialization on Mon Nov 17 01:24:01 2025
#
#Number of eco nets is 2
#
#Start global routing data preparation on Mon Nov 17 01:24:01 2025
#
#Start routing resource analysis on Mon Nov 17 01:24:01 2025
#
#Routing resource analysis is done on Mon Nov 17 01:24:01 2025
#
#  Resource Analysis:
#
#               Routing  #Avail      #Track     #Total     %Gcell
#  Layer      Direction   Track     Blocked      Gcell    Blocked
#  --------------------------------------------------------------
#  Metal1         H         406           0         729    39.23%
#  Metal2         V         411           0         729     0.00%
#  Metal3         H         406           0         729     0.00%
#  Metal4         V         411           0         729     0.00%
#  Metal5         H         406           0         729     0.00%
#  Metal6         V         411           0         729     0.00%
#  Metal7         H         406           0         729     0.00%
#  Metal8         V         136           0         729     7.41%
#  Metal9         H         135           0         729    11.52%
#  --------------------------------------------------------------
#  Total                   3128       0.00%        6561     6.46%
#
#  3 nets (0.54%) with 1 preferred extra spacing.
#
#
#
#Global routing data preparation is done on Mon Nov 17 01:24:01 2025
#
#cpu time = 00:00:00, elapsed time = 00:00:00, memory = 1096.13 (MB), peak = 1236.79 (MB)
#
#
#Global routing initialization is done on Mon Nov 17 01:24:01 2025
#
#cpu time = 00:00:00, elapsed time = 00:00:00, memory = 1096.13 (MB), peak = 1236.79 (MB)
#
#start global routing iteration 1...
#cpu time = 00:00:00, elapsed time = 00:00:00, memory = 1098.01 (MB), peak = 1236.79 (MB)
#
#start global routing iteration 2...
#cpu time = 00:00:00, elapsed time = 00:00:00, memory = 1098.01 (MB), peak = 1236.79 (MB)
#
#
#Total number of trivial nets (e.g. < 2 pins) = 15 (skipped).
#Total number of routable nets = 544.
#Total number of nets in the design = 559.
#
#543 routable nets have only global wires.
#1 routable net has only detail routed wires.
#2 global routed or unrouted (routable) nets have been constrained (e.g. have preferred extra spacing, require shielding etc.)
#1 detail routed (routable) net has been constrained (e.g. have preferred extra spacing, require shielding etc.)
#
#Routed nets constraints summary:
#------------------------------------------------
#        Rules   Pref Extra Space   Unconstrained  
#------------------------------------------------
#      Default                  2             541  
#------------------------------------------------
#        Total                  2             541  
#------------------------------------------------
#
#Routing constraints summary of the whole design:
#------------------------------------------------
#        Rules   Pref Extra Space   Unconstrained  
#------------------------------------------------
#      Default                  3             541  
#------------------------------------------------
#        Total                  3             541  
#------------------------------------------------
#
#
#  Congestion Analysis: (blocked Gcells are excluded)
#
#                 OverCon          
#                  #Gcell    %Gcell
#     Layer           (1)   OverCon
#  --------------------------------
#  Metal1        0(0.00%)   (0.00%)
#  Metal2        0(0.00%)   (0.00%)
#  Metal3        0(0.00%)   (0.00%)
#  Metal4        0(0.00%)   (0.00%)
#  Metal5        0(0.00%)   (0.00%)
#  Metal6        0(0.00%)   (0.00%)
#  Metal7        0(0.00%)   (0.00%)
#  Metal8        0(0.00%)   (0.00%)
#  Metal9        0(0.00%)   (0.00%)
#  --------------------------------
#     Total      0(0.00%)   (0.00%)
#
#  The worst congested Gcell overcon (routing demand over resource in number of tracks) = 1
#  Overflow after GR: 0.00% H + 0.00% V
#
#Hotspot report including placement blocked areas
[hotspot] +----------------+-------------------+-------------------+-------------------------------------+
[hotspot] |      layer     |    max hotspot    |   total hotspot   |            hotspot bbox             |
[hotspot] +----------------+-------------------+-------------------+-------------------------------------+
[hotspot] |   Metal1(H)    |              4.00 |             11.00 |    83.45    31.25   104.33    62.57 |
[hotspot] |   Metal2(V)    |              0.00 |              0.00 |   (none)                            |
[hotspot] |   Metal3(H)    |              0.00 |              0.00 |   (none)                            |
[hotspot] |   Metal4(V)    |              0.00 |              0.00 |   (none)                            |
[hotspot] |   Metal5(H)    |              0.00 |              0.00 |   (none)                            |
[hotspot] |   Metal6(V)    |              0.00 |              0.00 |   (none)                            |
[hotspot] |   Metal7(H)    |              0.00 |              0.00 |   (none)                            |
[hotspot] |   Metal8(V)    |             12.00 |             12.00 |    -0.07   114.77   119.27   117.81 |
[hotspot] |   Metal9(H)    |             12.00 |             12.00 |   114.77    -0.07   119.27   117.81 |
[hotspot] +----------------+-------------------+-------------------+-------------------------------------+
[hotspot] |      worst     | (Metal8)    12.00 | (Metal8)    12.00 |                                     |
[hotspot] +----------------+-------------------+-------------------+-------------------------------------+
[hotspot] |   all layers   |              0.00 |              0.00 |                                     |
[hotspot] +----------------+-------------------+-------------------+-------------------------------------+
Local HotSpot Analysis (3d): normalized congestion max/total hotspot area = 0.00/0.00 (area is in unit of 4 std-cell row bins)
#Complete Global Routing.
#Total number of nets with non-default rule or having extra spacing = 3
#Total wire length = 13675 um.
#Total half perimeter of net bounding box = 12573 um.
#Total wire length on LAYER Metal1 = 532 um.
#Total wire length on LAYER Metal2 = 6790 um.
#Total wire length on LAYER Metal3 = 5481 um.
#Total wire length on LAYER Metal4 = 819 um.
#Total wire length on LAYER Metal5 = 52 um.
#Total wire length on LAYER Metal6 = 0 um.
#Total wire length on LAYER Metal7 = 0 um.
#Total wire length on LAYER Metal8 = 0 um.
#Total wire length on LAYER Metal9 = 0 um.
#Total number of vias = 3552
#Up-Via Summary (total 3552):
#           
#-----------------------
# Metal1           2084
# Metal2           1294
# Metal3            165
# Metal4              9
#-----------------------
#                  3552 
#
#Max overcon = 0 track.
#Total overcon = 0.00%.
#Worst layer Gcell overcon rate = 0.00%.
#
#Global routing statistics:
#Cpu time = 00:00:00
#Elapsed time = 00:00:00
#Increased memory = 2.20 (MB)
#Total memory = 1098.22 (MB)
#Peak memory = 1236.79 (MB)
#
#Finished global routing on Mon Nov 17 01:24:01 2025
#
#
#cpu time = 00:00:00, elapsed time = 00:00:00, memory = 1098.22 (MB), peak = 1236.79 (MB)
#Start Track Assignment.
#Done with 839 horizontal wires in 1 hboxes and 962 vertical wires in 1 hboxes.
#Done with 175 horizontal wires in 1 hboxes and 193 vertical wires in 1 hboxes.
#Done with 1 horizontal wires in 1 hboxes and 1 vertical wires in 1 hboxes.
#
#Track assignment summary:
# layer   (wire length)   (overlap)     (long ovlp)	(with obs/pg/clk)  
#------------------------------------------------------------------------
# Metal1       530.70 	  0.00%  	  0.00% 	  0.00%
# Metal2      6782.67 	  0.06%  	  0.00% 	  0.00%
# Metal3      4889.77 	  0.08%  	  0.00% 	  0.02%
# Metal4       211.97 	  0.00%  	  0.00% 	  0.00%
# Metal5         0.00 	  0.00%  	  0.00% 	  0.00%
# Metal6         0.00 	  0.00%  	  0.00% 	  0.00%
# Metal7         0.00 	  0.00%  	  0.00% 	  0.00%
# Metal8         0.00 	  0.00%  	  0.00% 	  0.00%
# Metal9         0.00 	  0.00%  	  0.00% 	  0.00%
#------------------------------------------------------------------------
# All       12415.11  	  0.07% 	  0.00% 	  0.00%
#Complete Track Assignment.
#Total number of nets with non-default rule or having extra spacing = 3
#Total wire length = 14555 um.
#Total half perimeter of net bounding box = 12573 um.
#Total wire length on LAYER Metal1 = 1119 um.
#Total wire length on LAYER Metal2 = 6794 um.
#Total wire length on LAYER Metal3 = 5767 um.
#Total wire length on LAYER Metal4 = 822 um.
#Total wire length on LAYER Metal5 = 52 um.
#Total wire length on LAYER Metal6 = 0 um.
#Total wire length on LAYER Metal7 = 0 um.
#Total wire length on LAYER Metal8 = 0 um.
#Total wire length on LAYER Metal9 = 0 um.
#Total number of vias = 3552
#Up-Via Summary (total 3552):
#           
#-----------------------
# Metal1           2084
# Metal2           1294
# Metal3            165
# Metal4              9
#-----------------------
#                  3552 
#
#cpu time = 00:00:00, elapsed time = 00:00:00, memory = 1098.26 (MB), peak = 1236.79 (MB)
#
#number of short segments in preferred routing layers
#	Metal3    Total 
#	14        14        
#
#Routing data preparation, pin analysis, global routing and track assignment statistics:
#Cpu time = 00:00:03
#Elapsed time = 00:00:03
#Increased memory = 6.18 (MB)
#Total memory = 1098.26 (MB)
#Peak memory = 1236.79 (MB)
#
#Start Detail Routing..
#start initial detail routing ...
#   number of violations = 0
#153 out of 469 instances (32.6%) need to be verified(marked ipoed), dirty area = 13.3%.
#   number of violations = 0
#cpu time = 00:00:03, elapsed time = 00:00:03, memory = 1105.69 (MB), peak = 1236.79 (MB)
#Complete Detail Routing.
#Total number of nets with non-default rule or having extra spacing = 3
#Total wire length = 15082 um.
#Total half perimeter of net bounding box = 12573 um.
#Total wire length on LAYER Metal1 = 998 um.
#Total wire length on LAYER Metal2 = 7416 um.
#Total wire length on LAYER Metal3 = 5484 um.
#Total wire length on LAYER Metal4 = 1162 um.
#Total wire length on LAYER Metal5 = 23 um.
#Total wire length on LAYER Metal6 = 0 um.
#Total wire length on LAYER Metal7 = 0 um.
#Total wire length on LAYER Metal8 = 0 um.
#Total wire length on LAYER Metal9 = 0 um.
#Total number of vias = 3791
#Up-Via Summary (total 3791):
#           
#-----------------------
# Metal1           2093
# Metal2           1448
# Metal3            244
# Metal4              6
#-----------------------
#                  3791 
#
#Total number of DRC violations = 0
#Cpu time = 00:00:03
#Elapsed time = 00:00:03
#Increased memory = 5.50 (MB)
#Total memory = 1103.76 (MB)
#Peak memory = 1236.79 (MB)
#
#start routing for process antenna violation fix ...
#cpu time = 00:00:00, elapsed time = 00:00:00, memory = 1105.72 (MB), peak = 1236.79 (MB)
#
#Total number of nets with non-default rule or having extra spacing = 3
#Total wire length = 15082 um.
#Total half perimeter of net bounding box = 12573 um.
#Total wire length on LAYER Metal1 = 998 um.
#Total wire length on LAYER Metal2 = 7416 um.
#Total wire length on LAYER Metal3 = 5484 um.
#Total wire length on LAYER Metal4 = 1162 um.
#Total wire length on LAYER Metal5 = 23 um.
#Total wire length on LAYER Metal6 = 0 um.
#Total wire length on LAYER Metal7 = 0 um.
#Total wire length on LAYER Metal8 = 0 um.
#Total wire length on LAYER Metal9 = 0 um.
#Total number of vias = 3791
#Up-Via Summary (total 3791):
#           
#-----------------------
# Metal1           2093
# Metal2           1448
# Metal3            244
# Metal4              6
#-----------------------
#                  3791 
#
#Total number of DRC violations = 0
#Total number of process antenna violations = 0
#Total number of net violated process antenna rule = 0 ant fix stage
#
#
#Total number of nets with non-default rule or having extra spacing = 3
#Total wire length = 15082 um.
#Total half perimeter of net bounding box = 12573 um.
#Total wire length on LAYER Metal1 = 998 um.
#Total wire length on LAYER Metal2 = 7416 um.
#Total wire length on LAYER Metal3 = 5484 um.
#Total wire length on LAYER Metal4 = 1162 um.
#Total wire length on LAYER Metal5 = 23 um.
#Total wire length on LAYER Metal6 = 0 um.
#Total wire length on LAYER Metal7 = 0 um.
#Total wire length on LAYER Metal8 = 0 um.
#Total wire length on LAYER Metal9 = 0 um.
#Total number of vias = 3791
#Up-Via Summary (total 3791):
#           
#-----------------------
# Metal1           2093
# Metal2           1448
# Metal3            244
# Metal4              6
#-----------------------
#                  3791 
#
#Total number of DRC violations = 0
#Total number of process antenna violations = 0
#Total number of net violated process antenna rule = 0 ant fix stage
#
#
#Start Post Route wire spreading..
#
#Start DRC checking..
#   number of violations = 0
#cpu time = 00:00:00, elapsed time = 00:00:00, memory = 1106.01 (MB), peak = 1236.79 (MB)
#CELL_VIEW HA,init has no DRC violation.
#Total number of DRC violations = 0
#Total number of process antenna violations = 0
#Total number of net violated process antenna rule = 0 ant fix stage
#
#Start data preparation for wire spreading...
#
#Data preparation is done on Mon Nov 17 01:24:06 2025
#
#
#Start Post Route Wire Spread.
#Done with 145 horizontal wires in 2 hboxes and 242 vertical wires in 2 hboxes.
#Complete Post Route Wire Spread.
#
#Total number of nets with non-default rule or having extra spacing = 3
#Total wire length = 15274 um.
#Total half perimeter of net bounding box = 12573 um.
#Total wire length on LAYER Metal1 = 1005 um.
#Total wire length on LAYER Metal2 = 7530 um.
#Total wire length on LAYER Metal3 = 5550 um.
#Total wire length on LAYER Metal4 = 1165 um.
#Total wire length on LAYER Metal5 = 23 um.
#Total wire length on LAYER Metal6 = 0 um.
#Total wire length on LAYER Metal7 = 0 um.
#Total wire length on LAYER Metal8 = 0 um.
#Total wire length on LAYER Metal9 = 0 um.
#Total number of vias = 3791
#Up-Via Summary (total 3791):
#           
#-----------------------
# Metal1           2093
# Metal2           1448
# Metal3            244
# Metal4              6
#-----------------------
#                  3791 
#
#
#Start DRC checking..
#   number of violations = 0
#cpu time = 00:00:00, elapsed time = 00:00:00, memory = 1106.34 (MB), peak = 1236.79 (MB)
#CELL_VIEW HA,init has no DRC violation.
#Total number of DRC violations = 0
#Total number of process antenna violations = 0
#Total number of net violated process antenna rule = 0 ant fix stage
#   number of violations = 0
#cpu time = 00:00:00, elapsed time = 00:00:00, memory = 1106.34 (MB), peak = 1236.79 (MB)
#CELL_VIEW HA,init has no DRC violation.
#Total number of DRC violations = 0
#Total number of process antenna violations = 0
#Total number of net violated process antenna rule = 0 ant fix stage
#Post Route wire spread is done.
#Total number of nets with non-default rule or having extra spacing = 3
#Total wire length = 15274 um.
#Total half perimeter of net bounding box = 12573 um.
#Total wire length on LAYER Metal1 = 1005 um.
#Total wire length on LAYER Metal2 = 7530 um.
#Total wire length on LAYER Metal3 = 5550 um.
#Total wire length on LAYER Metal4 = 1165 um.
#Total wire length on LAYER Metal5 = 23 um.
#Total wire length on LAYER Metal6 = 0 um.
#Total wire length on LAYER Metal7 = 0 um.
#Total wire length on LAYER Metal8 = 0 um.
#Total wire length on LAYER Metal9 = 0 um.
#Total number of vias = 3791
#Up-Via Summary (total 3791):
#           
#-----------------------
# Metal1           2093
# Metal2           1448
# Metal3            244
# Metal4              6
#-----------------------
#                  3791 
#
#detailRoute Statistics:
#Cpu time = 00:00:05
#Elapsed time = 00:00:05
#Increased memory = 6.15 (MB)
#Total memory = 1104.41 (MB)
#Peak memory = 1236.79 (MB)
#
#globalDetailRoute statistics:
#Cpu time = 00:00:08
#Elapsed time = 00:00:08
#Increased memory = -23.95 (MB)
#Total memory = 1067.93 (MB)
#Peak memory = 1236.79 (MB)
#Number of warnings = 1
#Total number of warnings = 15
#Number of fails = 0
#Total number of fails = 0
#Complete globalDetailRoute on Mon Nov 17 01:24:06 2025
#
% End globalDetailRoute (date=11/17 01:24:06, total cpu=0:00:07.7, real=0:00:07.0, peak res=1091.9M, current mem=1068.1M)
#Default setup view is reset to view1.
#Default setup view is reset to view1.
#routeDesign: cpu time = 00:00:08, elapsed time = 00:00:08, memory = 1062.44 (MB), peak = 1236.79 (MB)

*** Summary of all messages that are not suppressed in this session:
Severity  ID               Count  Summary                                  
WARNING   IMPCK-8086           1  The command %s is obsolete and will be r...
*** Message Summary: 1 warning(s), 0 error(s)

#% End routeDesign (date=11/17 01:24:06, total cpu=0:00:07.9, real=0:00:07.0, peak res=1091.9M, current mem=1062.4M)
<CMD> setPinAssignMode -pinEditInBatch true
<CMD> editPin -pin DFT_sdi_1 -assign {2.5 0.5} -layer 2 -side top
editPin : finished (cpu = 0:00:00.0 real = 0:00:00.0, mem = 1457.2M).
<CMD> editPin -pin heater_on -assign {0.14 0.3} -layer 2 -side bottom
**WARN: (IMPPTN-1520):	Pin 'heater_on' of partition 'HA' cannot be placed at the constrained location [0.14 0.30] due to a blocked pin slot close to the location. Placing the pin at location [118.75 0.00].
Type 'man IMPPTN-1520' for more detail.
editPin : finished (cpu = 0:00:00.0 real = 0:00:00.0, mem = 1457.2M).
<CMD> editPin -pin DFT_sdo_1 -assign {0.6 0.2} -layer 2 -side top
editPin : finished (cpu = 0:00:00.0 real = 0:00:00.0, mem = 1457.2M).
<CMD> editPin -pin clk -assign {1.0 0.1} -layer 2 -side top
editPin : finished (cpu = 0:00:00.0 real = 0:00:00.0, mem = 1457.2M).
<CMD> editPin -pin {light_sensor[0]} -assign {0.1 0.6} -layer 2 -side bottom
**WARN: (IMPPTN-1520):	Pin 'light_sensor[0]' of partition 'HA' cannot be placed at the constrained location [0.10 0.60] due to a blocked pin slot close to the location. Placing the pin at location [118.47 0.00].
Type 'man IMPPTN-1520' for more detail.
editPin : finished (cpu = 0:00:00.0 real = 0:00:00.0, mem = 1457.2M).
<CMD> editPin -pin entry_sensor -assign {1.0 0.1} -layer 2 -side bottom
editPin : finished (cpu = 0:00:00.0 real = 0:00:00.0, mem = 1457.2M).
<CMD> editPin -pin {volume_cmd[3]} -assign {0.2 0.6} -layer 2 -side bottom
**WARN: (IMPPTN-1520):	Pin 'volume_cmd[3]' of partition 'HA' cannot be placed at the constrained location [0.20 0.60] due to a blocked pin slot close to the location. Placing the pin at location [119.05 0.00].
Type 'man IMPPTN-1520' for more detail.
editPin : finished (cpu = 0:00:00.0 real = 0:00:00.0, mem = 1457.2M).
<CMD> editPin -pin DFT_sdo_2 -assign {1.19 0.6} -layer 2 -side top
editPin : finished (cpu = 0:00:00.0 real = 0:00:00.0, mem = 1457.2M).
<CMD> setPinAssignMode -pinEditInBatch false
<CMD> report_timing -early -view {view1} -max_paths 100 > post_route_reports/timing/timing_post_PnR_early.txt
AAE DB initialization (MEM=1474.3 CPU=0:00:00.0 REAL=0:00:00.0) 
#################################################################################
# Design Stage: PostRoute
# Design Name: HA
# Design Mode: 90nm
# Analysis Mode: MMMC Non-OCV 
# Parasitics Mode: No SPEF/RCDB
# Signoff Settings: SI Off 
#################################################################################
Extraction called for design 'HA' of instances=469 and nets=559 using extraction engine 'preRoute' .
PreRoute RC Extraction called for design HA.
RC Extraction called in multi-corner(1) mode.
**WARN: (IMPEXT-6197):	The Cap table file is not specified. This will result in lower parasitic accuracy when using preRoute extraction or postRoute extraction with effort level 'low'. It is recommended to generate the Cap table file using the 'generateCapTbl' command and specify it before extraction using 'create_rc_corner/update_rc_corner -cap_table'.
Type 'man IMPEXT-6197' for more detail.
RCMode: PreRoute
      RC Corner Indexes            0   
Capacitance Scaling Factor   : 1.00000 
Resistance Scaling Factor    : 1.00000 
Clock Cap. Scaling Factor    : 1.00000 
Clock Res. Scaling Factor    : 1.00000 
Shrink Factor                : 1.00000
PreRoute extraction is honoring NDR/Shielding/ExtraSpace for clock nets.
Updating RC grid for preRoute extraction ...
Initializing multi-corner resistance tables ...
PreRoute RC Extraction DONE (CPU Time: 0:00:00.0  Real Time: 0:00:00.0  MEM: 1474.297M)
Calculate delays in Single mode...
Start delay calculation (fullDC) (1 T). (MEM=1478.31)
siFlow : Timing analysis mode is single, using late cdB files
Total number of fetched objects 544
End delay calculation. (MEM=1547.29 CPU=0:00:00.1 REAL=0:00:00.0)
End delay calculation (fullDC). (MEM=1520.21 CPU=0:00:00.1 REAL=0:00:00.0)
<CMD> report_timing -late  -max_paths 100 > post_route_reports/timing/timing_post_PnR_late.txt
#################################################################################
# Design Stage: PostRoute
# Design Name: HA
# Design Mode: 90nm
# Analysis Mode: MMMC Non-OCV 
# Parasitics Mode: No SPEF/RCDB
# Signoff Settings: SI Off 
#################################################################################
Calculate delays in Single mode...
Start delay calculation (fullDC) (1 T). (MEM=1504)
Total number of fetched objects 544
End delay calculation. (MEM=1520.21 CPU=0:00:00.1 REAL=0:00:00.0)
End delay calculation (fullDC). (MEM=1520.21 CPU=0:00:00.1 REAL=0:00:00.0)
<CMD> report_area -detail > post_route_reports/area/area_post_pnr4.rpt
<CMD> report_power -rail_analysis_format VS -outfile post_route_reports/routeafteranalysis.rpt
Using Power View: view1.

Begin Power Analysis

             0V	    VSS
           0.9V	    VDD
Begin Processing Timing Library for Power Calculation

Begin Processing Timing Library for Power Calculation



Begin Processing Power Net/Grid for Power Calculation

Ended Processing Power Net/Grid for Power Calculation: (cpu=0:00:00, real=0:00:00, mem(process/total/peak)=1106.36MB/2688.13MB/1206.71MB)

Begin Processing Timing Window Data for Power Calculation

Ended Processing Timing Window Data for Power Calculation: (cpu=0:00:00, real=0:00:00, mem(process/total/peak)=1106.36MB/2688.13MB/1206.71MB)

Begin Processing User Attributes

Ended Processing User Attributes: (cpu=0:00:00, real=0:00:00, mem(process/total/peak)=1106.36MB/2688.13MB/1206.71MB)

Begin Processing Signal Activity


Starting Activity Propagation
2025-Nov-17 01:24:07 (2025-Nov-16 19:54:07 GMT)
2025-Nov-17 01:24:07 (2025-Nov-16 19:54:07 GMT): 10%
2025-Nov-17 01:24:07 (2025-Nov-16 19:54:07 GMT): 20%

Finished Activity Propagation
2025-Nov-17 01:24:07 (2025-Nov-16 19:54:07 GMT)
Ended Processing Signal Activity: (cpu=0:00:00, real=0:00:00, mem(process/total/peak)=1106.36MB/2688.13MB/1206.71MB)

Begin Power Computation

      ----------------------------------------------------------
      # of cell(s) missing both power/leakage table: 0
      # of cell(s) missing power table: 0
      # of cell(s) missing leakage table: 0
      # of MSMV cell(s) missing power_level: 0
      ----------------------------------------------------------



Starting Calculating power
2025-Nov-17 01:24:07 (2025-Nov-16 19:54:07 GMT)
 ... Calculating switching power
2025-Nov-17 01:24:07 (2025-Nov-16 19:54:07 GMT): 10%
2025-Nov-17 01:24:07 (2025-Nov-16 19:54:07 GMT): 20%
2025-Nov-17 01:24:07 (2025-Nov-16 19:54:07 GMT): 30%
2025-Nov-17 01:24:07 (2025-Nov-16 19:54:07 GMT): 40%
2025-Nov-17 01:24:07 (2025-Nov-16 19:54:07 GMT): 50%
 ... Calculating internal and leakage power
2025-Nov-17 01:24:07 (2025-Nov-16 19:54:07 GMT): 60%
2025-Nov-17 01:24:07 (2025-Nov-16 19:54:07 GMT): 70%
2025-Nov-17 01:24:07 (2025-Nov-16 19:54:07 GMT): 80%
2025-Nov-17 01:24:07 (2025-Nov-16 19:54:07 GMT): 90%

Finished Calculating power
2025-Nov-17 01:24:07 (2025-Nov-16 19:54:07 GMT)
Ended Power Computation: (cpu=0:00:00, real=0:00:00, mem(process/total/peak)=1106.36MB/2688.13MB/1206.71MB)

Begin Processing User Attributes

Ended Processing User Attributes: (cpu=0:00:00, real=0:00:00, mem(process/total/peak)=1106.36MB/2688.13MB/1206.71MB)

Ended Power Analysis: (cpu=0:00:00, real=0:00:00, mem(process/total/peak)=1106.36MB/2688.13MB/1206.71MB)

Begin Boundary Leakage Calculation
Ended Boundary Leakage Calculation: (cpu=0:00:00, real=0:00:00,
mem(process/total/peak)=1106.36MB/2688.13MB/1206.71MB)
Begin Static Power Report Generation
*



Total Power
-----------------------------------------------------------------------------------------
Total Internal Power:        2.61888387 	   85.1422%
Total Switching Power:       0.42107162 	   13.6894%
Total Leakage Power:         0.03593759 	    1.1684%
Total Power:                 3.07589306
-----------------------------------------------------------------------------------------
Ended Static Power Report Generation: (cpu=0:00:00, real=0:00:00,
mem(process/total/peak)=1106.42MB/2688.13MB/1206.71MB)


Output file is post_route_reports/routeafteranalysis.rpt.
<CMD> getMultiCpuUsage -localCpu
<CMD> get_verify_drc_mode -disable_rules -quiet
<CMD> get_verify_drc_mode -quiet -area
<CMD> get_verify_drc_mode -quiet -layer_range
<CMD> get_verify_drc_mode -check_ndr_spacing -quiet
<CMD> get_verify_drc_mode -check_only -quiet
<CMD> get_verify_drc_mode -check_same_via_cell -quiet
<CMD> get_verify_drc_mode -exclude_pg_net -quiet
<CMD> get_verify_drc_mode -ignore_trial_route -quiet
<CMD> get_verify_drc_mode -max_wrong_way_halo -quiet
<CMD> get_verify_drc_mode -use_min_spacing_on_block_obs -quiet
<CMD> get_verify_drc_mode -limit -quiet
<CMD> set_verify_drc_mode -disable_rules {} -check_ndr_spacing auto -check_only default -check_same_via_cell false -exclude_pg_net false -ignore_trial_route false -ignore_cell_blockage false -use_min_spacing_on_block_obs auto -report HA.drc.rpt -limit 1000
<CMD> verify_drc
#-check_ndr_spacing auto                 # enums={true false auto}, default=auto,  user setting
#-report HA.drc.rpt                      # string, default="", user setting
 *** Starting Verify DRC (MEM: 1550.2) ***

  VERIFY DRC ...... Starting Verification
  VERIFY DRC ...... Initializing
  VERIFY DRC ...... Deleting Existing Violations
  VERIFY DRC ...... Creating Sub-Areas
  VERIFY DRC ...... Using new threading

  Verification Complete : 1 Viols.

 Violation Summary By Layer and Type:

	          Short   Totals
	Metal2        1        1
	Totals        1        1

 *** End Verify DRC (CPU: 0:00:00.1  ELAPSED TIME: 0.00  MEM: 0.0M) ***

<CMD> set_verify_drc_mode -area {0 0 0 0}
<CMD> set_verify_drc_mode -disable_rules {} -check_ndr_spacing auto -check_only default -check_same_via_cell false -exclude_pg_net false -ignore_trial_route false -ignore_cell_blockage false -use_min_spacing_on_block_obs auto -report HA.drc.rpt -limit 1000
<CMD> verify_drc
#-check_ndr_spacing auto                 # enums={true false auto}, default=auto,  user setting
#-report HA.drc.rpt                      # string, default="", user setting
 *** Starting Verify DRC (MEM: 1516.2) ***

  VERIFY DRC ...... Starting Verification
  VERIFY DRC ...... Initializing
  VERIFY DRC ...... Deleting Existing Violations
  VERIFY DRC ...... Creating Sub-Areas
  VERIFY DRC ...... Using new threading

  Verification Complete : 1 Viols.

 Violation Summary By Layer and Type:

	          Short   Totals
	Metal2        1        1
	Totals        1        1

 *** End Verify DRC (CPU: 0:00:00.1  ELAPSED TIME: 0.00  MEM: 0.0M) ***

<CMD> set_verify_drc_mode -area {0 0 0 0}
<CMD> fit

--------------------------------------------------------------------------------
Exiting Innovus on Mon Nov 17 01:24:25 2025
  Total CPU time:     0:02:04
  Total real time:    0:02:35
  Peak memory (main): 1206.71MB


*** Memory Usage v#1 (Current mem = 1516.215M, initial mem = 273.965M) ***
*** Message Summary: 1161 warning(s), 0 error(s)

--- Ending "Innovus" (totcpu=0:01:58, real=0:02:34, mem=1516.2M) ---
