###############################################################
#  Generated by:      Cadence Innovus 20.10-p004_1
#  OS:                Linux x86_64(Host ID edatools-server2.iiitd.edu.in)
#  Generated on:      Mon Nov 17 01:18:42 2025
#  Design:            HA
#  Command:           verify_drc
###############################################################
#set_verify_drc_mode -area {0 0 0 0} -check_ndr_spacing auto -check_only default -check_same_via_cell false -disable_rules "" -exclude_pg_net false -ignore_cell_blockage false -ignore_trial_route false -limit 1000 -report HA.drc.rpt -use_min_spacing_on_block_obs auto

SHORT: ( Out Of Die ) Regular Wire of Net fan_on  ( Metal2 )
Bounds : ( 90.265, 117.740 ) ( 90.490, 117.810 )


SHORT: ( Out Of Die ) Regular Wire of Net lights_on  ( Metal2 )
Bounds : ( 94.325, 117.740 ) ( 94.600, 117.810 )


SHORT: ( Out Of Die ) Regular Wire of Net door_locked  ( Metal2 )
Bounds : ( 98.570, 117.740 ) ( 98.815, 117.810 )


SHORT: ( Out Of Die ) Regular Wire of Net lock_status[0]  ( Metal2 )
Bounds : ( 102.680, 117.740 ) ( 102.875, 117.810 )


SHORT: ( Out Of Die ) Regular Wire of Net lock_status[1]  ( Metal2 )
Bounds : ( 106.790, 117.740 ) ( 106.935, 117.810 )


SHORT: ( Out Of Die ) Regular Wire of Net humidifier_on  ( Metal2 )
Bounds : ( 110.855, 117.740 ) ( 111.040, 117.810 )


SHORT: ( Out Of Die ) Regular Wire of Net dehumidifier_on  ( Metal2 )
Bounds : ( 114.915, 117.740 ) ( 115.150, 117.810 )


SHORT: ( Out Of Die ) Regular Wire of Net DFT_sdi_1  ( Metal3 )
Bounds : ( 118.610, 117.740 ) ( 119.190, 117.800 )


MAR: ( Minimum Area ) Regular Wire of Net CTS_3  ( Metal1 )
Bounds : ( 91.075, 107.080 ) ( 91.335, 107.230 )


MAR: ( Minimum Area ) Regular Wire of Net scan_en  ( Metal2 )
Bounds : ( 89.390, 91.075 ) ( 89.540, 91.335 )


MAR: ( Minimum Area ) Regular Wire of Net volume_level[2]  ( Metal2 )
Bounds : ( 89.390, 91.365 ) ( 89.540, 91.625 )


MAR: ( Minimum Area ) Regular Wire of Net scan_en  ( Metal2 )
Bounds : ( 89.390, 101.515 ) ( 89.540, 101.775 )


MAR: ( Minimum Area ) Regular Wire of Net DFT_sdi_1  ( Metal2 )
Bounds : ( 89.390, 101.805 ) ( 89.540, 102.065 )


MAR: ( Minimum Area ) Regular Wire of Net humidifier_on  ( Metal2 )
Bounds : ( 89.970, 88.755 ) ( 90.120, 89.015 )


MAR: ( Minimum Area ) Regular Wire of Net scan_en  ( Metal2 )
Bounds : ( 89.970, 89.045 ) ( 90.120, 89.305 )


MAR: ( Minimum Area ) Regular Wire of Net lock_status_int[1]  ( Metal2 )
Bounds : ( 90.260, 104.705 ) ( 90.410, 104.965 )


MAR: ( Minimum Area ) Regular Wire of Net volume_level[2]  ( Metal2 )
Bounds : ( 90.550, 94.555 ) ( 90.700, 94.815 )


MAR: ( Minimum Area ) Regular Wire of Net water_level_r[3]  ( Metal2 )
Bounds : ( 91.710, 104.415 ) ( 91.860, 104.675 )


MAR: ( Minimum Area ) Regular Wire of Net scan_en  ( Metal2 )
Bounds : ( 101.860, 93.975 ) ( 102.010, 94.235 )


MAR: ( Minimum Area ) Regular Wire of Net water_level_r[0]  ( Metal2 )
Bounds : ( 102.440, 94.265 ) ( 102.590, 94.525 )


MAR: ( Minimum Area ) Regular Wire of Net u_water_ctrl/n_3  ( Metal2 )
Bounds : ( 102.440, 101.515 ) ( 102.590, 101.775 )


MAR: ( Minimum Area ) Regular Wire of Net water_level_r[0]  ( Metal2 )
Bounds : ( 102.730, 89.045 ) ( 102.880, 89.305 )


MAR: ( Minimum Area ) Regular Wire of Net water_level_r[2]  ( Metal2 )
Bounds : ( 102.730, 96.295 ) ( 102.880, 96.555 )


MAR: ( Minimum Area ) Regular Wire of Net FE_OFN6_rst_n  ( Metal2 )
Bounds : ( 104.470, 89.625 ) ( 104.620, 89.885 )


MAR: ( Minimum Area ) Regular Wire of Net water_level_r[3]  ( Metal2 )
Bounds : ( 107.370, 99.485 ) ( 107.520, 99.745 )


SHORT: ( Out Of Die ) Regular Wire of Net tv_on  ( Metal2 )
Bounds : ( 61.555, 117.740 ) ( 61.720, 117.810 )


SHORT: ( Out Of Die ) Regular Wire of Net music_on  ( Metal2 )
Bounds : ( 65.615, 117.740 ) ( 65.830, 117.810 )


SHORT: ( Out Of Die ) Regular Wire of Net volume_level[0]  ( Metal2 )
Bounds : ( 69.675, 117.740 ) ( 69.940, 117.810 )


SHORT: ( Out Of Die ) Regular Wire of Net volume_level[1]  ( Metal2 )
Bounds : ( 73.910, 117.740 ) ( 74.165, 117.810 )


SHORT: ( Out Of Die ) Regular Wire of Net volume_level[2]  ( Metal2 )
Bounds : ( 78.020, 117.740 ) ( 78.225, 117.810 )


SHORT: ( Out Of Die ) Regular Wire of Net volume_level[3]  ( Metal2 )
Bounds : ( 82.130, 117.740 ) ( 82.285, 117.810 )


SHORT: ( Out Of Die ) Regular Wire of Net ac_on  ( Metal2 )
Bounds : ( 86.205, 117.740 ) ( 86.380, 117.810 )


MAR: ( Minimum Area ) Regular Wire of Net CTS_3  ( Metal1 )
Bounds : ( 64.685, 104.470 ) ( 64.945, 104.620 )


MAR: ( Minimum Area ) Regular Wire of Net door_locked  ( Metal2 )
Bounds : ( 74.230, 106.735 ) ( 74.460, 106.995 )


MAR: ( Minimum Area ) Regular Wire of Net lock_status[1]  ( Metal2 )
Bounds : ( 83.300, 104.995 ) ( 83.450, 105.255 )


MAR: ( Minimum Area ) Regular Wire of Net lock_status[1]  ( Metal2 )
Bounds : ( 84.460, 107.025 ) ( 84.610, 107.285 )


MAR: ( Minimum Area ) Regular Wire of Net FE_OFN6_rst_n  ( Metal2 )
Bounds : ( 85.620, 104.415 ) ( 85.770, 104.675 )


MAR: ( Minimum Area ) Regular Wire of Net CTS_3  ( Metal1 )
Bounds : ( 85.565, 99.250 ) ( 85.825, 99.400 )


MAR: ( Minimum Area ) Regular Wire of Net CTS_3  ( Metal1 )
Bounds : ( 87.015, 91.420 ) ( 87.275, 91.570 )


MAR: ( Minimum Area ) Regular Wire of Net CTS_3  ( Metal1 )
Bounds : ( 87.595, 88.810 ) ( 87.855, 88.960 )


MAR: ( Minimum Area ) Regular Wire of Net CTS_3  ( Metal1 )
Bounds : ( 88.755, 94.030 ) ( 89.015, 94.180 )


MAR: ( Minimum Area ) Regular Wire of Net FE_OFN6_rst_n  ( Metal2 )
Bounds : ( 81.850, 99.195 ) ( 82.000, 99.455 )


MAR: ( Minimum Area ) Regular Wire of Net volume_level[1]  ( Metal2 )
Bounds : ( 82.140, 93.975 ) ( 82.290, 94.235 )


MAR: ( Minimum Area ) Regular Wire of Net scan_en  ( Metal2 )
Bounds : ( 82.140, 94.265 ) ( 82.290, 94.525 )


MAR: ( Minimum Area ) Regular Wire of Net FE_OFN6_rst_n  ( Metal2 )
Bounds : ( 83.300, 91.365 ) ( 83.450, 91.625 )


MAR: ( Minimum Area ) Regular Wire of Net volume_level_int[3]  ( Metal2 )
Bounds : ( 87.940, 91.075 ) ( 88.090, 91.335 )


MAR: ( Minimum Area ) Regular Wire of Net lock_status[0]  ( Metal2 )
Bounds : ( 87.940, 99.195 ) ( 88.090, 99.455 )


MAR: ( Minimum Area ) Regular Wire of Net scan_en  ( Metal2 )
Bounds : ( 87.940, 99.485 ) ( 88.090, 99.745 )


MAR: ( Minimum Area ) Regular Wire of Net u_water_ctrl/n_13  ( Metal2 )
Bounds : ( 87.940, 101.515 ) ( 88.090, 101.775 )


MAR: ( Minimum Area ) Regular Wire of Net FE_OFN6_rst_n  ( Metal2 )
Bounds : ( 88.230, 93.975 ) ( 88.380, 94.235 )


MAR: ( Minimum Area ) Regular Wire of Net CTS_3  ( Metal1 )
Bounds : ( 69.615, 94.030 ) ( 69.875, 94.180 )


MAR: ( Minimum Area ) Regular Wire of Net CTS_3  ( Metal1 )
Bounds : ( 69.905, 99.250 ) ( 70.165, 99.400 )


MAR: ( Minimum Area ) Regular Wire of Net CTS_3  ( Metal1 )
Bounds : ( 70.485, 96.640 ) ( 70.745, 96.790 )


MAR: ( Minimum Area ) Regular Wire of Net lights_on  ( Metal2 )
Bounds : ( 61.180, 89.045 ) ( 61.410, 89.305 )


MAR: ( Minimum Area ) Regular Wire of Net n_3  ( Metal2 )
Bounds : ( 63.290, 99.195 ) ( 63.440, 99.455 )


MAR: ( Minimum Area ) Regular Wire of Net water_pump_on_int  ( Metal2 )
Bounds : ( 64.160, 101.515 ) ( 64.310, 101.775 )


MAR: ( Minimum Area ) Regular Wire of Net volume_level[0]  ( Metal2 )
Bounds : ( 64.450, 96.005 ) ( 64.600, 96.265 )


MAR: ( Minimum Area ) Regular Wire of Net scan_en  ( Metal2 )
Bounds : ( 65.610, 101.225 ) ( 65.760, 101.485 )


MAR: ( Minimum Area ) Regular Wire of Net water_valve_close  ( Metal2 )
Bounds : ( 65.610, 101.515 ) ( 65.760, 101.775 )


MAR: ( Minimum Area ) Regular Wire of Net FE_OFN5_rst_n  ( Metal2 )
Bounds : ( 65.900, 93.975 ) ( 66.050, 94.235 )


MAR: ( Minimum Area ) Regular Wire of Net FE_OFN5_rst_n  ( Metal2 )
Bounds : ( 66.770, 96.585 ) ( 66.920, 96.845 )


MAR: ( Minimum Area ) Regular Wire of Net lock_status_int[1]  ( Metal2 )
Bounds : ( 67.930, 89.335 ) ( 68.080, 89.595 )


MAR: ( Minimum Area ) Regular Wire of Net water_valve_close_int  ( Metal2 )
Bounds : ( 69.380, 101.225 ) ( 69.530, 101.485 )


MAR: ( Minimum Area ) Regular Wire of Net volume_level_int[0]  ( Metal2 )
Bounds : ( 71.410, 96.295 ) ( 71.560, 96.555 )


MAR: ( Minimum Area ) Regular Wire of Net FE_OFN5_rst_n  ( Metal2 )
Bounds : ( 71.700, 101.805 ) ( 71.850, 102.065 )


MAR: ( Minimum Area ) Regular Wire of Net scan_en  ( Metal2 )
Bounds : ( 71.990, 94.265 ) ( 72.140, 94.525 )


MAR: ( Minimum Area ) Regular Wire of Net tv_on  ( Metal2 )
Bounds : ( 72.860, 96.585 ) ( 73.010, 96.845 )


MAR: ( Minimum Area ) Regular Wire of Net CTS_3  ( Metal1 )
Bounds : ( 89.335, 104.470 ) ( 89.595, 104.620 )


MAR: ( Minimum Area ) Regular Wire of Net n_1  ( Metal2 )
Bounds : ( 90.840, 78.315 ) ( 90.990, 78.575 )


MAR: ( Minimum Area ) Regular Wire of Net u_entertainment/n_1  ( Metal2 )
Bounds : ( 92.290, 78.605 ) ( 92.440, 78.865 )


MAR: ( Minimum Area ) Regular Wire of Net volume_level_int[1]  ( Metal2 )
Bounds : ( 94.030, 80.925 ) ( 94.180, 81.185 )


MAR: ( Minimum Area ) Regular Wire of Net volume_cmd_r[1]  ( Metal2 )
Bounds : ( 95.190, 80.925 ) ( 95.340, 81.185 )


MAR: ( Minimum Area ) Regular Wire of Net u_entertainment/n_0  ( Metal2 )
Bounds : ( 95.480, 81.215 ) ( 95.630, 81.475 )


MAR: ( Minimum Area ) Regular Wire of Net u_entertainment/n_0  ( Metal2 )
Bounds : ( 96.060, 75.995 ) ( 96.210, 76.255 )


MAR: ( Minimum Area ) Regular Wire of Net volume_level_int[3]  ( Metal2 )
Bounds : ( 99.250, 78.895 ) ( 99.400, 79.155 )


MAR: ( Minimum Area ) Regular Wire of Net scan_en  ( Metal2 )
Bounds : ( 101.860, 75.705 ) ( 102.010, 75.965 )


MAR: ( Minimum Area ) Regular Wire of Net scan_en  ( Metal2 )
Bounds : ( 101.860, 83.535 ) ( 102.010, 83.795 )


MAR: ( Minimum Area ) Regular Wire of Net FE_OCPN2_temp_setpoint_r_4  ( Metal2 )
Bounds : ( 102.440, 75.415 ) ( 102.590, 75.675 )


MAR: ( Minimum Area ) Regular Wire of Net temp_setpoint_r[6]  ( Metal2 )
Bounds : ( 102.440, 78.605 ) ( 102.590, 78.865 )


MAR: ( Minimum Area ) Regular Wire of Net temp_setpoint_r[6]  ( Metal2 )
Bounds : ( 102.440, 83.825 ) ( 102.590, 84.085 )


MAR: ( Minimum Area ) Regular Wire of Net FE_OFN6_rst_n  ( Metal2 )
Bounds : ( 105.050, 73.965 ) ( 105.200, 74.225 )


MAR: ( Minimum Area ) Regular Wire of Net u_temp_ctrl/n_26  ( Metal2 )
Bounds : ( 105.920, 60.335 ) ( 106.070, 60.595 )


MAR: ( Minimum Area ) Regular Wire of Net u_temp_ctrl/n_16  ( Metal2 )
Bounds : ( 107.660, 64.975 ) ( 107.895, 65.235 )


MAR: ( Minimum Area ) Regular Wire of Net temp_setpoint_r[1]  ( Metal2 )
Bounds : ( 109.690, 59.755 ) ( 109.840, 60.015 )


CUTSPACING: ( Adjacent Cut Spacing ) Regular Wire of Net FE_OCPN2_temp_setpoint_r_4 & Regular Wire of Net temp_setpoint_r[4]  ( Via2 )
Bounds : ( 101.285, 69.965 ) ( 101.425, 70.105 )


MAR: ( Minimum Area ) Regular Wire of Net CTS_3  ( Metal1 )
Bounds : ( 101.860, 73.095 ) ( 102.010, 73.355 )


MAR: ( Minimum Area ) Regular Wire of Net u_entertainment/n_2  ( Metal2 )
Bounds : ( 89.680, 73.385 ) ( 89.830, 73.645 )


MAR: ( Minimum Area ) Regular Wire of Net temp_setpoint_r[4]  ( Metal2 )
Bounds : ( 90.550, 70.485 ) ( 90.700, 70.745 )


MAR: ( Minimum Area ) Regular Wire of Net scan_en  ( Metal2 )
Bounds : ( 90.550, 73.385 ) ( 90.700, 73.645 )


MAR: ( Minimum Area ) Regular Wire of Net volume_level_int[3]  ( Metal2 )
Bounds : ( 91.130, 73.095 ) ( 91.280, 73.355 )


MAR: ( Minimum Area ) Regular Wire of Net volume_cmd_r[1]  ( Metal2 )
Bounds : ( 94.030, 70.485 ) ( 94.180, 70.745 )


MAR: ( Minimum Area ) Regular Wire of Net temp_setpoint_r[6]  ( Metal2 )
Bounds : ( 95.480, 68.165 ) ( 95.630, 68.425 )


MAR: ( Minimum Area ) Regular Wire of Net FE_OCPN2_temp_setpoint_r_4  ( Metal2 )
Bounds : ( 100.700, 73.385 ) ( 100.850, 73.645 )


MAR: ( Minimum Area ) Regular Wire of Net temp_setpoint_r[5]  ( Metal2 )
Bounds : ( 100.990, 70.195 ) ( 101.140, 70.455 )


MAR: ( Minimum Area ) Regular Wire of Net u_temp_ctrl/n_24  ( Metal2 )
Bounds : ( 100.990, 70.775 ) ( 101.140, 71.035 )


MAR: ( Minimum Area ) Regular Wire of Net u_temp_ctrl/FE_RN_0_0  ( Metal2 )
Bounds : ( 100.990, 73.385 ) ( 101.225, 73.645 )


MAR: ( Minimum Area ) Regular Wire of Net temp_setpoint_r[3]  ( Metal2 )
Bounds : ( 102.730, 68.165 ) ( 102.880, 68.425 )


MAR: ( Minimum Area ) Regular Wire of Net FE_OCPN2_temp_setpoint_r_4  ( Metal2 )
Bounds : ( 102.730, 69.905 ) ( 102.880, 70.165 )


CUTSPACING: ( Adjacent Cut Spacing ) Regular Wire of Net temp_setpoint_r[6] & Regular Wire of Net u_temp_ctrl/n_45  ( Via2 )
Bounds : ( 96.935, 63.005 ) ( 97.075, 63.145 )


CUTSPACING: ( Adjacent Cut Spacing ) Regular Wire of Net u_temp_ctrl/n_40 & Regular Wire of Net u_temp_ctrl/n_63  ( Via2 )
Bounds : ( 99.255, 65.035 ) ( 99.395, 65.175 )


MAR: ( Minimum Area ) Regular Wire of Net u_temp_ctrl/n_57  ( Metal2 )
Bounds : ( 96.930, 62.655 ) ( 97.080, 62.915 )


MAR: ( Minimum Area ) Regular Wire of Net u_temp_ctrl/n_45  ( Metal2 )
Bounds : ( 96.930, 65.555 ) ( 97.080, 65.815 )


MAR: ( Minimum Area ) Regular Wire of Net u_temp_ctrl/n_19  ( Metal2 )
Bounds : ( 97.220, 64.975 ) ( 97.370, 65.235 )


MAR: ( Minimum Area ) Regular Wire of Net FE_OCPN0_temp_setpoint_r_3  ( Metal2 )
Bounds : ( 97.800, 65.265 ) ( 97.950, 65.525 )


MAR: ( Minimum Area ) Regular Wire of Net u_temp_ctrl/n_19  ( Metal2 )
Bounds : ( 98.380, 59.755 ) ( 98.530, 60.015 )


MAR: ( Minimum Area ) Regular Wire of Net u_temp_ctrl/n_40  ( Metal2 )
Bounds : ( 98.960, 64.975 ) ( 99.110, 65.235 )


MAR: ( Minimum Area ) Regular Wire of Net u_temp_ctrl/n_63  ( Metal2 )
Bounds : ( 99.250, 64.685 ) ( 99.400, 64.945 )


MAR: ( Minimum Area ) Regular Wire of Net temp_setpoint_r[5]  ( Metal2 )
Bounds : ( 99.250, 65.265 ) ( 99.400, 65.525 )


MAR: ( Minimum Area ) Regular Wire of Net u_temp_ctrl/n_59  ( Metal2 )
Bounds : ( 100.990, 64.975 ) ( 101.140, 65.235 )


MAR: ( Minimum Area ) Regular Wire of Net FE_OCPN0_temp_setpoint_r_3  ( Metal2 )
Bounds : ( 101.280, 59.465 ) ( 101.430, 59.725 )


MAR: ( Minimum Area ) Regular Wire of Net u_temp_ctrl/n_28  ( Metal2 )
Bounds : ( 101.280, 60.335 ) ( 101.430, 60.595 )


MAR: ( Minimum Area ) Regular Wire of Net temp_setpoint_r[6]  ( Metal2 )
Bounds : ( 101.570, 64.975 ) ( 101.720, 65.235 )


MAR: ( Minimum Area ) Regular Wire of Net temp_setpoint_r[2]  ( Metal2 )
Bounds : ( 102.730, 62.945 ) ( 102.880, 63.205 )


MAR: ( Minimum Area ) Regular Wire of Net u_temp_ctrl/n_24  ( Metal2 )
Bounds : ( 102.730, 65.265 ) ( 102.880, 65.525 )


MAR: ( Minimum Area ) Regular Wire of Net u_temp_ctrl/n_20  ( Metal2 )
Bounds : ( 103.020, 59.755 ) ( 103.170, 60.015 )


MAR: ( Minimum Area ) Regular Wire of Net u_temp_ctrl/n_57  ( Metal2 )
Bounds : ( 103.020, 64.685 ) ( 103.170, 64.945 )


MAR: ( Minimum Area ) Regular Wire of Net u_temp_ctrl/n_20  ( Metal2 )
Bounds : ( 103.020, 65.265 ) ( 103.170, 65.525 )


MAR: ( Minimum Area ) Regular Wire of Net u_temp_ctrl/n_5  ( Metal2 )
Bounds : ( 89.390, 64.685 ) ( 89.540, 64.945 )


MAR: ( Minimum Area ) Regular Wire of Net temp_setpoint_r[5]  ( Metal2 )
Bounds : ( 89.970, 62.945 ) ( 90.120, 63.205 )


MAR: ( Minimum Area ) Regular Wire of Net temp_setpoint_r[7]  ( Metal2 )
Bounds : ( 90.260, 65.265 ) ( 90.410, 65.525 )


MAR: ( Minimum Area ) Regular Wire of Net u_temp_ctrl/n_33  ( Metal2 )
Bounds : ( 90.550, 62.655 ) ( 90.700, 62.915 )


MAR: ( Minimum Area ) Regular Wire of Net u_temp_ctrl/FE_RN_1  ( Metal2 )
Bounds : ( 91.130, 62.655 ) ( 91.280, 62.915 )


MAR: ( Minimum Area ) Regular Wire of Net u_temp_ctrl/n_33  ( Metal2 )
Bounds : ( 91.710, 62.655 ) ( 91.860, 62.915 )


MAR: ( Minimum Area ) Regular Wire of Net u_temp_ctrl/FE_RN_1  ( Metal2 )
Bounds : ( 92.290, 62.655 ) ( 92.440, 62.915 )


MAR: ( Minimum Area ) Regular Wire of Net u_temp_ctrl/n_44  ( Metal2 )
Bounds : ( 92.870, 59.465 ) ( 93.020, 59.725 )


MAR: ( Minimum Area ) Regular Wire of Net u_temp_ctrl/n_31  ( Metal2 )
Bounds : ( 93.740, 60.045 ) ( 93.890, 60.305 )


MAR: ( Minimum Area ) Regular Wire of Net u_temp_ctrl/n_31  ( Metal2 )
Bounds : ( 93.740, 63.235 ) ( 93.890, 63.495 )


MAR: ( Minimum Area ) Regular Wire of Net u_temp_ctrl/n_71  ( Metal2 )
Bounds : ( 94.320, 64.395 ) ( 94.470, 64.655 )


MAR: ( Minimum Area ) Regular Wire of Net u_temp_ctrl/n_58  ( Metal2 )
Bounds : ( 94.320, 64.975 ) ( 94.470, 65.235 )


MAR: ( Minimum Area ) Regular Wire of Net u_temp_ctrl/n_19  ( Metal2 )
Bounds : ( 96.060, 60.045 ) ( 96.210, 60.305 )


MAR: ( Minimum Area ) Regular Wire of Net temp_setpoint_r[6]  ( Metal2 )
Bounds : ( 96.350, 62.945 ) ( 96.500, 63.205 )


MAR: ( Minimum Area ) Regular Wire of Net u_temp_ctrl/n_36  ( Metal2 )
Bounds : ( 96.640, 60.335 ) ( 96.790, 60.595 )


MAR: ( Minimum Area ) Regular Wire of Net u_temp_ctrl/n_45  ( Metal2 )
Bounds : ( 96.640, 62.945 ) ( 96.790, 63.205 )


MAR: ( Minimum Area ) Regular Wire of Net CTS_3  ( Metal1 )
Bounds : ( 69.090, 83.535 ) ( 69.240, 83.795 )


MAR: ( Minimum Area ) Regular Wire of Net CTS_3  ( Metal1 )
Bounds : ( 87.595, 83.590 ) ( 87.855, 83.740 )


MAR: ( Minimum Area ) Regular Wire of Net CTS_3  ( Metal1 )
Bounds : ( 89.045, 86.200 ) ( 89.305, 86.350 )


MAR: ( Minimum Area ) Regular Wire of Net FE_OFN3_rst_n  ( Metal2 )
Bounds : ( 59.810, 85.275 ) ( 59.960, 85.535 )


MAR: ( Minimum Area ) Regular Wire of Net burglar_alarm_out_r_372  ( Metal2 )
Bounds : ( 61.550, 78.895 ) ( 61.700, 79.155 )


MAR: ( Minimum Area ) Regular Wire of Net visitor_count_int[5]  ( Metal2 )
Bounds : ( 61.550, 85.855 ) ( 61.700, 86.115 )


MAR: ( Minimum Area ) Regular Wire of Net music_on_int  ( Metal2 )
Bounds : ( 65.900, 84.115 ) ( 66.050, 84.375 )


MAR: ( Minimum Area ) Regular Wire of Net FE_OFN5_rst_n  ( Metal2 )
Bounds : ( 68.220, 83.535 ) ( 68.370, 83.795 )


MAR: ( Minimum Area ) Regular Wire of Net lock_status_int[1]  ( Metal2 )
Bounds : ( 68.800, 86.145 ) ( 68.950, 86.405 )


MAR: ( Minimum Area ) Regular Wire of Net u_door_lock/state[0]  ( Metal2 )
Bounds : ( 70.250, 85.855 ) ( 70.400, 86.115 )


MAR: ( Minimum Area ) Regular Wire of Net FE_OFN5_rst_n  ( Metal2 )
Bounds : ( 70.540, 80.925 ) ( 70.690, 81.185 )


MAR: ( Minimum Area ) Regular Wire of Net u_humidity/n_5  ( Metal2 )
Bounds : ( 71.120, 78.605 ) ( 71.270, 78.865 )


MAR: ( Minimum Area ) Regular Wire of Net FE_OFN5_rst_n  ( Metal2 )
Bounds : ( 74.890, 86.145 ) ( 75.040, 86.405 )


MAR: ( Minimum Area ) Regular Wire of Net FE_OFN5_rst_n  ( Metal2 )
Bounds : ( 75.760, 83.825 ) ( 75.910, 84.085 )


MAR: ( Minimum Area ) Regular Wire of Net FE_OFN3_rst_n  ( Metal2 )
Bounds : ( 76.340, 83.535 ) ( 76.490, 83.795 )


MAR: ( Minimum Area ) Regular Wire of Net scan_en  ( Metal2 )
Bounds : ( 76.630, 80.635 ) ( 76.780, 80.895 )


MAR: ( Minimum Area ) Regular Wire of Net u_humidity/n_4  ( Metal2 )
Bounds : ( 78.080, 75.415 ) ( 78.230, 75.675 )


MAR: ( Minimum Area ) Regular Wire of Net dehumidifier_on_int  ( Metal2 )
Bounds : ( 78.080, 78.895 ) ( 78.230, 79.155 )


MAR: ( Minimum Area ) Regular Wire of Net scan_en  ( Metal2 )
Bounds : ( 79.530, 75.415 ) ( 79.680, 75.675 )


MAR: ( Minimum Area ) Regular Wire of Net dehumidifier_on_int  ( Metal2 )
Bounds : ( 79.530, 75.705 ) ( 79.680, 75.965 )


MAR: ( Minimum Area ) Regular Wire of Net volume_level_int[2]  ( Metal2 )
Bounds : ( 80.690, 80.925 ) ( 80.840, 81.185 )


MAR: ( Minimum Area ) Regular Wire of Net u_entertainment/n_4  ( Metal2 )
Bounds : ( 82.140, 80.635 ) ( 82.290, 80.895 )


MAR: ( Minimum Area ) Regular Wire of Net scan_en  ( Metal2 )
Bounds : ( 82.430, 85.855 ) ( 82.580, 86.115 )


MAR: ( Minimum Area ) Regular Wire of Net volume_cmd_r[0]  ( Metal2 )
Bounds : ( 84.460, 75.705 ) ( 84.610, 75.965 )


MAR: ( Minimum Area ) Regular Wire of Net volume_level_int[0]  ( Metal2 )
Bounds : ( 85.620, 75.705 ) ( 85.770, 75.965 )


MAR: ( Minimum Area ) Regular Wire of Net u_entertainment/n_3  ( Metal2 )
Bounds : ( 86.490, 83.825 ) ( 86.640, 84.085 )


MAR: ( Minimum Area ) Regular Wire of Net CTS_3  ( Metal1 )
Bounds : ( 59.755, 60.100 ) ( 60.015, 60.250 )


MAR: ( Minimum Area ) Regular Wire of Net CTS_3  ( Metal1 )
Bounds : ( 67.585, 65.320 ) ( 67.845, 65.470 )


MAR: ( Minimum Area ) Regular Wire of Net CTS_3  ( Metal1 )
Bounds : ( 71.410, 70.485 ) ( 71.560, 70.745 )


MAR: ( Minimum Area ) Regular Wire of Net scan_en  ( Metal2 )
Bounds : ( 59.810, 68.165 ) ( 59.960, 68.425 )


MAR: ( Minimum Area ) Regular Wire of Net window_state_int[0]  ( Metal2 )
Bounds : ( 60.680, 59.755 ) ( 60.830, 60.015 )


MAR: ( Minimum Area ) Regular Wire of Net window_state[0]  ( Metal2 )
Bounds : ( 60.970, 65.265 ) ( 61.120, 65.525 )


MAR: ( Minimum Area ) Regular Wire of Net n_4  ( Metal2 )
Bounds : ( 61.550, 73.385 ) ( 61.700, 73.645 )


MAR: ( Minimum Area ) Regular Wire of Net scan_en  ( Metal2 )
Bounds : ( 62.420, 70.195 ) ( 62.570, 70.455 )


MAR: ( Minimum Area ) Regular Wire of Net n_4  ( Metal2 )
Bounds : ( 62.420, 70.485 ) ( 62.570, 70.745 )


MAR: ( Minimum Area ) Regular Wire of Net FE_OFN3_rst_n  ( Metal2 )
Bounds : ( 63.580, 73.095 ) ( 63.730, 73.355 )


MAR: ( Minimum Area ) Regular Wire of Net u_door_lock/state[0]  ( Metal2 )
Bounds : ( 65.030, 67.875 ) ( 65.180, 68.135 )


MAR: ( Minimum Area ) Regular Wire of Net u_door_lock/n_55  ( Metal2 )
Bounds : ( 65.610, 67.585 ) ( 65.760, 67.845 )


MAR: ( Minimum Area ) Regular Wire of Net humidifier_on_int  ( Metal2 )
Bounds : ( 69.960, 73.385 ) ( 70.110, 73.645 )


MAR: ( Minimum Area ) Regular Wire of Net door_locked_int  ( Metal2 )
Bounds : ( 70.830, 69.905 ) ( 70.980, 70.165 )


MAR: ( Minimum Area ) Regular Wire of Net FE_OFN4_rst_n  ( Metal2 )
Bounds : ( 71.410, 70.195 ) ( 71.560, 70.455 )


MAR: ( Minimum Area ) Regular Wire of Net FE_OFN3_rst_n  ( Metal2 )
Bounds : ( 83.590, 72.805 ) ( 83.740, 73.065 )


MAR: ( Minimum Area ) Regular Wire of Net u_temp_ctrl/n_15  ( Metal2 )
Bounds : ( 84.380, 62.655 ) ( 84.610, 62.915 )


MAR: ( Minimum Area ) Regular Wire of Net temp_setpoint_r[6]  ( Metal2 )
Bounds : ( 84.740, 62.945 ) ( 84.900, 62.980 )


MAR: ( Minimum Area ) Regular Wire of Net u_temp_ctrl/FE_RN_2  ( Metal2 )
Bounds : ( 85.620, 59.755 ) ( 85.770, 60.015 )


MAR: ( Minimum Area ) Regular Wire of Net FE_OCPN2_temp_setpoint_r_4  ( Metal2 )
Bounds : ( 88.520, 60.045 ) ( 88.680, 60.245 )


MAR: ( Minimum Area ) Regular Wire of Net scan_en  ( Metal2 )
Bounds : ( 69.960, 73.675 ) ( 70.110, 73.935 )


MAR: ( Minimum Area ) Regular Wire of Net volume_level_int[2]  ( Metal2 )
Bounds : ( 82.720, 73.675 ) ( 82.870, 73.935 )


SHORT: ( Out Of Die ) Regular Wire of Net visitor_count[3]  ( Metal2 )
Bounds : ( 32.810, 117.740 ) ( 32.985, 117.810 )


SHORT: ( Out Of Die ) Regular Wire of Net visitor_count[4]  ( Metal2 )
Bounds : ( 36.905, 117.740 ) ( 37.060, 117.810 )


SHORT: ( Out Of Die ) Regular Wire of Net visitor_count[5]  ( Metal2 )
Bounds : ( 40.965, 117.740 ) ( 41.170, 117.810 )


SHORT: ( Out Of Die ) Regular Wire of Net visitor_count[6]  ( Metal2 )
Bounds : ( 45.025, 117.740 ) ( 45.280, 117.810 )


SHORT: ( Out Of Die ) Regular Wire of Net visitor_count[7]  ( Metal2 )
Bounds : ( 49.250, 117.740 ) ( 49.515, 117.810 )


SHORT: ( Out Of Die ) Regular Wire of Net window_state[0]  ( Metal2 )
Bounds : ( 53.360, 117.740 ) ( 53.575, 117.810 )


SHORT: ( Out Of Die ) Regular Wire of Net DFT_sdo_2  ( Metal2 )
Bounds : ( 57.470, 117.740 ) ( 57.635, 117.810 )


CUTSPACING: ( Adjacent Cut Spacing ) Regular Wire of Net FE_OFN8_scan_en & Regular Wire of Net visitor_count[5]  ( Via2 )
Bounds : ( 39.805, 104.765 ) ( 39.945, 104.905 )


MAR: ( Minimum Area ) Regular Wire of Net CTS_2  ( Metal1 )
Bounds : ( 33.655, 112.300 ) ( 33.915, 112.450 )


MAR: ( Minimum Area ) Regular Wire of Net CTS_2  ( Metal1 )
Bounds : ( 35.685, 107.080 ) ( 35.945, 107.230 )


MAR: ( Minimum Area ) Regular Wire of Net CTS_2  ( Metal1 )
Bounds : ( 46.415, 104.470 ) ( 46.675, 104.620 )


MAR: ( Minimum Area ) Regular Wire of Net CTS_2  ( Metal1 )
Bounds : ( 47.865, 109.690 ) ( 48.125, 109.840 )


MAR: ( Minimum Area ) Regular Wire of Net CTS_2  ( Metal1 )
Bounds : ( 52.215, 107.080 ) ( 52.475, 107.230 )


MAR: ( Minimum Area ) Regular Wire of Net FE_OFN8_scan_en  ( Metal2 )
Bounds : ( 30.520, 104.705 ) ( 30.670, 104.965 )


MAR: ( Minimum Area ) Regular Wire of Net visitor_count_int[3]  ( Metal2 )
Bounds : ( 30.520, 106.735 ) ( 30.670, 106.995 )


MAR: ( Minimum Area ) Regular Wire of Net visitor_count[2]  ( Metal2 )
Bounds : ( 35.450, 111.665 ) ( 35.600, 111.925 )


MAR: ( Minimum Area ) Regular Wire of Net visitor_count[5]  ( Metal2 )
Bounds : ( 39.800, 104.415 ) ( 39.950, 104.675 )


MAR: ( Minimum Area ) Regular Wire of Net visitor_count_int[6]  ( Metal2 )
Bounds : ( 41.250, 104.705 ) ( 41.400, 104.965 )


MAR: ( Minimum Area ) Regular Wire of Net visitor_count[5]  ( Metal2 )
Bounds : ( 41.830, 110.215 ) ( 41.980, 110.475 )


MAR: ( Minimum Area ) Regular Wire of Net FE_OFN8_scan_en  ( Metal2 )
Bounds : ( 45.600, 106.735 ) ( 45.750, 106.995 )


MAR: ( Minimum Area ) Regular Wire of Net FE_OFN5_rst_n  ( Metal2 )
Bounds : ( 45.890, 104.415 ) ( 46.040, 104.675 )


MAR: ( Minimum Area ) Regular Wire of Net visitor_count[4]  ( Metal2 )
Bounds : ( 50.240, 109.635 ) ( 50.390, 109.895 )


MAR: ( Minimum Area ) Regular Wire of Net scan_en  ( Metal2 )
Bounds : ( 50.240, 109.925 ) ( 50.390, 110.185 )


MAR: ( Minimum Area ) Regular Wire of Net FE_OFN5_rst_n  ( Metal2 )
Bounds : ( 51.690, 107.025 ) ( 51.840, 107.285 )


MAR: ( Minimum Area ) Regular Wire of Net visitor_count[7]  ( Metal2 )
Bounds : ( 54.010, 106.445 ) ( 54.160, 106.705 )


MAR: ( Minimum Area ) Regular Wire of Net scan_en  ( Metal2 )
Bounds : ( 58.070, 104.705 ) ( 58.220, 104.965 )


MAR: ( Minimum Area ) Regular Wire of Net CTS_2  ( Metal1 )
Bounds : ( 46.125, 101.860 ) ( 46.385, 102.010 )


MAR: ( Minimum Area ) Regular Wire of Net CTS_2  ( Metal1 )
Bounds : ( 50.240, 99.195 ) ( 50.390, 99.455 )


MAR: ( Minimum Area ) Regular Wire of Net u_visitor/n_38  ( Metal2 )
Bounds : ( 44.730, 89.335 ) ( 44.880, 89.595 )


MAR: ( Minimum Area ) Regular Wire of Net u_visitor/n_46  ( Metal2 )
Bounds : ( 44.730, 94.265 ) ( 44.880, 94.525 )


MAR: ( Minimum Area ) Regular Wire of Net u_visitor/n_48  ( Metal2 )
Bounds : ( 45.020, 93.685 ) ( 45.170, 93.945 )


MAR: ( Minimum Area ) Regular Wire of Net u_visitor/n_41  ( Metal2 )
Bounds : ( 47.630, 91.075 ) ( 47.780, 91.335 )


MAR: ( Minimum Area ) Regular Wire of Net u_visitor/FE_OCPN1_n_26  ( Metal2 )
Bounds : ( 48.210, 91.075 ) ( 48.360, 91.335 )


MAR: ( Minimum Area ) Regular Wire of Net u_visitor/n_45  ( Metal2 )
Bounds : ( 48.500, 89.335 ) ( 48.650, 89.595 )


MAR: ( Minimum Area ) Regular Wire of Net u_visitor/n_43  ( Metal2 )
Bounds : ( 48.500, 93.975 ) ( 48.650, 94.235 )


MAR: ( Minimum Area ) Regular Wire of Net u_visitor/n_33  ( Metal2 )
Bounds : ( 48.790, 88.755 ) ( 48.940, 89.015 )


MAR: ( Minimum Area ) Regular Wire of Net u_visitor/n_47  ( Metal2 )
Bounds : ( 48.790, 91.365 ) ( 48.940, 91.625 )


MAR: ( Minimum Area ) Regular Wire of Net visitor_count_int[6]  ( Metal2 )
Bounds : ( 48.790, 93.685 ) ( 48.945, 93.895 )


MAR: ( Minimum Area ) Regular Wire of Net u_visitor/n_29  ( Metal2 )
Bounds : ( 49.660, 88.755 ) ( 49.810, 89.015 )


MAR: ( Minimum Area ) Regular Wire of Net u_visitor/n_41  ( Metal2 )
Bounds : ( 52.270, 94.555 ) ( 52.420, 94.815 )


MAR: ( Minimum Area ) Regular Wire of Net u_visitor/n_28  ( Metal2 )
Bounds : ( 52.850, 93.975 ) ( 53.000, 94.235 )


MAR: ( Minimum Area ) Regular Wire of Net u_visitor/n_4  ( Metal2 )
Bounds : ( 53.140, 93.635 ) ( 53.295, 93.655 )


MAR: ( Minimum Area ) Regular Wire of Net u_visitor/n_50  ( Metal2 )
Bounds : ( 54.010, 96.295 ) ( 54.160, 96.555 )


MAR: ( Minimum Area ) Regular Wire of Net u_visitor/n_28  ( Metal2 )
Bounds : ( 55.750, 90.495 ) ( 55.900, 90.755 )


MAR: ( Minimum Area ) Regular Wire of Net water_pump_on_r_370  ( Metal2 )
Bounds : ( 56.040, 101.225 ) ( 56.190, 101.485 )


MAR: ( Minimum Area ) Regular Wire of Net ac_on_r_375  ( Metal2 )
Bounds : ( 56.330, 89.045 ) ( 56.480, 89.305 )


MAR: ( Minimum Area ) Regular Wire of Net fan_on_r_376  ( Metal2 )
Bounds : ( 59.230, 91.075 ) ( 59.380, 91.335 )


MAR: ( Minimum Area ) Regular Wire of Net FE_OFN5_rst_n  ( Metal2 )
Bounds : ( 59.230, 101.805 ) ( 59.380, 102.065 )


MAR: ( Minimum Area ) Regular Wire of Net CTS_2  ( Metal1 )
Bounds : ( 30.175, 101.860 ) ( 30.435, 102.010 )


MAR: ( Minimum Area ) Regular Wire of Net u_visitor/n_30  ( Metal2 )
Bounds : ( 31.390, 88.755 ) ( 31.540, 89.015 )


MAR: ( Minimum Area ) Regular Wire of Net u_visitor/n_5  ( Metal2 )
Bounds : ( 31.680, 88.755 ) ( 31.830, 89.015 )


MAR: ( Minimum Area ) Regular Wire of Net u_visitor/FE_OCPN1_n_26  ( Metal2 )
Bounds : ( 31.970, 88.755 ) ( 32.120, 89.015 )


MAR: ( Minimum Area ) Regular Wire of Net visitor_count[1]  ( Metal2 )
Bounds : ( 31.970, 101.225 ) ( 32.120, 101.485 )


MAR: ( Minimum Area ) Regular Wire of Net u_visitor/n_30  ( Metal2 )
Bounds : ( 32.545, 93.685 ) ( 32.700, 93.895 )


MAR: ( Minimum Area ) Regular Wire of Net u_visitor/n_42  ( Metal2 )
Bounds : ( 32.840, 91.945 ) ( 32.990, 92.205 )


MAR: ( Minimum Area ) Regular Wire of Net u_visitor/FE_OCPN1_n_26  ( Metal2 )
Bounds : ( 33.710, 91.365 ) ( 33.860, 91.625 )


MAR: ( Minimum Area ) Regular Wire of Net u_visitor/n_31  ( Metal2 )
Bounds : ( 33.710, 93.975 ) ( 33.860, 94.235 )


MAR: ( Minimum Area ) Regular Wire of Net visitor_count_int[2]  ( Metal2 )
Bounds : ( 34.870, 99.485 ) ( 35.020, 99.745 )


MAR: ( Minimum Area ) Regular Wire of Net visitor_count_int[3]  ( Metal2 )
Bounds : ( 35.740, 96.295 ) ( 35.890, 96.555 )


MAR: ( Minimum Area ) Regular Wire of Net visitor_count_int[7]  ( Metal2 )
Bounds : ( 38.350, 94.265 ) ( 38.500, 94.525 )


MAR: ( Minimum Area ) Regular Wire of Net u_visitor/n_26  ( Metal2 )
Bounds : ( 39.220, 89.045 ) ( 39.370, 89.305 )


MAR: ( Minimum Area ) Regular Wire of Net u_visitor/n_11  ( Metal2 )
Bounds : ( 39.220, 96.875 ) ( 39.370, 97.135 )


MAR: ( Minimum Area ) Regular Wire of Net visitor_count_int[5]  ( Metal2 )
Bounds : ( 39.510, 93.975 ) ( 39.660, 94.235 )


MAR: ( Minimum Area ) Regular Wire of Net visitor_count_int[4]  ( Metal2 )
Bounds : ( 39.510, 96.295 ) ( 39.660, 96.555 )


MAR: ( Minimum Area ) Regular Wire of Net visitor_count[3]  ( Metal2 )
Bounds : ( 39.510, 101.805 ) ( 39.660, 102.065 )


MAR: ( Minimum Area ) Regular Wire of Net u_visitor/n_12  ( Metal2 )
Bounds : ( 39.800, 94.555 ) ( 39.950, 94.815 )


MAR: ( Minimum Area ) Regular Wire of Net visitor_count_int[4]  ( Metal2 )
Bounds : ( 40.960, 101.515 ) ( 41.110, 101.775 )


MAR: ( Minimum Area ) Regular Wire of Net visitor_count_int[7]  ( Metal2 )
Bounds : ( 42.990, 91.075 ) ( 43.140, 91.335 )


MAR: ( Minimum Area ) Regular Wire of Net u_visitor/n_46  ( Metal2 )
Bounds : ( 43.280, 90.785 ) ( 43.430, 91.045 )


MAR: ( Minimum Area ) Regular Wire of Net u_visitor/n_11  ( Metal2 )
Bounds : ( 43.280, 96.875 ) ( 43.430, 97.135 )


MAR: ( Minimum Area ) Regular Wire of Net u_visitor/FE_OCPN1_n_26  ( Metal2 )
Bounds : ( 43.570, 93.975 ) ( 43.720, 94.235 )


MAR: ( Minimum Area ) Regular Wire of Net u_visitor/n_4  ( Metal2 )
Bounds : ( 43.860, 96.585 ) ( 44.010, 96.845 )


SHORT: ( Out Of Die ) Regular Wire of Net heater_on  ( Metal2 )
Bounds : ( -0.070, 117.160 ) ( 0.000, 117.740 )


SHORT: ( Out Of Die ) Regular Wire of Net heater_on  ( Metal2 )
Bounds : ( -0.070, 117.670 ) ( 0.215, 117.810 )


SHORT: ( Out Of Die ) Regular Wire of Net cooler_on  ( Metal2 )
Bounds : ( 4.040, 117.740 ) ( 4.275, 117.810 )


SHORT: ( Out Of Die ) Regular Wire of Net water_pump_on  ( Metal2 )
Bounds : ( 8.150, 117.740 ) ( 8.335, 117.810 )


SHORT: ( Out Of Die ) Regular Wire of Net water_valve_close  ( Metal2 )
Bounds : ( 12.255, 117.740 ) ( 12.400, 117.810 )


SHORT: ( Out Of Die ) Regular Wire of Net burglar_alarm_out  ( Metal2 )
Bounds : ( 16.315, 117.740 ) ( 16.510, 117.810 )


SHORT: ( Out Of Die ) Regular Wire of Net visitor_count[0]  ( Metal2 )
Bounds : ( 20.375, 117.740 ) ( 20.620, 117.810 )


SHORT: ( Out Of Die ) Regular Wire of Net visitor_count[1]  ( Metal2 )
Bounds : ( 24.590, 117.740 ) ( 24.865, 117.810 )


SHORT: ( Out Of Die ) Regular Wire of Net visitor_count[2]  ( Metal2 )
Bounds : ( 28.700, 117.740 ) ( 28.925, 117.810 )


SHORT: ( Out Of Die ) Regular Wire of Net led_brightness[5]  ( Metal3 )
Bounds : ( -0.070, 105.055 ) ( 0.000, 105.195 )


SHORT: ( Out Of Die ) Regular Wire of Net led_brightness[6]  ( Metal3 )
Bounds : ( -0.070, 109.115 ) ( 0.000, 109.400 )


SHORT: ( Out Of Die ) Regular Wire of Net led_brightness[7]  ( Metal3 )
Bounds : ( -0.070, 113.465 ) ( 0.000, 113.605 )


SHORT: ( Out Of Die ) Regular Wire of Net DFT_sdo_1  ( Metal3 )
Bounds : ( -0.070, 117.525 ) ( 0.070, 117.810 )


SHORT: ( Out Of Die ) Regular Wire of Net DFT_sdo_1  ( Metal3 )
Bounds : ( 0.000, 117.740 ) ( 0.580, 117.810 )


MAR: ( Minimum Area ) Regular Wire of Net CTS_2  ( Metal1 )
Bounds : ( 28.145, 104.470 ) ( 28.405, 104.620 )


MAR: ( Minimum Area ) Regular Wire of Net heater_on_r_368  ( Metal2 )
Bounds : ( 4.420, 104.705 ) ( 4.570, 104.965 )


MAR: ( Minimum Area ) Regular Wire of Net cooler_on_r_369  ( Metal2 )
Bounds : ( 4.420, 106.735 ) ( 4.570, 106.995 )


MAR: ( Minimum Area ) Regular Wire of Net heater_on  ( Metal2 )
Bounds : ( 4.710, 104.705 ) ( 4.945, 104.965 )


MAR: ( Minimum Area ) Regular Wire of Net cooler_on  ( Metal2 )
Bounds : ( 4.710, 106.735 ) ( 4.945, 106.995 )


MAR: ( Minimum Area ) Regular Wire of Net water_pump_on  ( Metal2 )
Bounds : ( 9.060, 106.735 ) ( 9.295, 106.995 )


MAR: ( Minimum Area ) Regular Wire of Net burglar_alarm_out  ( Metal2 )
Bounds : ( 12.170, 104.705 ) ( 12.400, 104.965 )


MAR: ( Minimum Area ) Regular Wire of Net FE_OFN3_rst_n  ( Metal2 )
Bounds : ( 24.430, 104.415 ) ( 24.580, 104.675 )


MAR: ( Minimum Area ) Regular Wire of Net visitor_count[0]  ( Metal2 )
Bounds : ( 27.040, 112.245 ) ( 27.190, 112.505 )


MAR: ( Minimum Area ) Regular Wire of Net visitor_count_int[2]  ( Metal2 )
Bounds : ( 28.490, 111.955 ) ( 28.640, 112.215 )


MAR: ( Minimum Area ) Regular Wire of Net visitor_count_int[0]  ( Metal2 )
Bounds : ( 29.070, 104.705 ) ( 29.220, 104.965 )


MAR: ( Minimum Area ) Regular Wire of Net FE_OFN8_scan_en  ( Metal2 )
Bounds : ( 29.070, 106.735 ) ( 29.220, 106.995 )


MAR: ( Minimum Area ) Regular Wire of Net visitor_count[2]  ( Metal2 )
Bounds : ( 29.070, 107.025 ) ( 29.220, 107.285 )


SHORT: ( Out Of Die ) Regular Wire of Net led_brightness[2]  ( Metal3 )
Bounds : ( -0.070, 92.295 ) ( 0.000, 92.580 )


SHORT: ( Out Of Die ) Regular Wire of Net led_brightness[3]  ( Metal3 )
Bounds : ( -0.070, 96.645 ) ( 0.000, 96.785 )


SHORT: ( Out Of Die ) Regular Wire of Net led_brightness[4]  ( Metal3 )
Bounds : ( -0.070, 100.705 ) ( 0.000, 100.990 )


MAR: ( Minimum Area ) Regular Wire of Net CTS_2  ( Metal1 )
Bounds : ( 12.195, 96.640 ) ( 12.455, 96.790 )


MAR: ( Minimum Area ) Regular Wire of Net CTS_2  ( Metal1 )
Bounds : ( 13.645, 91.420 ) ( 13.905, 91.570 )


MAR: ( Minimum Area ) Regular Wire of Net CTS_2  ( Metal1 )
Bounds : ( 13.935, 99.250 ) ( 14.195, 99.400 )


MAR: ( Minimum Area ) Regular Wire of Net CTS_2  ( Metal1 )
Bounds : ( 17.705, 94.030 ) ( 17.965, 94.180 )


MAR: ( Minimum Area ) Regular Wire of Net CTS_2  ( Metal1 )
Bounds : ( 24.140, 96.585 ) ( 24.290, 96.845 )


MAR: ( Minimum Area ) Regular Wire of Net water_pump_on_r_370  ( Metal2 )
Bounds : ( 4.420, 94.265 ) ( 4.570, 94.525 )


MAR: ( Minimum Area ) Regular Wire of Net led_brightness[6]  ( Metal2 )
Bounds : ( 6.160, 96.005 ) ( 6.310, 96.265 )


MAR: ( Minimum Area ) Regular Wire of Net FE_OFN8_scan_en  ( Metal2 )
Bounds : ( 7.030, 91.075 ) ( 7.180, 91.335 )


MAR: ( Minimum Area ) Regular Wire of Net led_brightness[6]  ( Metal2 )
Bounds : ( 7.320, 99.195 ) ( 7.470, 99.455 )


MAR: ( Minimum Area ) Regular Wire of Net FE_OFN8_scan_en  ( Metal2 )
Bounds : ( 7.320, 99.485 ) ( 7.470, 99.745 )


MAR: ( Minimum Area ) Regular Wire of Net FE_OFN3_rst_n  ( Metal2 )
Bounds : ( 8.480, 96.585 ) ( 8.630, 96.845 )


MAR: ( Minimum Area ) Regular Wire of Net FE_OFN3_rst_n  ( Metal2 )
Bounds : ( 13.120, 91.365 ) ( 13.270, 91.625 )


MAR: ( Minimum Area ) Regular Wire of Net FE_OFN3_rst_n  ( Metal2 )
Bounds : ( 13.410, 99.195 ) ( 13.560, 99.455 )


MAR: ( Minimum Area ) Regular Wire of Net FE_OFN3_rst_n  ( Metal2 )
Bounds : ( 13.990, 93.975 ) ( 14.140, 94.235 )


MAR: ( Minimum Area ) Regular Wire of Net FE_OFN8_scan_en  ( Metal2 )
Bounds : ( 14.570, 96.295 ) ( 14.720, 96.555 )


MAR: ( Minimum Area ) Regular Wire of Net led_brightness[4]  ( Metal2 )
Bounds : ( 20.080, 93.975 ) ( 20.230, 94.235 )


MAR: ( Minimum Area ) Regular Wire of Net led_brightness[7]  ( Metal2 )
Bounds : ( 23.560, 101.805 ) ( 23.710, 102.065 )


MAR: ( Minimum Area ) Regular Wire of Net visitor_count_int[1]  ( Metal2 )
Bounds : ( 24.140, 96.295 ) ( 24.290, 96.555 )


MAR: ( Minimum Area ) Regular Wire of Net visitor_count_int[0]  ( Metal2 )
Bounds : ( 25.010, 99.485 ) ( 25.160, 99.745 )


MAR: ( Minimum Area ) Regular Wire of Net u_visitor/n_5  ( Metal2 )
Bounds : ( 27.040, 88.755 ) ( 27.190, 89.015 )


MAR: ( Minimum Area ) Regular Wire of Net u_visitor/n_31  ( Metal2 )
Bounds : ( 29.360, 93.975 ) ( 29.510, 94.235 )


MAR: ( Minimum Area ) Regular Wire of Net u_visitor/n_34  ( Metal2 )
Bounds : ( 29.360, 94.555 ) ( 29.510, 94.815 )


MAR: ( Minimum Area ) Regular Wire of Net FE_OFN3_rst_n  ( Metal2 )
Bounds : ( 29.650, 101.805 ) ( 29.800, 102.065 )


CUTSPACING: ( Adjacent Cut Spacing ) Regular Wire of Net u_visitor/n_23 & Regular Wire of Net u_visitor/n_2  ( Via2 )
Bounds : ( 44.735, 83.885 ) ( 44.875, 84.025 )


MAR: ( Minimum Area ) Regular Wire of Net CTS_3  ( Metal1 )
Bounds : ( 59.230, 86.145 ) ( 59.380, 86.405 )


MAR: ( Minimum Area ) Regular Wire of Net u_visitor/n_23  ( Metal2 )
Bounds : ( 44.730, 83.825 ) ( 44.880, 84.085 )


MAR: ( Minimum Area ) Regular Wire of Net u_visitor/n_25  ( Metal2 )
Bounds : ( 45.020, 86.145 ) ( 45.170, 86.405 )


MAR: ( Minimum Area ) Regular Wire of Net u_visitor/n_43  ( Metal2 )
Bounds : ( 45.310, 85.565 ) ( 45.460, 85.825 )


MAR: ( Minimum Area ) Regular Wire of Net u_visitor/n_45  ( Metal2 )
Bounds : ( 45.600, 86.725 ) ( 45.750, 86.985 )


MAR: ( Minimum Area ) Regular Wire of Net u_visitor/n_44  ( Metal2 )
Bounds : ( 46.760, 75.415 ) ( 46.910, 75.675 )


MAR: ( Minimum Area ) Regular Wire of Net u_visitor/FE_OCPN1_n_26  ( Metal2 )
Bounds : ( 47.340, 78.315 ) ( 47.490, 78.575 )


MAR: ( Minimum Area ) Regular Wire of Net scan_en  ( Metal2 )
Bounds : ( 47.630, 75.415 ) ( 47.780, 75.675 )


MAR: ( Minimum Area ) Regular Wire of Net u_visitor/n_35  ( Metal2 )
Bounds : ( 47.630, 83.535 ) ( 47.780, 83.795 )


MAR: ( Minimum Area ) Regular Wire of Net u_visitor/n_43  ( Metal2 )
Bounds : ( 47.630, 84.115 ) ( 47.780, 84.375 )


MAR: ( Minimum Area ) Regular Wire of Net u_visitor/n_36  ( Metal2 )
Bounds : ( 47.920, 78.315 ) ( 48.070, 78.575 )


MAR: ( Minimum Area ) Regular Wire of Net u_visitor/n_2  ( Metal2 )
Bounds : ( 48.210, 78.315 ) ( 48.360, 78.575 )


MAR: ( Minimum Area ) Regular Wire of Net u_visitor/n_32  ( Metal2 )
Bounds : ( 49.370, 78.315 ) ( 49.520, 78.575 )


MAR: ( Minimum Area ) Regular Wire of Net u_visitor/n_2  ( Metal2 )
Bounds : ( 51.400, 83.825 ) ( 51.550, 84.085 )


MAR: ( Minimum Area ) Regular Wire of Net u_visitor/n_14  ( Metal2 )
Bounds : ( 51.690, 84.115 ) ( 51.840, 84.375 )


MAR: ( Minimum Area ) Regular Wire of Net SPCASCAN_N7  ( Metal2 )
Bounds : ( 51.980, 78.605 ) ( 52.130, 78.865 )


MAR: ( Minimum Area ) Regular Wire of Net scan_en  ( Metal2 )
Bounds : ( 51.980, 78.895 ) ( 52.130, 79.155 )


MAR: ( Minimum Area ) Regular Wire of Net u_visitor/n_49  ( Metal2 )
Bounds : ( 53.140, 85.855 ) ( 53.290, 86.115 )


MAR: ( Minimum Area ) Regular Wire of Net burglar_alarm_out_int  ( Metal2 )
Bounds : ( 53.430, 78.605 ) ( 53.580, 78.865 )


MAR: ( Minimum Area ) Regular Wire of Net u_visitor/n_2  ( Metal2 )
Bounds : ( 54.010, 80.635 ) ( 54.160, 80.895 )


MAR: ( Minimum Area ) Regular Wire of Net u_visitor/n_14  ( Metal2 )
Bounds : ( 54.300, 80.925 ) ( 54.450, 81.185 )


MAR: ( Minimum Area ) Regular Wire of Net u_visitor/n_19  ( Metal2 )
Bounds : ( 54.880, 80.345 ) ( 55.030, 80.605 )


MAR: ( Minimum Area ) Regular Wire of Net u_visitor/n_21  ( Metal2 )
Bounds : ( 55.460, 81.215 ) ( 55.610, 81.475 )


MAR: ( Minimum Area ) Regular Wire of Net u_visitor/n_40  ( Metal2 )
Bounds : ( 29.940, 77.735 ) ( 30.090, 77.995 )


MAR: ( Minimum Area ) Regular Wire of Net u_visitor/n_6  ( Metal2 )
Bounds : ( 30.520, 78.315 ) ( 30.670, 78.575 )


MAR: ( Minimum Area ) Regular Wire of Net u_visitor/n_26  ( Metal2 )
Bounds : ( 30.810, 78.315 ) ( 30.960, 78.575 )


MAR: ( Minimum Area ) Regular Wire of Net u_visitor/n_6  ( Metal2 )
Bounds : ( 31.095, 81.265 ) ( 31.250, 81.475 )


MAR: ( Minimum Area ) Regular Wire of Net u_visitor/n_39  ( Metal2 )
Bounds : ( 31.100, 88.175 ) ( 31.250, 88.435 )


MAR: ( Minimum Area ) Regular Wire of Net u_visitor/n_24  ( Metal2 )
Bounds : ( 31.390, 78.315 ) ( 31.540, 78.575 )


MAR: ( Minimum Area ) Regular Wire of Net u_visitor/n_24  ( Metal2 )
Bounds : ( 31.970, 80.345 ) ( 32.120, 80.605 )


MAR: ( Minimum Area ) Regular Wire of Net visitor_count_int[3]  ( Metal2 )
Bounds : ( 32.260, 80.925 ) ( 32.410, 81.185 )


MAR: ( Minimum Area ) Regular Wire of Net u_visitor/n_39  ( Metal2 )
Bounds : ( 32.840, 85.855 ) ( 32.990, 86.115 )


MAR: ( Minimum Area ) Regular Wire of Net u_visitor/n_15  ( Metal2 )
Bounds : ( 34.580, 83.245 ) ( 34.730, 83.505 )


MAR: ( Minimum Area ) Regular Wire of Net u_visitor/n_6  ( Metal2 )
Bounds : ( 35.370, 78.605 ) ( 35.600, 78.865 )


MAR: ( Minimum Area ) Regular Wire of Net visitor_count_int[3]  ( Metal2 )
Bounds : ( 37.190, 80.635 ) ( 37.340, 80.895 )


MAR: ( Minimum Area ) Regular Wire of Net u_visitor/n_23  ( Metal2 )
Bounds : ( 37.480, 81.215 ) ( 37.630, 81.475 )


MAR: ( Minimum Area ) Regular Wire of Net n_91  ( Metal2 )
Bounds : ( 39.220, 78.605 ) ( 39.370, 78.865 )


MAR: ( Minimum Area ) Regular Wire of Net u_visitor/n_31  ( Metal2 )
Bounds : ( 39.220, 86.725 ) ( 39.370, 86.985 )


MAR: ( Minimum Area ) Regular Wire of Net visitor_count_int[4]  ( Metal2 )
Bounds : ( 40.090, 75.995 ) ( 40.240, 76.255 )


MAR: ( Minimum Area ) Regular Wire of Net u_visitor/n_14  ( Metal2 )
Bounds : ( 40.670, 78.315 ) ( 40.820, 78.575 )


MAR: ( Minimum Area ) Regular Wire of Net u_visitor/n_20  ( Metal2 )
Bounds : ( 40.670, 78.895 ) ( 40.820, 79.155 )


MAR: ( Minimum Area ) Regular Wire of Net u_visitor/n_12  ( Metal2 )
Bounds : ( 41.250, 78.605 ) ( 41.400, 78.865 )


MAR: ( Minimum Area ) Regular Wire of Net u_visitor/n_20  ( Metal2 )
Bounds : ( 41.250, 83.825 ) ( 41.400, 84.085 )


MAR: ( Minimum Area ) Regular Wire of Net u_visitor/n_32  ( Metal2 )
Bounds : ( 41.540, 83.245 ) ( 41.690, 83.505 )


MAR: ( Minimum Area ) Regular Wire of Net u_visitor/n_36  ( Metal2 )
Bounds : ( 41.830, 80.345 ) ( 41.980, 80.605 )


MAR: ( Minimum Area ) Regular Wire of Net FE_OFN3_rst_n  ( Metal2 )
Bounds : ( 42.120, 75.705 ) ( 42.270, 75.965 )


MAR: ( Minimum Area ) Regular Wire of Net u_visitor/n_2  ( Metal2 )
Bounds : ( 42.120, 80.925 ) ( 42.270, 81.185 )


MAR: ( Minimum Area ) Regular Wire of Net u_door_lock/timeout_counter[2]  ( Metal2 )
Bounds : ( 45.310, 64.975 ) ( 45.460, 65.235 )


MAR: ( Minimum Area ) Regular Wire of Net u_door_lock/n_30  ( Metal2 )
Bounds : ( 45.310, 70.485 ) ( 45.460, 70.745 )


MAR: ( Minimum Area ) Regular Wire of Net u_door_lock/n_7  ( Metal2 )
Bounds : ( 45.600, 65.265 ) ( 45.750, 65.525 )


MAR: ( Minimum Area ) Regular Wire of Net FE_OFN3_rst_n  ( Metal2 )
Bounds : ( 48.500, 60.045 ) ( 48.650, 60.305 )


MAR: ( Minimum Area ) Regular Wire of Net u_door_lock/n_33  ( Metal2 )
Bounds : ( 48.790, 65.555 ) ( 48.940, 65.815 )


MAR: ( Minimum Area ) Regular Wire of Net u_door_lock/n_30  ( Metal2 )
Bounds : ( 49.080, 65.265 ) ( 49.230, 65.525 )


MAR: ( Minimum Area ) Regular Wire of Net u_door_lock/n_11  ( Metal2 )
Bounds : ( 49.370, 64.975 ) ( 49.520, 65.235 )


MAR: ( Minimum Area ) Regular Wire of Net u_door_lock/timeout_counter[2]  ( Metal2 )
Bounds : ( 50.820, 59.465 ) ( 50.970, 59.725 )


MAR: ( Minimum Area ) Regular Wire of Net SPCASCAN_N7  ( Metal2 )
Bounds : ( 51.110, 70.195 ) ( 51.260, 70.455 )


MAR: ( Minimum Area ) Regular Wire of Net SPCASCAN_N6  ( Metal2 )
Bounds : ( 51.690, 62.655 ) ( 51.840, 62.915 )


MAR: ( Minimum Area ) Regular Wire of Net u_door_lock/n_36  ( Metal2 )
Bounds : ( 51.690, 70.775 ) ( 51.840, 71.035 )


MAR: ( Minimum Area ) Regular Wire of Net u_door_lock/n_7  ( Metal2 )
Bounds : ( 52.270, 62.365 ) ( 52.420, 62.625 )


MAR: ( Minimum Area ) Regular Wire of Net SPCASCAN_N7  ( Metal2 )
Bounds : ( 52.270, 62.945 ) ( 52.420, 63.205 )


MAR: ( Minimum Area ) Regular Wire of Net FE_OFN3_rst_n  ( Metal2 )
Bounds : ( 52.850, 73.095 ) ( 53.000, 73.355 )


MAR: ( Minimum Area ) Regular Wire of Net u_door_lock/n_11  ( Metal2 )
Bounds : ( 53.430, 64.975 ) ( 53.580, 65.235 )


MAR: ( Minimum Area ) Regular Wire of Net window_state[0]  ( Metal2 )
Bounds : ( 53.720, 59.465 ) ( 53.870, 59.725 )


MAR: ( Minimum Area ) Regular Wire of Net FE_OFN3_rst_n  ( Metal2 )
Bounds : ( 53.720, 67.875 ) ( 53.870, 68.135 )


MAR: ( Minimum Area ) Regular Wire of Net FE_OFN3_rst_n  ( Metal2 )
Bounds : ( 56.040, 60.045 ) ( 56.190, 60.305 )


MAR: ( Minimum Area ) Regular Wire of Net scan_en  ( Metal2 )
Bounds : ( 58.940, 73.385 ) ( 59.090, 73.645 )


MAR: ( Minimum Area ) Regular Wire of Net FE_OFN3_rst_n  ( Metal2 )
Bounds : ( 29.940, 60.045 ) ( 30.090, 60.305 )


MAR: ( Minimum Area ) Regular Wire of Net exit_sensor_r  ( Metal2 )
Bounds : ( 29.940, 70.195 ) ( 30.090, 70.455 )


MAR: ( Minimum Area ) Regular Wire of Net u_visitor/FE_RN_8_0  ( Metal2 )
Bounds : ( 30.510, 73.385 ) ( 30.670, 73.645 )


MAR: ( Minimum Area ) Regular Wire of Net u_visitor/n_22  ( Metal2 )
Bounds : ( 31.680, 73.095 ) ( 31.830, 73.355 )


MAR: ( Minimum Area ) Regular Wire of Net u_visitor/n_26  ( Metal2 )
Bounds : ( 32.260, 72.805 ) ( 32.410, 73.065 )


MAR: ( Minimum Area ) Regular Wire of Net u_visitor/FE_RN_8_0  ( Metal2 )
Bounds : ( 32.260, 73.385 ) ( 32.410, 73.645 )


MAR: ( Minimum Area ) Regular Wire of Net u_door_lock/n_37  ( Metal2 )
Bounds : ( 32.840, 65.265 ) ( 32.990, 65.525 )


MAR: ( Minimum Area ) Regular Wire of Net u_door_lock/n_37  ( Metal2 )
Bounds : ( 33.420, 62.365 ) ( 33.570, 62.625 )


MAR: ( Minimum Area ) Regular Wire of Net u_visitor/entry_prev  ( Metal2 )
Bounds : ( 33.420, 68.455 ) ( 33.570, 68.715 )


MAR: ( Minimum Area ) Regular Wire of Net u_door_lock/n_45  ( Metal2 )
Bounds : ( 35.740, 62.365 ) ( 35.890, 62.625 )


MAR: ( Minimum Area ) Regular Wire of Net u_door_lock/timeout_counter[5]  ( Metal2 )
Bounds : ( 36.030, 60.045 ) ( 36.180, 60.305 )


MAR: ( Minimum Area ) Regular Wire of Net u_door_lock/n_30  ( Metal2 )
Bounds : ( 36.030, 62.655 ) ( 36.180, 62.915 )


MAR: ( Minimum Area ) Regular Wire of Net u_door_lock/n_37  ( Metal2 )
Bounds : ( 36.610, 64.685 ) ( 36.760, 64.945 )


MAR: ( Minimum Area ) Regular Wire of Net n_91  ( Metal2 )
Bounds : ( 36.900, 69.905 ) ( 37.050, 70.165 )


MAR: ( Minimum Area ) Regular Wire of Net u_door_lock/n_1  ( Metal2 )
Bounds : ( 38.350, 67.875 ) ( 38.500, 68.135 )


MAR: ( Minimum Area ) Regular Wire of Net SPCASCAN_N3  ( Metal2 )
Bounds : ( 38.640, 68.165 ) ( 38.790, 68.425 )


MAR: ( Minimum Area ) Regular Wire of Net u_door_lock/n_8  ( Metal2 )
Bounds : ( 38.930, 62.365 ) ( 39.080, 62.625 )


MAR: ( Minimum Area ) Regular Wire of Net SPCASCAN_N4  ( Metal2 )
Bounds : ( 39.220, 62.655 ) ( 39.370, 62.915 )


MAR: ( Minimum Area ) Regular Wire of Net n_91  ( Metal2 )
Bounds : ( 39.800, 73.095 ) ( 39.950, 73.355 )


MAR: ( Minimum Area ) Regular Wire of Net scan_en  ( Metal2 )
Bounds : ( 39.800, 73.385 ) ( 39.950, 73.645 )


MAR: ( Minimum Area ) Regular Wire of Net u_door_lock/n_1  ( Metal2 )
Bounds : ( 40.380, 64.975 ) ( 40.530, 65.235 )


MAR: ( Minimum Area ) Regular Wire of Net u_door_lock/n_35  ( Metal2 )
Bounds : ( 41.250, 70.195 ) ( 41.400, 70.455 )


MAR: ( Minimum Area ) Regular Wire of Net u_door_lock/n_40  ( Metal2 )
Bounds : ( 41.430, 69.905 ) ( 41.690, 70.090 )


MAR: ( Minimum Area ) Regular Wire of Net u_door_lock/n_1  ( Metal2 )
Bounds : ( 41.830, 69.905 ) ( 41.980, 70.165 )


MAR: ( Minimum Area ) Regular Wire of Net scan_en  ( Metal2 )
Bounds : ( 42.410, 59.755 ) ( 42.560, 60.015 )


MAR: ( Minimum Area ) Regular Wire of Net u_door_lock/n_7  ( Metal2 )
Bounds : ( 43.280, 63.235 ) ( 43.430, 63.495 )


MAR: ( Minimum Area ) Regular Wire of Net u_door_lock/n_22  ( Metal2 )
Bounds : ( 43.860, 62.945 ) ( 44.010, 63.205 )


MAR: ( Minimum Area ) Regular Wire of Net SPCASCAN_N7  ( Metal2 )
Bounds : ( 50.530, 73.675 ) ( 50.680, 73.935 )


MAR: ( Minimum Area ) Regular Wire of Net CTS_2  ( Metal1 )
Bounds : ( 18.285, 75.760 ) ( 18.545, 75.910 )


MAR: ( Minimum Area ) Regular Wire of Net led_brightness_int[0]  ( Metal2 )
Bounds : ( 19.210, 75.415 ) ( 19.360, 75.675 )


MAR: ( Minimum Area ) Regular Wire of Net n_7  ( Metal2 )
Bounds : ( 20.660, 75.705 ) ( 20.810, 75.965 )


MAR: ( Minimum Area ) Regular Wire of Net u_visitor/n_5  ( Metal2 )
Bounds : ( 21.820, 80.925 ) ( 21.970, 81.185 )


MAR: ( Minimum Area ) Regular Wire of Net u_visitor/n_13  ( Metal2 )
Bounds : ( 22.400, 80.345 ) ( 22.550, 80.605 )


MAR: ( Minimum Area ) Regular Wire of Net u_visitor/n_5  ( Metal2 )
Bounds : ( 22.690, 84.115 ) ( 22.840, 84.375 )


MAR: ( Minimum Area ) Regular Wire of Net u_visitor/n_9  ( Metal2 )
Bounds : ( 25.590, 80.925 ) ( 25.740, 81.185 )


MAR: ( Minimum Area ) Regular Wire of Net u_visitor/n_13  ( Metal2 )
Bounds : ( 27.910, 83.825 ) ( 28.060, 84.085 )


MAR: ( Minimum Area ) Regular Wire of Net u_visitor/n_14  ( Metal2 )
Bounds : ( 28.200, 83.535 ) ( 28.350, 83.795 )


MAR: ( Minimum Area ) Regular Wire of Net FE_OFN3_rst_n  ( Metal2 )
Bounds : ( 28.200, 86.145 ) ( 28.350, 86.405 )


MAR: ( Minimum Area ) Regular Wire of Net u_visitor/n_27  ( Metal2 )
Bounds : ( 28.780, 83.825 ) ( 28.930, 84.085 )


MAR: ( Minimum Area ) Regular Wire of Net visitor_count_int[3]  ( Metal2 )
Bounds : ( 29.070, 75.995 ) ( 29.220, 76.255 )


MAR: ( Minimum Area ) Regular Wire of Net u_visitor/n_27  ( Metal2 )
Bounds : ( 29.070, 78.605 ) ( 29.220, 78.865 )


MAR: ( Minimum Area ) Regular Wire of Net u_visitor/n_32  ( Metal2 )
Bounds : ( 29.360, 78.315 ) ( 29.510, 78.575 )


SHORT: ( Out Of Die ) Regular Wire of Net system_status[6]  ( Metal3 )
Bounds : ( -0.070, 75.475 ) ( 0.000, 75.760 )


SHORT: ( Out Of Die ) Regular Wire of Net system_status[7]  ( Metal3 )
Bounds : ( -0.070, 79.825 ) ( 0.000, 79.965 )


SHORT: ( Out Of Die ) Regular Wire of Net led_brightness[0]  ( Metal3 )
Bounds : ( -0.070, 83.885 ) ( 0.000, 84.170 )


SHORT: ( Out Of Die ) Regular Wire of Net led_brightness[1]  ( Metal3 )
Bounds : ( -0.070, 88.235 ) ( 0.000, 88.375 )


MAR: ( Minimum Area ) Regular Wire of Net CTS_2  ( Metal1 )
Bounds : ( 11.905, 83.590 ) ( 12.165, 83.740 )


MAR: ( Minimum Area ) Regular Wire of Net CTS_2  ( Metal1 )
Bounds : ( 11.905, 86.200 ) ( 12.165, 86.350 )


MAR: ( Minimum Area ) Regular Wire of Net CTS_2  ( Metal1 )
Bounds : ( 13.355, 80.980 ) ( 13.615, 81.130 )


MAR: ( Minimum Area ) Regular Wire of Net burglar_alarm_out_r_372  ( Metal2 )
Bounds : ( 4.420, 78.605 ) ( 4.570, 78.865 )


MAR: ( Minimum Area ) Regular Wire of Net led_brightness[2]  ( Metal2 )
Bounds : ( 5.870, 84.115 ) ( 6.020, 84.375 )


MAR: ( Minimum Area ) Regular Wire of Net led_brightness[3]  ( Metal2 )
Bounds : ( 5.870, 85.565 ) ( 6.020, 85.825 )


MAR: ( Minimum Area ) Regular Wire of Net led_brightness[0]  ( Metal2 )
Bounds : ( 6.740, 80.925 ) ( 6.890, 81.185 )


MAR: ( Minimum Area ) Regular Wire of Net led_brightness_int[1]  ( Metal2 )
Bounds : ( 8.190, 80.635 ) ( 8.340, 80.895 )


MAR: ( Minimum Area ) Regular Wire of Net led_brightness[0]  ( Metal2 )
Bounds : ( 12.250, 75.125 ) ( 12.400, 75.385 )


MAR: ( Minimum Area ) Regular Wire of Net FE_OFN3_rst_n  ( Metal2 )
Bounds : ( 12.830, 80.925 ) ( 12.980, 81.185 )


MAR: ( Minimum Area ) Regular Wire of Net led_brightness_int[3]  ( Metal2 )
Bounds : ( 12.830, 85.855 ) ( 12.980, 86.115 )


MAR: ( Minimum Area ) Regular Wire of Net led_brightness[1]  ( Metal2 )
Bounds : ( 14.280, 83.535 ) ( 14.430, 83.795 )


MAR: ( Minimum Area ) Regular Wire of Net led_brightness[2]  ( Metal2 )
Bounds : ( 14.280, 86.145 ) ( 14.430, 86.405 )


MAR: ( Minimum Area ) Regular Wire of Net FE_OFN3_rst_n  ( Metal2 )
Bounds : ( 14.570, 75.705 ) ( 14.720, 75.965 )


MAR: ( Minimum Area ) Regular Wire of Net CTS_2  ( Metal1 )
Bounds : ( 27.330, 60.045 ) ( 27.480, 60.305 )


MAR: ( Minimum Area ) Regular Wire of Net led_brightness_int[6]  ( Metal2 )
Bounds : ( 16.600, 60.045 ) ( 16.750, 60.305 )


MAR: ( Minimum Area ) Regular Wire of Net FE_OFN3_rst_n  ( Metal2 )
Bounds : ( 16.600, 65.265 ) ( 16.750, 65.525 )


MAR: ( Minimum Area ) Regular Wire of Net door_locked_r_378  ( Metal2 )
Bounds : ( 18.050, 68.165 ) ( 18.200, 68.425 )


MAR: ( Minimum Area ) Regular Wire of Net FE_OFN8_scan_en  ( Metal2 )
Bounds : ( 19.790, 63.235 ) ( 19.940, 63.495 )


MAR: ( Minimum Area ) Regular Wire of Net led_brightness_int[6]  ( Metal2 )
Bounds : ( 20.370, 64.685 ) ( 20.520, 64.945 )


MAR: ( Minimum Area ) Regular Wire of Net FE_OFN8_scan_en  ( Metal2 )
Bounds : ( 20.950, 63.235 ) ( 21.100, 63.495 )


MAR: ( Minimum Area ) Regular Wire of Net u_lum_ctrl/n_7  ( Metal2 )
Bounds : ( 23.560, 70.195 ) ( 23.710, 70.455 )


MAR: ( Minimum Area ) Regular Wire of Net u_lum_ctrl/n_1  ( Metal2 )
Bounds : ( 24.430, 73.385 ) ( 24.580, 73.645 )


MAR: ( Minimum Area ) Regular Wire of Net SPCASCAN_N4  ( Metal2 )
Bounds : ( 25.010, 67.875 ) ( 25.160, 68.135 )


MAR: ( Minimum Area ) Regular Wire of Net led_brightness_int[5]  ( Metal2 )
Bounds : ( 25.010, 70.485 ) ( 25.160, 70.745 )


MAR: ( Minimum Area ) Regular Wire of Net FE_OFN3_rst_n  ( Metal2 )
Bounds : ( 25.300, 59.465 ) ( 25.450, 59.725 )


MAR: ( Minimum Area ) Regular Wire of Net scan_en  ( Metal2 )
Bounds : ( 25.880, 73.385 ) ( 26.030, 73.645 )


MAR: ( Minimum Area ) Regular Wire of Net u_lum_ctrl/n_6  ( Metal2 )
Bounds : ( 27.330, 64.975 ) ( 27.480, 65.235 )


MAR: ( Minimum Area ) Regular Wire of Net SPCASCAN_N4  ( Metal2 )
Bounds : ( 27.620, 59.465 ) ( 27.770, 59.725 )


MAR: ( Minimum Area ) Regular Wire of Net u_visitor/entry_prev  ( Metal2 )
Bounds : ( 28.490, 70.485 ) ( 28.640, 70.745 )


MAR: ( Minimum Area ) Regular Wire of Net led_brightness_int[7]  ( Metal2 )
Bounds : ( 28.780, 65.265 ) ( 28.930, 65.525 )


SHORT: ( Out Of Die ) Regular Wire of Net system_status[3]  ( Metal3 )
Bounds : ( -0.070, 63.005 ) ( 0.000, 63.145 )


SHORT: ( Out Of Die ) Regular Wire of Net system_status[4]  ( Metal3 )
Bounds : ( -0.070, 67.065 ) ( 0.000, 67.350 )


SHORT: ( Out Of Die ) Regular Wire of Net system_status[5]  ( Metal3 )
Bounds : ( -0.070, 71.415 ) ( 0.000, 71.555 )


MAR: ( Minimum Area ) Regular Wire of Net CTS_2  ( Metal1 )
Bounds : ( 12.540, 62.365 ) ( 12.690, 62.625 )


MAR: ( Minimum Area ) Regular Wire of Net lights_on_r_377  ( Metal2 )
Bounds : ( 4.420, 59.755 ) ( 4.570, 60.015 )


MAR: ( Minimum Area ) Regular Wire of Net fan_on_r_376  ( Metal2 )
Bounds : ( 4.420, 62.945 ) ( 4.570, 63.205 )


MAR: ( Minimum Area ) Regular Wire of Net ac_on_r_375  ( Metal2 )
Bounds : ( 4.420, 64.975 ) ( 4.570, 65.235 )


MAR: ( Minimum Area ) Regular Wire of Net led_brightness_int[4]  ( Metal2 )
Bounds : ( 5.290, 69.905 ) ( 5.440, 70.165 )


MAR: ( Minimum Area ) Regular Wire of Net led_brightness_int[1]  ( Metal2 )
Bounds : ( 5.580, 68.455 ) ( 5.730, 68.715 )


MAR: ( Minimum Area ) Regular Wire of Net led_brightness_int[1]  ( Metal2 )
Bounds : ( 6.160, 73.095 ) ( 6.310, 73.355 )


MAR: ( Minimum Area ) Regular Wire of Net FE_OFN3_rst_n  ( Metal2 )
Bounds : ( 7.610, 70.485 ) ( 7.760, 70.745 )


MAR: ( Minimum Area ) Regular Wire of Net n_6  ( Metal2 )
Bounds : ( 10.510, 65.265 ) ( 10.660, 65.525 )


MAR: ( Minimum Area ) Regular Wire of Net n_6  ( Metal2 )
Bounds : ( 11.380, 62.945 ) ( 11.530, 63.205 )


MAR: ( Minimum Area ) Regular Wire of Net u_lum_ctrl/n_5  ( Metal2 )
Bounds : ( 12.250, 70.195 ) ( 12.400, 70.455 )


MAR: ( Minimum Area ) Regular Wire of Net FE_OFN3_rst_n  ( Metal2 )
Bounds : ( 12.250, 73.095 ) ( 12.400, 73.355 )


MAR: ( Minimum Area ) Regular Wire of Net FE_OFN3_rst_n  ( Metal2 )
Bounds : ( 13.410, 62.655 ) ( 13.560, 62.915 )


MAR: ( Minimum Area ) Regular Wire of Net led_brightness_int[3]  ( Metal2 )
Bounds : ( 13.700, 70.485 ) ( 13.850, 70.745 )


MAR: ( Minimum Area ) Regular Wire of Net led_brightness_int[2]  ( Metal2 )
Bounds : ( 13.990, 67.875 ) ( 14.140, 68.135 )


MAR: ( Minimum Area ) Regular Wire of Net FE_OFN8_scan_en  ( Metal2 )
Bounds : ( 13.990, 68.165 ) ( 14.140, 68.425 )


MAR: ( Minimum Area ) Regular Wire of Net led_brightness_int[3]  ( Metal2 )
Bounds : ( 14.570, 73.675 ) ( 14.720, 73.935 )


MAR: ( Minimum Area ) Regular Wire of Net led_brightness_int[5]  ( Metal2 )
Bounds : ( 17.470, 73.675 ) ( 17.620, 73.935 )


MAR: ( Minimum Area ) Regular Wire of Net entry_sensor_r  ( Metal2 )
Bounds : ( 29.650, 73.095 ) ( 29.800, 73.355 )


MAR: ( Minimum Area ) Regular Wire of Net rst_n  ( Metal2 )
Bounds : ( 104.470, 47.865 ) ( 104.620, 48.125 )


MAR: ( Minimum Area ) Regular Wire of Net u_temp_ctrl/n_26  ( Metal2 )
Bounds : ( 105.050, 57.435 ) ( 105.200, 57.695 )


MAR: ( Minimum Area ) Regular Wire of Net u_temp_ctrl/n_27  ( Metal2 )
Bounds : ( 106.210, 53.085 ) ( 106.360, 53.345 )


MAR: ( Minimum Area ) Regular Wire of Net u_temp_ctrl/n_16  ( Metal2 )
Bounds : ( 109.110, 49.605 ) ( 109.260, 49.865 )


MAR: ( Minimum Area ) Regular Wire of Net u_temp_ctrl/n_11  ( Metal2 )
Bounds : ( 90.760, 54.535 ) ( 90.990, 54.795 )


MAR: ( Minimum Area ) Regular Wire of Net u_temp_ctrl/n_10  ( Metal2 )
Bounds : ( 91.420, 57.725 ) ( 91.570, 57.985 )


MAR: ( Minimum Area ) Regular Wire of Net u_temp_ctrl/n_40  ( Metal2 )
Bounds : ( 91.710, 57.145 ) ( 91.860, 57.405 )


MAR: ( Minimum Area ) Regular Wire of Net u_temp_ctrl/n_32  ( Metal2 )
Bounds : ( 91.710, 58.015 ) ( 91.860, 58.275 )


MAR: ( Minimum Area ) Regular Wire of Net u_temp_ctrl/n_11  ( Metal2 )
Bounds : ( 93.160, 54.535 ) ( 93.310, 54.795 )


MAR: ( Minimum Area ) Regular Wire of Net u_temp_ctrl/n_71  ( Metal2 )
Bounds : ( 93.450, 54.825 ) ( 93.600, 55.085 )


MAR: ( Minimum Area ) Regular Wire of Net u_temp_ctrl/n_78  ( Metal2 )
Bounds : ( 93.740, 55.115 ) ( 93.890, 55.375 )


MAR: ( Minimum Area ) Regular Wire of Net FE_OCPN2_temp_setpoint_r_4  ( Metal2 )
Bounds : ( 96.060, 57.435 ) ( 96.210, 57.695 )


MAR: ( Minimum Area ) Regular Wire of Net temp_sensor_r[6]  ( Metal2 )
Bounds : ( 96.350, 52.505 ) ( 96.500, 52.765 )


MAR: ( Minimum Area ) Regular Wire of Net u_temp_ctrl/n_43  ( Metal2 )
Bounds : ( 98.380, 54.245 ) ( 98.530, 54.505 )


MAR: ( Minimum Area ) Regular Wire of Net temp_setpoint_r[5]  ( Metal2 )
Bounds : ( 98.670, 54.535 ) ( 98.820, 54.795 )


MAR: ( Minimum Area ) Regular Wire of Net temp_sensor_r[6]  ( Metal2 )
Bounds : ( 99.250, 52.505 ) ( 99.400, 52.765 )


MAR: ( Minimum Area ) Regular Wire of Net u_temp_ctrl/n_32  ( Metal2 )
Bounds : ( 101.570, 58.015 ) ( 101.720, 58.275 )


MAR: ( Minimum Area ) Regular Wire of Net FE_OFN7_scan_en  ( Metal2 )
Bounds : ( 101.860, 54.825 ) ( 102.010, 55.085 )


MAR: ( Minimum Area ) Regular Wire of Net u_temp_ctrl/n_32  ( Metal2 )
Bounds : ( 102.150, 52.215 ) ( 102.300, 52.475 )


MAR: ( Minimum Area ) Regular Wire of Net temp_sensor_r[7]  ( Metal2 )
Bounds : ( 102.440, 54.535 ) ( 102.590, 54.795 )


MAR: ( Minimum Area ) Regular Wire of Net u_temp_ctrl/n_26  ( Metal2 )
Bounds : ( 102.730, 57.435 ) ( 102.880, 57.695 )


MAR: ( Minimum Area ) Regular Wire of Net u_temp_ctrl/n_27  ( Metal2 )
Bounds : ( 103.890, 52.215 ) ( 104.040, 52.475 )


MAR: ( Minimum Area ) Regular Wire of Net u_temp_ctrl/FE_RN_1_0  ( Metal2 )
Bounds : ( 89.680, 46.705 ) ( 89.830, 46.965 )


MAR: ( Minimum Area ) Regular Wire of Net u_temp_ctrl/n_43  ( Metal2 )
Bounds : ( 91.130, 47.285 ) ( 91.280, 47.545 )


MAR: ( Minimum Area ) Regular Wire of Net u_temp_ctrl/n_6  ( Metal2 )
Bounds : ( 92.870, 47.285 ) ( 93.020, 47.545 )


MAR: ( Minimum Area ) Regular Wire of Net u_temp_ctrl/n_69  ( Metal2 )
Bounds : ( 93.740, 46.415 ) ( 93.890, 46.675 )


MAR: ( Minimum Area ) Regular Wire of Net u_temp_ctrl/n_51  ( Metal2 )
Bounds : ( 93.950, 44.095 ) ( 94.180, 44.355 )


MAR: ( Minimum Area ) Regular Wire of Net temp_sensor_r[4]  ( Metal2 )
Bounds : ( 94.320, 46.995 ) ( 94.470, 47.255 )


MAR: ( Minimum Area ) Regular Wire of Net u_temp_ctrl/n_82  ( Metal2 )
Bounds : ( 94.610, 49.025 ) ( 94.760, 49.285 )


MAR: ( Minimum Area ) Regular Wire of Net u_temp_ctrl/n_69  ( Metal2 )
Bounds : ( 94.610, 49.605 ) ( 94.760, 49.865 )


MAR: ( Minimum Area ) Regular Wire of Net u_temp_ctrl/n_50  ( Metal2 )
Bounds : ( 96.640, 46.995 ) ( 96.790, 47.255 )


MAR: ( Minimum Area ) Regular Wire of Net u_temp_ctrl/n_79  ( Metal2 )
Bounds : ( 98.960, 49.605 ) ( 99.110, 49.865 )


MAR: ( Minimum Area ) Regular Wire of Net u_temp_ctrl/n_66  ( Metal2 )
Bounds : ( 99.540, 44.095 ) ( 99.690, 44.355 )


MAR: ( Minimum Area ) Regular Wire of Net u_temp_ctrl/n_20  ( Metal2 )
Bounds : ( 102.440, 49.895 ) ( 102.590, 50.155 )


MAR: ( Minimum Area ) Regular Wire of Net temp_sensor_r[7]  ( Metal2 )
Bounds : ( 102.730, 47.285 ) ( 102.880, 47.545 )


MAR: ( Minimum Area ) Regular Wire of Net u_temp_ctrl/n_21  ( Metal2 )
Bounds : ( 104.760, 31.045 ) ( 104.910, 31.305 )


MAR: ( Minimum Area ) Regular Wire of Net u_temp_ctrl/FE_RN_6_0  ( Metal2 )
Bounds : ( 104.760, 38.875 ) ( 104.910, 39.135 )


MAR: ( Minimum Area ) Regular Wire of Net temp_setpoint_r[1]  ( Metal2 )
Bounds : ( 107.370, 31.335 ) ( 107.520, 31.595 )


MAR: ( Minimum Area ) Regular Wire of Net u_temp_ctrl/n_43  ( Metal2 )
Bounds : ( 97.220, 41.775 ) ( 97.370, 42.035 )


MAR: ( Minimum Area ) Regular Wire of Net u_temp_ctrl/n_35  ( Metal2 )
Bounds : ( 99.250, 38.875 ) ( 99.485, 39.135 )


MAR: ( Minimum Area ) Regular Wire of Net u_temp_ctrl/n_70  ( Metal2 )
Bounds : ( 99.830, 43.515 ) ( 99.980, 43.775 )


MAR: ( Minimum Area ) Regular Wire of Net u_temp_ctrl/n_4  ( Metal2 )
Bounds : ( 100.120, 36.845 ) ( 100.270, 37.105 )


MAR: ( Minimum Area ) Regular Wire of Net temp_sensor_r[2]  ( Metal2 )
Bounds : ( 100.990, 36.845 ) ( 101.140, 37.105 )


MAR: ( Minimum Area ) Regular Wire of Net FE_OFN7_scan_en  ( Metal2 )
Bounds : ( 101.860, 41.775 ) ( 102.010, 42.035 )


MAR: ( Minimum Area ) Regular Wire of Net temp_sensor_r[5]  ( Metal2 )
Bounds : ( 102.440, 42.065 ) ( 102.590, 42.325 )


MAR: ( Minimum Area ) Regular Wire of Net temp_sensor_r[5]  ( Metal2 )
Bounds : ( 102.730, 36.845 ) ( 102.880, 37.105 )


MAR: ( Minimum Area ) Regular Wire of Net u_temp_ctrl/n_53  ( Metal2 )
Bounds : ( 102.730, 39.165 ) ( 102.880, 39.425 )


MAR: ( Minimum Area ) Regular Wire of Net u_temp_ctrl/n_113  ( Metal2 )
Bounds : ( 103.890, 38.875 ) ( 104.040, 39.135 )


MAR: ( Minimum Area ) Regular Wire of Net temp_sensor[6]  ( Metal2 )
Bounds : ( 103.890, 42.065 ) ( 104.040, 42.325 )


CUTSPACING: ( Adjacent Cut Spacing ) Regular Wire of Net u_temp_ctrl/n_8 & Regular Wire of Net temp_sensor_r[4]  ( Via2 )
Bounds : ( 90.845, 39.225 ) ( 90.985, 39.365 )


MAR: ( Minimum Area ) Regular Wire of Net u_temp_ctrl/n_72  ( Metal2 )
Bounds : ( 89.680, 36.845 ) ( 89.830, 37.105 )


MAR: ( Minimum Area ) Regular Wire of Net u_temp_ctrl/n_8  ( Metal2 )
Bounds : ( 90.260, 36.845 ) ( 90.410, 37.105 )


MAR: ( Minimum Area ) Regular Wire of Net u_temp_ctrl/n_8  ( Metal2 )
Bounds : ( 90.550, 39.165 ) ( 90.735, 39.365 )


MAR: ( Minimum Area ) Regular Wire of Net temp_sensor_r[4]  ( Metal2 )
Bounds : ( 90.840, 38.875 ) ( 90.990, 39.135 )


MAR: ( Minimum Area ) Regular Wire of Net u_temp_ctrl/n_44  ( Metal2 )
Bounds : ( 90.840, 42.065 ) ( 90.990, 42.325 )


MAR: ( Minimum Area ) Regular Wire of Net u_temp_ctrl/n_44  ( Metal2 )
Bounds : ( 91.420, 39.165 ) ( 91.570, 39.425 )


MAR: ( Minimum Area ) Regular Wire of Net u_temp_ctrl/n_52  ( Metal2 )
Bounds : ( 91.710, 36.555 ) ( 91.860, 36.815 )


MAR: ( Minimum Area ) Regular Wire of Net u_temp_ctrl/n_80  ( Metal2 )
Bounds : ( 91.710, 37.135 ) ( 91.860, 37.395 )


MAR: ( Minimum Area ) Regular Wire of Net u_temp_ctrl/n_61  ( Metal2 )
Bounds : ( 92.290, 36.845 ) ( 92.440, 37.105 )


MAR: ( Minimum Area ) Regular Wire of Net u_temp_ctrl/FE_RN_4_0  ( Metal2 )
Bounds : ( 93.450, 38.875 ) ( 93.600, 39.135 )


MAR: ( Minimum Area ) Regular Wire of Net temp_sensor_r[3]  ( Metal2 )
Bounds : ( 93.740, 36.555 ) ( 93.890, 36.815 )


MAR: ( Minimum Area ) Regular Wire of Net u_temp_ctrl/FE_RN_5_0  ( Metal2 )
Bounds : ( 93.740, 38.585 ) ( 93.890, 38.845 )


MAR: ( Minimum Area ) Regular Wire of Net temp_sensor_r[2]  ( Metal2 )
Bounds : ( 94.030, 37.135 ) ( 94.180, 37.395 )


MAR: ( Minimum Area ) Regular Wire of Net u_temp_ctrl/n_4  ( Metal2 )
Bounds : ( 94.320, 37.135 ) ( 94.470, 37.395 )


MAR: ( Minimum Area ) Regular Wire of Net u_temp_ctrl/n_52  ( Metal2 )
Bounds : ( 94.900, 36.555 ) ( 95.050, 36.815 )


MAR: ( Minimum Area ) Regular Wire of Net u_temp_ctrl/n_3  ( Metal2 )
Bounds : ( 95.190, 36.845 ) ( 95.340, 37.105 )


MAR: ( Minimum Area ) Regular Wire of Net temp_sensor_r[2]  ( Metal2 )
Bounds : ( 95.190, 38.875 ) ( 95.340, 39.135 )


MAR: ( Minimum Area ) Regular Wire of Net temp_sensor_r[5]  ( Metal2 )
Bounds : ( 96.640, 42.065 ) ( 96.790, 42.325 )


MAR: ( Minimum Area ) Regular Wire of Net u_temp_ctrl/n_23  ( Metal2 )
Bounds : ( 89.680, 31.335 ) ( 89.830, 31.595 )


MAR: ( Minimum Area ) Regular Wire of Net u_temp_ctrl/n_48  ( Metal2 )
Bounds : ( 92.000, 33.655 ) ( 92.150, 33.915 )


MAR: ( Minimum Area ) Regular Wire of Net u_temp_ctrl/n_22  ( Metal2 )
Bounds : ( 93.740, 31.625 ) ( 93.890, 31.885 )


MAR: ( Minimum Area ) Regular Wire of Net u_temp_ctrl/n_17  ( Metal2 )
Bounds : ( 95.765, 29.065 ) ( 95.920, 29.275 )


MAR: ( Minimum Area ) Regular Wire of Net u_temp_ctrl/n_49  ( Metal2 )
Bounds : ( 98.090, 31.915 ) ( 98.240, 32.175 )


MAR: ( Minimum Area ) Regular Wire of Net u_temp_ctrl/n_22  ( Metal2 )
Bounds : ( 98.380, 31.625 ) ( 98.530, 31.885 )


MAR: ( Minimum Area ) Regular Wire of Net temp_setpoint_r[0]  ( Metal2 )
Bounds : ( 98.960, 31.335 ) ( 99.110, 31.595 )


MAR: ( Minimum Area ) Regular Wire of Net u_temp_ctrl/n_49  ( Metal2 )
Bounds : ( 99.540, 33.655 ) ( 99.690, 33.915 )


MAR: ( Minimum Area ) Regular Wire of Net u_temp_ctrl/n_17  ( Metal2 )
Bounds : ( 99.830, 31.625 ) ( 99.980, 31.885 )


MAR: ( Minimum Area ) Regular Wire of Net FE_OFN7_scan_en  ( Metal2 )
Bounds : ( 101.860, 33.945 ) ( 102.010, 34.205 )


MAR: ( Minimum Area ) Regular Wire of Net temp_sensor_r[4]  ( Metal2 )
Bounds : ( 102.440, 33.655 ) ( 102.590, 33.915 )


MAR: ( Minimum Area ) Regular Wire of Net temp_sensor_r[3]  ( Metal2 )
Bounds : ( 104.180, 39.165 ) ( 104.330, 39.425 )


MAR: ( Minimum Area ) Regular Wire of Net u_temp_ctrl/n_92  ( Metal2 )
Bounds : ( 74.600, 52.795 ) ( 74.750, 53.055 )


MAR: ( Minimum Area ) Regular Wire of Net u_temp_ctrl/n_93  ( Metal2 )
Bounds : ( 74.890, 57.725 ) ( 75.040, 57.985 )


MAR: ( Minimum Area ) Regular Wire of Net scan_en  ( Metal2 )
Bounds : ( 76.340, 58.015 ) ( 76.490, 58.275 )


MAR: ( Minimum Area ) Regular Wire of Net u_temp_ctrl/n_93  ( Metal2 )
Bounds : ( 77.500, 52.795 ) ( 77.650, 53.055 )


MAR: ( Minimum Area ) Regular Wire of Net u_temp_ctrl/n_90  ( Metal2 )
Bounds : ( 78.370, 52.215 ) ( 78.520, 52.475 )


MAR: ( Minimum Area ) Regular Wire of Net u_temp_ctrl/n_18  ( Metal2 )
Bounds : ( 78.660, 52.505 ) ( 78.810, 52.765 )


MAR: ( Minimum Area ) Regular Wire of Net u_temp_ctrl/FE_RN_3_0  ( Metal2 )
Bounds : ( 83.300, 52.215 ) ( 83.450, 52.475 )


MAR: ( Minimum Area ) Regular Wire of Net temp_sensor_r[6]  ( Metal2 )
Bounds : ( 83.300, 54.825 ) ( 83.450, 55.085 )


MAR: ( Minimum Area ) Regular Wire of Net u_temp_ctrl/n_56  ( Metal2 )
Bounds : ( 83.880, 54.825 ) ( 84.030, 55.085 )


MAR: ( Minimum Area ) Regular Wire of Net u_temp_ctrl/n_76  ( Metal2 )
Bounds : ( 84.380, 57.435 ) ( 84.610, 57.695 )


MAR: ( Minimum Area ) Regular Wire of Net u_temp_ctrl/n_75  ( Metal2 )
Bounds : ( 84.740, 57.500 ) ( 84.900, 57.695 )


MAR: ( Minimum Area ) Regular Wire of Net u_temp_ctrl/n_7  ( Metal2 )
Bounds : ( 85.620, 54.535 ) ( 85.770, 54.795 )


MAR: ( Minimum Area ) Regular Wire of Net u_temp_ctrl/n_7  ( Metal2 )
Bounds : ( 87.070, 54.765 ) ( 87.255, 54.795 )


MAR: ( Minimum Area ) Regular Wire of Net u_temp_ctrl/n_11  ( Metal2 )
Bounds : ( 87.360, 54.535 ) ( 87.510, 54.795 )


MAR: ( Minimum Area ) Regular Wire of Net u_temp_ctrl/n_46  ( Metal2 )
Bounds : ( 88.230, 52.505 ) ( 88.380, 52.765 )


MAR: ( Minimum Area ) Regular Wire of Net u_temp_ctrl/n_88  ( Metal2 )
Bounds : ( 76.340, 49.025 ) ( 76.490, 49.285 )


MAR: ( Minimum Area ) Regular Wire of Net u_temp_ctrl/n_91  ( Metal2 )
Bounds : ( 76.340, 49.895 ) ( 76.490, 50.155 )


MAR: ( Minimum Area ) Regular Wire of Net FE_OFN4_rst_n  ( Metal2 )
Bounds : ( 76.920, 46.995 ) ( 77.070, 47.255 )


MAR: ( Minimum Area ) Regular Wire of Net u_temp_ctrl/n_87  ( Metal2 )
Bounds : ( 79.820, 49.315 ) ( 79.970, 49.575 )


MAR: ( Minimum Area ) Regular Wire of Net u_temp_ctrl/n_56  ( Metal2 )
Bounds : ( 82.640, 47.285 ) ( 82.870, 47.545 )


MAR: ( Minimum Area ) Regular Wire of Net u_temp_ctrl/FE_RN_9_0  ( Metal2 )
Bounds : ( 84.460, 44.385 ) ( 84.610, 44.645 )


MAR: ( Minimum Area ) Regular Wire of Net u_temp_ctrl/n_81  ( Metal2 )
Bounds : ( 85.330, 47.285 ) ( 85.480, 47.545 )


MAR: ( Minimum Area ) Regular Wire of Net temp_sensor_r[6]  ( Metal2 )
Bounds : ( 85.330, 49.315 ) ( 85.480, 49.575 )


MAR: ( Minimum Area ) Regular Wire of Net u_temp_ctrl/n_12  ( Metal2 )
Bounds : ( 85.620, 49.315 ) ( 85.855, 49.575 )


MAR: ( Minimum Area ) Regular Wire of Net u_temp_ctrl/n_55  ( Metal2 )
Bounds : ( 85.910, 46.995 ) ( 86.060, 47.255 )


MAR: ( Minimum Area ) Regular Wire of Net u_temp_ctrl/n_12  ( Metal2 )
Bounds : ( 86.490, 47.285 ) ( 86.640, 47.545 )


MAR: ( Minimum Area ) Regular Wire of Net u_temp_ctrl/n_68  ( Metal2 )
Bounds : ( 86.700, 44.095 ) ( 86.930, 44.355 )


MAR: ( Minimum Area ) Regular Wire of Net u_temp_ctrl/n_63  ( Metal2 )
Bounds : ( 87.070, 44.095 ) ( 87.220, 44.355 )


MAR: ( Minimum Area ) Regular Wire of Net u_temp_ctrl/n_60  ( Metal2 )
Bounds : ( 88.230, 44.385 ) ( 88.380, 44.645 )


MAR: ( Minimum Area ) Regular Wire of Net u_temp_ctrl/n_87  ( Metal2 )
Bounds : ( 88.810, 49.895 ) ( 88.960, 50.155 )


MAR: ( Minimum Area ) Regular Wire of Net u_burglar/delay_counter[6]  ( Metal2 )
Bounds : ( 60.390, 52.795 ) ( 60.540, 53.055 )


MAR: ( Minimum Area ) Regular Wire of Net u_burglar/delay_counter[7]  ( Metal2 )
Bounds : ( 62.130, 44.095 ) ( 62.280, 44.355 )


MAR: ( Minimum Area ) Regular Wire of Net FE_OFN4_rst_n  ( Metal2 )
Bounds : ( 62.710, 52.215 ) ( 62.860, 52.475 )


MAR: ( Minimum Area ) Regular Wire of Net u_burglar/n_35  ( Metal2 )
Bounds : ( 63.580, 49.605 ) ( 63.730, 49.865 )


MAR: ( Minimum Area ) Regular Wire of Net scan_en  ( Metal2 )
Bounds : ( 63.870, 54.245 ) ( 64.020, 54.505 )


MAR: ( Minimum Area ) Regular Wire of Net n_0  ( Metal2 )
Bounds : ( 63.870, 54.535 ) ( 64.020, 54.795 )


MAR: ( Minimum Area ) Regular Wire of Net u_burglar/n_26  ( Metal2 )
Bounds : ( 65.030, 46.705 ) ( 65.180, 46.965 )


MAR: ( Minimum Area ) Regular Wire of Net heater_on_int  ( Metal2 )
Bounds : ( 65.030, 57.500 ) ( 65.190, 57.695 )


MAR: ( Minimum Area ) Regular Wire of Net u_burglar/delay_counter[6]  ( Metal2 )
Bounds : ( 65.320, 47.285 ) ( 65.470, 47.545 )


MAR: ( Minimum Area ) Regular Wire of Net u_temp_ctrl/n_92  ( Metal2 )
Bounds : ( 65.320, 54.535 ) ( 65.470, 54.795 )


MAR: ( Minimum Area ) Regular Wire of Net u_temp_ctrl/n_18  ( Metal2 )
Bounds : ( 65.320, 57.435 ) ( 65.555, 57.695 )


MAR: ( Minimum Area ) Regular Wire of Net n_90  ( Metal2 )
Bounds : ( 67.060, 58.015 ) ( 67.210, 58.275 )


MAR: ( Minimum Area ) Regular Wire of Net u_burglar/n_36  ( Metal2 )
Bounds : ( 67.350, 49.605 ) ( 67.500, 49.865 )


MAR: ( Minimum Area ) Regular Wire of Net u_burglar/n_39  ( Metal2 )
Bounds : ( 67.350, 52.505 ) ( 67.500, 52.765 )


MAR: ( Minimum Area ) Regular Wire of Net u_burglar/n_14  ( Metal2 )
Bounds : ( 67.930, 49.315 ) ( 68.080, 49.575 )


MAR: ( Minimum Area ) Regular Wire of Net u_burglar/n_39  ( Metal2 )
Bounds : ( 68.220, 49.025 ) ( 68.370, 49.285 )


MAR: ( Minimum Area ) Regular Wire of Net u_temp_ctrl/n_13  ( Metal2 )
Bounds : ( 70.830, 49.605 ) ( 71.065, 49.865 )


MAR: ( Minimum Area ) Regular Wire of Net u_temp_ctrl/n_1  ( Metal2 )
Bounds : ( 73.150, 54.245 ) ( 73.300, 54.505 )


MAR: ( Minimum Area ) Regular Wire of Net u_temp_ctrl/n_90  ( Metal2 )
Bounds : ( 73.730, 52.215 ) ( 73.880, 52.475 )


MAR: ( Minimum Area ) Regular Wire of Net u_burglar/n_3  ( Metal2 )
Bounds : ( 76.630, 36.555 ) ( 76.780, 36.815 )


MAR: ( Minimum Area ) Regular Wire of Net u_burglar/delay_counter[3]  ( Metal2 )
Bounds : ( 76.630, 39.165 ) ( 76.780, 39.425 )


MAR: ( Minimum Area ) Regular Wire of Net u_burglar/n_10  ( Metal2 )
Bounds : ( 77.500, 39.165 ) ( 77.650, 39.425 )


MAR: ( Minimum Area ) Regular Wire of Net u_burglar/n_1  ( Metal2 )
Bounds : ( 77.790, 39.505 ) ( 77.945, 39.715 )


MAR: ( Minimum Area ) Regular Wire of Net u_burglar/n_2  ( Metal2 )
Bounds : ( 78.080, 31.335 ) ( 78.230, 31.595 )


MAR: ( Minimum Area ) Regular Wire of Net rst_n  ( Metal2 )
Bounds : ( 78.660, 33.945 ) ( 78.810, 34.205 )


MAR: ( Minimum Area ) Regular Wire of Net u_burglar/n_3  ( Metal2 )
Bounds : ( 78.950, 31.335 ) ( 79.100, 31.595 )


MAR: ( Minimum Area ) Regular Wire of Net u_burglar/delay_counter[2]  ( Metal2 )
Bounds : ( 79.240, 31.045 ) ( 79.395, 31.255 )


MAR: ( Minimum Area ) Regular Wire of Net u_burglar/delay_counter[3]  ( Metal2 )
Bounds : ( 80.980, 33.365 ) ( 81.130, 33.625 )


MAR: ( Minimum Area ) Regular Wire of Net u_temp_ctrl/n_81  ( Metal2 )
Bounds : ( 81.560, 42.355 ) ( 81.710, 42.615 )


MAR: ( Minimum Area ) Regular Wire of Net u_temp_ctrl/n_73  ( Metal2 )
Bounds : ( 81.850, 42.065 ) ( 82.000, 42.325 )


MAR: ( Minimum Area ) Regular Wire of Net u_temp_ctrl/n_68  ( Metal2 )
Bounds : ( 85.330, 41.775 ) ( 85.480, 42.035 )


MAR: ( Minimum Area ) Regular Wire of Net u_temp_ctrl/n_72  ( Metal2 )
Bounds : ( 86.780, 38.295 ) ( 86.930, 38.555 )


MAR: ( Minimum Area ) Regular Wire of Net temp_sensor_r[5]  ( Metal2 )
Bounds : ( 87.070, 38.875 ) ( 87.220, 39.135 )


MAR: ( Minimum Area ) Regular Wire of Net u_temp_ctrl/n_42  ( Metal2 )
Bounds : ( 87.940, 31.625 ) ( 88.090, 31.885 )


MAR: ( Minimum Area ) Regular Wire of Net u_temp_ctrl/FE_RN_3_0  ( Metal2 )
Bounds : ( 88.230, 31.625 ) ( 88.465, 31.885 )


MAR: ( Minimum Area ) Regular Wire of Net temp_sensor_r[5]  ( Metal2 )
Bounds : ( 88.520, 42.065 ) ( 88.670, 42.325 )


MAR: ( Minimum Area ) Regular Wire of Net u_burglar/delay_counter[4]  ( Metal2 )
Bounds : ( 60.100, 38.875 ) ( 60.250, 39.135 )


MAR: ( Minimum Area ) Regular Wire of Net u_burglar/n_23  ( Metal2 )
Bounds : ( 60.970, 33.365 ) ( 61.120, 33.625 )


MAR: ( Minimum Area ) Regular Wire of Net u_burglar/n_16  ( Metal2 )
Bounds : ( 62.130, 33.945 ) ( 62.280, 34.205 )


MAR: ( Minimum Area ) Regular Wire of Net u_burglar/n_17  ( Metal2 )
Bounds : ( 63.000, 39.455 ) ( 63.150, 39.715 )


MAR: ( Minimum Area ) Regular Wire of Net u_burglar/n_27  ( Metal2 )
Bounds : ( 63.290, 31.915 ) ( 63.440, 32.175 )


MAR: ( Minimum Area ) Regular Wire of Net u_burglar/n_16  ( Metal2 )
Bounds : ( 63.290, 36.265 ) ( 63.440, 36.525 )


MAR: ( Minimum Area ) Regular Wire of Net u_burglar/delay_counter[4]  ( Metal2 )
Bounds : ( 63.580, 38.875 ) ( 63.730, 39.135 )


MAR: ( Minimum Area ) Regular Wire of Net u_burglar/n_11  ( Metal2 )
Bounds : ( 63.870, 36.845 ) ( 64.020, 37.105 )


MAR: ( Minimum Area ) Regular Wire of Net u_burglar/delay_counter[6]  ( Metal2 )
Bounds : ( 65.030, 41.775 ) ( 65.180, 42.035 )


MAR: ( Minimum Area ) Regular Wire of Net u_burglar/n_11  ( Metal2 )
Bounds : ( 65.900, 39.455 ) ( 66.050, 39.715 )


MAR: ( Minimum Area ) Regular Wire of Net u_burglar/delay_counter[5]  ( Metal2 )
Bounds : ( 65.900, 42.065 ) ( 66.050, 42.325 )


MAR: ( Minimum Area ) Regular Wire of Net u_burglar/n_18  ( Metal2 )
Bounds : ( 67.640, 38.875 ) ( 67.790, 39.135 )


MAR: ( Minimum Area ) Regular Wire of Net u_burglar/n_6  ( Metal2 )
Bounds : ( 67.930, 40.905 ) ( 68.080, 41.165 )


MAR: ( Minimum Area ) Regular Wire of Net u_burglar/n_18  ( Metal2 )
Bounds : ( 69.670, 41.775 ) ( 69.820, 42.035 )


MAR: ( Minimum Area ) Regular Wire of Net u_burglar/n_29  ( Metal2 )
Bounds : ( 69.960, 43.515 ) ( 70.110, 43.775 )


MAR: ( Minimum Area ) Regular Wire of Net u_burglar/delay_counter[5]  ( Metal2 )
Bounds : ( 71.120, 41.485 ) ( 71.270, 41.745 )


MAR: ( Minimum Area ) Regular Wire of Net FE_OFN7_scan_en  ( Metal2 )
Bounds : ( 72.570, 33.655 ) ( 72.720, 33.915 )


MAR: ( Minimum Area ) Regular Wire of Net u_burglar/delay_counter[2]  ( Metal2 )
Bounds : ( 72.570, 33.945 ) ( 72.720, 34.205 )


MAR: ( Minimum Area ) Regular Wire of Net u_burglar/n_14  ( Metal2 )
Bounds : ( 72.860, 31.335 ) ( 73.010, 31.595 )


MAR: ( Minimum Area ) Regular Wire of Net u_burglar/n_14  ( Metal2 )
Bounds : ( 72.860, 39.165 ) ( 73.010, 39.425 )


MAR: ( Minimum Area ) Regular Wire of Net u_burglar/n_24  ( Metal2 )
Bounds : ( 73.150, 30.755 ) ( 73.300, 31.015 )


MAR: ( Minimum Area ) Regular Wire of Net u_burglar/n_33  ( Metal2 )
Bounds : ( 73.150, 39.745 ) ( 73.300, 40.005 )


MAR: ( Minimum Area ) Regular Wire of Net u_burglar/n_33  ( Metal2 )
Bounds : ( 74.020, 33.655 ) ( 74.170, 33.915 )


MAR: ( Minimum Area ) Regular Wire of Net u_temp_ctrl/n_65  ( Metal2 )
Bounds : ( 88.230, 43.805 ) ( 88.380, 44.065 )


MAR: ( Minimum Area ) Regular Wire of Net CTS_3  ( Metal1 )
Bounds : ( 97.800, 23.505 ) ( 97.950, 23.765 )


MAR: ( Minimum Area ) Regular Wire of Net u_temp_ctrl/n_23  ( Metal2 )
Bounds : ( 92.210, 28.725 ) ( 92.440, 28.985 )


MAR: ( Minimum Area ) Regular Wire of Net volume_cmd[0]  ( Metal2 )
Bounds : ( 93.450, 21.185 ) ( 93.600, 21.445 )


MAR: ( Minimum Area ) Regular Wire of Net FE_OFN7_scan_en  ( Metal2 )
Bounds : ( 95.480, 20.895 ) ( 95.630, 21.155 )


MAR: ( Minimum Area ) Regular Wire of Net u_temp_ctrl/n_30  ( Metal2 )
Bounds : ( 96.640, 28.145 ) ( 96.790, 28.405 )


MAR: ( Minimum Area ) Regular Wire of Net temp_sensor_r[0]  ( Metal2 )
Bounds : ( 96.930, 28.725 ) ( 97.080, 28.985 )


MAR: ( Minimum Area ) Regular Wire of Net temp_sensor_r[0]  ( Metal2 )
Bounds : ( 99.250, 28.435 ) ( 99.400, 28.695 )


MAR: ( Minimum Area ) Regular Wire of Net rst_n  ( Metal2 )
Bounds : ( 100.700, 21.765 ) ( 100.850, 22.025 )


MAR: ( Minimum Area ) Regular Wire of Net temp_sensor_r[4]  ( Metal2 )
Bounds : ( 102.730, 28.435 ) ( 102.880, 28.695 )


MAR: ( Minimum Area ) Regular Wire of Net rst_n  ( Metal2 )
Bounds : ( 106.790, 17.415 ) ( 106.940, 17.675 )


MAR: ( Minimum Area ) Regular Wire of Net volume_cmd_r[3]  ( Metal2 )
Bounds : ( 108.530, 15.965 ) ( 108.680, 16.225 )


MAR: ( Minimum Area ) Regular Wire of Net FE_OFN7_scan_en  ( Metal2 )
Bounds : ( 109.110, 15.675 ) ( 109.260, 15.935 )


MAR: ( Minimum Area ) Regular Wire of Net temp_sensor_r[2]  ( Metal2 )
Bounds : ( 109.110, 23.215 ) ( 109.260, 23.475 )


MAR: ( Minimum Area ) Regular Wire of Net FE_OFN7_scan_en  ( Metal2 )
Bounds : ( 109.400, 20.895 ) ( 109.550, 21.155 )


SHORT: ( Out Of Die ) Regular Wire of Net window_manual_close  ( Metal2 )
Bounds : ( 93.455, -0.070 ) ( 93.715, 0.000 )


SHORT: ( Out Of Die ) Regular Wire of Net tv_on_cmd  ( Metal2 )
Bounds : ( 97.805, -0.070 ) ( 97.970, 0.000 )


SHORT: ( Out Of Die ) Regular Wire of Net music_on_cmd  ( Metal2 )
Bounds : ( 102.085, -0.070 ) ( 102.295, 0.000 )


SHORT: ( Out Of Die ) Regular Wire of Net volume_cmd[0]  ( Metal2 )
Bounds : ( 106.215, -0.070 ) ( 106.480, 0.000 )


SHORT: ( Out Of Die ) Regular Wire of Net volume_cmd[1]  ( Metal2 )
Bounds : ( 110.565, -0.070 ) ( 110.740, 0.000 )


SHORT: ( Out Of Die ) Regular Wire of Net volume_cmd[2]  ( Metal2 )
Bounds : ( 114.855, -0.070 ) ( 115.055, 0.000 )


SHORT: ( Out Of Die ) Regular Wire of Net clk  ( Metal3 )
Bounds : ( 118.610, -0.070 ) ( 119.190, 0.000 )


MAR: ( Minimum Area ) Regular Wire of Net window_auto_mode_r  ( Metal2 )
Bounds : ( 90.260, 10.745 ) ( 90.410, 11.005 )


MAR: ( Minimum Area ) Regular Wire of Net window_sensor_r  ( Metal2 )
Bounds : ( 92.870, 5.525 ) ( 93.020, 5.785 )


MAR: ( Minimum Area ) Regular Wire of Net volume_cmd_r[2]  ( Metal2 )
Bounds : ( 102.730, 5.525 ) ( 102.880, 5.785 )


MAR: ( Minimum Area ) Regular Wire of Net volume_cmd[1]  ( Metal2 )
Bounds : ( 103.310, 12.775 ) ( 103.460, 13.035 )


MAR: ( Minimum Area ) Regular Wire of Net rst_n  ( Metal2 )
Bounds : ( 103.890, 6.975 ) ( 104.040, 7.235 )


MAR: ( Minimum Area ) Regular Wire of Net u_burglar/n_2  ( Metal2 )
Bounds : ( 76.050, 28.435 ) ( 76.285, 28.695 )


MAR: ( Minimum Area ) Regular Wire of Net volume_cmd_r[0]  ( Metal2 )
Bounds : ( 81.270, 21.185 ) ( 81.420, 21.445 )


MAR: ( Minimum Area ) Regular Wire of Net u_burglar/delay_counter[2]  ( Metal2 )
Bounds : ( 81.270, 26.695 ) ( 81.420, 26.955 )


MAR: ( Minimum Area ) Regular Wire of Net window_manual_open_r  ( Metal2 )
Bounds : ( 81.850, 15.965 ) ( 82.000, 16.225 )


MAR: ( Minimum Area ) Regular Wire of Net FE_OFN7_scan_en  ( Metal2 )
Bounds : ( 85.040, 18.285 ) ( 85.190, 18.545 )


MAR: ( Minimum Area ) Regular Wire of Net tv_on_cmd  ( Metal2 )
Bounds : ( 86.200, 23.215 ) ( 86.350, 23.475 )


MAR: ( Minimum Area ) Regular Wire of Net music_on_cmd  ( Metal2 )
Bounds : ( 87.070, 17.995 ) ( 87.220, 18.255 )


MAR: ( Minimum Area ) Regular Wire of Net n_88  ( Metal2 )
Bounds : ( 62.130, 28.145 ) ( 62.280, 28.405 )


MAR: ( Minimum Area ) Regular Wire of Net u_humidity/n_0  ( Metal2 )
Bounds : ( 62.710, 15.385 ) ( 62.860, 15.645 )


MAR: ( Minimum Area ) Regular Wire of Net u_window/n_8  ( Metal2 )
Bounds : ( 63.870, 17.995 ) ( 64.020, 18.255 )


MAR: ( Minimum Area ) Regular Wire of Net u_window/n_10  ( Metal2 )
Bounds : ( 64.160, 17.705 ) ( 64.310, 17.965 )


MAR: ( Minimum Area ) Regular Wire of Net rst_n  ( Metal2 )
Bounds : ( 64.450, 28.725 ) ( 64.600, 28.985 )


MAR: ( Minimum Area ) Regular Wire of Net u_window/n_10  ( Metal2 )
Bounds : ( 64.740, 21.185 ) ( 64.890, 21.445 )


MAR: ( Minimum Area ) Regular Wire of Net window_manual_close_r  ( Metal2 )
Bounds : ( 66.190, 15.965 ) ( 66.350, 16.000 )


MAR: ( Minimum Area ) Regular Wire of Net n_88  ( Metal2 )
Bounds : ( 66.190, 20.895 ) ( 66.340, 21.155 )


MAR: ( Minimum Area ) Regular Wire of Net FE_OFN7_scan_en  ( Metal2 )
Bounds : ( 66.190, 21.185 ) ( 66.340, 21.445 )


MAR: ( Minimum Area ) Regular Wire of Net u_burglar/n_13  ( Metal2 )
Bounds : ( 66.770, 23.795 ) ( 66.920, 24.055 )


MAR: ( Minimum Area ) Regular Wire of Net u_burglar/n_8  ( Metal2 )
Bounds : ( 67.060, 23.505 ) ( 67.210, 23.765 )


MAR: ( Minimum Area ) Regular Wire of Net window_manual_open_r  ( Metal2 )
Bounds : ( 67.350, 18.285 ) ( 67.500, 18.545 )


MAR: ( Minimum Area ) Regular Wire of Net u_burglar/n_9  ( Metal2 )
Bounds : ( 67.350, 23.215 ) ( 67.500, 23.475 )


MAR: ( Minimum Area ) Regular Wire of Net window_state_int[1]  ( Metal2 )
Bounds : ( 67.640, 17.995 ) ( 67.790, 18.255 )


MAR: ( Minimum Area ) Regular Wire of Net u_window/n_0  ( Metal2 )
Bounds : ( 67.930, 17.995 ) ( 68.080, 18.255 )


MAR: ( Minimum Area ) Regular Wire of Net u_burglar/n_9  ( Metal2 )
Bounds : ( 69.960, 23.215 ) ( 70.110, 23.475 )


MAR: ( Minimum Area ) Regular Wire of Net u_burglar/n_8  ( Metal2 )
Bounds : ( 70.540, 23.505 ) ( 70.690, 23.765 )


MAR: ( Minimum Area ) Regular Wire of Net FE_OFN7_scan_en  ( Metal2 )
Bounds : ( 70.540, 28.435 ) ( 70.690, 28.695 )


MAR: ( Minimum Area ) Regular Wire of Net window_manual_close_r  ( Metal2 )
Bounds : ( 71.990, 15.965 ) ( 72.140, 16.225 )


MAR: ( Minimum Area ) Regular Wire of Net door_sensor_r  ( Metal2 )
Bounds : ( 72.860, 26.115 ) ( 73.010, 26.375 )


MAR: ( Minimum Area ) Regular Wire of Net FE_OFN7_scan_en  ( Metal2 )
Bounds : ( 72.860, 26.405 ) ( 73.010, 26.665 )


MAR: ( Minimum Area ) Regular Wire of Net rst_n  ( Metal2 )
Bounds : ( 73.150, 21.765 ) ( 73.300, 22.025 )


MAR: ( Minimum Area ) Regular Wire of Net rst_n  ( Metal2 )
Bounds : ( 73.730, 16.545 ) ( 73.880, 16.805 )


MAR: ( Minimum Area ) Regular Wire of Net u_burglar/n_24  ( Metal2 )
Bounds : ( 74.310, 26.405 ) ( 74.460, 26.665 )


SHORT: ( Out Of Die ) Regular Wire of Net humidity_sensor[7]  ( Metal2 )
Bounds : ( 63.775, -0.070 ) ( 64.015, 0.000 )


SHORT: ( Out Of Die ) Regular Wire of Net motion_sensor  ( Metal2 )
Bounds : ( 67.935, -0.070 ) ( 68.175, 0.000 )


SHORT: ( Out Of Die ) Regular Wire of Net door_sensor  ( Metal2 )
Bounds : ( 72.285, -0.070 ) ( 72.430, 0.000 )


SHORT: ( Out Of Die ) Regular Wire of Net window_sensor  ( Metal2 )
Bounds : ( 76.545, -0.070 ) ( 76.775, 0.000 )


SHORT: ( Out Of Die ) Regular Wire of Net alarm_arm  ( Metal2 )
Bounds : ( 80.695, -0.070 ) ( 80.945, 0.000 )


SHORT: ( Out Of Die ) Regular Wire of Net window_auto_mode  ( Metal2 )
Bounds : ( 85.045, -0.070 ) ( 85.200, 0.000 )


MAR: ( Minimum Area ) Regular Wire of Net FE_OFN7_scan_en  ( Metal2 )
Bounds : ( 60.680, 10.455 ) ( 60.830, 10.715 )


MAR: ( Minimum Area ) Regular Wire of Net humidity_sensor_r[7]  ( Metal2 )
Bounds : ( 62.710, 5.525 ) ( 62.860, 5.785 )


MAR: ( Minimum Area ) Regular Wire of Net rst_n  ( Metal2 )
Bounds : ( 63.000, 6.975 ) ( 63.150, 7.235 )


MAR: ( Minimum Area ) Regular Wire of Net door_sensor_r  ( Metal2 )
Bounds : ( 70.540, 12.775 ) ( 70.690, 13.035 )


MAR: ( Minimum Area ) Regular Wire of Net FE_OFN7_scan_en  ( Metal2 )
Bounds : ( 71.700, 7.845 ) ( 71.850, 8.105 )


MAR: ( Minimum Area ) Regular Wire of Net motion_sensor_r  ( Metal2 )
Bounds : ( 72.570, 5.525 ) ( 72.720, 5.785 )


MAR: ( Minimum Area ) Regular Wire of Net alarm_arm_r  ( Metal2 )
Bounds : ( 75.180, 10.745 ) ( 75.330, 11.005 )


MAR: ( Minimum Area ) Regular Wire of Net window_sensor  ( Metal2 )
Bounds : ( 78.950, 5.525 ) ( 79.100, 5.785 )


MAR: ( Minimum Area ) Regular Wire of Net window_manual_open_r  ( Metal2 )
Bounds : ( 80.400, 10.745 ) ( 80.550, 11.005 )


MAR: ( Minimum Area ) Regular Wire of Net alarm_arm_r  ( Metal2 )
Bounds : ( 80.400, 12.775 ) ( 80.550, 13.035 )


MAR: ( Minimum Area ) Regular Wire of Net humidity_sensor_r[0]  ( Metal2 )
Bounds : ( 80.980, 7.555 ) ( 81.130, 7.815 )


MAR: ( Minimum Area ) Regular Wire of Net rst_n  ( Metal2 )
Bounds : ( 82.140, 11.325 ) ( 82.290, 11.585 )


MAR: ( Minimum Area ) Regular Wire of Net window_manual_open  ( Metal2 )
Bounds : ( 88.810, 10.745 ) ( 88.960, 11.005 )


MAR: ( Minimum Area ) Regular Wire of Net rst_n  ( Metal2 )
Bounds : ( 89.100, 6.975 ) ( 89.250, 7.235 )


SHORT: ( Out Of Die ) Regular Wire of Net window_manual_open  ( Metal2 )
Bounds : ( 89.315, -0.070 ) ( 89.535, 0.000 )


CUTSPACING: ( Adjacent Cut Spacing ) Regular Wire of Net u_door_lock/timeout_counter[6] & Regular Wire of Net u_door_lock/n_30  ( Via2 )
Bounds : ( 44.735, 49.085 ) ( 44.875, 49.225 )


MAR: ( Minimum Area ) Regular Wire of Net u_door_lock/n_49  ( Metal2 )
Bounds : ( 44.730, 52.215 ) ( 44.880, 52.475 )


MAR: ( Minimum Area ) Regular Wire of Net rst_n  ( Metal2 )
Bounds : ( 45.020, 46.995 ) ( 45.170, 47.255 )


MAR: ( Minimum Area ) Regular Wire of Net u_door_lock/timeout_counter[6]  ( Metal2 )
Bounds : ( 45.600, 52.215 ) ( 45.750, 52.475 )


MAR: ( Minimum Area ) Regular Wire of Net u_door_lock/n_54  ( Metal2 )
Bounds : ( 47.920, 49.895 ) ( 48.070, 50.155 )


MAR: ( Minimum Area ) Regular Wire of Net u_door_lock/timeout_counter[2]  ( Metal2 )
Bounds : ( 48.210, 54.825 ) ( 48.360, 55.085 )


MAR: ( Minimum Area ) Regular Wire of Net burglar_alarm_out_int  ( Metal2 )
Bounds : ( 49.370, 52.795 ) ( 49.520, 53.055 )


MAR: ( Minimum Area ) Regular Wire of Net u_door_lock/n_54  ( Metal2 )
Bounds : ( 49.660, 47.285 ) ( 49.810, 47.545 )


MAR: ( Minimum Area ) Regular Wire of Net cooler_on_r_369  ( Metal2 )
Bounds : ( 50.820, 54.245 ) ( 50.970, 54.505 )


MAR: ( Minimum Area ) Regular Wire of Net u_door_lock/state[1]  ( Metal2 )
Bounds : ( 51.110, 46.995 ) ( 51.260, 47.255 )


MAR: ( Minimum Area ) Regular Wire of Net scan_en  ( Metal2 )
Bounds : ( 51.110, 47.285 ) ( 51.260, 47.545 )


MAR: ( Minimum Area ) Regular Wire of Net FE_OFN3_rst_n  ( Metal2 )
Bounds : ( 51.690, 52.215 ) ( 51.840, 52.475 )


MAR: ( Minimum Area ) Regular Wire of Net n_0  ( Metal2 )
Bounds : ( 51.980, 54.535 ) ( 52.130, 54.795 )


MAR: ( Minimum Area ) Regular Wire of Net heater_on_r_368  ( Metal2 )
Bounds : ( 51.980, 58.015 ) ( 52.130, 58.275 )


MAR: ( Minimum Area ) Regular Wire of Net n_2  ( Metal2 )
Bounds : ( 53.140, 57.725 ) ( 53.290, 57.985 )


MAR: ( Minimum Area ) Regular Wire of Net u_burglar/n_0  ( Metal2 )
Bounds : ( 53.430, 49.315 ) ( 53.580, 49.575 )


MAR: ( Minimum Area ) Regular Wire of Net FE_OFN3_rst_n  ( Metal2 )
Bounds : ( 54.010, 54.825 ) ( 54.160, 55.085 )


MAR: ( Minimum Area ) Regular Wire of Net burglar_alarm_out_int  ( Metal2 )
Bounds : ( 54.300, 46.995 ) ( 54.450, 47.255 )


MAR: ( Minimum Area ) Regular Wire of Net scan_en  ( Metal2 )
Bounds : ( 54.300, 47.285 ) ( 54.450, 47.545 )


MAR: ( Minimum Area ) Regular Wire of Net FE_OFN3_rst_n  ( Metal2 )
Bounds : ( 55.170, 57.435 ) ( 55.320, 57.695 )


MAR: ( Minimum Area ) Regular Wire of Net u_burglar/n_37  ( Metal2 )
Bounds : ( 55.750, 47.285 ) ( 55.900, 47.545 )


MAR: ( Minimum Area ) Regular Wire of Net rst_n  ( Metal2 )
Bounds : ( 31.680, 54.825 ) ( 31.830, 55.085 )


MAR: ( Minimum Area ) Regular Wire of Net u_door_lock/n_42  ( Metal2 )
Bounds : ( 32.840, 52.215 ) ( 32.990, 52.475 )


MAR: ( Minimum Area ) Regular Wire of Net u_door_lock/timeout_counter[5]  ( Metal2 )
Bounds : ( 34.000, 52.215 ) ( 34.150, 52.475 )


MAR: ( Minimum Area ) Regular Wire of Net u_door_lock/n_50  ( Metal2 )
Bounds : ( 36.320, 54.535 ) ( 36.470, 54.795 )


MAR: ( Minimum Area ) Regular Wire of Net u_door_lock/n_30  ( Metal2 )
Bounds : ( 36.610, 52.505 ) ( 36.760, 52.765 )


MAR: ( Minimum Area ) Regular Wire of Net u_door_lock/n_50  ( Metal2 )
Bounds : ( 37.190, 51.925 ) ( 37.340, 52.185 )


MAR: ( Minimum Area ) Regular Wire of Net scan_en  ( Metal2 )
Bounds : ( 37.770, 54.535 ) ( 37.920, 54.795 )


MAR: ( Minimum Area ) Regular Wire of Net u_door_lock/timeout_counter[5]  ( Metal2 )
Bounds : ( 38.930, 52.505 ) ( 39.080, 52.765 )


MAR: ( Minimum Area ) Regular Wire of Net u_door_lock/n_0  ( Metal2 )
Bounds : ( 39.800, 53.085 ) ( 39.950, 53.345 )


MAR: ( Minimum Area ) Regular Wire of Net u_door_lock/n_14  ( Metal2 )
Bounds : ( 39.800, 58.305 ) ( 39.950, 58.565 )


MAR: ( Minimum Area ) Regular Wire of Net u_door_lock/timeout_counter[2]  ( Metal2 )
Bounds : ( 40.670, 57.725 ) ( 40.820, 57.985 )


MAR: ( Minimum Area ) Regular Wire of Net u_door_lock/n_46  ( Metal2 )
Bounds : ( 41.830, 52.505 ) ( 41.980, 52.765 )


MAR: ( Minimum Area ) Regular Wire of Net u_door_lock/n_31  ( Metal2 )
Bounds : ( 43.280, 57.145 ) ( 43.430, 57.405 )


MAR: ( Minimum Area ) Regular Wire of Net u_door_lock/n_30  ( Metal2 )
Bounds : ( 43.570, 57.435 ) ( 43.720, 57.695 )


MAR: ( Minimum Area ) Regular Wire of Net u_door_lock/n_24  ( Metal2 )
Bounds : ( 43.860, 57.725 ) ( 44.010, 57.985 )


CUTSPACING: ( Adjacent Cut Spacing ) Regular Wire of Net u_door_lock/n_0 & Regular Wire of Net u_door_lock/n_3  ( Via2 )
Bounds : ( 38.935, 47.345 ) ( 39.075, 47.485 )


MAR: ( Minimum Area ) Regular Wire of Net u_door_lock/n_15  ( Metal2 )
Bounds : ( 31.390, 44.385 ) ( 31.540, 44.645 )


MAR: ( Minimum Area ) Regular Wire of Net u_door_lock/n_6  ( Metal2 )
Bounds : ( 32.260, 44.095 ) ( 32.410, 44.355 )


MAR: ( Minimum Area ) Regular Wire of Net u_door_lock/n_47  ( Metal2 )
Bounds : ( 34.870, 46.705 ) ( 35.020, 46.965 )


MAR: ( Minimum Area ) Regular Wire of Net u_door_lock/n_42  ( Metal2 )
Bounds : ( 34.870, 49.025 ) ( 35.020, 49.285 )


MAR: ( Minimum Area ) Regular Wire of Net u_door_lock/n_28  ( Metal2 )
Bounds : ( 35.160, 44.385 ) ( 35.320, 44.585 )


MAR: ( Minimum Area ) Regular Wire of Net u_door_lock/n_48  ( Metal2 )
Bounds : ( 35.160, 49.025 ) ( 35.420, 49.210 )


MAR: ( Minimum Area ) Regular Wire of Net u_door_lock/n_3  ( Metal2 )
Bounds : ( 38.640, 47.285 ) ( 38.790, 47.545 )


MAR: ( Minimum Area ) Regular Wire of Net u_door_lock/n_0  ( Metal2 )
Bounds : ( 38.930, 47.285 ) ( 39.080, 47.545 )


MAR: ( Minimum Area ) Regular Wire of Net u_door_lock/n_18  ( Metal2 )
Bounds : ( 38.930, 47.575 ) ( 39.080, 47.835 )


MAR: ( Minimum Area ) Regular Wire of Net u_door_lock/timeout_counter[6]  ( Metal2 )
Bounds : ( 39.510, 47.285 ) ( 39.660, 47.545 )


MAR: ( Minimum Area ) Regular Wire of Net u_door_lock/n_20  ( Metal2 )
Bounds : ( 39.510, 49.025 ) ( 39.660, 49.285 )


MAR: ( Minimum Area ) Regular Wire of Net u_door_lock/n_18  ( Metal2 )
Bounds : ( 40.380, 44.095 ) ( 40.530, 44.355 )


MAR: ( Minimum Area ) Regular Wire of Net u_door_lock/n_20  ( Metal2 )
Bounds : ( 40.670, 44.385 ) ( 40.820, 44.645 )


MAR: ( Minimum Area ) Regular Wire of Net u_door_lock/state[1]  ( Metal2 )
Bounds : ( 41.250, 44.095 ) ( 41.400, 44.355 )


MAR: ( Minimum Area ) Regular Wire of Net u_door_lock/n_49  ( Metal2 )
Bounds : ( 44.150, 49.025 ) ( 44.300, 49.285 )


MAR: ( Minimum Area ) Regular Wire of Net CTS_2  ( Metal1 )
Bounds : ( 48.210, 33.945 ) ( 48.360, 34.205 )


MAR: ( Minimum Area ) Regular Wire of Net u_door_lock/n_30  ( Metal2 )
Bounds : ( 44.730, 41.775 ) ( 44.880, 42.035 )


MAR: ( Minimum Area ) Regular Wire of Net u_door_lock/n_32  ( Metal2 )
Bounds : ( 44.730, 42.355 ) ( 44.880, 42.615 )


MAR: ( Minimum Area ) Regular Wire of Net u_door_lock/n_32  ( Metal2 )
Bounds : ( 45.600, 38.875 ) ( 45.750, 39.135 )


MAR: ( Minimum Area ) Regular Wire of Net SPCASCAN_N5  ( Metal2 )
Bounds : ( 47.050, 36.555 ) ( 47.200, 36.815 )


MAR: ( Minimum Area ) Regular Wire of Net u_burglar/delay_counter[4]  ( Metal2 )
Bounds : ( 49.660, 37.135 ) ( 49.810, 37.395 )


MAR: ( Minimum Area ) Regular Wire of Net rst_n  ( Metal2 )
Bounds : ( 50.240, 39.165 ) ( 50.390, 39.425 )


MAR: ( Minimum Area ) Regular Wire of Net SPCASCAN_N0  ( Metal2 )
Bounds : ( 51.980, 31.335 ) ( 52.130, 31.595 )


MAR: ( Minimum Area ) Regular Wire of Net u_door_lock/state[1]  ( Metal2 )
Bounds : ( 52.560, 38.585 ) ( 52.710, 38.845 )


MAR: ( Minimum Area ) Regular Wire of Net u_burglar/n_5  ( Metal2 )
Bounds : ( 53.720, 31.915 ) ( 53.870, 32.175 )


MAR: ( Minimum Area ) Regular Wire of Net u_burglar/n_19  ( Metal2 )
Bounds : ( 53.720, 33.655 ) ( 53.870, 33.915 )


MAR: ( Minimum Area ) Regular Wire of Net u_burglar/n_12  ( Metal2 )
Bounds : ( 55.170, 31.335 ) ( 55.320, 31.595 )


MAR: ( Minimum Area ) Regular Wire of Net FE_OFN7_scan_en  ( Metal2 )
Bounds : ( 55.170, 33.655 ) ( 55.320, 33.915 )


MAR: ( Minimum Area ) Regular Wire of Net u_burglar/delay_counter[4]  ( Metal2 )
Bounds : ( 55.170, 33.945 ) ( 55.320, 34.205 )


MAR: ( Minimum Area ) Regular Wire of Net u_burglar/n_19  ( Metal2 )
Bounds : ( 55.460, 31.915 ) ( 55.610, 32.175 )


MAR: ( Minimum Area ) Regular Wire of Net u_burglar/n_12  ( Metal2 )
Bounds : ( 55.750, 39.165 ) ( 55.900, 39.425 )


MAR: ( Minimum Area ) Regular Wire of Net SPCASCAN_N5  ( Metal2 )
Bounds : ( 56.040, 31.335 ) ( 56.190, 31.595 )


MAR: ( Minimum Area ) Regular Wire of Net FE_OFN7_scan_en  ( Metal2 )
Bounds : ( 56.620, 33.655 ) ( 56.770, 33.915 )


MAR: ( Minimum Area ) Regular Wire of Net scan_en  ( Metal2 )
Bounds : ( 57.200, 33.945 ) ( 57.350, 34.205 )


MAR: ( Minimum Area ) Regular Wire of Net u_burglar/n_34  ( Metal2 )
Bounds : ( 57.200, 42.065 ) ( 57.350, 42.325 )


MAR: ( Minimum Area ) Regular Wire of Net u_burglar/n_32  ( Metal2 )
Bounds : ( 57.780, 41.775 ) ( 57.930, 42.035 )


MAR: ( Minimum Area ) Regular Wire of Net scan_en  ( Metal2 )
Bounds : ( 58.070, 36.845 ) ( 58.220, 37.105 )


MAR: ( Minimum Area ) Regular Wire of Net u_burglar/n_26  ( Metal2 )
Bounds : ( 58.070, 42.065 ) ( 58.220, 42.325 )


MAR: ( Minimum Area ) Regular Wire of Net u_burglar/delay_counter[7]  ( Metal2 )
Bounds : ( 58.360, 42.065 ) ( 58.510, 42.325 )


MAR: ( Minimum Area ) Regular Wire of Net u_door_lock/n_3  ( Metal2 )
Bounds : ( 30.520, 33.655 ) ( 30.670, 33.915 )


MAR: ( Minimum Area ) Regular Wire of Net u_door_lock/state[1]  ( Metal2 )
Bounds : ( 31.680, 34.235 ) ( 31.830, 34.495 )


MAR: ( Minimum Area ) Regular Wire of Net u_door_lock/n_12  ( Metal2 )
Bounds : ( 33.130, 42.065 ) ( 33.280, 42.325 )


MAR: ( Minimum Area ) Regular Wire of Net u_door_lock/n_5  ( Metal2 )
Bounds : ( 33.710, 36.845 ) ( 33.860, 37.105 )


MAR: ( Minimum Area ) Regular Wire of Net u_door_lock/FE_RN_7_0  ( Metal2 )
Bounds : ( 34.000, 42.065 ) ( 34.150, 42.325 )


MAR: ( Minimum Area ) Regular Wire of Net u_door_lock/n_12  ( Metal2 )
Bounds : ( 34.290, 36.555 ) ( 34.440, 36.815 )


MAR: ( Minimum Area ) Regular Wire of Net door_unlock_cmd_r  ( Metal2 )
Bounds : ( 35.160, 31.335 ) ( 35.310, 31.595 )


MAR: ( Minimum Area ) Regular Wire of Net u_door_lock/n_10  ( Metal2 )
Bounds : ( 35.160, 36.555 ) ( 35.310, 36.815 )


MAR: ( Minimum Area ) Regular Wire of Net u_door_lock/FE_RN_7_0  ( Metal2 )
Bounds : ( 35.160, 42.065 ) ( 35.320, 42.325 )


MAR: ( Minimum Area ) Regular Wire of Net u_door_lock/n_3  ( Metal2 )
Bounds : ( 35.450, 36.555 ) ( 35.600, 36.815 )


MAR: ( Minimum Area ) Regular Wire of Net u_door_lock/state[0]  ( Metal2 )
Bounds : ( 36.030, 41.775 ) ( 36.180, 42.035 )


MAR: ( Minimum Area ) Regular Wire of Net door_lock_cmd_r  ( Metal2 )
Bounds : ( 38.640, 31.335 ) ( 38.790, 31.595 )


MAR: ( Minimum Area ) Regular Wire of Net u_door_lock/n_16  ( Metal2 )
Bounds : ( 38.930, 38.875 ) ( 39.080, 39.135 )


MAR: ( Minimum Area ) Regular Wire of Net u_door_lock/n_3  ( Metal2 )
Bounds : ( 39.220, 31.915 ) ( 39.370, 32.175 )


MAR: ( Minimum Area ) Regular Wire of Net u_door_lock/n_17  ( Metal2 )
Bounds : ( 39.220, 38.875 ) ( 39.455, 39.135 )


MAR: ( Minimum Area ) Regular Wire of Net u_door_lock/n_21  ( Metal2 )
Bounds : ( 40.300, 39.165 ) ( 40.530, 39.425 )


MAR: ( Minimum Area ) Regular Wire of Net u_door_lock/n_20  ( Metal2 )
Bounds : ( 40.660, 39.165 ) ( 40.820, 39.365 )


MAR: ( Minimum Area ) Regular Wire of Net u_door_lock/state[1]  ( Metal2 )
Bounds : ( 40.670, 31.625 ) ( 40.820, 31.885 )


MAR: ( Minimum Area ) Regular Wire of Net rst_n  ( Metal2 )
Bounds : ( 40.960, 36.555 ) ( 41.110, 36.815 )


MAR: ( Minimum Area ) Regular Wire of Net u_door_lock/n_34  ( Metal2 )
Bounds : ( 42.990, 33.365 ) ( 43.140, 33.625 )


MAR: ( Minimum Area ) Regular Wire of Net u_door_lock/n_27  ( Metal2 )
Bounds : ( 42.990, 33.945 ) ( 43.140, 34.205 )


MAR: ( Minimum Area ) Regular Wire of Net u_door_lock/n_2  ( Metal2 )
Bounds : ( 43.860, 31.625 ) ( 44.095, 31.885 )


MAR: ( Minimum Area ) Regular Wire of Net scan_en  ( Metal2 )
Bounds : ( 44.150, 38.875 ) ( 44.300, 39.135 )


MAR: ( Minimum Area ) Regular Wire of Net u_door_lock/state[0]  ( Metal2 )
Bounds : ( 44.150, 39.165 ) ( 44.300, 39.425 )


MAR: ( Minimum Area ) Regular Wire of Net u_door_lock/n_19  ( Metal2 )
Bounds : ( 44.150, 41.775 ) ( 44.300, 42.035 )


MAR: ( Minimum Area ) Regular Wire of Net u_door_lock/n_30  ( Metal2 )
Bounds : ( 41.540, 43.805 ) ( 41.690, 44.065 )


MAR: ( Minimum Area ) Regular Wire of Net u_burglar/n_37  ( Metal2 )
Bounds : ( 54.590, 43.805 ) ( 54.740, 44.065 )


MAR: ( Minimum Area ) Regular Wire of Net fan_on_r_376  ( Metal2 )
Bounds : ( 15.730, 58.015 ) ( 15.880, 58.275 )


MAR: ( Minimum Area ) Regular Wire of Net FE_OFN8_scan_en  ( Metal2 )
Bounds : ( 16.890, 52.215 ) ( 17.040, 52.475 )


MAR: ( Minimum Area ) Regular Wire of Net ac_on_int  ( Metal2 )
Bounds : ( 17.470, 52.505 ) ( 17.620, 52.765 )


MAR: ( Minimum Area ) Regular Wire of Net exit_sensor  ( Metal2 )
Bounds : ( 18.920, 52.505 ) ( 19.070, 52.765 )


MAR: ( Minimum Area ) Regular Wire of Net ac_on_int  ( Metal2 )
Bounds : ( 19.500, 49.025 ) ( 19.650, 49.285 )


MAR: ( Minimum Area ) Regular Wire of Net u_door_lock/n_6  ( Metal2 )
Bounds : ( 20.370, 44.095 ) ( 20.605, 44.355 )


MAR: ( Minimum Area ) Regular Wire of Net u_door_lock/attempt_counter[0]  ( Metal2 )
Bounds : ( 22.980, 44.385 ) ( 23.140, 44.585 )


MAR: ( Minimum Area ) Regular Wire of Net rst_n  ( Metal2 )
Bounds : ( 23.560, 49.605 ) ( 23.710, 49.865 )


MAR: ( Minimum Area ) Regular Wire of Net rst_n  ( Metal2 )
Bounds : ( 25.590, 53.085 ) ( 25.740, 53.345 )


MAR: ( Minimum Area ) Regular Wire of Net n_7  ( Metal2 )
Bounds : ( 26.460, 57.725 ) ( 26.610, 57.985 )


MAR: ( Minimum Area ) Regular Wire of Net u_door_lock/n_38  ( Metal2 )
Bounds : ( 26.750, 47.285 ) ( 26.900, 47.545 )


MAR: ( Minimum Area ) Regular Wire of Net u_door_lock/n_15  ( Metal2 )
Bounds : ( 27.040, 44.385 ) ( 27.190, 44.645 )


MAR: ( Minimum Area ) Regular Wire of Net exit_sensor_r  ( Metal2 )
Bounds : ( 27.330, 52.505 ) ( 27.480, 52.765 )


MAR: ( Minimum Area ) Regular Wire of Net scan_en  ( Metal2 )
Bounds : ( 28.200, 47.285 ) ( 28.350, 47.545 )


MAR: ( Minimum Area ) Regular Wire of Net u_door_lock/n_39  ( Metal2 )
Bounds : ( 28.200, 49.315 ) ( 28.350, 49.575 )


MAR: ( Minimum Area ) Regular Wire of Net u_door_lock/timeout_counter[5]  ( Metal2 )
Bounds : ( 29.360, 54.245 ) ( 29.510, 54.505 )


SHORT: ( Out Of Die ) Regular Wire of Net DFT_sdi_2  ( Metal3 )
Bounds : ( -0.070, 46.185 ) ( 0.000, 46.325 )


SHORT: ( Out Of Die ) Regular Wire of Net system_status[0]  ( Metal3 )
Bounds : ( -0.070, 50.245 ) ( 0.000, 50.530 )


SHORT: ( Out Of Die ) Regular Wire of Net system_status[1]  ( Metal3 )
Bounds : ( -0.070, 54.595 ) ( 0.000, 54.735 )


MAR: ( Minimum Area ) Regular Wire of Net cooler_on_r_369  ( Metal2 )
Bounds : ( 4.420, 52.505 ) ( 4.570, 52.765 )


MAR: ( Minimum Area ) Regular Wire of Net heater_on_r_368  ( Metal2 )
Bounds : ( 4.710, 54.535 ) ( 4.860, 54.795 )


MAR: ( Minimum Area ) Regular Wire of Net system_status[1]  ( Metal2 )
Bounds : ( 5.000, 54.535 ) ( 5.235, 54.795 )


MAR: ( Minimum Area ) Regular Wire of Net FE_OFN8_scan_en  ( Metal2 )
Bounds : ( 6.160, 58.015 ) ( 6.310, 58.275 )


MAR: ( Minimum Area ) Regular Wire of Net fan_on_int  ( Metal2 )
Bounds : ( 7.610, 57.725 ) ( 7.760, 57.985 )


MAR: ( Minimum Area ) Regular Wire of Net light_cmd_r  ( Metal2 )
Bounds : ( 8.190, 47.285 ) ( 8.340, 47.545 )


MAR: ( Minimum Area ) Regular Wire of Net FE_OFN8_scan_en  ( Metal2 )
Bounds : ( 11.090, 49.315 ) ( 11.240, 49.575 )


MAR: ( Minimum Area ) Regular Wire of Net FE_OFN3_rst_n  ( Metal2 )
Bounds : ( 12.540, 57.435 ) ( 12.690, 57.695 )


MAR: ( Minimum Area ) Regular Wire of Net rst_n  ( Metal2 )
Bounds : ( 12.830, 46.995 ) ( 12.980, 47.255 )


MAR: ( Minimum Area ) Regular Wire of Net u_lum_ctrl/n_3  ( Metal2 )
Bounds : ( 13.410, 54.535 ) ( 13.645, 54.795 )


MAR: ( Minimum Area ) Regular Wire of Net n_5  ( Metal2 )
Bounds : ( 14.570, 57.725 ) ( 14.720, 57.985 )


SHORT: ( Out Of Die ) Regular Wire of Net pin_input[0]  ( Metal3 )
Bounds : ( -0.070, 29.365 ) ( 0.000, 29.505 )


SHORT: ( Out Of Die ) Regular Wire of Net pin_input[1]  ( Metal3 )
Bounds : ( -0.070, 33.425 ) ( 0.000, 33.710 )


SHORT: ( Out Of Die ) Regular Wire of Net pin_input[2]  ( Metal3 )
Bounds : ( -0.070, 37.775 ) ( 0.000, 37.915 )


SHORT: ( Out Of Die ) Regular Wire of Net pin_input[3]  ( Metal3 )
Bounds : ( -0.070, 41.835 ) ( 0.000, 42.120 )


CUTSPACING: ( Adjacent Cut Spacing ) Regular Wire of Net SPCASCAN_N1 & Regular Wire of Net u_door_lock/n_5  ( Via2 )
Bounds : ( 27.915, 38.935 ) ( 28.055, 39.075 )


MAR: ( Minimum Area ) Regular Wire of Net FE_OFN8_scan_en  ( Metal2 )
Bounds : ( 5.870, 33.945 ) ( 6.020, 34.205 )


MAR: ( Minimum Area ) Regular Wire of Net pin_input_r[1]  ( Metal2 )
Bounds : ( 6.450, 33.655 ) ( 6.600, 33.915 )


MAR: ( Minimum Area ) Regular Wire of Net DFT_sdi_2  ( Metal2 )
Bounds : ( 6.450, 42.065 ) ( 6.600, 42.325 )


MAR: ( Minimum Area ) Regular Wire of Net rst_n  ( Metal2 )
Bounds : ( 14.860, 37.425 ) ( 15.010, 37.685 )


MAR: ( Minimum Area ) Regular Wire of Net pin_input_r[3]  ( Metal2 )
Bounds : ( 16.310, 42.065 ) ( 16.460, 42.325 )


MAR: ( Minimum Area ) Regular Wire of Net pin_input_r[2]  ( Metal2 )
Bounds : ( 16.600, 36.845 ) ( 16.750, 37.105 )


MAR: ( Minimum Area ) Regular Wire of Net ac_cmd_r  ( Metal2 )
Bounds : ( 21.820, 36.555 ) ( 21.970, 36.815 )


MAR: ( Minimum Area ) Regular Wire of Net u_door_lock/n_9  ( Metal2 )
Bounds : ( 21.820, 42.355 ) ( 21.970, 42.615 )


MAR: ( Minimum Area ) Regular Wire of Net pin_input_r[1]  ( Metal2 )
Bounds : ( 22.110, 38.875 ) ( 22.260, 39.135 )


MAR: ( Minimum Area ) Regular Wire of Net u_door_lock/n_13  ( Metal2 )
Bounds : ( 22.110, 39.455 ) ( 22.260, 39.715 )


MAR: ( Minimum Area ) Regular Wire of Net light_sensor_r[5]  ( Metal2 )
Bounds : ( 22.690, 33.655 ) ( 22.840, 33.915 )


MAR: ( Minimum Area ) Regular Wire of Net u_lum_ctrl/n_1  ( Metal2 )
Bounds : ( 22.980, 33.655 ) ( 23.215, 33.915 )


MAR: ( Minimum Area ) Regular Wire of Net u_door_lock/n_19  ( Metal2 )
Bounds : ( 25.590, 42.065 ) ( 25.740, 42.325 )


MAR: ( Minimum Area ) Regular Wire of Net rst_n  ( Metal2 )
Bounds : ( 27.910, 36.555 ) ( 28.060, 36.815 )


MAR: ( Minimum Area ) Regular Wire of Net SPCASCAN_N1  ( Metal2 )
Bounds : ( 27.910, 38.875 ) ( 28.060, 39.135 )


MAR: ( Minimum Area ) Regular Wire of Net u_door_lock/n_5  ( Metal2 )
Bounds : ( 28.200, 38.875 ) ( 28.435, 39.135 )


MAR: ( Minimum Area ) Regular Wire of Net u_door_lock/attempt_counter[0]  ( Metal2 )
Bounds : ( 28.490, 42.065 ) ( 28.640, 42.325 )


MAR: ( Minimum Area ) Regular Wire of Net u_door_lock/n_9  ( Metal2 )
Bounds : ( 28.780, 39.165 ) ( 28.930, 39.425 )


MAR: ( Minimum Area ) Regular Wire of Net u_door_lock/n_5  ( Metal2 )
Bounds : ( 29.360, 38.875 ) ( 29.510, 39.135 )


MAR: ( Minimum Area ) Regular Wire of Net fan_on_int  ( Metal2 )
Bounds : ( 5.870, 43.805 ) ( 6.020, 44.065 )


MAR: ( Minimum Area ) Regular Wire of Net scan_en  ( Metal2 )
Bounds : ( 29.650, 49.315 ) ( 29.800, 49.575 )


MAR: ( Minimum Area ) Regular Wire of Net exit_sensor_r  ( Metal2 )
Bounds : ( 29.650, 49.605 ) ( 29.800, 49.865 )


MAR: ( Minimum Area ) Regular Wire of Net door_lock_cmd  ( Metal2 )
Bounds : ( 29.940, 26.405 ) ( 30.090, 26.665 )


MAR: ( Minimum Area ) Regular Wire of Net u_window/n_9  ( Metal2 )
Bounds : ( 30.195, 23.505 ) ( 30.380, 23.705 )


MAR: ( Minimum Area ) Regular Wire of Net light_sensor_r[6]  ( Metal2 )
Bounds : ( 34.290, 17.995 ) ( 34.440, 18.255 )


MAR: ( Minimum Area ) Regular Wire of Net u_window/n_11  ( Metal2 )
Bounds : ( 36.610, 21.475 ) ( 36.760, 21.735 )


MAR: ( Minimum Area ) Regular Wire of Net rst_n  ( Metal2 )
Bounds : ( 36.610, 26.985 ) ( 36.760, 27.245 )


MAR: ( Minimum Area ) Regular Wire of Net u_window/n_7  ( Metal2 )
Bounds : ( 36.900, 20.895 ) ( 37.050, 21.155 )


MAR: ( Minimum Area ) Regular Wire of Net u_humidity/n_3  ( Metal2 )
Bounds : ( 40.010, 15.675 ) ( 40.240, 15.935 )


MAR: ( Minimum Area ) Regular Wire of Net u_humidity/n_2  ( Metal2 )
Bounds : ( 40.370, 15.740 ) ( 40.530, 15.935 )


MAR: ( Minimum Area ) Regular Wire of Net window_auto_mode_r  ( Metal2 )
Bounds : ( 40.380, 21.185 ) ( 40.530, 21.445 )


MAR: ( Minimum Area ) Regular Wire of Net u_window/n_8  ( Metal2 )
Bounds : ( 40.960, 20.605 ) ( 41.110, 20.865 )


MAR: ( Minimum Area ) Regular Wire of Net humidity_sensor_r[0]  ( Metal2 )
Bounds : ( 47.340, 15.675 ) ( 47.490, 15.935 )


MAR: ( Minimum Area ) Regular Wire of Net humidity_sensor_r[3]  ( Metal2 )
Bounds : ( 47.920, 16.255 ) ( 48.070, 16.515 )


MAR: ( Minimum Area ) Regular Wire of Net SPCASCAN_N0  ( Metal2 )
Bounds : ( 51.110, 22.925 ) ( 51.260, 23.185 )


MAR: ( Minimum Area ) Regular Wire of Net u_humidity/n_3  ( Metal2 )
Bounds : ( 51.690, 15.965 ) ( 51.840, 16.225 )


MAR: ( Minimum Area ) Regular Wire of Net rst_n  ( Metal2 )
Bounds : ( 53.430, 23.505 ) ( 53.580, 23.765 )


MAR: ( Minimum Area ) Regular Wire of Net SPCASCAN_N0  ( Metal2 )
Bounds : ( 54.010, 20.895 ) ( 54.160, 21.155 )


MAR: ( Minimum Area ) Regular Wire of Net humidity_sensor_r[3]  ( Metal2 )
Bounds : ( 55.170, 15.965 ) ( 55.320, 16.225 )


MAR: ( Minimum Area ) Regular Wire of Net u_humidity/n_2  ( Metal2 )
Bounds : ( 55.460, 15.675 ) ( 55.610, 15.935 )


MAR: ( Minimum Area ) Regular Wire of Net u_humidity/n_4  ( Metal2 )
Bounds : ( 56.040, 15.965 ) ( 56.190, 16.225 )


MAR: ( Minimum Area ) Regular Wire of Net u_burglar/n_5  ( Metal2 )
Bounds : ( 56.330, 26.115 ) ( 56.480, 26.375 )


MAR: ( Minimum Area ) Regular Wire of Net u_humidity/n_2  ( Metal2 )
Bounds : ( 58.070, 15.965 ) ( 58.220, 16.225 )


MAR: ( Minimum Area ) Regular Wire of Net u_burglar/n_20  ( Metal2 )
Bounds : ( 58.070, 23.215 ) ( 58.220, 23.475 )


MAR: ( Minimum Area ) Regular Wire of Net u_window/n_2  ( Metal2 )
Bounds : ( 59.230, 17.705 ) ( 59.380, 17.965 )


MAR: ( Minimum Area ) Regular Wire of Net window_manual_close_r  ( Metal2 )
Bounds : ( 59.230, 17.995 ) ( 59.380, 18.255 )


SHORT: ( Out Of Die ) Regular Wire of Net humidity_sensor[0]  ( Metal2 )
Bounds : ( 33.980, -0.070 ) ( 34.145, 0.000 )


SHORT: ( Out Of Die ) Regular Wire of Net humidity_sensor[1]  ( Metal2 )
Bounds : ( 38.240, -0.070 ) ( 38.495, 0.000 )


SHORT: ( Out Of Die ) Regular Wire of Net humidity_sensor[2]  ( Metal2 )
Bounds : ( 42.415, -0.070 ) ( 42.635, 0.000 )


SHORT: ( Out Of Die ) Regular Wire of Net humidity_sensor[3]  ( Metal2 )
Bounds : ( 46.750, -0.070 ) ( 46.905, 0.000 )


SHORT: ( Out Of Die ) Regular Wire of Net humidity_sensor[4]  ( Metal2 )
Bounds : ( 51.010, -0.070 ) ( 51.255, 0.000 )


SHORT: ( Out Of Die ) Regular Wire of Net humidity_sensor[5]  ( Metal2 )
Bounds : ( 55.175, -0.070 ) ( 55.405, 0.000 )


MAR: ( Minimum Area ) Regular Wire of Net entry_sensor  ( Metal2 )
Bounds : ( 32.260, 12.775 ) ( 32.410, 13.035 )


MAR: ( Minimum Area ) Regular Wire of Net light_sensor_r[5]  ( Metal2 )
Bounds : ( 33.130, 10.745 ) ( 33.280, 11.005 )


MAR: ( Minimum Area ) Regular Wire of Net door_lock_cmd_r  ( Metal2 )
Bounds : ( 33.710, 12.775 ) ( 33.860, 13.035 )


MAR: ( Minimum Area ) Regular Wire of Net light_sensor_r[4]  ( Metal2 )
Bounds : ( 34.000, 5.525 ) ( 34.150, 5.785 )


MAR: ( Minimum Area ) Regular Wire of Net FE_OFN8_scan_en  ( Metal2 )
Bounds : ( 34.290, 13.065 ) ( 34.440, 13.325 )


MAR: ( Minimum Area ) Regular Wire of Net humidity_sensor[2]  ( Metal2 )
Bounds : ( 37.190, 7.555 ) ( 37.340, 7.815 )


MAR: ( Minimum Area ) Regular Wire of Net humidity_sensor_r[0]  ( Metal2 )
Bounds : ( 45.890, 10.745 ) ( 46.040, 11.005 )


MAR: ( Minimum Area ) Regular Wire of Net humidity_sensor_r[2]  ( Metal2 )
Bounds : ( 47.630, 5.525 ) ( 47.780, 5.785 )


MAR: ( Minimum Area ) Regular Wire of Net humidity_sensor_r[5]  ( Metal2 )
Bounds : ( 48.500, 10.745 ) ( 48.650, 11.005 )


MAR: ( Minimum Area ) Regular Wire of Net rst_n  ( Metal2 )
Bounds : ( 50.240, 11.325 ) ( 50.390, 11.585 )


MAR: ( Minimum Area ) Regular Wire of Net rst_n  ( Metal2 )
Bounds : ( 56.910, 12.195 ) ( 57.060, 12.455 )


MAR: ( Minimum Area ) Regular Wire of Net humidity_sensor_r[3]  ( Metal2 )
Bounds : ( 57.490, 5.525 ) ( 57.640, 5.785 )


MAR: ( Minimum Area ) Regular Wire of Net humidity_sensor_r[4]  ( Metal2 )
Bounds : ( 58.650, 12.775 ) ( 58.800, 13.035 )


MAR: ( Minimum Area ) Regular Wire of Net FE_OFN7_scan_en  ( Metal2 )
Bounds : ( 58.940, 10.455 ) ( 59.090, 10.715 )


SHORT: ( Out Of Die ) Regular Wire of Net light_cmd  ( Metal3 )
Bounds : ( -0.070, 16.605 ) ( 0.000, 16.890 )


SHORT: ( Out Of Die ) Regular Wire of Net door_lock_cmd  ( Metal3 )
Bounds : ( -0.070, 20.955 ) ( 0.000, 21.095 )


SHORT: ( Out Of Die ) Regular Wire of Net door_unlock_cmd  ( Metal3 )
Bounds : ( -0.070, 25.015 ) ( 0.000, 25.300 )


MAR: ( Minimum Area ) Regular Wire of Net light_sensor[0]  ( Metal2 )
Bounds : ( 8.480, 15.965 ) ( 8.630, 16.225 )


MAR: ( Minimum Area ) Regular Wire of Net light_sensor_r[2]  ( Metal2 )
Bounds : ( 10.800, 23.215 ) ( 10.950, 23.475 )


MAR: ( Minimum Area ) Regular Wire of Net light_sensor_r[1]  ( Metal2 )
Bounds : ( 11.090, 23.505 ) ( 11.240, 23.765 )


MAR: ( Minimum Area ) Regular Wire of Net u_window/n_1  ( Metal2 )
Bounds : ( 14.280, 23.215 ) ( 14.430, 23.475 )


MAR: ( Minimum Area ) Regular Wire of Net rst_n  ( Metal2 )
Bounds : ( 15.150, 16.545 ) ( 15.300, 16.805 )


MAR: ( Minimum Area ) Regular Wire of Net light_sensor_r[0]  ( Metal2 )
Bounds : ( 15.150, 23.215 ) ( 15.300, 23.475 )


MAR: ( Minimum Area ) Regular Wire of Net light_cmd  ( Metal2 )
Bounds : ( 15.730, 21.185 ) ( 15.880, 21.445 )


MAR: ( Minimum Area ) Regular Wire of Net fan_cmd_r  ( Metal2 )
Bounds : ( 16.310, 26.405 ) ( 16.460, 26.665 )


MAR: ( Minimum Area ) Regular Wire of Net ac_cmd_r  ( Metal2 )
Bounds : ( 16.310, 28.435 ) ( 16.460, 28.695 )


MAR: ( Minimum Area ) Regular Wire of Net light_sensor_r[0]  ( Metal2 )
Bounds : ( 16.890, 15.965 ) ( 17.040, 16.225 )


MAR: ( Minimum Area ) Regular Wire of Net pin_input_r[0]  ( Metal2 )
Bounds : ( 17.180, 21.185 ) ( 17.330, 21.445 )


MAR: ( Minimum Area ) Regular Wire of Net FE_OFN8_scan_en  ( Metal2 )
Bounds : ( 17.760, 20.895 ) ( 17.910, 21.155 )


MAR: ( Minimum Area ) Regular Wire of Net u_window/n_1  ( Metal2 )
Bounds : ( 18.630, 23.215 ) ( 18.780, 23.475 )


MAR: ( Minimum Area ) Regular Wire of Net u_window/n_4  ( Metal2 )
Bounds : ( 18.920, 22.925 ) ( 19.070, 23.185 )


MAR: ( Minimum Area ) Regular Wire of Net u_lum_ctrl/n_2  ( Metal2 )
Bounds : ( 19.210, 28.435 ) ( 19.445, 28.695 )


MAR: ( Minimum Area ) Regular Wire of Net u_window/n_6  ( Metal2 )
Bounds : ( 22.400, 22.925 ) ( 22.550, 23.185 )


MAR: ( Minimum Area ) Regular Wire of Net FE_OFN8_scan_en  ( Metal2 )
Bounds : ( 22.980, 28.725 ) ( 23.130, 28.985 )


MAR: ( Minimum Area ) Regular Wire of Net SPCASCAN_N1  ( Metal2 )
Bounds : ( 23.560, 28.435 ) ( 23.710, 28.695 )


MAR: ( Minimum Area ) Regular Wire of Net window_manual_close_r  ( Metal2 )
Bounds : ( 24.140, 15.965 ) ( 24.290, 16.225 )


MAR: ( Minimum Area ) Regular Wire of Net u_window/n_4  ( Metal2 )
Bounds : ( 27.620, 21.185 ) ( 27.770, 21.445 )


MAR: ( Minimum Area ) Regular Wire of Net light_sensor_r[7]  ( Metal2 )
Bounds : ( 27.910, 21.185 ) ( 28.060, 21.445 )


MAR: ( Minimum Area ) Regular Wire of Net light_sensor_r[7]  ( Metal2 )
Bounds : ( 29.360, 23.505 ) ( 29.510, 23.765 )


SHORT: ( Out Of Die ) Regular Wire of Net light_sensor[0]  ( Metal2 )
Bounds : ( -0.070, -0.070 ) ( 0.215, 0.070 )


SHORT: ( Out Of Die ) Regular Wire of Net light_sensor[0]  ( Metal2 )
Bounds : ( -0.070, 0.000 ) ( 0.000, 0.580 )


SHORT: ( Out Of Die ) Regular Wire of Net light_sensor[1]  ( Metal2 )
Bounds : ( 4.135, -0.070 ) ( 4.325, 0.000 )


SHORT: ( Out Of Die ) Regular Wire of Net light_sensor[2]  ( Metal2 )
Bounds : ( 8.445, -0.070 ) ( 8.625, 0.000 )


SHORT: ( Out Of Die ) Regular Wire of Net light_sensor[3]  ( Metal2 )
Bounds : ( 12.700, -0.070 ) ( 12.975, 0.000 )


SHORT: ( Out Of Die ) Regular Wire of Net light_sensor[4]  ( Metal2 )
Bounds : ( 16.895, -0.070 ) ( 17.095, 0.000 )


SHORT: ( Out Of Die ) Regular Wire of Net light_sensor[5]  ( Metal2 )
Bounds : ( 21.210, -0.070 ) ( 21.385, 0.000 )


SHORT: ( Out Of Die ) Regular Wire of Net light_sensor[6]  ( Metal2 )
Bounds : ( 25.470, -0.070 ) ( 25.735, 0.000 )


SHORT: ( Out Of Die ) Regular Wire of Net entry_sensor  ( Metal3 )
Bounds : ( -0.070, -0.070 ) ( 0.070, 0.215 )


SHORT: ( Out Of Die ) Regular Wire of Net exit_sensor  ( Metal3 )
Bounds : ( -0.070, 4.135 ) ( 0.000, 4.275 )


SHORT: ( Out Of Die ) Regular Wire of Net ac_cmd  ( Metal3 )
Bounds : ( -0.070, 8.195 ) ( 0.000, 8.480 )


SHORT: ( Out Of Die ) Regular Wire of Net fan_cmd  ( Metal3 )
Bounds : ( -0.070, 12.545 ) ( 0.000, 12.685 )


SHORT: ( Out Of Die ) Regular Wire of Net entry_sensor  ( Metal3 )
Bounds : ( 0.000, -0.070 ) ( 0.580, 0.000 )


MAR: ( Minimum Area ) Regular Wire of Net FE_OFN8_scan_en  ( Metal2 )
Bounds : ( 6.740, 5.235 ) ( 6.890, 5.495 )


MAR: ( Minimum Area ) Regular Wire of Net light_sensor_r[0]  ( Metal2 )
Bounds : ( 7.030, 12.775 ) ( 7.180, 13.035 )


MAR: ( Minimum Area ) Regular Wire of Net rst_n  ( Metal2 )
Bounds : ( 9.060, 11.325 ) ( 9.210, 11.585 )


MAR: ( Minimum Area ) Regular Wire of Net rst_n  ( Metal2 )
Bounds : ( 15.440, 6.105 ) ( 15.590, 6.365 )


MAR: ( Minimum Area ) Regular Wire of Net light_sensor_r[3]  ( Metal2 )
Bounds : ( 17.180, 5.525 ) ( 17.330, 5.785 )


MAR: ( Minimum Area ) Regular Wire of Net FE_OFN8_scan_en  ( Metal2 )
Bounds : ( 17.760, 10.455 ) ( 17.910, 10.715 )


MAR: ( Minimum Area ) Regular Wire of Net FE_OFN8_scan_en  ( Metal2 )
Bounds : ( 23.560, 5.235 ) ( 23.710, 5.495 )


MAR: ( Minimum Area ) Regular Wire of Net light_sensor[4]  ( Metal2 )
Bounds : ( 25.590, 5.525 ) ( 25.740, 5.785 )


SHORT: ( Out Of Die ) Regular Wire of Net light_sensor[7]  ( Metal2 )
Bounds : ( 29.655, -0.070 ) ( 29.865, 0.000 )


SHORT: ( Out Of Die ) Regular Wire of Net humidity_sensor[6]  ( Metal2 )
Bounds : ( 59.520, -0.070 ) ( 59.665, 0.000 )


SHORT: ( Out Of Die ) Regular Wire of Net system_status[2]  ( Metal3 )
Bounds : ( -0.070, 58.655 ) ( 0.000, 58.940 )


SHORT: ( Out Of Die ) Regular Wire of Net volume_cmd[3]  ( Metal2 )
Bounds : ( 118.975, -0.070 ) ( 119.250, 0.070 )


SHORT: ( Out Of Die ) Regular Wire of Net DFT_sdo_2  ( Metal2 )
Bounds : ( 118.975, 117.670 ) ( 119.260, 117.810 )


SHORT: ( Out Of Die ) Regular Wire of Net volume_cmd[3]  ( Metal2 )
Bounds : ( 119.190, 0.000 ) ( 119.250, 0.580 )


SHORT: ( Out Of Die ) Regular Wire of Net DFT_sdo_2  ( Metal2 )
Bounds : ( 119.190, 117.160 ) ( 119.260, 117.740 )


SHORT: ( Out Of Die ) Regular Wire of Net DFT_sdi_1  ( Metal3 )
Bounds : ( 119.120, 117.525 ) ( 119.260, 117.800 )


SHORT: ( Out Of Die ) Regular Wire of Net rst_n  ( Metal3 )
Bounds : ( 119.190, 4.715 ) ( 119.260, 4.975 )


SHORT: ( Out Of Die ) Regular Wire of Net temp_sensor[0]  ( Metal3 )
Bounds : ( 119.190, 9.645 ) ( 119.260, 9.880 )


SHORT: ( Out Of Die ) Regular Wire of Net temp_sensor[1]  ( Metal3 )
Bounds : ( 119.190, 14.575 ) ( 119.260, 14.785 )


SHORT: ( Out Of Die ) Regular Wire of Net temp_sensor[2]  ( Metal3 )
Bounds : ( 119.190, 19.505 ) ( 119.260, 19.690 )


SHORT: ( Out Of Die ) Regular Wire of Net temp_sensor[3]  ( Metal3 )
Bounds : ( 119.190, 24.435 ) ( 119.260, 24.595 )


SHORT: ( Out Of Die ) Regular Wire of Net temp_sensor[4]  ( Metal3 )
Bounds : ( 119.190, 29.365 ) ( 119.260, 29.505 )


SHORT: ( Out Of Die ) Regular Wire of Net temp_sensor[5]  ( Metal3 )
Bounds : ( 119.190, 34.270 ) ( 119.260, 34.435 )


SHORT: ( Out Of Die ) Regular Wire of Net temp_sensor[6]  ( Metal3 )
Bounds : ( 119.190, 39.175 ) ( 119.260, 39.365 )


SHORT: ( Out Of Die ) Regular Wire of Net temp_sensor[7]  ( Metal3 )
Bounds : ( 119.190, 44.080 ) ( 119.260, 44.295 )


SHORT: ( Out Of Die ) Regular Wire of Net temp_setpoint[0]  ( Metal3 )
Bounds : ( 119.190, 48.985 ) ( 119.260, 49.225 )


SHORT: ( Out Of Die ) Regular Wire of Net temp_setpoint[1]  ( Metal3 )
Bounds : ( 119.190, 53.890 ) ( 119.260, 54.155 )


SHORT: ( Out Of Die ) Regular Wire of Net temp_setpoint[2]  ( Metal3 )
Bounds : ( 119.190, 58.655 ) ( 119.260, 58.935 )


SHORT: ( Out Of Die ) Regular Wire of Net temp_setpoint[3]  ( Metal3 )
Bounds : ( 119.190, 63.585 ) ( 119.260, 63.840 )


SHORT: ( Out Of Die ) Regular Wire of Net temp_setpoint[4]  ( Metal3 )
Bounds : ( 119.190, 68.515 ) ( 119.260, 68.745 )


SHORT: ( Out Of Die ) Regular Wire of Net temp_setpoint[5]  ( Metal3 )
Bounds : ( 119.190, 73.445 ) ( 119.260, 73.650 )


SHORT: ( Out Of Die ) Regular Wire of Net temp_setpoint[6]  ( Metal3 )
Bounds : ( 119.190, 78.375 ) ( 119.260, 78.560 )


SHORT: ( Out Of Die ) Regular Wire of Net temp_setpoint[7]  ( Metal3 )
Bounds : ( 119.190, 83.305 ) ( 119.260, 83.465 )


SHORT: ( Out Of Die ) Regular Wire of Net water_level[0]  ( Metal3 )
Bounds : ( 119.190, 88.230 ) ( 119.260, 88.375 )


SHORT: ( Out Of Die ) Regular Wire of Net water_level[1]  ( Metal3 )
Bounds : ( 119.190, 93.135 ) ( 119.260, 93.305 )


SHORT: ( Out Of Die ) Regular Wire of Net water_level[2]  ( Metal3 )
Bounds : ( 119.190, 98.040 ) ( 119.260, 98.235 )


SHORT: ( Out Of Die ) Regular Wire of Net water_level[3]  ( Metal3 )
Bounds : ( 119.190, 102.945 ) ( 119.260, 103.165 )


SHORT: ( Out Of Die ) Regular Wire of Net scan_en  ( Metal3 )
Bounds : ( 119.190, 107.850 ) ( 119.260, 108.095 )


  Total Violations : 1000 Viols.
